======== run 0 ========
boot: [01:46:31 INFO]: Done (17.624s)! For help, type "help"
---- stalls ----
PapoTickProfile.stall tick=4 gapMs=151.9 durMs=151.9 at=01:46:32.020
PapoTickProfile.stall tick=41 gapMs=115.1 durMs=53.5 at=01:46:33.734
PapoTickProfile.stall tick=96 gapMs=104.8 durMs=47.6 at=01:46:36.472
PapoTickProfile.stall tick=119 gapMs=126.2 durMs=16.8 at=01:46:37.654
PapoTickProfile.stall tick=121 gapMs=351.7 durMs=142.1 at=01:46:38.074
PapoTickProfile.stall tick=140 gapMs=104.0 durMs=81.6 at=01:46:38.850
PapoTickProfile.stall tick=155 gapMs=108.3 durMs=54.4 at=01:46:39.578
---- jstack Server-thread samples ----
=== sample +2763ms ===
"Server thread" #113 [56336] prio=8 os_prio=1 cpu=2281.25ms elapsed=7.94s tid=0x0000028bc3de5570 nid=56336 waiting on condition  [0x000000a4035fe000]
   java.lang.Thread.State: TIMED_WAITING (parking)
	at jdk.internal.misc.Unsafe.park(java.base@21.0.10/Native Method)
	- parking to wait for  <0x000000071923ba38> (a java.lang.String)
	at java.util.concurrent.locks.LockSupport.parkNanos(java.base@21.0.10/LockSupport.java:269)
	at net.minecraft.server.MinecraftServer.recordTaskExecutionTimeWhileWaiting(MinecraftServer.java:1242)
	at net.minecraft.server.MinecraftServer.runServer(MinecraftServer.java:1348)
	at net.minecraft.server.MinecraftServer.lambda$spin$2(MinecraftServer.java:388)
	at net.minecraft.server.MinecraftServer$$Lambda/0x0000028b81f34d70.run(Unknown Source)
	at java.lang.Thread.runWith(java.base@21.0.10/Thread.java:1596)
	at java.lang.Thread.run(java.base@21.0.10/Thread.java:1583)
=== sample +3036ms ===
"Server thread" #113 [56336] prio=8 os_prio=1 cpu=2281.25ms elapsed=8.22s tid=0x0000028bc3de5570 nid=56336 waiting on condition  [0x000000a4035fe000]
   java.lang.Thread.State: TIMED_WAITING (parking)
	at jdk.internal.misc.Unsafe.park(java.base@21.0.10/Native Method)
	- parking to wait for  <0x000000071923ba38> (a java.lang.String)
	at java.util.concurrent.locks.LockSupport.parkNanos(java.base@21.0.10/LockSupport.java:269)
	at net.minecraft.server.MinecraftServer.recordTaskExecutionTimeWhileWaiting(MinecraftServer.java:1242)
	at net.minecraft.server.MinecraftServer.runServer(MinecraftServer.java:1348)
	at net.minecraft.server.MinecraftServer.lambda$spin$2(MinecraftServer.java:388)
	at net.minecraft.server.MinecraftServer$$Lambda/0x0000028b81f34d70.run(Unknown Source)
	at java.lang.Thread.runWith(java.base@21.0.10/Thread.java:1596)
	at java.lang.Thread.run(java.base@21.0.10/Thread.java:1583)
=== sample +3286ms ===
"Server thread" #113 [56336] prio=8 os_prio=1 cpu=2281.25ms elapsed=8.47s tid=0x0000028bc3de5570 nid=56336 waiting on condition  [0x000000a4035fe000]
   java.lang.Thread.State: TIMED_WAITING (parking)
	at jdk.internal.misc.Unsafe.park(java.base@21.0.10/Native Method)
	- parking to wait for  <0x000000071923ba38> (a java.lang.String)
	at java.util.concurrent.locks.LockSupport.parkNanos(java.base@21.0.10/LockSupport.java:269)
	at net.minecraft.server.MinecraftServer.recordTaskExecutionTimeWhileWaiting(MinecraftServer.java:1242)
	at net.minecraft.server.MinecraftServer.runServer(MinecraftServer.java:1348)
	at net.minecraft.server.MinecraftServer.lambda$spin$2(MinecraftServer.java:388)
	at net.minecraft.server.MinecraftServer$$Lambda/0x0000028b81f34d70.run(Unknown Source)
	at java.lang.Thread.runWith(java.base@21.0.10/Thread.java:1596)
	at java.lang.Thread.run(java.base@21.0.10/Thread.java:1583)
=== sample +3537ms ===
"Server thread" #113 [56336] prio=8 os_prio=1 cpu=2281.25ms elapsed=8.72s tid=0x0000028bc3de5570 nid=56336 waiting on condition  [0x000000a4035fe000]
   java.lang.Thread.State: TIMED_WAITING (parking)
	at jdk.internal.misc.Unsafe.park(java.base@21.0.10/Native Method)
	- parking to wait for  <0x000000071923ba38> (a java.lang.String)
	at java.util.concurrent.locks.LockSupport.parkNanos(java.base@21.0.10/LockSupport.java:269)
	at net.minecraft.server.MinecraftServer.recordTaskExecutionTimeWhileWaiting(MinecraftServer.java:1242)
	at net.minecraft.server.MinecraftServer.runServer(MinecraftServer.java:1348)
	at net.minecraft.server.MinecraftServer.lambda$spin$2(MinecraftServer.java:388)
	at net.minecraft.server.MinecraftServer$$Lambda/0x0000028b81f34d70.run(Unknown Source)
	at java.lang.Thread.runWith(java.base@21.0.10/Thread.java:1596)
	at java.lang.Thread.run(java.base@21.0.10/Thread.java:1583)
=== sample +3785ms ===
"Server thread" #113 [56336] prio=8 os_prio=1 cpu=2281.25ms elapsed=8.96s tid=0x0000028bc3de5570 nid=56336 waiting on condition  [0x000000a4035fe000]
   java.lang.Thread.State: TIMED_WAITING (parking)
	at jdk.internal.misc.Unsafe.park(java.base@21.0.10/Native Method)
	- parking to wait for  <0x000000071923ba38> (a java.lang.String)
	at java.util.concurrent.locks.LockSupport.parkNanos(java.base@21.0.10/LockSupport.java:269)
	at net.minecraft.server.MinecraftServer.recordTaskExecutionTimeWhileWaiting(MinecraftServer.java:1242)
	at net.minecraft.server.MinecraftServer.runServer(MinecraftServer.java:1348)
	at net.minecraft.server.MinecraftServer.lambda$spin$2(MinecraftServer.java:388)
	at net.minecraft.server.MinecraftServer$$Lambda/0x0000028b81f34d70.run(Unknown Source)
	at java.lang.Thread.runWith(java.base@21.0.10/Thread.java:1596)
	at java.lang.Thread.run(java.base@21.0.10/Thread.java:1583)
=== sample +4031ms ===
"Server thread" #113 [56336] prio=8 os_prio=1 cpu=2281.25ms elapsed=9.21s tid=0x0000028bc3de5570 nid=56336 waiting on condition  [0x000000a4035fe000]
   java.lang.Thread.State: TIMED_WAITING (parking)
	at jdk.internal.misc.Unsafe.park(java.base@21.0.10/Native Method)
	- parking to wait for  <0x000000071923ba38> (a java.lang.String)
	at java.util.concurrent.locks.LockSupport.parkNanos(java.base@21.0.10/LockSupport.java:269)
	at net.minecraft.server.MinecraftServer.recordTaskExecutionTimeWhileWaiting(MinecraftServer.java:1242)
	at net.minecraft.server.MinecraftServer.runServer(MinecraftServer.java:1348)
	at net.minecraft.server.MinecraftServer.lambda$spin$2(MinecraftServer.java:388)
	at net.minecraft.server.MinecraftServer$$Lambda/0x0000028b81f34d70.run(Unknown Source)
	at java.lang.Thread.runWith(java.base@21.0.10/Thread.java:1596)
	at java.lang.Thread.run(java.base@21.0.10/Thread.java:1583)
=== sample +4347ms ===
"Server thread" #113 [56336] prio=8 os_prio=1 cpu=2296.88ms elapsed=9.50s tid=0x0000028bc3de5570 nid=56336 runnable  [0x000000a4035fe000]
   java.lang.Thread.State: TIMED_WAITING (parking)
	at jdk.internal.misc.Unsafe.park(java.base@21.0.10/Native Method)
	- parking to wait for  <0x000000071923ba38> (a java.lang.String)
	at java.util.concurrent.locks.LockSupport.parkNanos(java.base@21.0.10/LockSupport.java:269)
	at net.minecraft.server.MinecraftServer.recordTaskExecutionTimeWhileWaiting(MinecraftServer.java:1242)
	at net.minecraft.server.MinecraftServer.runServer(MinecraftServer.java:1348)
	at net.minecraft.server.MinecraftServer.lambda$spin$2(MinecraftServer.java:388)
	at net.minecraft.server.MinecraftServer$$Lambda/0x0000028b81f34d70.run(Unknown Source)
	at java.lang.Thread.runWith(java.base@21.0.10/Thread.java:1596)
	at java.lang.Thread.run(java.base@21.0.10/Thread.java:1583)
=== sample +4607ms ===
"Server thread" #113 [56336] prio=8 os_prio=1 cpu=2296.88ms elapsed=9.78s tid=0x0000028bc3de5570 nid=56336 waiting on condition  [0x000000a4035fe000]
   java.lang.Thread.State: TIMED_WAITING (parking)
	at jdk.internal.misc.Unsafe.park(java.base@21.0.10/Native Method)
	- parking to wait for  <0x000000071923ba38> (a java.lang.String)
	at java.util.concurrent.locks.LockSupport.parkNanos(java.base@21.0.10/LockSupport.java:269)
	at net.minecraft.server.MinecraftServer.recordTaskExecutionTimeWhileWaiting(MinecraftServer.java:1242)
	at net.minecraft.server.MinecraftServer.runServer(MinecraftServer.java:1348)
	at net.minecraft.server.MinecraftServer.lambda$spin$2(MinecraftServer.java:388)
	at net.minecraft.server.MinecraftServer$$Lambda/0x0000028b81f34d70.run(Unknown Source)
	at java.lang.Thread.runWith(java.base@21.0.10/Thread.java:1596)
	at java.lang.Thread.run(java.base@21.0.10/Thread.java:1583)
=== sample +4890ms ===
"Server thread" #113 [56336] prio=8 os_prio=1 cpu=2296.88ms elapsed=10.05s tid=0x0000028bc3de5570 nid=56336 runnable  [0x000000a4035fd000]
   java.lang.Thread.State: RUNNABLE
	at ca.spottedleaf.moonrise.patches.chunk_system.scheduling.NewChunkHolder.recalculateNeighbourRequestedPriority(NewChunkHolder.java:556)
	at ca.spottedleaf.moonrise.patches.chunk_system.scheduling.NewChunkHolder.recalculateNeighbourPriorities(NewChunkHolder.java:582)
	at ca.spottedleaf.moonrise.patches.chunk_system.scheduling.NewChunkHolder.recalculateNeighbourRequestedPriority(NewChunkHolder.java:577)
	at ca.spottedleaf.moonrise.patches.chunk_system.scheduling.NewChunkHolder.recalculateNeighbourPriorities(NewChunkHolder.java:582)
	at ca.spottedleaf.moonrise.patches.chunk_system.scheduling.NewChunkHolder.setPriority(NewChunkHolder.java:614)
	at ca.spottedleaf.moonrise.patches.chunk_system.scheduling.NewChunkHolder.raisePriority(NewChunkHolder.java:591)
	at ca.spottedleaf.moonrise.patches.chunk_system.scheduling.ChunkTaskScheduler.scheduleTickingState(ChunkTaskScheduler.java:432)
	at ca.spottedleaf.moonrise.patches.chunk_system.scheduling.ChunkTaskScheduler.scheduleChunkLoad(ChunkTaskScheduler.java:588)
	at ca.spottedleaf.moonrise.paper.util.BaseChunkSystemHooks.scheduleChunkLoad(BaseChunkSystemHooks.java:41)
	at net.minecraft.server.level.ServerLevel.moonrise$loadChunksAsync(ServerLevel.java:465)
	at ca.spottedleaf.moonrise.patches.chunk_system.MoonriseChunkLoadCounter.trackLoadWithRadius(MoonriseChunkLoadCounter.java:32)
	at net.minecraft.server.network.config.PrepareSpawnTask$Preparing.tick(PrepareSpawnTask.java:289)
	at net.minecraft.server.network.config.PrepareSpawnTask.tick(PrepareSpawnTask.java:173)
	at net.minecraft.server.network.ServerConfigurationPacketListenerImpl.tick(ServerConfigurationPacketListenerImpl.java:233)
	at net.minecraft.network.Connection.tick(Connection.java:689)
	at net.minecraft.server.network.ServerConnectionListener.tick(ServerConnectionListener.java:234)
	- locked <0x00000007043620e8> (a java.util.Collections$SynchronizedRandomAccessList)
	at net.minecraft.server.MinecraftServer.tickConnection(MinecraftServer.java:1894)
	at net.minecraft.server.dedicated.DedicatedServer.tickConnection(DedicatedServer.java:568)
	at net.minecraft.server.MinecraftServer.tickChildren(MinecraftServer.java:1852)
	at net.minecraft.server.MinecraftServer.tickServer(MinecraftServer.java:1619)
	at net.minecraft.server.dedicated.DedicatedServer.tickServer(DedicatedServer.java:446)
	at net.minecraft.server.MinecraftServer.processPacketsAndTick(MinecraftServer.java:1676)
	at net.minecraft.server.MinecraftServer.runServer(MinecraftServer.java:1342)
	at net.minecraft.server.MinecraftServer.lambda$spin$2(MinecraftServer.java:388)
	at net.minecraft.server.MinecraftServer$$Lambda/0x0000028b81f34d70.run(Unknown Source)
	at java.lang.Thread.runWith(java.base@21.0.10/Thread.java:1596)
	at java.lang.Thread.run(java.base@21.0.10/Thread.java:1583)
=== sample +5163ms ===
"Server thread" #113 [56336] prio=8 os_prio=1 cpu=2312.50ms elapsed=10.33s tid=0x0000028bc3de5570 nid=56336 waiting on condition  [0x000000a4035fe000]
   java.lang.Thread.State: TIMED_WAITING (parking)
	at jdk.internal.misc.Unsafe.park(java.base@21.0.10/Native Method)
	- parking to wait for  <0x0000000711516060> (a java.lang.String)
	at java.util.concurrent.locks.LockSupport.parkNanos(java.base@21.0.10/LockSupport.java:269)
	at net.minecraft.server.MinecraftServer.recordTaskExecutionTimeWhileWaiting(MinecraftServer.java:1242)
	at net.minecraft.server.MinecraftServer.runServer(MinecraftServer.java:1348)
	at net.minecraft.server.MinecraftServer.lambda$spin$2(MinecraftServer.java:388)
	at net.minecraft.server.MinecraftServer$$Lambda/0x0000028b81f34d70.run(Unknown Source)
	at java.lang.Thread.runWith(java.base@21.0.10/Thread.java:1596)
	at java.lang.Thread.run(java.base@21.0.10/Thread.java:1583)
=== sample +5459ms ===
"Server thread" #113 [56336] prio=8 os_prio=1 cpu=2312.50ms elapsed=10.62s tid=0x0000028bc3de5570 nid=56336 waiting on condition  [0x000000a4035fe000]
   java.lang.Thread.State: TIMED_WAITING (parking)
	at jdk.internal.misc.Unsafe.park(java.base@21.0.10/Native Method)
	- parking to wait for  <0x000000070c93aff0> (a java.lang.String)
	at java.util.concurrent.locks.LockSupport.parkNanos(java.base@21.0.10/LockSupport.java:269)
	at net.minecraft.server.MinecraftServer.recordTaskExecutionTimeWhileWaiting(MinecraftServer.java:1242)
	at net.minecraft.server.MinecraftServer.runServer(MinecraftServer.java:1348)
	at net.minecraft.server.MinecraftServer.lambda$spin$2(MinecraftServer.java:388)
	at net.minecraft.server.MinecraftServer$$Lambda/0x0000028b81f34d70.run(Unknown Source)
	at java.lang.Thread.runWith(java.base@21.0.10/Thread.java:1596)
	at java.lang.Thread.run(java.base@21.0.10/Thread.java:1583)
=== sample +5719ms ===
"Server thread" #113 [56336] prio=8 os_prio=1 cpu=2312.50ms elapsed=10.90s tid=0x0000028bc3de5570 nid=56336 waiting on condition  [0x000000a4035fe000]
   java.lang.Thread.State: TIMED_WAITING (parking)
	at jdk.internal.misc.Unsafe.park(java.base@21.0.10/Native Method)
	- parking to wait for  <0x000000070c93aff0> (a java.lang.String)
	at java.util.concurrent.locks.LockSupport.parkNanos(java.base@21.0.10/LockSupport.java:269)
	at net.minecraft.server.MinecraftServer.recordTaskExecutionTimeWhileWaiting(MinecraftServer.java:1242)
	at net.minecraft.server.MinecraftServer.runServer(MinecraftServer.java:1348)
	at net.minecraft.server.MinecraftServer.lambda$spin$2(MinecraftServer.java:388)
	at net.minecraft.server.MinecraftServer$$Lambda/0x0000028b81f34d70.run(Unknown Source)
	at java.lang.Thread.runWith(java.base@21.0.10/Thread.java:1596)
	at java.lang.Thread.run(java.base@21.0.10/Thread.java:1583)
=== sample +5969ms ===
"Server thread" #113 [56336] prio=8 os_prio=1 cpu=2343.75ms elapsed=11.14s tid=0x0000028bc3de5570 nid=56336 waiting on condition  [0x000000a4035fe000]
   java.lang.Thread.State: TIMED_WAITING (parking)
	at jdk.internal.misc.Unsafe.park(java.base@21.0.10/Native Method)
	- parking to wait for  <0x000000070c93aff0> (a java.lang.String)
	at java.util.concurrent.locks.LockSupport.parkNanos(java.base@21.0.10/LockSupport.java:269)
	at net.minecraft.server.MinecraftServer.recordTaskExecutionTimeWhileWaiting(MinecraftServer.java:1242)
	at net.minecraft.server.MinecraftServer.runServer(MinecraftServer.java:1348)
	at net.minecraft.server.MinecraftServer.lambda$spin$2(MinecraftServer.java:388)
	at net.minecraft.server.MinecraftServer$$Lambda/0x0000028b81f34d70.run(Unknown Source)
	at java.lang.Thread.runWith(java.base@21.0.10/Thread.java:1596)
	at java.lang.Thread.run(java.base@21.0.10/Thread.java:1583)
=== sample +6216ms ===
"Server thread" #113 [56336] prio=8 os_prio=1 cpu=2453.12ms elapsed=11.39s tid=0x0000028bc3de5570 nid=56336 waiting on condition  [0x000000a4035fc000]
   java.lang.Thread.State: RUNNABLE
	at java.lang.ClassLoader.findBootstrapClass(java.base@21.0.10/Native Method)
	at java.lang.ClassLoader.findBootstrapClassOrNull(java.base@21.0.10/ClassLoader.java:1277)
	at java.lang.System$2.findBootstrapClassOrNull(java.base@21.0.10/System.java:2397)
	at jdk.internal.loader.ClassLoaders$BootClassLoader.loadClassOrNull(java.base@21.0.10/ClassLoaders.java:140)
	at jdk.internal.loader.BuiltinClassLoader.loadClassOrNull(java.base@21.0.10/BuiltinClassLoader.java:700)
	at jdk.internal.loader.BuiltinClassLoader.loadClassOrNull(java.base@21.0.10/BuiltinClassLoader.java:669)
	- locked <0x0000000724ae7738> (a java.lang.Object)
	at jdk.internal.loader.BuiltinClassLoader.loadClass(java.base@21.0.10/BuiltinClassLoader.java:639)
	at java.lang.ClassLoader.loadClass(java.base@21.0.10/ClassLoader.java:580)
	- locked <0x0000000724ae7708> (a java.lang.Object)
	at java.lang.ClassLoader.loadClass(java.base@21.0.10/ClassLoader.java:526)
	at java.lang.Class.forName0(java.base@21.0.10/Native Method)
	at java.lang.Class.forName(java.base@21.0.10/Class.java:423)
	at java.lang.Class.forName(java.base@21.0.10/Class.java:414)
	at com.google.common.hash.Hashing$Crc32CSupplier.pickFunction(Hashing.java:445)
	at com.google.common.hash.Hashing$Crc32CSupplier.<clinit>(Hashing.java:431)
	at com.google.common.hash.Hashing.crc32c(Hashing.java:412)
	at net.minecraft.util.HashOps.<clinit>(HashOps.java:58)
	at net.minecraft.server.level.ServerPlayer$1$1.<init>(ServerPlayer.java:280)
	at net.minecraft.server.level.ServerPlayer$1.<init>(ServerPlayer.java:277)
	at net.minecraft.server.level.ServerPlayer.<init>(ServerPlayer.java:275)
	at net.minecraft.server.network.config.PrepareSpawnTask$Ready.spawn(PrepareSpawnTask.java:337)
	at net.minecraft.server.network.config.PrepareSpawnTask.spawnPlayer(PrepareSpawnTask.java:192)
	at net.minecraft.server.network.ServerConfigurationPacketListenerImpl.handleConfigurationFinished(ServerConfigurationPacketListenerImpl.java:220)
	at net.minecraft.network.protocol.configuration.ServerboundFinishConfigurationPacket.handle(ServerboundFinishConfigurationPacket.java:22)
	at net.minecraft.network.protocol.configuration.ServerboundFinishConfigurationPacket.handle(ServerboundFinishConfigurationPacket.java:8)
	at net.minecraft.network.PacketProcessor$ListenerAndPacket.handle(PacketProcessor.java:110)
	at net.minecraft.network.PacketProcessor.executeSinglePacket(PacketProcessor.java:33)
	at net.minecraft.server.MinecraftServer.runAllTasksAtTickStart(MinecraftServer.java:1187)
	at net.minecraft.server.MinecraftServer.processPacketsAndTick(MinecraftServer.java:1675)
	at net.minecraft.server.MinecraftServer.runServer(MinecraftServer.java:1342)
	at net.minecraft.server.MinecraftServer.lambda$spin$2(MinecraftServer.java:388)
	at net.minecraft.server.MinecraftServer$$Lambda/0x0000028b81f34d70.run(Unknown Source)
	at java.lang.Thread.runWith(java.base@21.0.10/Thread.java:1596)
	at java.lang.Thread.run(java.base@21.0.10/Thread.java:1583)
=== sample +6466ms ===
"Server thread" #113 [56336] prio=8 os_prio=1 cpu=2593.75ms elapsed=11.64s tid=0x0000028bc3de5570 nid=56336 runnable  [0x000000a4035fd000]
   java.lang.Thread.State: RUNNABLE
	at java.lang.ClassLoader.defineClass1(java.base@21.0.10/Native Method)
	at java.lang.ClassLoader.defineClass(java.base@21.0.10/ClassLoader.java:1027)
	at java.security.SecureClassLoader.defineClass(java.base@21.0.10/SecureClassLoader.java:150)
	at java.net.URLClassLoader.defineClass(java.base@21.0.10/URLClassLoader.java:524)
	at java.net.URLClassLoader$1.run(java.base@21.0.10/URLClassLoader.java:427)
	at java.net.URLClassLoader$1.run(java.base@21.0.10/URLClassLoader.java:421)
	at java.security.AccessController.executePrivileged(java.base@21.0.10/AccessController.java:809)
	at java.security.AccessController.doPrivileged(java.base@21.0.10/AccessController.java:714)
	at java.net.URLClassLoader.findClass(java.base@21.0.10/URLClassLoader.java:420)
	at java.lang.ClassLoader.loadClass(java.base@21.0.10/ClassLoader.java:593)
	- locked <0x0000000723e616b0> (a java.lang.Object)
	at java.lang.ClassLoader.loadClass(java.base@21.0.10/ClassLoader.java:526)
	at net.minecraft.world.entity.LivingEntity.baseTick(LivingEntity.java:449)
	at net.minecraft.world.entity.Entity.tick(Entity.java:845)
	at net.minecraft.world.entity.LivingEntity.tick(LivingEntity.java:3400)
	at net.minecraft.world.entity.player.Player.tick(Player.java:283)
	at net.minecraft.server.level.ServerPlayer.doTick(ServerPlayer.java:803)
	at net.minecraft.server.network.ServerGamePacketListenerImpl.tickPlayer(ServerGamePacketListenerImpl.java:377)
	at net.minecraft.server.network.ServerGamePacketListenerImpl.tick(ServerGamePacketListenerImpl.java:357)
	at net.minecraft.network.Connection.tick(Connection.java:689)
	at net.minecraft.server.network.ServerConnectionListener.tick(ServerConnectionListener.java:234)
	- locked <0x00000007043620e8> (a java.util.Collections$SynchronizedRandomAccessList)
	at net.minecraft.server.MinecraftServer.tickConnection(MinecraftServer.java:1894)
	at net.minecraft.server.dedicated.DedicatedServer.tickConnection(DedicatedServer.java:568)
	at net.minecraft.server.MinecraftServer.tickChildren(MinecraftServer.java:1852)
	at net.minecraft.server.MinecraftServer.tickServer(MinecraftServer.java:1619)
	at net.minecraft.server.dedicated.DedicatedServer.tickServer(DedicatedServer.java:446)
	at net.minecraft.server.MinecraftServer.processPacketsAndTick(MinecraftServer.java:1676)
	at net.minecraft.server.MinecraftServer.runServer(MinecraftServer.java:1342)
	at net.minecraft.server.MinecraftServer.lambda$spin$2(MinecraftServer.java:388)
	at net.minecraft.server.MinecraftServer$$Lambda/0x0000028b81f34d70.run(Unknown Source)
	at java.lang.Thread.runWith(java.base@21.0.10/Thread.java:1596)
	at java.lang.Thread.run(java.base@21.0.10/Thread.java:1583)
=== sample +6714ms ===
"Server thread" #113 [56336] prio=8 os_prio=1 cpu=2671.88ms elapsed=11.89s tid=0x0000028bc3de5570 nid=56336 waiting on condition  [0x000000a4035fe000]
   java.lang.Thread.State: TIMED_WAITING (parking)
	at jdk.internal.misc.Unsafe.park(java.base@21.0.10/Native Method)
	- parking to wait for  <0x000000070c93aff0> (a java.lang.String)
	at java.util.concurrent.locks.LockSupport.parkNanos(java.base@21.0.10/LockSupport.java:269)
	at net.minecraft.server.MinecraftServer.recordTaskExecutionTimeWhileWaiting(MinecraftServer.java:1242)
	at net.minecraft.server.MinecraftServer.runServer(MinecraftServer.java:1348)
	at net.minecraft.server.MinecraftServer.lambda$spin$2(MinecraftServer.java:388)
	at net.minecraft.server.MinecraftServer$$Lambda/0x0000028b81f34d70.run(Unknown Source)
	at java.lang.Thread.runWith(java.base@21.0.10/Thread.java:1596)
	at java.lang.Thread.run(java.base@21.0.10/Thread.java:1583)
=== sample +6995ms ===
"Server thread" #113 [56336] prio=8 os_prio=1 cpu=2718.75ms elapsed=12.15s tid=0x0000028bc3de5570 nid=56336 runnable  [0x000000a4035fe000]
   java.lang.Thread.State: TIMED_WAITING (parking)
	at jdk.internal.misc.Unsafe.park(java.base@21.0.10/Native Method)
	- parking to wait for  <0x000000070c93aff0> (a java.lang.String)
	at java.util.concurrent.locks.LockSupport.parkNanos(java.base@21.0.10/LockSupport.java:269)
	at net.minecraft.server.MinecraftServer.recordTaskExecutionTimeWhileWaiting(MinecraftServer.java:1242)
	at net.minecraft.server.MinecraftServer.runServer(MinecraftServer.java:1348)
	at net.minecraft.server.MinecraftServer.lambda$spin$2(MinecraftServer.java:388)
	at net.minecraft.server.MinecraftServer$$Lambda/0x0000028b81f34d70.run(Unknown Source)
	at java.lang.Thread.runWith(java.base@21.0.10/Thread.java:1596)
	at java.lang.Thread.run(java.base@21.0.10/Thread.java:1583)
=== sample +7247ms ===
"Server thread" #113 [56336] prio=8 os_prio=1 cpu=2765.62ms elapsed=12.42s tid=0x0000028bc3de5570 nid=56336 runnable  [0x000000a4035fd000]
   java.lang.Thread.State: RUNNABLE
	at java.lang.invoke.MethodHandleNatives.resolve(java.base@21.0.10/Native Method)
	at java.lang.invoke.MemberName$Factory.resolve(java.base@21.0.10/MemberName.java:962)
	at java.lang.invoke.MemberName$Factory.resolveOrFail(java.base@21.0.10/MemberName.java:991)
	at java.lang.invoke.MethodHandles$Lookup.resolveOrFail(java.base@21.0.10/MethodHandles.java:3750)
	at java.lang.invoke.MethodHandles$Lookup.findConstructor(java.base@21.0.10/MethodHandles.java:2837)
	at java.lang.invoke.InnerClassLambdaMetafactory.buildCallSite(java.base@21.0.10/InnerClassLambdaMetafactory.java:232)
	at java.lang.invoke.LambdaMetafactory.metafactory(java.base@21.0.10/LambdaMetafactory.java:341)
	at java.lang.invoke.LambdaForm$DMH/0x0000028b81110400.invokeStatic(java.base@21.0.10/LambdaForm$DMH)
	at java.lang.invoke.Invokers$Holder.invokeExact_MT(java.base@21.0.10/Invokers$Holder)
	at java.lang.invoke.BootstrapMethodInvoker.invoke(java.base@21.0.10/BootstrapMethodInvoker.java:134)
	at java.lang.invoke.CallSite.makeSite(java.base@21.0.10/CallSite.java:310)
	at java.lang.invoke.MethodHandleNatives.linkCallSiteImpl(java.base@21.0.10/MethodHandleNatives.java:249)
	at java.lang.invoke.MethodHandleNatives.linkCallSite(java.base@21.0.10/MethodHandleNatives.java:239)
	at net.minecraft.world.level.storage.loot.LootContext$Builder.create(LootContext.java:140)
	at net.minecraft.advancements.criterion.EntityPredicate.createContext(EntityPredicate.java:172)
	at net.minecraft.advancements.criterion.SimpleCriterionTrigger.trigger(SimpleCriterionTrigger.java:60)
	at net.minecraft.advancements.criterion.PlayerTrigger.trigger(PlayerTrigger.java:20)
	at net.minecraft.server.level.ServerPlayer.doTick(ServerPlayer.java:887)
	at net.minecraft.server.network.ServerGamePacketListenerImpl.tickPlayer(ServerGamePacketListenerImpl.java:377)
	at net.minecraft.server.network.ServerGamePacketListenerImpl.tick(ServerGamePacketListenerImpl.java:357)
	at net.minecraft.network.Connection.tick(Connection.java:689)
	at net.minecraft.server.network.ServerConnectionListener.tick(ServerConnectionListener.java:234)
	- locked <0x00000007043620e8> (a java.util.Collections$SynchronizedRandomAccessList)
	at net.minecraft.server.MinecraftServer.tickConnection(MinecraftServer.java:1894)
	at net.minecraft.server.dedicated.DedicatedServer.tickConnection(DedicatedServer.java:568)
	at net.minecraft.server.MinecraftServer.tickChildren(MinecraftServer.java:1852)
	at net.minecraft.server.MinecraftServer.tickServer(MinecraftServer.java:1619)
	at net.minecraft.server.dedicated.DedicatedServer.tickServer(DedicatedServer.java:446)
	at net.minecraft.server.MinecraftServer.processPacketsAndTick(MinecraftServer.java:1676)
	at net.minecraft.server.MinecraftServer.runServer(MinecraftServer.java:1342)
	at net.minecraft.server.MinecraftServer.lambda$spin$2(MinecraftServer.java:388)
	at net.minecraft.server.MinecraftServer$$Lambda/0x0000028b81f34d70.run(Unknown Source)
	at java.lang.Thread.runWith(java.base@21.0.10/Thread.java:1596)
	at java.lang.Thread.run(java.base@21.0.10/Thread.java:1583)
=== sample +7523ms ===
"Server thread" #113 [56336] prio=8 os_prio=1 cpu=2796.88ms elapsed=12.68s tid=0x0000028bc3de5570 nid=56336 runnable  [0x000000a4035fd000]
   java.lang.Thread.State: RUNNABLE
	at java.lang.ClassLoader.defineClass0(java.base@21.0.10/Native Method)
	at java.lang.System$2.defineClass(java.base@21.0.10/System.java:2394)
	at java.lang.invoke.MethodHandles$Lookup$ClassDefiner.defineClass(java.base@21.0.10/MethodHandles.java:2505)
	at java.lang.invoke.InnerClassLambdaMetafactory.generateInnerClass(java.base@21.0.10/InnerClassLambdaMetafactory.java:361)
	at java.lang.invoke.InnerClassLambdaMetafactory.spinInnerClass(java.base@21.0.10/InnerClassLambdaMetafactory.java:286)
	at java.lang.invoke.InnerClassLambdaMetafactory.buildCallSite(java.base@21.0.10/InnerClassLambdaMetafactory.java:221)
	at java.lang.invoke.LambdaMetafactory.metafactory(java.base@21.0.10/LambdaMetafactory.java:341)
	at java.lang.invoke.LambdaForm$DMH/0x0000028b81110400.invokeStatic(java.base@21.0.10/LambdaForm$DMH)
	at java.lang.invoke.Invokers$Holder.invokeExact_MT(java.base@21.0.10/Invokers$Holder)
	at java.lang.invoke.BootstrapMethodInvoker.invoke(java.base@21.0.10/BootstrapMethodInvoker.java:134)
	at java.lang.invoke.CallSite.makeSite(java.base@21.0.10/CallSite.java:310)
	at java.lang.invoke.MethodHandleNatives.linkCallSiteImpl(java.base@21.0.10/MethodHandleNatives.java:249)
	at java.lang.invoke.MethodHandleNatives.linkCallSite(java.base@21.0.10/MethodHandleNatives.java:239)
	at net.minecraft.server.level.ServerLevel.lambda$updatePOIOnBlockStateChange$18(ServerLevel.java:2356)
	at net.minecraft.server.level.ServerLevel$$Lambda/0x0000028b82836458.run(Unknown Source)
	at net.minecraft.server.TickTask.run(TickTask.java:18)
	at net.minecraft.util.thread.BlockableEventLoop.doRunTask(BlockableEventLoop.java:177)
	at net.minecraft.util.thread.ReentrantBlockableEventLoop.doRunTask(ReentrantBlockableEventLoop.java:24)
	at net.minecraft.server.MinecraftServer.doRunTask(MinecraftServer.java:1532)
	at net.minecraft.server.MinecraftServer.doRunTask(MinecraftServer.java:188)
	at net.minecraft.util.thread.BlockableEventLoop.pollTask(BlockableEventLoop.java:151)
	at net.minecraft.server.MinecraftServer.pollTaskInternal(MinecraftServer.java:1512)
	at net.minecraft.server.MinecraftServer.pollTask(MinecraftServer.java:1506)
	at net.minecraft.server.MinecraftServer.recordTaskExecutionTimeWhileWaiting(MinecraftServer.java:1232)
	at net.minecraft.server.MinecraftServer.runServer(MinecraftServer.java:1348)
	at net.minecraft.server.MinecraftServer.lambda$spin$2(MinecraftServer.java:388)
	at net.minecraft.server.MinecraftServer$$Lambda/0x0000028b81f34d70.run(Unknown Source)
	at java.lang.Thread.runWith(java.base@21.0.10/Thread.java:1596)
	at java.lang.Thread.run(java.base@21.0.10/Thread.java:1583)
=== sample +7824ms ===
"Server thread" #113 [56336] prio=8 os_prio=1 cpu=2843.75ms elapsed=12.98s tid=0x0000028bc3de5570 nid=56336 runnable  [0x000000a4035fd000]
   java.lang.Thread.State: RUNNABLE
	at ca.spottedleaf.moonrise.patches.chunk_system.scheduling.ChunkTaskScheduler.schedule(ChunkTaskScheduler.java:752)
	at ca.spottedleaf.moonrise.patches.chunk_system.scheduling.ChunkTaskScheduler.checkNeighbour(ChunkTaskScheduler.java:814)
	at ca.spottedleaf.moonrise.patches.chunk_system.scheduling.ChunkTaskScheduler.schedule(ChunkTaskScheduler.java:752)
	at ca.spottedleaf.moonrise.patches.chunk_system.scheduling.ChunkTaskScheduler.checkNeighbour(ChunkTaskScheduler.java:814)
	at ca.spottedleaf.moonrise.patches.chunk_system.scheduling.ChunkTaskScheduler.schedule(ChunkTaskScheduler.java:752)
	at ca.spottedleaf.moonrise.patches.chunk_system.scheduling.ChunkTaskScheduler.schedule(ChunkTaskScheduler.java:682)
	at ca.spottedleaf.moonrise.patches.chunk_system.scheduling.NewChunkHolder.processTicketLevelUpdate(NewChunkHolder.java:1027)
	at ca.spottedleaf.moonrise.patches.chunk_system.scheduling.ChunkHolderManager$2.processSchedulingUpdates(ChunkHolderManager.java:407)
	at ca.spottedleaf.moonrise.patches.chunk_system.scheduling.ThreadedTicketLevelPropagator.performUpdate(ThreadedTicketLevelPropagator.java:320)
	at ca.spottedleaf.moonrise.patches.chunk_system.scheduling.ThreadedTicketLevelPropagator.performUpdates(ThreadedTicketLevelPropagator.java:370)
	at ca.spottedleaf.moonrise.patches.chunk_system.scheduling.ChunkHolderManager.processTicketUpdates(ChunkHolderManager.java:1436)
	at net.minecraft.server.level.ServerChunkCache.runDistanceManagerUpdates(ServerChunkCache.java:433)
	at net.minecraft.server.level.ServerChunkCache$MainThreadExecutor.pollTask(ServerChunkCache.java:840)
	at net.minecraft.server.level.ServerChunkCache.pollTask(ServerChunkCache.java:429)
	at net.minecraft.server.MinecraftServer.pollTaskInternal(MinecraftServer.java:1519)
	at net.minecraft.server.MinecraftServer.pollTask(MinecraftServer.java:1506)
	at net.minecraft.server.MinecraftServer.recordTaskExecutionTimeWhileWaiting(MinecraftServer.java:1232)
	at net.minecraft.server.MinecraftServer.runServer(MinecraftServer.java:1348)
	at net.minecraft.server.MinecraftServer.lambda$spin$2(MinecraftServer.java:388)
	at net.minecraft.server.MinecraftServer$$Lambda/0x0000028b81f34d70.run(Unknown Source)
	at java.lang.Thread.runWith(java.base@21.0.10/Thread.java:1596)
	at java.lang.Thread.run(java.base@21.0.10/Thread.java:1583)
=== sample +8126ms ===
"Server thread" #113 [56336] prio=8 os_prio=1 cpu=2984.38ms elapsed=13.28s tid=0x0000028bc3de5570 nid=56336 waiting on condition  [0x000000a4035fe000]
   java.lang.Thread.State: TIMED_WAITING (parking)
	at jdk.internal.misc.Unsafe.park(java.base@21.0.10/Native Method)
	- parking to wait for  <0x000000070bf4ad18> (a java.lang.String)
	at java.util.concurrent.locks.LockSupport.parkNanos(java.base@21.0.10/LockSupport.java:269)
	at net.minecraft.server.MinecraftServer.recordTaskExecutionTimeWhileWaiting(MinecraftServer.java:1242)
	at net.minecraft.server.MinecraftServer.runServer(MinecraftServer.java:1348)
	at net.minecraft.server.MinecraftServer.lambda$spin$2(MinecraftServer.java:388)
	at net.minecraft.server.MinecraftServer$$Lambda/0x0000028b81f34d70.run(Unknown Source)
	at java.lang.Thread.runWith(java.base@21.0.10/Thread.java:1596)
	at java.lang.Thread.run(java.base@21.0.10/Thread.java:1583)
=== sample +8412ms ===
"Server thread" #113 [56336] prio=8 os_prio=1 cpu=3062.50ms elapsed=13.57s tid=0x0000028bc3de5570 nid=56336 waiting on condition  [0x000000a4035fe000]
   java.lang.Thread.State: TIMED_WAITING (parking)
	at jdk.internal.misc.Unsafe.park(java.base@21.0.10/Native Method)
	- parking to wait for  <0x000000070bf4ad18> (a java.lang.String)
	at java.util.concurrent.locks.LockSupport.parkNanos(java.base@21.0.10/LockSupport.java:269)
	at net.minecraft.server.MinecraftServer.recordTaskExecutionTimeWhileWaiting(MinecraftServer.java:1242)
	at net.minecraft.server.MinecraftServer.runServer(MinecraftServer.java:1348)
	at net.minecraft.server.MinecraftServer.lambda$spin$2(MinecraftServer.java:388)
	at net.minecraft.server.MinecraftServer$$Lambda/0x0000028b81f34d70.run(Unknown Source)
	at java.lang.Thread.runWith(java.base@21.0.10/Thread.java:1596)
	at java.lang.Thread.run(java.base@21.0.10/Thread.java:1583)
=== sample +8723ms ===
"Server thread" #113 [56336] prio=8 os_prio=1 cpu=3125.00ms elapsed=13.88s tid=0x0000028bc3de5570 nid=56336 waiting on condition  [0x000000a4035fe000]
   java.lang.Thread.State: TIMED_WAITING (parking)
	at jdk.internal.misc.Unsafe.park(java.base@21.0.10/Native Method)
	- parking to wait for  <0x000000070bf4ad18> (a java.lang.String)
	at java.util.concurrent.locks.LockSupport.parkNanos(java.base@21.0.10/LockSupport.java:269)
	at net.minecraft.server.MinecraftServer.recordTaskExecutionTimeWhileWaiting(MinecraftServer.java:1242)
	at net.minecraft.server.MinecraftServer.runServer(MinecraftServer.java:1348)
	at net.minecraft.server.MinecraftServer.lambda$spin$2(MinecraftServer.java:388)
	at net.minecraft.server.MinecraftServer$$Lambda/0x0000028b81f34d70.run(Unknown Source)
	at java.lang.Thread.runWith(java.base@21.0.10/Thread.java:1596)
	at java.lang.Thread.run(java.base@21.0.10/Thread.java:1583)
=== sample +9020ms ===
"Server thread" #113 [56336] prio=8 os_prio=1 cpu=3171.88ms elapsed=14.17s tid=0x0000028bc3de5570 nid=56336 waiting on condition  [0x000000a4035fe000]
   java.lang.Thread.State: TIMED_WAITING (parking)
	at jdk.internal.misc.Unsafe.park(java.base@21.0.10/Native Method)
	- parking to wait for  <0x000000070bf4ad18> (a java.lang.String)
	at java.util.concurrent.locks.LockSupport.parkNanos(java.base@21.0.10/LockSupport.java:269)
	at net.minecraft.server.MinecraftServer.recordTaskExecutionTimeWhileWaiting(MinecraftServer.java:1242)
	at net.minecraft.server.MinecraftServer.runServer(MinecraftServer.java:1348)
	at net.minecraft.server.MinecraftServer.lambda$spin$2(MinecraftServer.java:388)
	at net.minecraft.server.MinecraftServer$$Lambda/0x0000028b81f34d70.run(Unknown Source)
	at java.lang.Thread.runWith(java.base@21.0.10/Thread.java:1596)
	at java.lang.Thread.run(java.base@21.0.10/Thread.java:1583)
=== sample +9311ms ===
"Server thread" #113 [56336] prio=8 os_prio=1 cpu=3218.75ms elapsed=14.47s tid=0x0000028bc3de5570 nid=56336 waiting on condition  [0x000000a4035fe000]
   java.lang.Thread.State: TIMED_WAITING (parking)
	at jdk.internal.misc.Unsafe.park(java.base@21.0.10/Native Method)
	- parking to wait for  <0x000000070bf4ad18> (a java.lang.String)
	at java.util.concurrent.locks.LockSupport.parkNanos(java.base@21.0.10/LockSupport.java:269)
	at net.minecraft.server.MinecraftServer.recordTaskExecutionTimeWhileWaiting(MinecraftServer.java:1242)
	at net.minecraft.server.MinecraftServer.runServer(MinecraftServer.java:1348)
	at net.minecraft.server.MinecraftServer.lambda$spin$2(MinecraftServer.java:388)
	at net.minecraft.server.MinecraftServer$$Lambda/0x0000028b81f34d70.run(Unknown Source)
	at java.lang.Thread.runWith(java.base@21.0.10/Thread.java:1596)
	at java.lang.Thread.run(java.base@21.0.10/Thread.java:1583)
=== sample +9570ms ===
"Server thread" #113 [56336] prio=8 os_prio=1 cpu=3296.88ms elapsed=14.75s tid=0x0000028bc3de5570 nid=56336 waiting on condition  [0x000000a4035fe000]
   java.lang.Thread.State: TIMED_WAITING (parking)
	at jdk.internal.misc.Unsafe.park(java.base@21.0.10/Native Method)
	- parking to wait for  <0x000000070bf4ad18> (a java.lang.String)
	at java.util.concurrent.locks.LockSupport.parkNanos(java.base@21.0.10/LockSupport.java:269)
	at net.minecraft.server.MinecraftServer.recordTaskExecutionTimeWhileWaiting(MinecraftServer.java:1242)
	at net.minecraft.server.MinecraftServer.runServer(MinecraftServer.java:1348)
	at net.minecraft.server.MinecraftServer.lambda$spin$2(MinecraftServer.java:388)
	at net.minecraft.server.MinecraftServer$$Lambda/0x0000028b81f34d70.run(Unknown Source)
	at java.lang.Thread.runWith(java.base@21.0.10/Thread.java:1596)
	at java.lang.Thread.run(java.base@21.0.10/Thread.java:1583)
=== sample +9841ms ===
"Server thread" #113 [56336] prio=8 os_prio=1 cpu=3312.50ms elapsed=15.01s tid=0x0000028bc3de5570 nid=56336 runnable  [0x000000a4035fd000]
   java.lang.Thread.State: RUNNABLE
	at net.minecraft.server.level.ServerLevel.tickChunk(ServerLevel.java:1004)
	at net.minecraft.server.level.ServerChunkCache.iterateTickingChunksFaster(ServerChunkCache.java:175)
	at net.minecraft.server.level.ServerChunkCache.tickChunks(ServerChunkCache.java:606)
	at net.minecraft.server.level.ServerChunkCache.tickChunks(ServerChunkCache.java:507)
	at net.minecraft.server.level.ServerChunkCache.tick(ServerChunkCache.java:488)
	at net.minecraft.server.level.ServerLevel.tick(ServerLevel.java:815)
	at net.minecraft.server.MinecraftServer.tickChildren(MinecraftServer.java:1836)
	at net.minecraft.server.MinecraftServer.tickServer(MinecraftServer.java:1619)
	at net.minecraft.server.dedicated.DedicatedServer.tickServer(DedicatedServer.java:446)
	at net.minecraft.server.MinecraftServer.processPacketsAndTick(MinecraftServer.java:1676)
	at net.minecraft.server.MinecraftServer.runServer(MinecraftServer.java:1342)
	at net.minecraft.server.MinecraftServer.lambda$spin$2(MinecraftServer.java:388)
	at net.minecraft.server.MinecraftServer$$Lambda/0x0000028b81f34d70.run(Unknown Source)
	at java.lang.Thread.runWith(java.base@21.0.10/Thread.java:1596)
	at java.lang.Thread.run(java.base@21.0.10/Thread.java:1583)
=== sample +10097ms ===
"Server thread" #113 [56336] prio=8 os_prio=1 cpu=3359.38ms elapsed=15.27s tid=0x0000028bc3de5570 nid=56336 waiting on condition  [0x000000a4035fe000]
   java.lang.Thread.State: TIMED_WAITING (parking)
	at jdk.internal.misc.Unsafe.park(java.base@21.0.10/Native Method)
	- parking to wait for  <0x000000070bf4ad18> (a java.lang.String)
	at java.util.concurrent.locks.LockSupport.parkNanos(java.base@21.0.10/LockSupport.java:269)
	at net.minecraft.server.MinecraftServer.recordTaskExecutionTimeWhileWaiting(MinecraftServer.java:1242)
	at net.minecraft.server.MinecraftServer.runServer(MinecraftServer.java:1348)
	at net.minecraft.server.MinecraftServer.lambda$spin$2(MinecraftServer.java:388)
	at net.minecraft.server.MinecraftServer$$Lambda/0x0000028b81f34d70.run(Unknown Source)
	at java.lang.Thread.runWith(java.base@21.0.10/Thread.java:1596)
	at java.lang.Thread.run(java.base@21.0.10/Thread.java:1583)
=== sample +10349ms ===
"Server thread" #113 [56336] prio=8 os_prio=1 cpu=3359.38ms elapsed=15.53s tid=0x0000028bc3de5570 nid=56336 waiting on condition  [0x000000a4035fe000]
   java.lang.Thread.State: TIMED_WAITING (parking)
	at jdk.internal.misc.Unsafe.park(java.base@21.0.10/Native Method)
	- parking to wait for  <0x000000070bf4ad18> (a java.lang.String)
	at java.util.concurrent.locks.LockSupport.parkNanos(java.base@21.0.10/LockSupport.java:269)
	at net.minecraft.server.MinecraftServer.recordTaskExecutionTimeWhileWaiting(MinecraftServer.java:1242)
	at net.minecraft.server.MinecraftServer.runServer(MinecraftServer.java:1348)
	at net.minecraft.server.MinecraftServer.lambda$spin$2(MinecraftServer.java:388)
	at net.minecraft.server.MinecraftServer$$Lambda/0x0000028b81f34d70.run(Unknown Source)
	at java.lang.Thread.runWith(java.base@21.0.10/Thread.java:1596)
	at java.lang.Thread.run(java.base@21.0.10/Thread.java:1583)
=== sample +10593ms ===
"Server thread" #113 [56336] prio=8 os_prio=1 cpu=3406.25ms elapsed=15.78s tid=0x0000028bc3de5570 nid=56336 waiting on condition  [0x000000a4035fe000]
   java.lang.Thread.State: TIMED_WAITING (parking)
	at jdk.internal.misc.Unsafe.park(java.base@21.0.10/Native Method)
	- parking to wait for  <0x000000070bf4ad18> (a java.lang.String)
	at java.util.concurrent.locks.LockSupport.parkNanos(java.base@21.0.10/LockSupport.java:269)
	at net.minecraft.server.MinecraftServer.recordTaskExecutionTimeWhileWaiting(MinecraftServer.java:1242)
	at net.minecraft.server.MinecraftServer.runServer(MinecraftServer.java:1348)
	at net.minecraft.server.MinecraftServer.lambda$spin$2(MinecraftServer.java:388)
	at net.minecraft.server.MinecraftServer$$Lambda/0x0000028b81f34d70.run(Unknown Source)
	at java.lang.Thread.runWith(java.base@21.0.10/Thread.java:1596)
	at java.lang.Thread.run(java.base@21.0.10/Thread.java:1583)
=== sample +10855ms ===
"Server thread" #113 [56336] prio=8 os_prio=1 cpu=3484.38ms elapsed=16.02s tid=0x0000028bc3de5570 nid=56336 waiting on condition  [0x000000a4035fe000]
   java.lang.Thread.State: TIMED_WAITING (parking)
	at jdk.internal.misc.Unsafe.park(java.base@21.0.10/Native Method)
	- parking to wait for  <0x000000070bf4ad18> (a java.lang.String)
	at java.util.concurrent.locks.LockSupport.parkNanos(java.base@21.0.10/LockSupport.java:269)
	at net.minecraft.server.MinecraftServer.recordTaskExecutionTimeWhileWaiting(MinecraftServer.java:1242)
	at net.minecraft.server.MinecraftServer.runServer(MinecraftServer.java:1348)
	at net.minecraft.server.MinecraftServer.lambda$spin$2(MinecraftServer.java:388)
	at net.minecraft.server.MinecraftServer$$Lambda/0x0000028b81f34d70.run(Unknown Source)
	at java.lang.Thread.runWith(java.base@21.0.10/Thread.java:1596)
	at java.lang.Thread.run(java.base@21.0.10/Thread.java:1583)
=== sample +11091ms ===
"Server thread" #113 [56336] prio=8 os_prio=1 cpu=3546.88ms elapsed=16.27s tid=0x0000028bc3de5570 nid=56336 waiting on condition  [0x000000a4035fe000]
   java.lang.Thread.State: TIMED_WAITING (parking)
	at jdk.internal.misc.Unsafe.park(java.base@21.0.10/Native Method)
	- parking to wait for  <0x000000070bf4ad18> (a java.lang.String)
	at java.util.concurrent.locks.LockSupport.parkNanos(java.base@21.0.10/LockSupport.java:269)
	at net.minecraft.server.MinecraftServer.recordTaskExecutionTimeWhileWaiting(MinecraftServer.java:1242)
	at net.minecraft.server.MinecraftServer.runServer(MinecraftServer.java:1348)
	at net.minecraft.server.MinecraftServer.lambda$spin$2(MinecraftServer.java:388)
	at net.minecraft.server.MinecraftServer$$Lambda/0x0000028b81f34d70.run(Unknown Source)
	at java.lang.Thread.runWith(java.base@21.0.10/Thread.java:1596)
	at java.lang.Thread.run(java.base@21.0.10/Thread.java:1583)
=== sample +11337ms ===
"Server thread" #113 [56336] prio=8 os_prio=1 cpu=3546.88ms elapsed=16.52s tid=0x0000028bc3de5570 nid=56336 waiting on condition  [0x000000a4035fe000]
   java.lang.Thread.State: TIMED_WAITING (parking)
	at jdk.internal.misc.Unsafe.park(java.base@21.0.10/Native Method)
	- parking to wait for  <0x000000070bf4ad18> (a java.lang.String)
	at java.util.concurrent.locks.LockSupport.parkNanos(java.base@21.0.10/LockSupport.java:269)
	at net.minecraft.server.MinecraftServer.recordTaskExecutionTimeWhileWaiting(MinecraftServer.java:1242)
	at net.minecraft.server.MinecraftServer.runServer(MinecraftServer.java:1348)
	at net.minecraft.server.MinecraftServer.lambda$spin$2(MinecraftServer.java:388)
	at net.minecraft.server.MinecraftServer$$Lambda/0x0000028b81f34d70.run(Unknown Source)
	at java.lang.Thread.runWith(java.base@21.0.10/Thread.java:1596)
	at java.lang.Thread.run(java.base@21.0.10/Thread.java:1583)
=== sample +11584ms ===
"Server thread" #113 [56336] prio=8 os_prio=1 cpu=3546.88ms elapsed=16.76s tid=0x0000028bc3de5570 nid=56336 runnable  [0x000000a4035fd000]
   java.lang.Thread.State: RUNNABLE
	at net.minecraft.world.entity.LivingEntity.tick(LivingEntity.java:3433)
	at net.minecraft.world.entity.Mob.tick(Mob.java:398)
	at net.minecraft.server.level.ServerLevel.tickNonPassenger(ServerLevel.java:1368)
	at net.minecraft.server.level.ServerLevel$$Lambda/0x0000028b827f4680.accept(Unknown Source)
	at net.minecraft.world.level.Level.guardEntityTick(Level.java:1434)
	at net.minecraft.server.level.ServerLevel.lambda$tick$4(ServerLevel.java:865)
	at net.minecraft.server.level.ServerLevel$$Lambda/0x0000028b822cde10.accept(Unknown Source)
	at net.minecraft.world.level.entity.EntityTickList.forEach(EntityTickList.java:39)
	at net.minecraft.server.level.ServerLevel.tick(ServerLevel.java:847)
	at net.minecraft.server.MinecraftServer.tickChildren(MinecraftServer.java:1836)
	at net.minecraft.server.MinecraftServer.tickServer(MinecraftServer.java:1619)
	at net.minecraft.server.dedicated.DedicatedServer.tickServer(DedicatedServer.java:446)
	at net.minecraft.server.MinecraftServer.processPacketsAndTick(MinecraftServer.java:1676)
	at net.minecraft.server.MinecraftServer.runServer(MinecraftServer.java:1342)
	at net.minecraft.server.MinecraftServer.lambda$spin$2(MinecraftServer.java:388)
	at net.minecraft.server.MinecraftServer$$Lambda/0x0000028b81f34d70.run(Unknown Source)
	at java.lang.Thread.runWith(java.base@21.0.10/Thread.java:1596)
	at java.lang.Thread.run(java.base@21.0.10/Thread.java:1583)
=== sample +11830ms ===
"Server thread" #113 [56336] prio=8 os_prio=1 cpu=3546.88ms elapsed=17.01s tid=0x0000028bc3de5570 nid=56336 runnable  [0x000000a4035fd000]
   java.lang.Thread.State: RUNNABLE
	at net.minecraft.world.entity.ai.sensing.Sensing.tick(Sensing.java:20)
	at net.minecraft.world.entity.Mob.serverAiStep(Mob.java:853)
	at net.minecraft.world.entity.LivingEntity.aiStep(LivingEntity.java:3717)
	at net.minecraft.world.entity.Mob.aiStep(Mob.java:554)
	at net.minecraft.world.entity.LivingEntity.tick(LivingEntity.java:3439)
	at net.minecraft.world.entity.Mob.tick(Mob.java:398)
	at net.minecraft.world.entity.ambient.Bat.tick(Bat.java:118)
	at net.minecraft.server.level.ServerLevel.tickNonPassenger(ServerLevel.java:1368)
	at net.minecraft.server.level.ServerLevel$$Lambda/0x0000028b827f4680.accept(Unknown Source)
	at net.minecraft.world.level.Level.guardEntityTick(Level.java:1434)
	at net.minecraft.server.level.ServerLevel.lambda$tick$4(ServerLevel.java:865)
	at net.minecraft.server.level.ServerLevel$$Lambda/0x0000028b822cde10.accept(Unknown Source)
	at net.minecraft.world.level.entity.EntityTickList.forEach(EntityTickList.java:39)
	at net.minecraft.server.level.ServerLevel.tick(ServerLevel.java:847)
	at net.minecraft.server.MinecraftServer.tickChildren(MinecraftServer.java:1836)
	at net.minecraft.server.MinecraftServer.tickServer(MinecraftServer.java:1619)
	at net.minecraft.server.dedicated.DedicatedServer.tickServer(DedicatedServer.java:446)
	at net.minecraft.server.MinecraftServer.processPacketsAndTick(MinecraftServer.java:1676)
	at net.minecraft.server.MinecraftServer.runServer(MinecraftServer.java:1342)
	at net.minecraft.server.MinecraftServer.lambda$spin$2(MinecraftServer.java:388)
	at net.minecraft.server.MinecraftServer$$Lambda/0x0000028b81f34d70.run(Unknown Source)
	at java.lang.Thread.runWith(java.base@21.0.10/Thread.java:1596)
	at java.lang.Thread.run(java.base@21.0.10/Thread.java:1583)
=== sample +12076ms ===
"Server thread" #113 [56336] prio=8 os_prio=1 cpu=3593.75ms elapsed=17.26s tid=0x0000028bc3de5570 nid=56336 waiting on condition  [0x000000a4035fe000]
   java.lang.Thread.State: TIMED_WAITING (parking)
	at jdk.internal.misc.Unsafe.park(java.base@21.0.10/Native Method)
	- parking to wait for  <0x000000070bf4ad18> (a java.lang.String)
	at java.util.concurrent.locks.LockSupport.parkNanos(java.base@21.0.10/LockSupport.java:269)
	at net.minecraft.server.MinecraftServer.recordTaskExecutionTimeWhileWaiting(MinecraftServer.java:1242)
	at net.minecraft.server.MinecraftServer.runServer(MinecraftServer.java:1348)
	at net.minecraft.server.MinecraftServer.lambda$spin$2(MinecraftServer.java:388)
	at net.minecraft.server.MinecraftServer$$Lambda/0x0000028b81f34d70.run(Unknown Source)
	at java.lang.Thread.runWith(java.base@21.0.10/Thread.java:1596)
	at java.lang.Thread.run(java.base@21.0.10/Thread.java:1583)
=== sample +12339ms ===
"Server thread" #113 [56336] prio=8 os_prio=1 cpu=3593.75ms elapsed=17.51s tid=0x0000028bc3de5570 nid=56336 waiting on condition  [0x000000a4035fe000]
   java.lang.Thread.State: TIMED_WAITING (parking)
	at jdk.internal.misc.Unsafe.park(java.base@21.0.10/Native Method)
	- parking to wait for  <0x000000070bf4ad18> (a java.lang.String)
	at java.util.concurrent.locks.LockSupport.parkNanos(java.base@21.0.10/LockSupport.java:269)
	at net.minecraft.server.MinecraftServer.recordTaskExecutionTimeWhileWaiting(MinecraftServer.java:1242)
	at net.minecraft.server.MinecraftServer.runServer(MinecraftServer.java:1348)
	at net.minecraft.server.MinecraftServer.lambda$spin$2(MinecraftServer.java:388)
	at net.minecraft.server.MinecraftServer$$Lambda/0x0000028b81f34d70.run(Unknown Source)
	at java.lang.Thread.runWith(java.base@21.0.10/Thread.java:1596)
	at java.lang.Thread.run(java.base@21.0.10/Thread.java:1583)
=== sample +12601ms ===
"Server thread" #113 [56336] prio=8 os_prio=1 cpu=3593.75ms elapsed=17.77s tid=0x0000028bc3de5570 nid=56336 waiting on condition  [0x000000a4035fe000]
   java.lang.Thread.State: TIMED_WAITING (parking)
	at jdk.internal.misc.Unsafe.park(java.base@21.0.10/Native Method)
	- parking to wait for  <0x000000070bf4ad18> (a java.lang.String)
	at java.util.concurrent.locks.LockSupport.parkNanos(java.base@21.0.10/LockSupport.java:269)
	at net.minecraft.server.MinecraftServer.recordTaskExecutionTimeWhileWaiting(MinecraftServer.java:1242)
	at net.minecraft.server.MinecraftServer.runServer(MinecraftServer.java:1348)
	at net.minecraft.server.MinecraftServer.lambda$spin$2(MinecraftServer.java:388)
	at net.minecraft.server.MinecraftServer$$Lambda/0x0000028b81f34d70.run(Unknown Source)
	at java.lang.Thread.runWith(java.base@21.0.10/Thread.java:1596)
	at java.lang.Thread.run(java.base@21.0.10/Thread.java:1583)
=== sample +12849ms ===
"Server thread" #113 [56336] prio=8 os_prio=1 cpu=3593.75ms elapsed=18.03s tid=0x0000028bc3de5570 nid=56336 waiting on condition  [0x000000a4035fe000]
   java.lang.Thread.State: TIMED_WAITING (parking)
	at jdk.internal.misc.Unsafe.park(java.base@21.0.10/Native Method)
	- parking to wait for  <0x000000070bf4ad18> (a java.lang.String)
	at java.util.concurrent.locks.LockSupport.parkNanos(java.base@21.0.10/LockSupport.java:269)
	at net.minecraft.server.MinecraftServer.recordTaskExecutionTimeWhileWaiting(MinecraftServer.java:1242)
	at net.minecraft.server.MinecraftServer.runServer(MinecraftServer.java:1348)
	at net.minecraft.server.MinecraftServer.lambda$spin$2(MinecraftServer.java:388)
	at net.minecraft.server.MinecraftServer$$Lambda/0x0000028b81f34d70.run(Unknown Source)
	at java.lang.Thread.runWith(java.base@21.0.10/Thread.java:1596)
	at java.lang.Thread.run(java.base@21.0.10/Thread.java:1583)
=== sample +13097ms ===
"Server thread" #113 [56336] prio=8 os_prio=1 cpu=3593.75ms elapsed=18.28s tid=0x0000028bc3de5570 nid=56336 waiting on condition  [0x000000a4035fe000]
   java.lang.Thread.State: TIMED_WAITING (parking)
	at jdk.internal.misc.Unsafe.park(java.base@21.0.10/Native Method)
	- parking to wait for  <0x000000070bf4ad18> (a java.lang.String)
	at java.util.concurrent.locks.LockSupport.parkNanos(java.base@21.0.10/LockSupport.java:269)
	at net.minecraft.server.MinecraftServer.recordTaskExecutionTimeWhileWaiting(MinecraftServer.java:1242)
	at net.minecraft.server.MinecraftServer.runServer(MinecraftServer.java:1348)
	at net.minecraft.server.MinecraftServer.lambda$spin$2(MinecraftServer.java:388)
	at net.minecraft.server.MinecraftServer$$Lambda/0x0000028b81f34d70.run(Unknown Source)
	at java.lang.Thread.runWith(java.base@21.0.10/Thread.java:1596)
	at java.lang.Thread.run(java.base@21.0.10/Thread.java:1583)
=== sample +13357ms ===
"Server thread" #113 [56336] prio=8 os_prio=1 cpu=3609.38ms elapsed=18.53s tid=0x0000028bc3de5570 nid=56336 waiting on condition  [0x000000a4035fe000]
   java.lang.Thread.State: TIMED_WAITING (parking)
	at jdk.internal.misc.Unsafe.park(java.base@21.0.10/Native Method)
	- parking to wait for  <0x000000070bf4ad18> (a java.lang.String)
	at java.util.concurrent.locks.LockSupport.parkNanos(java.base@21.0.10/LockSupport.java:269)
	at net.minecraft.server.MinecraftServer.recordTaskExecutionTimeWhileWaiting(MinecraftServer.java:1242)
	at net.minecraft.server.MinecraftServer.runServer(MinecraftServer.java:1348)
	at net.minecraft.server.MinecraftServer.lambda$spin$2(MinecraftServer.java:388)
	at net.minecraft.server.MinecraftServer$$Lambda/0x0000028b81f34d70.run(Unknown Source)
	at java.lang.Thread.runWith(java.base@21.0.10/Thread.java:1596)
	at java.lang.Thread.run(java.base@21.0.10/Thread.java:1583)
=== sample +13621ms ===
"Server thread" #113 [56336] prio=8 os_prio=1 cpu=3671.88ms elapsed=18.79s tid=0x0000028bc3de5570 nid=56336 waiting on condition  [0x000000a4035fe000]
   java.lang.Thread.State: TIMED_WAITING (parking)
	at jdk.internal.misc.Unsafe.park(java.base@21.0.10/Native Method)
	- parking to wait for  <0x000000070bf4ad18> (a java.lang.String)
	at java.util.concurrent.locks.LockSupport.parkNanos(java.base@21.0.10/LockSupport.java:269)
	at net.minecraft.server.MinecraftServer.recordTaskExecutionTimeWhileWaiting(MinecraftServer.java:1242)
	at net.minecraft.server.MinecraftServer.runServer(MinecraftServer.java:1348)
	at net.minecraft.server.MinecraftServer.lambda$spin$2(MinecraftServer.java:388)
	at net.minecraft.server.MinecraftServer$$Lambda/0x0000028b81f34d70.run(Unknown Source)
	at java.lang.Thread.runWith(java.base@21.0.10/Thread.java:1596)
	at java.lang.Thread.run(java.base@21.0.10/Thread.java:1583)
=== sample +13885ms ===
"Server thread" #113 [56336] prio=8 os_prio=1 cpu=3671.88ms elapsed=19.05s tid=0x0000028bc3de5570 nid=56336 waiting on condition  [0x000000a4035fe000]
   java.lang.Thread.State: TIMED_WAITING (parking)
	at jdk.internal.misc.Unsafe.park(java.base@21.0.10/Native Method)
	- parking to wait for  <0x000000070bf4ad18> (a java.lang.String)
	at java.util.concurrent.locks.LockSupport.parkNanos(java.base@21.0.10/LockSupport.java:269)
	at net.minecraft.server.MinecraftServer.recordTaskExecutionTimeWhileWaiting(MinecraftServer.java:1242)
	at net.minecraft.server.MinecraftServer.runServer(MinecraftServer.java:1348)
	at net.minecraft.server.MinecraftServer.lambda$spin$2(MinecraftServer.java:388)
	at net.minecraft.server.MinecraftServer$$Lambda/0x0000028b81f34d70.run(Unknown Source)
	at java.lang.Thread.runWith(java.base@21.0.10/Thread.java:1596)
	at java.lang.Thread.run(java.base@21.0.10/Thread.java:1583)
=== sample +14134ms ===
"Server thread" #113 [56336] prio=8 os_prio=1 cpu=3671.88ms elapsed=19.32s tid=0x0000028bc3de5570 nid=56336 waiting on condition  [0x000000a4035fe000]
   java.lang.Thread.State: TIMED_WAITING (parking)
	at jdk.internal.misc.Unsafe.park(java.base@21.0.10/Native Method)
	- parking to wait for  <0x000000070bf4ad18> (a java.lang.String)
	at java.util.concurrent.locks.LockSupport.parkNanos(java.base@21.0.10/LockSupport.java:269)
	at net.minecraft.server.MinecraftServer.recordTaskExecutionTimeWhileWaiting(MinecraftServer.java:1242)
	at net.minecraft.server.MinecraftServer.runServer(MinecraftServer.java:1348)
	at net.minecraft.server.MinecraftServer.lambda$spin$2(MinecraftServer.java:388)
	at net.minecraft.server.MinecraftServer$$Lambda/0x0000028b81f34d70.run(Unknown Source)
	at java.lang.Thread.runWith(java.base@21.0.10/Thread.java:1596)
	at java.lang.Thread.run(java.base@21.0.10/Thread.java:1583)
=== sample +14395ms ===
"Server thread" #113 [56336] prio=8 os_prio=1 cpu=3671.88ms elapsed=19.56s tid=0x0000028bc3de5570 nid=56336 waiting on condition  [0x000000a4035fe000]
   java.lang.Thread.State: TIMED_WAITING (parking)
	at jdk.internal.misc.Unsafe.park(java.base@21.0.10/Native Method)
	- parking to wait for  <0x000000070bf4ad18> (a java.lang.String)
	at java.util.concurrent.locks.LockSupport.parkNanos(java.base@21.0.10/LockSupport.java:269)
	at net.minecraft.server.MinecraftServer.recordTaskExecutionTimeWhileWaiting(MinecraftServer.java:1242)
	at net.minecraft.server.MinecraftServer.runServer(MinecraftServer.java:1348)
	at net.minecraft.server.MinecraftServer.lambda$spin$2(MinecraftServer.java:388)
	at net.minecraft.server.MinecraftServer$$Lambda/0x0000028b81f34d70.run(Unknown Source)
	at java.lang.Thread.runWith(java.base@21.0.10/Thread.java:1596)
	at java.lang.Thread.run(java.base@21.0.10/Thread.java:1583)
=== sample +14640ms ===
"Server thread" #113 [56336] prio=8 os_prio=1 cpu=3671.88ms elapsed=19.82s tid=0x0000028bc3de5570 nid=56336 waiting on condition  [0x000000a4035fe000]
   java.lang.Thread.State: TIMED_WAITING (parking)
	at jdk.internal.misc.Unsafe.park(java.base@21.0.10/Native Method)
	- parking to wait for  <0x000000070bf4ad18> (a java.lang.String)
	at java.util.concurrent.locks.LockSupport.parkNanos(java.base@21.0.10/LockSupport.java:269)
	at net.minecraft.server.MinecraftServer.recordTaskExecutionTimeWhileWaiting(MinecraftServer.java:1242)
	at net.minecraft.server.MinecraftServer.runServer(MinecraftServer.java:1348)
	at net.minecraft.server.MinecraftServer.lambda$spin$2(MinecraftServer.java:388)
	at net.minecraft.server.MinecraftServer$$Lambda/0x0000028b81f34d70.run(Unknown Source)
	at java.lang.Thread.runWith(java.base@21.0.10/Thread.java:1596)
	at java.lang.Thread.run(java.base@21.0.10/Thread.java:1583)
=== sample +14901ms ===
"Server thread" #113 [56336] prio=8 os_prio=1 cpu=3718.75ms elapsed=20.07s tid=0x0000028bc3de5570 nid=56336 waiting on condition  [0x000000a4035fe000]
   java.lang.Thread.State: TIMED_WAITING (parking)
	at jdk.internal.misc.Unsafe.park(java.base@21.0.10/Native Method)
	- parking to wait for  <0x000000070bf4ad18> (a java.lang.String)
	at java.util.concurrent.locks.LockSupport.parkNanos(java.base@21.0.10/LockSupport.java:269)
	at net.minecraft.server.MinecraftServer.recordTaskExecutionTimeWhileWaiting(MinecraftServer.java:1242)
	at net.minecraft.server.MinecraftServer.runServer(MinecraftServer.java:1348)
	at net.minecraft.server.MinecraftServer.lambda$spin$2(MinecraftServer.java:388)
	at net.minecraft.server.MinecraftServer$$Lambda/0x0000028b81f34d70.run(Unknown Source)
	at java.lang.Thread.runWith(java.base@21.0.10/Thread.java:1596)
	at java.lang.Thread.run(java.base@21.0.10/Thread.java:1583)
=== sample +15149ms ===
"Server thread" #113 [56336] prio=8 os_prio=1 cpu=3718.75ms elapsed=20.33s tid=0x0000028bc3de5570 nid=56336 waiting on condition  [0x000000a4035fe000]
   java.lang.Thread.State: TIMED_WAITING (parking)
	at jdk.internal.misc.Unsafe.park(java.base@21.0.10/Native Method)
	- parking to wait for  <0x000000070bf4ad18> (a java.lang.String)
	at java.util.concurrent.locks.LockSupport.parkNanos(java.base@21.0.10/LockSupport.java:269)
	at net.minecraft.server.MinecraftServer.recordTaskExecutionTimeWhileWaiting(MinecraftServer.java:1242)
	at net.minecraft.server.MinecraftServer.runServer(MinecraftServer.java:1348)
	at net.minecraft.server.MinecraftServer.lambda$spin$2(MinecraftServer.java:388)
	at net.minecraft.server.MinecraftServer$$Lambda/0x0000028b81f34d70.run(Unknown Source)
	at java.lang.Thread.runWith(java.base@21.0.10/Thread.java:1596)
	at java.lang.Thread.run(java.base@21.0.10/Thread.java:1583)
=== sample +15397ms ===
"Server thread" #113 [56336] prio=8 os_prio=1 cpu=3718.75ms elapsed=20.58s tid=0x0000028bc3de5570 nid=56336 waiting on condition  [0x000000a4035fe000]
   java.lang.Thread.State: TIMED_WAITING (parking)
	at jdk.internal.misc.Unsafe.park(java.base@21.0.10/Native Method)
	- parking to wait for  <0x000000070bf4ad18> (a java.lang.String)
	at java.util.concurrent.locks.LockSupport.parkNanos(java.base@21.0.10/LockSupport.java:269)
	at net.minecraft.server.MinecraftServer.recordTaskExecutionTimeWhileWaiting(MinecraftServer.java:1242)
	at net.minecraft.server.MinecraftServer.runServer(MinecraftServer.java:1348)
	at net.minecraft.server.MinecraftServer.lambda$spin$2(MinecraftServer.java:388)
	at net.minecraft.server.MinecraftServer$$Lambda/0x0000028b81f34d70.run(Unknown Source)
	at java.lang.Thread.runWith(java.base@21.0.10/Thread.java:1596)
	at java.lang.Thread.run(java.base@21.0.10/Thread.java:1583)
=== sample +15643ms ===
"Server thread" #113 [56336] prio=8 os_prio=1 cpu=3718.75ms elapsed=20.82s tid=0x0000028bc3de5570 nid=56336 waiting on condition  [0x000000a4035fe000]
   java.lang.Thread.State: TIMED_WAITING (parking)
	at jdk.internal.misc.Unsafe.park(java.base@21.0.10/Native Method)
	- parking to wait for  <0x000000070bf4ad18> (a java.lang.String)
	at java.util.concurrent.locks.LockSupport.parkNanos(java.base@21.0.10/LockSupport.java:269)
	at net.minecraft.server.MinecraftServer.recordTaskExecutionTimeWhileWaiting(MinecraftServer.java:1242)
	at net.minecraft.server.MinecraftServer.runServer(MinecraftServer.java:1348)
	at net.minecraft.server.MinecraftServer.lambda$spin$2(MinecraftServer.java:388)
	at net.minecraft.server.MinecraftServer$$Lambda/0x0000028b81f34d70.run(Unknown Source)
	at java.lang.Thread.runWith(java.base@21.0.10/Thread.java:1596)
	at java.lang.Thread.run(java.base@21.0.10/Thread.java:1583)
=== sample +15910ms ===
"Server thread" #113 [56336] prio=8 os_prio=1 cpu=3718.75ms elapsed=21.08s tid=0x0000028bc3de5570 nid=56336 waiting on condition  [0x000000a4035fe000]
   java.lang.Thread.State: TIMED_WAITING (parking)
	at jdk.internal.misc.Unsafe.park(java.base@21.0.10/Native Method)
	- parking to wait for  <0x000000070bf4ad18> (a java.lang.String)
	at java.util.concurrent.locks.LockSupport.parkNanos(java.base@21.0.10/LockSupport.java:269)
	at net.minecraft.server.MinecraftServer.recordTaskExecutionTimeWhileWaiting(MinecraftServer.java:1242)
	at net.minecraft.server.MinecraftServer.runServer(MinecraftServer.java:1348)
	at net.minecraft.server.MinecraftServer.lambda$spin$2(MinecraftServer.java:388)
	at net.minecraft.server.MinecraftServer$$Lambda/0x0000028b81f34d70.run(Unknown Source)
	at java.lang.Thread.runWith(java.base@21.0.10/Thread.java:1596)
	at java.lang.Thread.run(java.base@21.0.10/Thread.java:1583)
=== sample +16159ms ===
"Server thread" #113 [56336] prio=8 os_prio=1 cpu=3718.75ms elapsed=21.34s tid=0x0000028bc3de5570 nid=56336 waiting on condition  [0x000000a4035fe000]
   java.lang.Thread.State: TIMED_WAITING (parking)
	at jdk.internal.misc.Unsafe.park(java.base@21.0.10/Native Method)
	- parking to wait for  <0x000000070bf4ad18> (a java.lang.String)
	at java.util.concurrent.locks.LockSupport.parkNanos(java.base@21.0.10/LockSupport.java:269)
	at net.minecraft.server.MinecraftServer.recordTaskExecutionTimeWhileWaiting(MinecraftServer.java:1242)
	at net.minecraft.server.MinecraftServer.runServer(MinecraftServer.java:1348)
	at net.minecraft.server.MinecraftServer.lambda$spin$2(MinecraftServer.java:388)
	at net.minecraft.server.MinecraftServer$$Lambda/0x0000028b81f34d70.run(Unknown Source)
	at java.lang.Thread.runWith(java.base@21.0.10/Thread.java:1596)
	at java.lang.Thread.run(java.base@21.0.10/Thread.java:1583)
=== sample +16404ms ===
"Server thread" #113 [56336] prio=8 os_prio=1 cpu=3734.38ms elapsed=21.59s tid=0x0000028bc3de5570 nid=56336 waiting on condition  [0x000000a4035fe000]
   java.lang.Thread.State: TIMED_WAITING (parking)
	at jdk.internal.misc.Unsafe.park(java.base@21.0.10/Native Method)
	- parking to wait for  <0x000000070bf4ad18> (a java.lang.String)
	at java.util.concurrent.locks.LockSupport.parkNanos(java.base@21.0.10/LockSupport.java:269)
	at net.minecraft.server.MinecraftServer.recordTaskExecutionTimeWhileWaiting(MinecraftServer.java:1242)
	at net.minecraft.server.MinecraftServer.runServer(MinecraftServer.java:1348)
	at net.minecraft.server.MinecraftServer.lambda$spin$2(MinecraftServer.java:388)
	at net.minecraft.server.MinecraftServer$$Lambda/0x0000028b81f34d70.run(Unknown Source)
	at java.lang.Thread.runWith(java.base@21.0.10/Thread.java:1596)
	at java.lang.Thread.run(java.base@21.0.10/Thread.java:1583)
=== sample +16656ms ===
"Server thread" #113 [56336] prio=8 os_prio=1 cpu=3750.00ms elapsed=21.83s tid=0x0000028bc3de5570 nid=56336 waiting on condition  [0x000000a4035fe000]
   java.lang.Thread.State: TIMED_WAITING (parking)
	at jdk.internal.misc.Unsafe.park(java.base@21.0.10/Native Method)
	- parking to wait for  <0x000000070bf4ad18> (a java.lang.String)
	at java.util.concurrent.locks.LockSupport.parkNanos(java.base@21.0.10/LockSupport.java:269)
	at net.minecraft.server.MinecraftServer.recordTaskExecutionTimeWhileWaiting(MinecraftServer.java:1242)
	at net.minecraft.server.MinecraftServer.runServer(MinecraftServer.java:1348)
	at net.minecraft.server.MinecraftServer.lambda$spin$2(MinecraftServer.java:388)
	at net.minecraft.server.MinecraftServer$$Lambda/0x0000028b81f34d70.run(Unknown Source)
	at java.lang.Thread.runWith(java.base@21.0.10/Thread.java:1596)
	at java.lang.Thread.run(java.base@21.0.10/Thread.java:1583)
=== sample +16901ms ===
"Server thread" #113 [56336] prio=8 os_prio=1 cpu=3750.00ms elapsed=22.07s tid=0x0000028bc3de5570 nid=56336 waiting on condition  [0x000000a4035fe000]
   java.lang.Thread.State: TIMED_WAITING (parking)
	at jdk.internal.misc.Unsafe.park(java.base@21.0.10/Native Method)
	- parking to wait for  <0x000000070bf4ad18> (a java.lang.String)
	at java.util.concurrent.locks.LockSupport.parkNanos(java.base@21.0.10/LockSupport.java:269)
	at net.minecraft.server.MinecraftServer.recordTaskExecutionTimeWhileWaiting(MinecraftServer.java:1242)
	at net.minecraft.server.MinecraftServer.runServer(MinecraftServer.java:1348)
	at net.minecraft.server.MinecraftServer.lambda$spin$2(MinecraftServer.java:388)
	at net.minecraft.server.MinecraftServer$$Lambda/0x0000028b81f34d70.run(Unknown Source)
	at java.lang.Thread.runWith(java.base@21.0.10/Thread.java:1596)
	at java.lang.Thread.run(java.base@21.0.10/Thread.java:1583)
=== sample +17162ms ===
"Server thread" #113 [56336] prio=8 os_prio=1 cpu=3750.00ms elapsed=22.33s tid=0x0000028bc3de5570 nid=56336 waiting on condition  [0x000000a4035fe000]
   java.lang.Thread.State: TIMED_WAITING (parking)
	at jdk.internal.misc.Unsafe.park(java.base@21.0.10/Native Method)
	- parking to wait for  <0x000000070bf4ad18> (a java.lang.String)
	at java.util.concurrent.locks.LockSupport.parkNanos(java.base@21.0.10/LockSupport.java:269)
	at net.minecraft.server.MinecraftServer.recordTaskExecutionTimeWhileWaiting(MinecraftServer.java:1242)
	at net.minecraft.server.MinecraftServer.runServer(MinecraftServer.java:1348)
	at net.minecraft.server.MinecraftServer.lambda$spin$2(MinecraftServer.java:388)
	at net.minecraft.server.MinecraftServer$$Lambda/0x0000028b81f34d70.run(Unknown Source)
	at java.lang.Thread.runWith(java.base@21.0.10/Thread.java:1596)
	at java.lang.Thread.run(java.base@21.0.10/Thread.java:1583)
=== sample +17414ms ===
"Server thread" #113 [56336] prio=8 os_prio=1 cpu=3750.00ms elapsed=22.59s tid=0x0000028bc3de5570 nid=56336 waiting on condition  [0x000000a4035fe000]
   java.lang.Thread.State: TIMED_WAITING (parking)
	at jdk.internal.misc.Unsafe.park(java.base@21.0.10/Native Method)
	- parking to wait for  <0x000000070bf4ad18> (a java.lang.String)
	at java.util.concurrent.locks.LockSupport.parkNanos(java.base@21.0.10/LockSupport.java:269)
	at net.minecraft.server.MinecraftServer.recordTaskExecutionTimeWhileWaiting(MinecraftServer.java:1242)
	at net.minecraft.server.MinecraftServer.runServer(MinecraftServer.java:1348)
	at net.minecraft.server.MinecraftServer.lambda$spin$2(MinecraftServer.java:388)
	at net.minecraft.server.MinecraftServer$$Lambda/0x0000028b81f34d70.run(Unknown Source)
	at java.lang.Thread.runWith(java.base@21.0.10/Thread.java:1596)
	at java.lang.Thread.run(java.base@21.0.10/Thread.java:1583)
=== sample +17666ms ===
"Server thread" #113 [56336] prio=8 os_prio=1 cpu=3750.00ms elapsed=22.84s tid=0x0000028bc3de5570 nid=56336 waiting on condition  [0x000000a4035fe000]
   java.lang.Thread.State: TIMED_WAITING (parking)
	at jdk.internal.misc.Unsafe.park(java.base@21.0.10/Native Method)
	- parking to wait for  <0x000000070bf4ad18> (a java.lang.String)
	at java.util.concurrent.locks.LockSupport.parkNanos(java.base@21.0.10/LockSupport.java:269)
	at net.minecraft.server.MinecraftServer.recordTaskExecutionTimeWhileWaiting(MinecraftServer.java:1242)
	at net.minecraft.server.MinecraftServer.runServer(MinecraftServer.java:1348)
	at net.minecraft.server.MinecraftServer.lambda$spin$2(MinecraftServer.java:388)
	at net.minecraft.server.MinecraftServer$$Lambda/0x0000028b81f34d70.run(Unknown Source)
	at java.lang.Thread.runWith(java.base@21.0.10/Thread.java:1596)
	at java.lang.Thread.run(java.base@21.0.10/Thread.java:1583)
=== sample +17907ms ===
"Server thread" #113 [56336] prio=8 os_prio=1 cpu=3750.00ms elapsed=23.09s tid=0x0000028bc3de5570 nid=56336 waiting on condition  [0x000000a4035fe000]
   java.lang.Thread.State: TIMED_WAITING (parking)
	at jdk.internal.misc.Unsafe.park(java.base@21.0.10/Native Method)
	- parking to wait for  <0x000000070bf4ad18> (a java.lang.String)
	at java.util.concurrent.locks.LockSupport.parkNanos(java.base@21.0.10/LockSupport.java:269)
	at net.minecraft.server.MinecraftServer.recordTaskExecutionTimeWhileWaiting(MinecraftServer.java:1242)
	at net.minecraft.server.MinecraftServer.runServer(MinecraftServer.java:1348)
	at net.minecraft.server.MinecraftServer.lambda$spin$2(MinecraftServer.java:388)
	at net.minecraft.server.MinecraftServer$$Lambda/0x0000028b81f34d70.run(Unknown Source)
	at java.lang.Thread.runWith(java.base@21.0.10/Thread.java:1596)
	at java.lang.Thread.run(java.base@21.0.10/Thread.java:1583)
=== sample +18156ms ===
"Server thread" #113 [56336] prio=8 os_prio=1 cpu=3812.50ms elapsed=23.34s tid=0x0000028bc3de5570 nid=56336 waiting on condition  [0x000000a4035fe000]
   java.lang.Thread.State: TIMED_WAITING (parking)
	at jdk.internal.misc.Unsafe.park(java.base@21.0.10/Native Method)
	- parking to wait for  <0x000000070bf4ad18> (a java.lang.String)
	at java.util.concurrent.locks.LockSupport.parkNanos(java.base@21.0.10/LockSupport.java:269)
	at net.minecraft.server.MinecraftServer.recordTaskExecutionTimeWhileWaiting(MinecraftServer.java:1242)
	at net.minecraft.server.MinecraftServer.runServer(MinecraftServer.java:1348)
	at net.minecraft.server.MinecraftServer.lambda$spin$2(MinecraftServer.java:388)
	at net.minecraft.server.MinecraftServer$$Lambda/0x0000028b81f34d70.run(Unknown Source)
	at java.lang.Thread.runWith(java.base@21.0.10/Thread.java:1596)
	at java.lang.Thread.run(java.base@21.0.10/Thread.java:1583)
botFailures=[] exited=true
======== run 1 ========
boot: [01:47:23 INFO]: Done (15.324s)! For help, type "help"
---- stalls ----
PapoTickProfile.stall tick=82 gapMs=131.9 durMs=3.2 at=01:47:27.989
PapoTickProfile.stall tick=111 gapMs=138.9 durMs=21.7 at=01:47:29.445
PapoTickProfile.stall tick=113 gapMs=339.7 durMs=144.5 at=01:47:29.857
PapoTickProfile.stall tick=174 gapMs=107.9 durMs=65.8 at=01:47:32.722
---- jstack Server-thread samples ----
=== sample +2718ms ===
"Server thread" #113 [41012] prio=8 os_prio=1 cpu=1828.12ms elapsed=7.26s tid=0x0000027746906d80 nid=41012 waiting on condition  [0x000000c1434ff000]
   java.lang.Thread.State: TIMED_WAITING (parking)
	at jdk.internal.misc.Unsafe.park(java.base@21.0.10/Native Method)
	- parking to wait for  <0x00000007047fedc8> (a java.lang.String)
	at java.util.concurrent.locks.LockSupport.parkNanos(java.base@21.0.10/LockSupport.java:269)
	at net.minecraft.server.MinecraftServer.recordTaskExecutionTimeWhileWaiting(MinecraftServer.java:1242)
	at net.minecraft.server.MinecraftServer.runServer(MinecraftServer.java:1348)
	at net.minecraft.server.MinecraftServer.lambda$spin$2(MinecraftServer.java:388)
	at net.minecraft.server.MinecraftServer$$Lambda/0x0000027701f3af30.run(Unknown Source)
	at java.lang.Thread.runWith(java.base@21.0.10/Thread.java:1596)
	at java.lang.Thread.run(java.base@21.0.10/Thread.java:1583)
=== sample +2979ms ===
"Server thread" #113 [41012] prio=8 os_prio=1 cpu=1828.12ms elapsed=7.52s tid=0x0000027746906d80 nid=41012 waiting on condition  [0x000000c1434ff000]
   java.lang.Thread.State: TIMED_WAITING (parking)
	at jdk.internal.misc.Unsafe.park(java.base@21.0.10/Native Method)
	- parking to wait for  <0x00000007047fedc8> (a java.lang.String)
	at java.util.concurrent.locks.LockSupport.parkNanos(java.base@21.0.10/LockSupport.java:269)
	at net.minecraft.server.MinecraftServer.recordTaskExecutionTimeWhileWaiting(MinecraftServer.java:1242)
	at net.minecraft.server.MinecraftServer.runServer(MinecraftServer.java:1348)
	at net.minecraft.server.MinecraftServer.lambda$spin$2(MinecraftServer.java:388)
	at net.minecraft.server.MinecraftServer$$Lambda/0x0000027701f3af30.run(Unknown Source)
	at java.lang.Thread.runWith(java.base@21.0.10/Thread.java:1596)
	at java.lang.Thread.run(java.base@21.0.10/Thread.java:1583)
=== sample +3246ms ===
"Server thread" #113 [41012] prio=8 os_prio=1 cpu=1828.12ms elapsed=7.78s tid=0x0000027746906d80 nid=41012 waiting on condition  [0x000000c1434ff000]
   java.lang.Thread.State: TIMED_WAITING (parking)
	at jdk.internal.misc.Unsafe.park(java.base@21.0.10/Native Method)
	- parking to wait for  <0x00000007047fedc8> (a java.lang.String)
	at java.util.concurrent.locks.LockSupport.parkNanos(java.base@21.0.10/LockSupport.java:269)
	at net.minecraft.server.MinecraftServer.recordTaskExecutionTimeWhileWaiting(MinecraftServer.java:1242)
	at net.minecraft.server.MinecraftServer.runServer(MinecraftServer.java:1348)
	at net.minecraft.server.MinecraftServer.lambda$spin$2(MinecraftServer.java:388)
	at net.minecraft.server.MinecraftServer$$Lambda/0x0000027701f3af30.run(Unknown Source)
	at java.lang.Thread.runWith(java.base@21.0.10/Thread.java:1596)
	at java.lang.Thread.run(java.base@21.0.10/Thread.java:1583)
=== sample +3489ms ===
"Server thread" #113 [41012] prio=8 os_prio=1 cpu=1828.12ms elapsed=8.04s tid=0x0000027746906d80 nid=41012 waiting on condition  [0x000000c1434ff000]
   java.lang.Thread.State: TIMED_WAITING (parking)
	at jdk.internal.misc.Unsafe.park(java.base@21.0.10/Native Method)
	- parking to wait for  <0x00000007047fedc8> (a java.lang.String)
	at java.util.concurrent.locks.LockSupport.parkNanos(java.base@21.0.10/LockSupport.java:269)
	at net.minecraft.server.MinecraftServer.recordTaskExecutionTimeWhileWaiting(MinecraftServer.java:1242)
	at net.minecraft.server.MinecraftServer.runServer(MinecraftServer.java:1348)
	at net.minecraft.server.MinecraftServer.lambda$spin$2(MinecraftServer.java:388)
	at net.minecraft.server.MinecraftServer$$Lambda/0x0000027701f3af30.run(Unknown Source)
	at java.lang.Thread.runWith(java.base@21.0.10/Thread.java:1596)
	at java.lang.Thread.run(java.base@21.0.10/Thread.java:1583)
=== sample +3750ms ===
"Server thread" #113 [41012] prio=8 os_prio=1 cpu=1828.12ms elapsed=8.29s tid=0x0000027746906d80 nid=41012 waiting on condition  [0x000000c1434ff000]
   java.lang.Thread.State: TIMED_WAITING (parking)
	at jdk.internal.misc.Unsafe.park(java.base@21.0.10/Native Method)
	- parking to wait for  <0x00000007047fedc8> (a java.lang.String)
	at java.util.concurrent.locks.LockSupport.parkNanos(java.base@21.0.10/LockSupport.java:269)
	at net.minecraft.server.MinecraftServer.recordTaskExecutionTimeWhileWaiting(MinecraftServer.java:1242)
	at net.minecraft.server.MinecraftServer.runServer(MinecraftServer.java:1348)
	at net.minecraft.server.MinecraftServer.lambda$spin$2(MinecraftServer.java:388)
	at net.minecraft.server.MinecraftServer$$Lambda/0x0000027701f3af30.run(Unknown Source)
	at java.lang.Thread.runWith(java.base@21.0.10/Thread.java:1596)
	at java.lang.Thread.run(java.base@21.0.10/Thread.java:1583)
=== sample +4013ms ===
"Server thread" #113 [41012] prio=8 os_prio=1 cpu=1828.12ms elapsed=8.55s tid=0x0000027746906d80 nid=41012 waiting on condition  [0x000000c1434ff000]
   java.lang.Thread.State: TIMED_WAITING (parking)
	at jdk.internal.misc.Unsafe.park(java.base@21.0.10/Native Method)
	- parking to wait for  <0x00000007047fedc8> (a java.lang.String)
	at java.util.concurrent.locks.LockSupport.parkNanos(java.base@21.0.10/LockSupport.java:269)
	at net.minecraft.server.MinecraftServer.recordTaskExecutionTimeWhileWaiting(MinecraftServer.java:1242)
	at net.minecraft.server.MinecraftServer.runServer(MinecraftServer.java:1348)
	at net.minecraft.server.MinecraftServer.lambda$spin$2(MinecraftServer.java:388)
	at net.minecraft.server.MinecraftServer$$Lambda/0x0000027701f3af30.run(Unknown Source)
	at java.lang.Thread.runWith(java.base@21.0.10/Thread.java:1596)
	at java.lang.Thread.run(java.base@21.0.10/Thread.java:1583)
=== sample +4278ms ===
"Server thread" #113 [41012] prio=8 os_prio=1 cpu=1906.25ms elapsed=8.82s tid=0x0000027746906d80 nid=41012 runnable  [0x000000c1434fe000]
   java.lang.Thread.State: RUNNABLE
	at java.util.Objects.isNull(java.base@21.0.10/Objects.java:278)
	at java.lang.invoke.DirectMethodHandle$Holder.invokeStatic(java.base@21.0.10/DirectMethodHandle$Holder)
	at java.lang.invoke.LambdaForm$MH/0x0000027701d30400.invoke(java.base@21.0.10/LambdaForm$MH)
	at java.lang.invoke.LambdaForm$MH/0x0000027701d32000.invoke(java.base@21.0.10/LambdaForm$MH)
	at java.lang.invoke.LambdaForm$MH/0x0000027701d32800.linkToTargetMethod(java.base@21.0.10/LambdaForm$MH)
	at net.minecraft.server.network.config.PrepareSpawnTask.tick(PrepareSpawnTask.java:170)
	at net.minecraft.server.network.ServerConfigurationPacketListenerImpl.tick(ServerConfigurationPacketListenerImpl.java:233)
	at net.minecraft.network.Connection.tick(Connection.java:689)
	at net.minecraft.server.network.ServerConnectionListener.tick(ServerConnectionListener.java:234)
	- locked <0x0000000701fab0b0> (a java.util.Collections$SynchronizedRandomAccessList)
	at net.minecraft.server.MinecraftServer.tickConnection(MinecraftServer.java:1894)
	at net.minecraft.server.dedicated.DedicatedServer.tickConnection(DedicatedServer.java:568)
	at net.minecraft.server.MinecraftServer.tickChildren(MinecraftServer.java:1852)
	at net.minecraft.server.MinecraftServer.tickServer(MinecraftServer.java:1619)
	at net.minecraft.server.dedicated.DedicatedServer.tickServer(DedicatedServer.java:446)
	at net.minecraft.server.MinecraftServer.processPacketsAndTick(MinecraftServer.java:1676)
	at net.minecraft.server.MinecraftServer.runServer(MinecraftServer.java:1342)
	at net.minecraft.server.MinecraftServer.lambda$spin$2(MinecraftServer.java:388)
	at net.minecraft.server.MinecraftServer$$Lambda/0x0000027701f3af30.run(Unknown Source)
	at java.lang.Thread.runWith(java.base@21.0.10/Thread.java:1596)
	at java.lang.Thread.run(java.base@21.0.10/Thread.java:1583)
=== sample +4576ms ===
"Server thread" #113 [41012] prio=8 os_prio=1 cpu=1921.88ms elapsed=9.10s tid=0x0000027746906d80 nid=41012 waiting on condition  [0x000000c1434ff000]
   java.lang.Thread.State: TIMED_WAITING (parking)
	at jdk.internal.misc.Unsafe.park(java.base@21.0.10/Native Method)
	- parking to wait for  <0x00000007047fedc8> (a java.lang.String)
	at java.util.concurrent.locks.LockSupport.parkNanos(java.base@21.0.10/LockSupport.java:269)
	at net.minecraft.server.MinecraftServer.recordTaskExecutionTimeWhileWaiting(MinecraftServer.java:1242)
	at net.minecraft.server.MinecraftServer.runServer(MinecraftServer.java:1348)
	at net.minecraft.server.MinecraftServer.lambda$spin$2(MinecraftServer.java:388)
	at net.minecraft.server.MinecraftServer$$Lambda/0x0000027701f3af30.run(Unknown Source)
	at java.lang.Thread.runWith(java.base@21.0.10/Thread.java:1596)
	at java.lang.Thread.run(java.base@21.0.10/Thread.java:1583)
=== sample +4866ms ===
"Server thread" #113 [41012] prio=8 os_prio=1 cpu=1921.88ms elapsed=9.39s tid=0x0000027746906d80 nid=41012 waiting on condition  [0x000000c1434ff000]
   java.lang.Thread.State: TIMED_WAITING (parking)
	at jdk.internal.misc.Unsafe.park(java.base@21.0.10/Native Method)
	- parking to wait for  <0x00000007047fedc8> (a java.lang.String)
	at java.util.concurrent.locks.LockSupport.parkNanos(java.base@21.0.10/LockSupport.java:269)
	at net.minecraft.server.MinecraftServer.recordTaskExecutionTimeWhileWaiting(MinecraftServer.java:1242)
	at net.minecraft.server.MinecraftServer.runServer(MinecraftServer.java:1348)
	at net.minecraft.server.MinecraftServer.lambda$spin$2(MinecraftServer.java:388)
	at net.minecraft.server.MinecraftServer$$Lambda/0x0000027701f3af30.run(Unknown Source)
	at java.lang.Thread.runWith(java.base@21.0.10/Thread.java:1596)
	at java.lang.Thread.run(java.base@21.0.10/Thread.java:1583)
=== sample +5175ms ===
"Server thread" #113 [41012] prio=8 os_prio=1 cpu=1937.50ms elapsed=9.70s tid=0x0000027746906d80 nid=41012 waiting on condition  [0x000000c1434ff000]
   java.lang.Thread.State: TIMED_WAITING (parking)
	at jdk.internal.misc.Unsafe.park(java.base@21.0.10/Native Method)
	- parking to wait for  <0x00000007047fedc8> (a java.lang.String)
	at java.util.concurrent.locks.LockSupport.parkNanos(java.base@21.0.10/LockSupport.java:269)
	at net.minecraft.server.MinecraftServer.recordTaskExecutionTimeWhileWaiting(MinecraftServer.java:1242)
	at net.minecraft.server.MinecraftServer.runServer(MinecraftServer.java:1348)
	at net.minecraft.server.MinecraftServer.lambda$spin$2(MinecraftServer.java:388)
	at net.minecraft.server.MinecraftServer$$Lambda/0x0000027701f3af30.run(Unknown Source)
	at java.lang.Thread.runWith(java.base@21.0.10/Thread.java:1596)
	at java.lang.Thread.run(java.base@21.0.10/Thread.java:1583)
=== sample +5448ms ===
"Server thread" #113 [41012] prio=8 os_prio=1 cpu=1984.38ms elapsed=9.98s tid=0x0000027746906d80 nid=41012 waiting on condition  [0x000000c1434ff000]
   java.lang.Thread.State: TIMED_WAITING (parking)
	at jdk.internal.misc.Unsafe.park(java.base@21.0.10/Native Method)
	- parking to wait for  <0x00000007047fedc8> (a java.lang.String)
	at java.util.concurrent.locks.LockSupport.parkNanos(java.base@21.0.10/LockSupport.java:269)
	at net.minecraft.server.MinecraftServer.recordTaskExecutionTimeWhileWaiting(MinecraftServer.java:1242)
	at net.minecraft.server.MinecraftServer.runServer(MinecraftServer.java:1348)
	at net.minecraft.server.MinecraftServer.lambda$spin$2(MinecraftServer.java:388)
	at net.minecraft.server.MinecraftServer$$Lambda/0x0000027701f3af30.run(Unknown Source)
	at java.lang.Thread.runWith(java.base@21.0.10/Thread.java:1596)
	at java.lang.Thread.run(java.base@21.0.10/Thread.java:1583)
=== sample +5710ms ===
"Server thread" #113 [41012] prio=8 os_prio=1 cpu=2062.50ms elapsed=10.25s tid=0x0000027746906d80 nid=41012 runnable  [0x000000c1434fd000]
   java.lang.Thread.State: RUNNABLE
	at java.lang.ClassLoader.defineClass1(java.base@21.0.10/Native Method)
	at java.lang.ClassLoader.defineClass(java.base@21.0.10/ClassLoader.java:1027)
	at java.security.SecureClassLoader.defineClass(java.base@21.0.10/SecureClassLoader.java:150)
	at java.net.URLClassLoader.defineClass(java.base@21.0.10/URLClassLoader.java:524)
	at java.net.URLClassLoader$1.run(java.base@21.0.10/URLClassLoader.java:427)
	at java.net.URLClassLoader$1.run(java.base@21.0.10/URLClassLoader.java:421)
	at java.security.AccessController.executePrivileged(java.base@21.0.10/AccessController.java:809)
	at java.security.AccessController.doPrivileged(java.base@21.0.10/AccessController.java:714)
	at java.net.URLClassLoader.findClass(java.base@21.0.10/URLClassLoader.java:420)
	at java.lang.ClassLoader.loadClass(java.base@21.0.10/ClassLoader.java:593)
	- locked <0x00000007263c1b58> (a java.lang.Object)
	at java.lang.ClassLoader.loadClass(java.base@21.0.10/ClassLoader.java:526)
	at net.minecraft.world.level.material.FlowingFluid$SpreadContext.<init>(FlowingFluid.java:580)
	at net.minecraft.world.level.material.FlowingFluid.getSpread(FlowingFluid.java:431)
	at net.minecraft.world.level.material.FlowingFluid.spreadToSides(FlowingFluid.java:202)
	at net.minecraft.world.level.material.FlowingFluid.spread(FlowingFluid.java:190)
	at net.minecraft.world.level.material.FlowingFluid.tick(FlowingFluid.java:529)
	at net.minecraft.world.level.material.FluidState.tick(FluidState.java:100)
	at net.minecraft.world.level.chunk.LevelChunk.postProcessGeneration(LevelChunk.java:842)
	at ca.spottedleaf.moonrise.paper.util.BaseChunkSystemHooks.onChunkTicking(BaseChunkSystemHooks.java:114)
	at ca.spottedleaf.moonrise.patches.chunk_system.scheduling.NewChunkHolder.handleFullStatusChange(NewChunkHolder.java:1261)
	at ca.spottedleaf.moonrise.patches.chunk_system.scheduling.ChunkHolderManager.processPendingFullUpdate(ChunkHolderManager.java:1492)
	at ca.spottedleaf.moonrise.patches.chunk_system.scheduling.ChunkHolderManager.processTicketUpdates(ChunkHolderManager.java:1452)
	at ca.spottedleaf.moonrise.patches.chunk_system.scheduling.ChunkHolderManager.tick(ChunkHolderManager.java:909)
	at net.minecraft.world.level.TicketStorage.purgeStaleTickets(TicketStorage.java:259)
	at net.minecraft.server.level.ServerChunkCache.tick(ServerChunkCache.java:481)
	at net.minecraft.server.level.ServerLevel.tick(ServerLevel.java:815)
	at net.minecraft.server.MinecraftServer.tickChildren(MinecraftServer.java:1836)
	at net.minecraft.server.MinecraftServer.tickServer(MinecraftServer.java:1619)
	at net.minecraft.server.dedicated.DedicatedServer.tickServer(DedicatedServer.java:446)
	at net.minecraft.server.MinecraftServer.processPacketsAndTick(MinecraftServer.java:1676)
	at net.minecraft.server.MinecraftServer.runServer(MinecraftServer.java:1342)
	at net.minecraft.server.MinecraftServer.lambda$spin$2(MinecraftServer.java:388)
	at net.minecraft.server.MinecraftServer$$Lambda/0x0000027701f3af30.run(Unknown Source)
	at java.lang.Thread.runWith(java.base@21.0.10/Thread.java:1596)
	at java.lang.Thread.run(java.base@21.0.10/Thread.java:1583)
=== sample +5972ms ===
"Server thread" #113 [41012] prio=8 os_prio=1 cpu=2281.25ms elapsed=10.51s tid=0x0000027746906d80 nid=41012 runnable  [0x000000c1434fd000]
   java.lang.Thread.State: RUNNABLE
	at java.lang.ClassLoader.defineClass1(java.base@21.0.10/Native Method)
	at java.lang.ClassLoader.defineClass(java.base@21.0.10/ClassLoader.java:1027)
	at java.security.SecureClassLoader.defineClass(java.base@21.0.10/SecureClassLoader.java:150)
	at java.net.URLClassLoader.defineClass(java.base@21.0.10/URLClassLoader.java:524)
	at java.net.URLClassLoader$1.run(java.base@21.0.10/URLClassLoader.java:427)
	at java.net.URLClassLoader$1.run(java.base@21.0.10/URLClassLoader.java:421)
	at java.security.AccessController.executePrivileged(java.base@21.0.10/AccessController.java:809)
	at java.security.AccessController.doPrivileged(java.base@21.0.10/AccessController.java:714)
	at java.net.URLClassLoader.findClass(java.base@21.0.10/URLClassLoader.java:420)
	at java.lang.ClassLoader.loadClass(java.base@21.0.10/ClassLoader.java:593)
	- locked <0x0000000724eb62a8> (a java.lang.Object)
	at java.lang.ClassLoader.loadClass(java.base@21.0.10/ClassLoader.java:526)
	at ca.spottedleaf.moonrise.patches.chunk_system.scheduling.ChunkHolderManager.addTicketCounter(ChunkHolderManager.java:653)
	at ca.spottedleaf.moonrise.patches.chunk_system.scheduling.ChunkHolderManager.addTicketAtLevel(ChunkHolderManager.java:636)
	at ca.spottedleaf.moonrise.patches.chunk_system.scheduling.ChunkHolderManager.addTicketAtLevel(ChunkHolderManager.java:598)
	at ca.spottedleaf.moonrise.patches.chunk_system.scheduling.ChunkHolderManager.processTicketOp(ChunkHolderManager.java:1369)
	at ca.spottedleaf.moonrise.patches.chunk_system.scheduling.ChunkHolderManager.performTicketUpdates(ChunkHolderManager.java:1400)
	at ca.spottedleaf.moonrise.patches.chunk_system.player.RegionizedPlayerChunkLoader$PlayerChunkLoaderData.flushDelayedTicketOps(RegionizedPlayerChunkLoader.java:408)
	at ca.spottedleaf.moonrise.patches.chunk_system.player.RegionizedPlayerChunkLoader$PlayerChunkLoaderData.updateQueues(RegionizedPlayerChunkLoader.java:703)
	at ca.spottedleaf.moonrise.patches.chunk_system.player.RegionizedPlayerChunkLoader.tick(RegionizedPlayerChunkLoader.java:316)
	at net.minecraft.server.level.ServerChunkCache.tick(ServerChunkCache.java:487)
	at net.minecraft.server.level.ServerLevel.tick(ServerLevel.java:815)
	at net.minecraft.server.MinecraftServer.tickChildren(MinecraftServer.java:1836)
	at net.minecraft.server.MinecraftServer.tickServer(MinecraftServer.java:1619)
	at net.minecraft.server.dedicated.DedicatedServer.tickServer(DedicatedServer.java:446)
	at net.minecraft.server.MinecraftServer.processPacketsAndTick(MinecraftServer.java:1676)
	at net.minecraft.server.MinecraftServer.runServer(MinecraftServer.java:1342)
	at net.minecraft.server.MinecraftServer.lambda$spin$2(MinecraftServer.java:388)
	at net.minecraft.server.MinecraftServer$$Lambda/0x0000027701f3af30.run(Unknown Source)
	at java.lang.Thread.runWith(java.base@21.0.10/Thread.java:1596)
	at java.lang.Thread.run(java.base@21.0.10/Thread.java:1583)
=== sample +6234ms ===
"Server thread" #113 [41012] prio=8 os_prio=1 cpu=2375.00ms elapsed=10.77s tid=0x0000027746906d80 nid=41012 waiting on condition  [0x000000c1434ff000]
   java.lang.Thread.State: TIMED_WAITING (parking)
	at jdk.internal.misc.Unsafe.park(java.base@21.0.10/Native Method)
	- parking to wait for  <0x00000007047fedc8> (a java.lang.String)
	at java.util.concurrent.locks.LockSupport.parkNanos(java.base@21.0.10/LockSupport.java:269)
	at net.minecraft.server.MinecraftServer.recordTaskExecutionTimeWhileWaiting(MinecraftServer.java:1242)
	at net.minecraft.server.MinecraftServer.runServer(MinecraftServer.java:1348)
	at net.minecraft.server.MinecraftServer.lambda$spin$2(MinecraftServer.java:388)
	at net.minecraft.server.MinecraftServer$$Lambda/0x0000027701f3af30.run(Unknown Source)
	at java.lang.Thread.runWith(java.base@21.0.10/Thread.java:1596)
	at java.lang.Thread.run(java.base@21.0.10/Thread.java:1583)
=== sample +6531ms ===
"Server thread" #113 [41012] prio=8 os_prio=1 cpu=2406.25ms elapsed=11.05s tid=0x0000027746906d80 nid=41012 waiting on condition  [0x000000c1434ff000]
   java.lang.Thread.State: TIMED_WAITING (parking)
	at jdk.internal.misc.Unsafe.park(java.base@21.0.10/Native Method)
	- parking to wait for  <0x00000007047fedc8> (a java.lang.String)
	at java.util.concurrent.locks.LockSupport.parkNanos(java.base@21.0.10/LockSupport.java:269)
	at net.minecraft.server.MinecraftServer.recordTaskExecutionTimeWhileWaiting(MinecraftServer.java:1242)
	at net.minecraft.server.MinecraftServer.runServer(MinecraftServer.java:1348)
	at net.minecraft.server.MinecraftServer.lambda$spin$2(MinecraftServer.java:388)
	at net.minecraft.server.MinecraftServer$$Lambda/0x0000027701f3af30.run(Unknown Source)
	at java.lang.Thread.runWith(java.base@21.0.10/Thread.java:1596)
	at java.lang.Thread.run(java.base@21.0.10/Thread.java:1583)
=== sample +6826ms ===
"Server thread" #113 [41012] prio=8 os_prio=1 cpu=2406.25ms elapsed=11.35s tid=0x0000027746906d80 nid=41012 runnable  [0x000000c1434fd000]
   java.lang.Thread.State: RUNNABLE
	at java.lang.ClassLoader.defineClass0(java.base@21.0.10/Native Method)
	at java.lang.System$2.defineClass(java.base@21.0.10/System.java:2394)
	at java.lang.invoke.MethodHandles$Lookup$ClassDefiner.defineClass(java.base@21.0.10/MethodHandles.java:2505)
	at java.lang.invoke.InnerClassLambdaMetafactory.generateInnerClass(java.base@21.0.10/InnerClassLambdaMetafactory.java:361)
	at java.lang.invoke.InnerClassLambdaMetafactory.spinInnerClass(java.base@21.0.10/InnerClassLambdaMetafactory.java:286)
	at java.lang.invoke.InnerClassLambdaMetafactory.buildCallSite(java.base@21.0.10/InnerClassLambdaMetafactory.java:221)
	at java.lang.invoke.LambdaMetafactory.metafactory(java.base@21.0.10/LambdaMetafactory.java:341)
	at java.lang.invoke.LambdaForm$DMH/0x0000027701110400.invokeStatic(java.base@21.0.10/LambdaForm$DMH)
	at java.lang.invoke.Invokers$Holder.invokeExact_MT(java.base@21.0.10/Invokers$Holder)
	at java.lang.invoke.BootstrapMethodInvoker.invoke(java.base@21.0.10/BootstrapMethodInvoker.java:134)
	at java.lang.invoke.CallSite.makeSite(java.base@21.0.10/CallSite.java:310)
	at java.lang.invoke.MethodHandleNatives.linkCallSiteImpl(java.base@21.0.10/MethodHandleNatives.java:249)
	at java.lang.invoke.MethodHandleNatives.linkCallSite(java.base@21.0.10/MethodHandleNatives.java:239)
	at net.minecraft.world.level.storage.loot.LootContext$Builder.lambda$create$0(LootContext.java:140)
	at net.minecraft.world.level.storage.loot.LootContext$Builder$$Lambda/0x00000277027fdca8.get(Unknown Source)
	at java.util.Optional.or(java.base@21.0.10/Optional.java:313)
	at net.minecraft.world.level.storage.loot.LootContext$Builder.create(LootContext.java:140)
	at net.minecraft.advancements.criterion.EntityPredicate.createContext(EntityPredicate.java:172)
	at net.minecraft.advancements.criterion.SimpleCriterionTrigger.trigger(SimpleCriterionTrigger.java:60)
	at net.minecraft.advancements.criterion.PlayerTrigger.trigger(PlayerTrigger.java:20)
	at net.minecraft.server.level.ServerPlayer.doTick(ServerPlayer.java:887)
	at net.minecraft.server.network.ServerGamePacketListenerImpl.tickPlayer(ServerGamePacketListenerImpl.java:377)
	at net.minecraft.server.network.ServerGamePacketListenerImpl.tick(ServerGamePacketListenerImpl.java:357)
	at net.minecraft.network.Connection.tick(Connection.java:689)
	at net.minecraft.server.network.ServerConnectionListener.tick(ServerConnectionListener.java:234)
	- locked <0x0000000701fab0b0> (a java.util.Collections$SynchronizedRandomAccessList)
	at net.minecraft.server.MinecraftServer.tickConnection(MinecraftServer.java:1894)
	at net.minecraft.server.dedicated.DedicatedServer.tickConnection(DedicatedServer.java:568)
	at net.minecraft.server.MinecraftServer.tickChildren(MinecraftServer.java:1852)
	at net.minecraft.server.MinecraftServer.tickServer(MinecraftServer.java:1619)
	at net.minecraft.server.dedicated.DedicatedServer.tickServer(DedicatedServer.java:446)
	at net.minecraft.server.MinecraftServer.processPacketsAndTick(MinecraftServer.java:1676)
	at net.minecraft.server.MinecraftServer.runServer(MinecraftServer.java:1342)
	at net.minecraft.server.MinecraftServer.lambda$spin$2(MinecraftServer.java:388)
	at net.minecraft.server.MinecraftServer$$Lambda/0x0000027701f3af30.run(Unknown Source)
	at java.lang.Thread.runWith(java.base@21.0.10/Thread.java:1596)
	at java.lang.Thread.run(java.base@21.0.10/Thread.java:1583)
=== sample +7136ms ===
"Server thread" #113 [41012] prio=8 os_prio=1 cpu=2453.12ms elapsed=11.67s tid=0x0000027746906d80 nid=41012 runnable  [0x000000c1434fd000]
   java.lang.Thread.State: RUNNABLE
	at ca.spottedleaf.moonrise.patches.chunk_system.scheduling.ChunkHolderManager.addTicketAtLevel(ChunkHolderManager.java:553)
	at net.minecraft.server.level.ThreadedLevelLightEngine.queueTaskForSection(ThreadedLevelLightEngine.java:61)
	at net.minecraft.server.level.ThreadedLevelLightEngine.checkBlock(ThreadedLevelLightEngine.java:186)
	at net.minecraft.world.level.chunk.LevelChunk.setBlockState(LevelChunk.java:452)
	at net.minecraft.world.level.Level.setBlock(Level.java:1083)
	at net.minecraft.world.level.Level.setBlock(Level.java:1042)
	at net.minecraft.world.level.material.FlowingFluid.spreadTo(FlowingFluid.java:342)
	at net.minecraft.world.level.material.FlowingFluid.spread(FlowingFluid.java:180)
	at net.minecraft.world.level.material.FlowingFluid.tick(FlowingFluid.java:529)
	at net.minecraft.world.level.material.FluidState.tick(FluidState.java:100)
	at net.minecraft.server.level.ServerLevel.tickFluid(ServerLevel.java:1316)
	at net.minecraft.server.level.ServerLevel$$Lambda/0x0000027702273800.accept(Unknown Source)
	at net.minecraft.world.ticks.LevelTicks.runCollectedTicks(LevelTicks.java:189)
	at net.minecraft.world.ticks.LevelTicks.tick(LevelTicks.java:88)
	at net.minecraft.server.level.ServerLevel.tick(ServerLevel.java:803)
	at net.minecraft.server.MinecraftServer.tickChildren(MinecraftServer.java:1836)
	at net.minecraft.server.MinecraftServer.tickServer(MinecraftServer.java:1619)
	at net.minecraft.server.dedicated.DedicatedServer.tickServer(DedicatedServer.java:446)
	at net.minecraft.server.MinecraftServer.processPacketsAndTick(MinecraftServer.java:1676)
	at net.minecraft.server.MinecraftServer.runServer(MinecraftServer.java:1342)
	at net.minecraft.server.MinecraftServer.lambda$spin$2(MinecraftServer.java:388)
	at net.minecraft.server.MinecraftServer$$Lambda/0x0000027701f3af30.run(Unknown Source)
	at java.lang.Thread.runWith(java.base@21.0.10/Thread.java:1596)
	at java.lang.Thread.run(java.base@21.0.10/Thread.java:1583)
=== sample +7430ms ===
"Server thread" #113 [41012] prio=8 os_prio=1 cpu=2531.25ms elapsed=11.95s tid=0x0000027746906d80 nid=41012 waiting on condition  [0x000000c1434ff000]
   java.lang.Thread.State: TIMED_WAITING (parking)
	at jdk.internal.misc.Unsafe.park(java.base@21.0.10/Native Method)
	- parking to wait for  <0x00000007047fedc8> (a java.lang.String)
	at java.util.concurrent.locks.LockSupport.parkNanos(java.base@21.0.10/LockSupport.java:269)
	at net.minecraft.server.MinecraftServer.recordTaskExecutionTimeWhileWaiting(MinecraftServer.java:1242)
	at net.minecraft.server.MinecraftServer.runServer(MinecraftServer.java:1348)
	at net.minecraft.server.MinecraftServer.lambda$spin$2(MinecraftServer.java:388)
	at net.minecraft.server.MinecraftServer$$Lambda/0x0000027701f3af30.run(Unknown Source)
	at java.lang.Thread.runWith(java.base@21.0.10/Thread.java:1596)
	at java.lang.Thread.run(java.base@21.0.10/Thread.java:1583)
=== sample +7708ms ===
"Server thread" #113 [41012] prio=8 os_prio=1 cpu=2609.38ms elapsed=12.24s tid=0x0000027746906d80 nid=41012 waiting on condition  [0x000000c1434ff000]
   java.lang.Thread.State: TIMED_WAITING (parking)
	at jdk.internal.misc.Unsafe.park(java.base@21.0.10/Native Method)
	- parking to wait for  <0x000000070aa30660> (a java.lang.String)
	at java.util.concurrent.locks.LockSupport.parkNanos(java.base@21.0.10/LockSupport.java:269)
	at net.minecraft.server.MinecraftServer.recordTaskExecutionTimeWhileWaiting(MinecraftServer.java:1242)
	at net.minecraft.server.MinecraftServer.runServer(MinecraftServer.java:1348)
	at net.minecraft.server.MinecraftServer.lambda$spin$2(MinecraftServer.java:388)
	at net.minecraft.server.MinecraftServer$$Lambda/0x0000027701f3af30.run(Unknown Source)
	at java.lang.Thread.runWith(java.base@21.0.10/Thread.java:1596)
	at java.lang.Thread.run(java.base@21.0.10/Thread.java:1583)
=== sample +8018ms ===
"Server thread" #113 [41012] prio=8 os_prio=1 cpu=2687.50ms elapsed=12.54s tid=0x0000027746906d80 nid=41012 waiting on condition  [0x000000c1434ff000]
   java.lang.Thread.State: TIMED_WAITING (parking)
	at jdk.internal.misc.Unsafe.park(java.base@21.0.10/Native Method)
	- parking to wait for  <0x000000070aa30660> (a java.lang.String)
	at java.util.concurrent.locks.LockSupport.parkNanos(java.base@21.0.10/LockSupport.java:269)
	at net.minecraft.server.MinecraftServer.recordTaskExecutionTimeWhileWaiting(MinecraftServer.java:1242)
	at net.minecraft.server.MinecraftServer.runServer(MinecraftServer.java:1348)
	at net.minecraft.server.MinecraftServer.lambda$spin$2(MinecraftServer.java:388)
	at net.minecraft.server.MinecraftServer$$Lambda/0x0000027701f3af30.run(Unknown Source)
	at java.lang.Thread.runWith(java.base@21.0.10/Thread.java:1596)
	at java.lang.Thread.run(java.base@21.0.10/Thread.java:1583)
=== sample +8309ms ===
"Server thread" #113 [41012] prio=8 os_prio=1 cpu=2734.38ms elapsed=12.85s tid=0x0000027746906d80 nid=41012 waiting on condition  [0x000000c1434ff000]
   java.lang.Thread.State: TIMED_WAITING (parking)
	at jdk.internal.misc.Unsafe.park(java.base@21.0.10/Native Method)
	- parking to wait for  <0x000000070aa30660> (a java.lang.String)
	at java.util.concurrent.locks.LockSupport.parkNanos(java.base@21.0.10/LockSupport.java:269)
	at net.minecraft.server.MinecraftServer.recordTaskExecutionTimeWhileWaiting(MinecraftServer.java:1242)
	at net.minecraft.server.MinecraftServer.runServer(MinecraftServer.java:1348)
	at net.minecraft.server.MinecraftServer.lambda$spin$2(MinecraftServer.java:388)
	at net.minecraft.server.MinecraftServer$$Lambda/0x0000027701f3af30.run(Unknown Source)
	at java.lang.Thread.runWith(java.base@21.0.10/Thread.java:1596)
	at java.lang.Thread.run(java.base@21.0.10/Thread.java:1583)
=== sample +8600ms ===
"Server thread" #113 [41012] prio=8 os_prio=1 cpu=2796.88ms elapsed=13.12s tid=0x0000027746906d80 nid=41012 runnable  [0x000000c1434fe000]
   java.lang.Thread.State: RUNNABLE
	at ca.spottedleaf.moonrise.patches.chunk_system.scheduling.ThreadedTicketLevelPropagator$Propagator.performIncrease(ThreadedTicketLevelPropagator.java:1003)
	at ca.spottedleaf.moonrise.patches.chunk_system.scheduling.ThreadedTicketLevelPropagator$Propagator.performDecrease(ThreadedTicketLevelPropagator.java:1244)
	at ca.spottedleaf.moonrise.patches.chunk_system.scheduling.ThreadedTicketLevelPropagator.performUpdate(ThreadedTicketLevelPropagator.java:263)
	at ca.spottedleaf.moonrise.patches.chunk_system.scheduling.ThreadedTicketLevelPropagator.performUpdates(ThreadedTicketLevelPropagator.java:370)
	at ca.spottedleaf.moonrise.patches.chunk_system.scheduling.ChunkHolderManager.processTicketUpdates(ChunkHolderManager.java:1436)
	at net.minecraft.server.level.ServerChunkCache.runDistanceManagerUpdates(ServerChunkCache.java:433)
	at net.minecraft.server.level.ServerChunkCache$MainThreadExecutor.pollTask(ServerChunkCache.java:840)
	at net.minecraft.server.level.ServerChunkCache.pollTask(ServerChunkCache.java:429)
	at net.minecraft.server.MinecraftServer.pollTaskInternal(MinecraftServer.java:1519)
	at net.minecraft.server.MinecraftServer.pollTask(MinecraftServer.java:1506)
	at net.minecraft.server.MinecraftServer.recordTaskExecutionTimeWhileWaiting(MinecraftServer.java:1232)
	at net.minecraft.server.MinecraftServer.runServer(MinecraftServer.java:1348)
	at net.minecraft.server.MinecraftServer.lambda$spin$2(MinecraftServer.java:388)
	at net.minecraft.server.MinecraftServer$$Lambda/0x0000027701f3af30.run(Unknown Source)
	at java.lang.Thread.runWith(java.base@21.0.10/Thread.java:1596)
	at java.lang.Thread.run(java.base@21.0.10/Thread.java:1583)
=== sample +8914ms ===
"Server thread" #113 [41012] prio=8 os_prio=1 cpu=2859.38ms elapsed=13.43s tid=0x0000027746906d80 nid=41012 runnable  [0x000000c1434fe000]
   java.lang.Thread.State: RUNNABLE
	at net.minecraft.world.entity.ai.util.LandRandomPos.getPos(LandRandomPos.java:15)
	at net.minecraft.world.entity.ai.util.LandRandomPos.getPos(LandRandomPos.java:11)
	at net.minecraft.world.entity.ai.goal.WaterAvoidingRandomStrollGoal.getPosition(WaterAvoidingRandomStrollGoal.java:27)
	at net.minecraft.world.entity.ai.goal.RandomStrollGoal.canUse(RandomStrollGoal.java:51)
	at net.minecraft.world.entity.ai.goal.WrappedGoal.canUse(WrappedGoal.java:22)
	at net.minecraft.world.entity.ai.goal.GoalSelector.tick(GoalSelector.java:100)
	at net.minecraft.world.entity.Mob.serverAiStep(Mob.java:868)
	at net.minecraft.world.entity.LivingEntity.aiStep(LivingEntity.java:3717)
	at net.minecraft.world.entity.Mob.aiStep(Mob.java:554)
	at net.minecraft.world.entity.AgeableMob.aiStep(AgeableMob.java:149)
	at net.minecraft.world.entity.animal.Animal.aiStep(Animal.java:71)
	at net.minecraft.world.entity.LivingEntity.tick(LivingEntity.java:3439)
	at net.minecraft.world.entity.Mob.tick(Mob.java:398)
	at net.minecraft.server.level.ServerLevel.tickNonPassenger(ServerLevel.java:1368)
	at net.minecraft.server.level.ServerLevel$$Lambda/0x00000277027bed10.accept(Unknown Source)
	at net.minecraft.world.level.Level.guardEntityTick(Level.java:1434)
	at net.minecraft.server.level.ServerLevel.lambda$tick$4(ServerLevel.java:865)
	at net.minecraft.server.level.ServerLevel$$Lambda/0x00000277022cf4a0.accept(Unknown Source)
	at net.minecraft.world.level.entity.EntityTickList.forEach(EntityTickList.java:39)
	at net.minecraft.server.level.ServerLevel.tick(ServerLevel.java:847)
	at net.minecraft.server.MinecraftServer.tickChildren(MinecraftServer.java:1836)
	at net.minecraft.server.MinecraftServer.tickServer(MinecraftServer.java:1619)
	at net.minecraft.server.dedicated.DedicatedServer.tickServer(DedicatedServer.java:446)
	at net.minecraft.server.MinecraftServer.processPacketsAndTick(MinecraftServer.java:1676)
	at net.minecraft.server.MinecraftServer.runServer(MinecraftServer.java:1342)
	at net.minecraft.server.MinecraftServer.lambda$spin$2(MinecraftServer.java:388)
	at net.minecraft.server.MinecraftServer$$Lambda/0x0000027701f3af30.run(Unknown Source)
	at java.lang.Thread.runWith(java.base@21.0.10/Thread.java:1596)
	at java.lang.Thread.run(java.base@21.0.10/Thread.java:1583)
=== sample +9193ms ===
"Server thread" #113 [41012] prio=8 os_prio=1 cpu=2921.88ms elapsed=13.73s tid=0x0000027746906d80 nid=41012 waiting on condition  [0x000000c1434ff000]
   java.lang.Thread.State: TIMED_WAITING (parking)
	at jdk.internal.misc.Unsafe.park(java.base@21.0.10/Native Method)
	- parking to wait for  <0x000000070aa30660> (a java.lang.String)
	at java.util.concurrent.locks.LockSupport.parkNanos(java.base@21.0.10/LockSupport.java:269)
	at net.minecraft.server.MinecraftServer.recordTaskExecutionTimeWhileWaiting(MinecraftServer.java:1242)
	at net.minecraft.server.MinecraftServer.runServer(MinecraftServer.java:1348)
	at net.minecraft.server.MinecraftServer.lambda$spin$2(MinecraftServer.java:388)
	at net.minecraft.server.MinecraftServer$$Lambda/0x0000027701f3af30.run(Unknown Source)
	at java.lang.Thread.runWith(java.base@21.0.10/Thread.java:1596)
	at java.lang.Thread.run(java.base@21.0.10/Thread.java:1583)
=== sample +9472ms ===
"Server thread" #113 [41012] prio=8 os_prio=1 cpu=2968.75ms elapsed=14.00s tid=0x0000027746906d80 nid=41012 waiting on condition  [0x000000c1434ff000]
   java.lang.Thread.State: TIMED_WAITING (parking)
	at jdk.internal.misc.Unsafe.park(java.base@21.0.10/Native Method)
	- parking to wait for  <0x000000070aa30660> (a java.lang.String)
	at java.util.concurrent.locks.LockSupport.parkNanos(java.base@21.0.10/LockSupport.java:269)
	at net.minecraft.server.MinecraftServer.recordTaskExecutionTimeWhileWaiting(MinecraftServer.java:1242)
	at net.minecraft.server.MinecraftServer.runServer(MinecraftServer.java:1348)
	at net.minecraft.server.MinecraftServer.lambda$spin$2(MinecraftServer.java:388)
	at net.minecraft.server.MinecraftServer$$Lambda/0x0000027701f3af30.run(Unknown Source)
	at java.lang.Thread.runWith(java.base@21.0.10/Thread.java:1596)
	at java.lang.Thread.run(java.base@21.0.10/Thread.java:1583)
=== sample +9734ms ===
"Server thread" #113 [41012] prio=8 os_prio=1 cpu=3031.25ms elapsed=14.28s tid=0x0000027746906d80 nid=41012 waiting on condition  [0x000000c1434ff000]
   java.lang.Thread.State: TIMED_WAITING (parking)
	at jdk.internal.misc.Unsafe.park(java.base@21.0.10/Native Method)
	- parking to wait for  <0x000000070aa30660> (a java.lang.String)
	at java.util.concurrent.locks.LockSupport.parkNanos(java.base@21.0.10/LockSupport.java:269)
	at net.minecraft.server.MinecraftServer.recordTaskExecutionTimeWhileWaiting(MinecraftServer.java:1242)
	at net.minecraft.server.MinecraftServer.runServer(MinecraftServer.java:1348)
	at net.minecraft.server.MinecraftServer.lambda$spin$2(MinecraftServer.java:388)
	at net.minecraft.server.MinecraftServer$$Lambda/0x0000027701f3af30.run(Unknown Source)
	at java.lang.Thread.runWith(java.base@21.0.10/Thread.java:1596)
	at java.lang.Thread.run(java.base@21.0.10/Thread.java:1583)
=== sample +9999ms ===
"Server thread" #113 [41012] prio=8 os_prio=1 cpu=3046.88ms elapsed=14.54s tid=0x0000027746906d80 nid=41012 waiting on condition  [0x000000c1434ff000]
   java.lang.Thread.State: TIMED_WAITING (parking)
	at jdk.internal.misc.Unsafe.park(java.base@21.0.10/Native Method)
	- parking to wait for  <0x000000070aa30660> (a java.lang.String)
	at java.util.concurrent.locks.LockSupport.parkNanos(java.base@21.0.10/LockSupport.java:269)
	at net.minecraft.server.MinecraftServer.recordTaskExecutionTimeWhileWaiting(MinecraftServer.java:1242)
	at net.minecraft.server.MinecraftServer.runServer(MinecraftServer.java:1348)
	at net.minecraft.server.MinecraftServer.lambda$spin$2(MinecraftServer.java:388)
	at net.minecraft.server.MinecraftServer$$Lambda/0x0000027701f3af30.run(Unknown Source)
	at java.lang.Thread.runWith(java.base@21.0.10/Thread.java:1596)
	at java.lang.Thread.run(java.base@21.0.10/Thread.java:1583)
=== sample +10263ms ===
"Server thread" #113 [41012] prio=8 os_prio=1 cpu=3078.12ms elapsed=14.80s tid=0x0000027746906d80 nid=41012 waiting on condition  [0x000000c1434ff000]
   java.lang.Thread.State: TIMED_WAITING (parking)
	at jdk.internal.misc.Unsafe.park(java.base@21.0.10/Native Method)
	- parking to wait for  <0x000000070aa30660> (a java.lang.String)
	at java.util.concurrent.locks.LockSupport.parkNanos(java.base@21.0.10/LockSupport.java:269)
	at net.minecraft.server.MinecraftServer.recordTaskExecutionTimeWhileWaiting(MinecraftServer.java:1242)
	at net.minecraft.server.MinecraftServer.runServer(MinecraftServer.java:1348)
	at net.minecraft.server.MinecraftServer.lambda$spin$2(MinecraftServer.java:388)
	at net.minecraft.server.MinecraftServer$$Lambda/0x0000027701f3af30.run(Unknown Source)
	at java.lang.Thread.runWith(java.base@21.0.10/Thread.java:1596)
	at java.lang.Thread.run(java.base@21.0.10/Thread.java:1583)
=== sample +10530ms ===
"Server thread" #113 [41012] prio=8 os_prio=1 cpu=3109.38ms elapsed=15.07s tid=0x0000027746906d80 nid=41012 waiting on condition  [0x000000c1434ff000]
   java.lang.Thread.State: TIMED_WAITING (parking)
	at jdk.internal.misc.Unsafe.park(java.base@21.0.10/Native Method)
	- parking to wait for  <0x000000070aa30660> (a java.lang.String)
	at java.util.concurrent.locks.LockSupport.parkNanos(java.base@21.0.10/LockSupport.java:269)
	at net.minecraft.server.MinecraftServer.recordTaskExecutionTimeWhileWaiting(MinecraftServer.java:1242)
	at net.minecraft.server.MinecraftServer.runServer(MinecraftServer.java:1348)
	at net.minecraft.server.MinecraftServer.lambda$spin$2(MinecraftServer.java:388)
	at net.minecraft.server.MinecraftServer$$Lambda/0x0000027701f3af30.run(Unknown Source)
	at java.lang.Thread.runWith(java.base@21.0.10/Thread.java:1596)
	at java.lang.Thread.run(java.base@21.0.10/Thread.java:1583)
=== sample +10804ms ===
"Server thread" #113 [41012] prio=8 os_prio=1 cpu=3125.00ms elapsed=15.34s tid=0x0000027746906d80 nid=41012 waiting on condition  [0x000000c1434ff000]
   java.lang.Thread.State: TIMED_WAITING (parking)
	at jdk.internal.misc.Unsafe.park(java.base@21.0.10/Native Method)
	- parking to wait for  <0x000000070aa30660> (a java.lang.String)
	at java.util.concurrent.locks.LockSupport.parkNanos(java.base@21.0.10/LockSupport.java:269)
	at net.minecraft.server.MinecraftServer.recordTaskExecutionTimeWhileWaiting(MinecraftServer.java:1242)
	at net.minecraft.server.MinecraftServer.runServer(MinecraftServer.java:1348)
	at net.minecraft.server.MinecraftServer.lambda$spin$2(MinecraftServer.java:388)
	at net.minecraft.server.MinecraftServer$$Lambda/0x0000027701f3af30.run(Unknown Source)
	at java.lang.Thread.runWith(java.base@21.0.10/Thread.java:1596)
	at java.lang.Thread.run(java.base@21.0.10/Thread.java:1583)
=== sample +11063ms ===
"Server thread" #113 [41012] prio=8 os_prio=1 cpu=3140.62ms elapsed=15.61s tid=0x0000027746906d80 nid=41012 waiting on condition  [0x000000c1434ff000]
   java.lang.Thread.State: TIMED_WAITING (parking)
	at jdk.internal.misc.Unsafe.park(java.base@21.0.10/Native Method)
	- parking to wait for  <0x000000070aa30660> (a java.lang.String)
	at java.util.concurrent.locks.LockSupport.parkNanos(java.base@21.0.10/LockSupport.java:269)
	at net.minecraft.server.MinecraftServer.recordTaskExecutionTimeWhileWaiting(MinecraftServer.java:1242)
	at net.minecraft.server.MinecraftServer.runServer(MinecraftServer.java:1348)
	at net.minecraft.server.MinecraftServer.lambda$spin$2(MinecraftServer.java:388)
	at net.minecraft.server.MinecraftServer$$Lambda/0x0000027701f3af30.run(Unknown Source)
	at java.lang.Thread.runWith(java.base@21.0.10/Thread.java:1596)
	at java.lang.Thread.run(java.base@21.0.10/Thread.java:1583)
=== sample +11329ms ===
"Server thread" #113 [41012] prio=8 os_prio=1 cpu=3156.25ms elapsed=15.86s tid=0x0000027746906d80 nid=41012 runnable  [0x000000c1434fc000]
   java.lang.Thread.State: RUNNABLE
	at java.lang.StringLatin1.replace(java.base@21.0.10/StringLatin1.java:316)
	at java.lang.String.replace(java.base@21.0.10/String.java:2922)
	at java.lang.invoke.InnerClassLambdaMetafactory.<init>(java.base@21.0.10/InnerClassLambdaMetafactory.java:171)
	at java.lang.invoke.LambdaMetafactory.metafactory(java.base@21.0.10/LambdaMetafactory.java:336)
	at java.lang.invoke.LambdaForm$DMH/0x0000027701110400.invokeStatic(java.base@21.0.10/LambdaForm$DMH)
	at java.lang.invoke.Invokers$Holder.invokeExact_MT(java.base@21.0.10/Invokers$Holder)
	at java.lang.invoke.BootstrapMethodInvoker.invoke(java.base@21.0.10/BootstrapMethodInvoker.java:134)
	at java.lang.invoke.CallSite.makeSite(java.base@21.0.10/CallSite.java:310)
	at java.lang.invoke.MethodHandleNatives.linkCallSiteImpl(java.base@21.0.10/MethodHandleNatives.java:249)
	at java.lang.invoke.MethodHandleNatives.linkCallSite(java.base@21.0.10/MethodHandleNatives.java:239)
	at net.minecraft.world.level.storage.loot.functions.LootItemFunction.decorate(LootItemFunction.java:15)
	at net.minecraft.world.level.storage.loot.LootTable.getRandomItemsRaw(LootTable.java:92)
	at net.minecraft.world.level.storage.loot.LootTable.getRandomItems(LootTable.java:115)
	at net.minecraft.world.level.storage.loot.LootTable.getRandomItems(LootTable.java:132)
	at net.minecraft.world.level.storage.loot.LootTable.getRandomItems(LootTable.java:127)
	at net.minecraft.world.level.block.state.BlockBehaviour.getDrops(BlockBehaviour.java:282)
	at net.minecraft.world.level.block.state.BlockBehaviour$BlockStateBase.getDrops(BlockBehaviour.java:894)
	at net.minecraft.world.level.block.Block.getDrops(Block.java:372)
	at net.minecraft.world.level.block.Block.dropResources(Block.java:390)
	at net.minecraft.world.level.material.WaterFluid.beforeDestroyingBlock(WaterFluid.java:84)
	at net.minecraft.world.level.material.FlowingFluid.spreadTo(FlowingFluid.java:339)
	at net.minecraft.world.level.material.FlowingFluid.spreadToSides(FlowingFluid.java:222)
	at net.minecraft.world.level.material.FlowingFluid.spread(FlowingFluid.java:190)
	at net.minecraft.world.level.material.FlowingFluid.tick(FlowingFluid.java:529)
	at net.minecraft.world.level.material.FluidState.tick(FluidState.java:100)
	at net.minecraft.server.level.ServerLevel.tickFluid(ServerLevel.java:1316)
	at net.minecraft.server.level.ServerLevel$$Lambda/0x0000027702273800.accept(Unknown Source)
	at net.minecraft.world.ticks.LevelTicks.runCollectedTicks(LevelTicks.java:189)
	at net.minecraft.world.ticks.LevelTicks.tick(LevelTicks.java:88)
	at net.minecraft.server.level.ServerLevel.tick(ServerLevel.java:803)
	at net.minecraft.server.MinecraftServer.tickChildren(MinecraftServer.java:1836)
	at net.minecraft.server.MinecraftServer.tickServer(MinecraftServer.java:1619)
	at net.minecraft.server.dedicated.DedicatedServer.tickServer(DedicatedServer.java:446)
	at net.minecraft.server.MinecraftServer.processPacketsAndTick(MinecraftServer.java:1676)
	at net.minecraft.server.MinecraftServer.runServer(MinecraftServer.java:1342)
	at net.minecraft.server.MinecraftServer.lambda$spin$2(MinecraftServer.java:388)
	at net.minecraft.server.MinecraftServer$$Lambda/0x0000027701f3af30.run(Unknown Source)
	at java.lang.Thread.runWith(java.base@21.0.10/Thread.java:1596)
	at java.lang.Thread.run(java.base@21.0.10/Thread.java:1583)
=== sample +11592ms ===
"Server thread" #113 [41012] prio=8 os_prio=1 cpu=3156.25ms elapsed=16.13s tid=0x0000027746906d80 nid=41012 waiting on condition  [0x000000c1434ff000]
   java.lang.Thread.State: TIMED_WAITING (parking)
	at jdk.internal.misc.Unsafe.park(java.base@21.0.10/Native Method)
	- parking to wait for  <0x000000070aa30660> (a java.lang.String)
	at java.util.concurrent.locks.LockSupport.parkNanos(java.base@21.0.10/LockSupport.java:269)
	at net.minecraft.server.MinecraftServer.recordTaskExecutionTimeWhileWaiting(MinecraftServer.java:1242)
	at net.minecraft.server.MinecraftServer.runServer(MinecraftServer.java:1348)
	at net.minecraft.server.MinecraftServer.lambda$spin$2(MinecraftServer.java:388)
	at net.minecraft.server.MinecraftServer$$Lambda/0x0000027701f3af30.run(Unknown Source)
	at java.lang.Thread.runWith(java.base@21.0.10/Thread.java:1596)
	at java.lang.Thread.run(java.base@21.0.10/Thread.java:1583)
=== sample +11855ms ===
"Server thread" #113 [41012] prio=8 os_prio=1 cpu=3171.88ms elapsed=16.39s tid=0x0000027746906d80 nid=41012 waiting on condition  [0x000000c1434ff000]
   java.lang.Thread.State: TIMED_WAITING (parking)
	at jdk.internal.misc.Unsafe.park(java.base@21.0.10/Native Method)
	- parking to wait for  <0x000000070aa30660> (a java.lang.String)
	at java.util.concurrent.locks.LockSupport.parkNanos(java.base@21.0.10/LockSupport.java:269)
	at net.minecraft.server.MinecraftServer.recordTaskExecutionTimeWhileWaiting(MinecraftServer.java:1242)
	at net.minecraft.server.MinecraftServer.runServer(MinecraftServer.java:1348)
	at net.minecraft.server.MinecraftServer.lambda$spin$2(MinecraftServer.java:388)
	at net.minecraft.server.MinecraftServer$$Lambda/0x0000027701f3af30.run(Unknown Source)
	at java.lang.Thread.runWith(java.base@21.0.10/Thread.java:1596)
	at java.lang.Thread.run(java.base@21.0.10/Thread.java:1583)
=== sample +12119ms ===
"Server thread" #113 [41012] prio=8 os_prio=1 cpu=3187.50ms elapsed=16.66s tid=0x0000027746906d80 nid=41012 waiting on condition  [0x000000c1434ff000]
   java.lang.Thread.State: TIMED_WAITING (parking)
	at jdk.internal.misc.Unsafe.park(java.base@21.0.10/Native Method)
	- parking to wait for  <0x000000070aa30660> (a java.lang.String)
	at java.util.concurrent.locks.LockSupport.parkNanos(java.base@21.0.10/LockSupport.java:269)
	at net.minecraft.server.MinecraftServer.recordTaskExecutionTimeWhileWaiting(MinecraftServer.java:1242)
	at net.minecraft.server.MinecraftServer.runServer(MinecraftServer.java:1348)
	at net.minecraft.server.MinecraftServer.lambda$spin$2(MinecraftServer.java:388)
	at net.minecraft.server.MinecraftServer$$Lambda/0x0000027701f3af30.run(Unknown Source)
	at java.lang.Thread.runWith(java.base@21.0.10/Thread.java:1596)
	at java.lang.Thread.run(java.base@21.0.10/Thread.java:1583)
=== sample +12382ms ===
"Server thread" #113 [41012] prio=8 os_prio=1 cpu=3203.12ms elapsed=16.92s tid=0x0000027746906d80 nid=41012 waiting on condition  [0x000000c1434ff000]
   java.lang.Thread.State: TIMED_WAITING (parking)
	at jdk.internal.misc.Unsafe.park(java.base@21.0.10/Native Method)
	- parking to wait for  <0x000000070aa30660> (a java.lang.String)
	at java.util.concurrent.locks.LockSupport.parkNanos(java.base@21.0.10/LockSupport.java:269)
	at net.minecraft.server.MinecraftServer.recordTaskExecutionTimeWhileWaiting(MinecraftServer.java:1242)
	at net.minecraft.server.MinecraftServer.runServer(MinecraftServer.java:1348)
	at net.minecraft.server.MinecraftServer.lambda$spin$2(MinecraftServer.java:388)
	at net.minecraft.server.MinecraftServer$$Lambda/0x0000027701f3af30.run(Unknown Source)
	at java.lang.Thread.runWith(java.base@21.0.10/Thread.java:1596)
	at java.lang.Thread.run(java.base@21.0.10/Thread.java:1583)
=== sample +12668ms ===
"Server thread" #113 [41012] prio=8 os_prio=1 cpu=3218.75ms elapsed=17.20s tid=0x0000027746906d80 nid=41012 waiting on condition  [0x000000c1434ff000]
   java.lang.Thread.State: TIMED_WAITING (parking)
	at jdk.internal.misc.Unsafe.park(java.base@21.0.10/Native Method)
	- parking to wait for  <0x000000070aa30660> (a java.lang.String)
	at java.util.concurrent.locks.LockSupport.parkNanos(java.base@21.0.10/LockSupport.java:269)
	at net.minecraft.server.MinecraftServer.recordTaskExecutionTimeWhileWaiting(MinecraftServer.java:1242)
	at net.minecraft.server.MinecraftServer.runServer(MinecraftServer.java:1348)
	at net.minecraft.server.MinecraftServer.lambda$spin$2(MinecraftServer.java:388)
	at net.minecraft.server.MinecraftServer$$Lambda/0x0000027701f3af30.run(Unknown Source)
	at java.lang.Thread.runWith(java.base@21.0.10/Thread.java:1596)
	at java.lang.Thread.run(java.base@21.0.10/Thread.java:1583)
=== sample +12923ms ===
"Server thread" #113 [41012] prio=8 os_prio=1 cpu=3234.38ms elapsed=17.46s tid=0x0000027746906d80 nid=41012 runnable  [0x000000c1434fd000]
   java.lang.Thread.State: RUNNABLE
	at net.minecraft.world.entity.Entity.checkInsideBlocks(Entity.java:1724)
	at net.minecraft.world.entity.Entity.applyEffectsFromBlocks(Entity.java:1365)
	at net.minecraft.world.entity.Entity.applyEffectsFromBlocks(Entity.java:1321)
	at net.minecraft.world.entity.LivingEntity.aiStep(LivingEntity.java:3774)
	at net.minecraft.world.entity.Mob.aiStep(Mob.java:554)
	at net.minecraft.world.entity.AgeableMob.aiStep(AgeableMob.java:149)
	at net.minecraft.world.entity.animal.Animal.aiStep(Animal.java:71)
	at net.minecraft.world.entity.animal.bee.Bee.aiStep(Bee.java:482)
	at net.minecraft.world.entity.LivingEntity.tick(LivingEntity.java:3439)
	at net.minecraft.world.entity.Mob.tick(Mob.java:398)
	at net.minecraft.world.entity.animal.bee.Bee.tick(Bee.java:281)
	at net.minecraft.server.level.ServerLevel.tickNonPassenger(ServerLevel.java:1368)
	at net.minecraft.server.level.ServerLevel$$Lambda/0x00000277027bed10.accept(Unknown Source)
	at net.minecraft.world.level.Level.guardEntityTick(Level.java:1434)
	at net.minecraft.server.level.ServerLevel.lambda$tick$4(ServerLevel.java:865)
	at net.minecraft.server.level.ServerLevel$$Lambda/0x00000277022cf4a0.accept(Unknown Source)
	at net.minecraft.world.level.entity.EntityTickList.forEach(EntityTickList.java:39)
	at net.minecraft.server.level.ServerLevel.tick(ServerLevel.java:847)
	at net.minecraft.server.MinecraftServer.tickChildren(MinecraftServer.java:1836)
	at net.minecraft.server.MinecraftServer.tickServer(MinecraftServer.java:1619)
	at net.minecraft.server.dedicated.DedicatedServer.tickServer(DedicatedServer.java:446)
	at net.minecraft.server.MinecraftServer.processPacketsAndTick(MinecraftServer.java:1676)
	at net.minecraft.server.MinecraftServer.runServer(MinecraftServer.java:1342)
	at net.minecraft.server.MinecraftServer.lambda$spin$2(MinecraftServer.java:388)
	at net.minecraft.server.MinecraftServer$$Lambda/0x0000027701f3af30.run(Unknown Source)
	at java.lang.Thread.runWith(java.base@21.0.10/Thread.java:1596)
	at java.lang.Thread.run(java.base@21.0.10/Thread.java:1583)
=== sample +13187ms ===
"Server thread" #113 [41012] prio=8 os_prio=1 cpu=3250.00ms elapsed=17.73s tid=0x0000027746906d80 nid=41012 waiting on condition  [0x000000c1434ff000]
   java.lang.Thread.State: TIMED_WAITING (parking)
	at jdk.internal.misc.Unsafe.park(java.base@21.0.10/Native Method)
	- parking to wait for  <0x000000070aa30660> (a java.lang.String)
	at java.util.concurrent.locks.LockSupport.parkNanos(java.base@21.0.10/LockSupport.java:269)
	at net.minecraft.server.MinecraftServer.recordTaskExecutionTimeWhileWaiting(MinecraftServer.java:1242)
	at net.minecraft.server.MinecraftServer.runServer(MinecraftServer.java:1348)
	at net.minecraft.server.MinecraftServer.lambda$spin$2(MinecraftServer.java:388)
	at net.minecraft.server.MinecraftServer$$Lambda/0x0000027701f3af30.run(Unknown Source)
	at java.lang.Thread.runWith(java.base@21.0.10/Thread.java:1596)
	at java.lang.Thread.run(java.base@21.0.10/Thread.java:1583)
=== sample +13472ms ===
"Server thread" #113 [41012] prio=8 os_prio=1 cpu=3265.62ms elapsed=18.00s tid=0x0000027746906d80 nid=41012 waiting on condition  [0x000000c1434ff000]
   java.lang.Thread.State: TIMED_WAITING (parking)
	at jdk.internal.misc.Unsafe.park(java.base@21.0.10/Native Method)
	- parking to wait for  <0x000000070aa30660> (a java.lang.String)
	at java.util.concurrent.locks.LockSupport.parkNanos(java.base@21.0.10/LockSupport.java:269)
	at net.minecraft.server.MinecraftServer.recordTaskExecutionTimeWhileWaiting(MinecraftServer.java:1242)
	at net.minecraft.server.MinecraftServer.runServer(MinecraftServer.java:1348)
	at net.minecraft.server.MinecraftServer.lambda$spin$2(MinecraftServer.java:388)
	at net.minecraft.server.MinecraftServer$$Lambda/0x0000027701f3af30.run(Unknown Source)
	at java.lang.Thread.runWith(java.base@21.0.10/Thread.java:1596)
	at java.lang.Thread.run(java.base@21.0.10/Thread.java:1583)
=== sample +13741ms ===
"Server thread" #113 [41012] prio=8 os_prio=1 cpu=3265.62ms elapsed=18.27s tid=0x0000027746906d80 nid=41012 waiting on condition  [0x000000c1434ff000]
   java.lang.Thread.State: TIMED_WAITING (parking)
	at jdk.internal.misc.Unsafe.park(java.base@21.0.10/Native Method)
	- parking to wait for  <0x000000070aa30660> (a java.lang.String)
	at java.util.concurrent.locks.LockSupport.parkNanos(java.base@21.0.10/LockSupport.java:269)
	at net.minecraft.server.MinecraftServer.recordTaskExecutionTimeWhileWaiting(MinecraftServer.java:1242)
	at net.minecraft.server.MinecraftServer.runServer(MinecraftServer.java:1348)
	at net.minecraft.server.MinecraftServer.lambda$spin$2(MinecraftServer.java:388)
	at net.minecraft.server.MinecraftServer$$Lambda/0x0000027701f3af30.run(Unknown Source)
	at java.lang.Thread.runWith(java.base@21.0.10/Thread.java:1596)
	at java.lang.Thread.run(java.base@21.0.10/Thread.java:1583)
=== sample +14002ms ===
"Server thread" #113 [41012] prio=8 os_prio=1 cpu=3265.62ms elapsed=18.55s tid=0x0000027746906d80 nid=41012 waiting on condition  [0x000000c1434ff000]
   java.lang.Thread.State: TIMED_WAITING (parking)
	at jdk.internal.misc.Unsafe.park(java.base@21.0.10/Native Method)
	- parking to wait for  <0x000000070aa30660> (a java.lang.String)
	at java.util.concurrent.locks.LockSupport.parkNanos(java.base@21.0.10/LockSupport.java:269)
	at net.minecraft.server.MinecraftServer.recordTaskExecutionTimeWhileWaiting(MinecraftServer.java:1242)
	at net.minecraft.server.MinecraftServer.runServer(MinecraftServer.java:1348)
	at net.minecraft.server.MinecraftServer.lambda$spin$2(MinecraftServer.java:388)
	at net.minecraft.server.MinecraftServer$$Lambda/0x0000027701f3af30.run(Unknown Source)
	at java.lang.Thread.runWith(java.base@21.0.10/Thread.java:1596)
	at java.lang.Thread.run(java.base@21.0.10/Thread.java:1583)
=== sample +14276ms ===
"Server thread" #113 [41012] prio=8 os_prio=1 cpu=3265.62ms elapsed=18.81s tid=0x0000027746906d80 nid=41012 waiting on condition  [0x000000c1434ff000]
   java.lang.Thread.State: TIMED_WAITING (parking)
	at jdk.internal.misc.Unsafe.park(java.base@21.0.10/Native Method)
	- parking to wait for  <0x000000070aa30660> (a java.lang.String)
	at java.util.concurrent.locks.LockSupport.parkNanos(java.base@21.0.10/LockSupport.java:269)
	at net.minecraft.server.MinecraftServer.recordTaskExecutionTimeWhileWaiting(MinecraftServer.java:1242)
	at net.minecraft.server.MinecraftServer.runServer(MinecraftServer.java:1348)
	at net.minecraft.server.MinecraftServer.lambda$spin$2(MinecraftServer.java:388)
	at net.minecraft.server.MinecraftServer$$Lambda/0x0000027701f3af30.run(Unknown Source)
	at java.lang.Thread.runWith(java.base@21.0.10/Thread.java:1596)
	at java.lang.Thread.run(java.base@21.0.10/Thread.java:1583)
=== sample +14526ms ===
"Server thread" #113 [41012] prio=8 os_prio=1 cpu=3281.25ms elapsed=19.07s tid=0x0000027746906d80 nid=41012 waiting on condition  [0x000000c1434ff000]
   java.lang.Thread.State: TIMED_WAITING (parking)
	at jdk.internal.misc.Unsafe.park(java.base@21.0.10/Native Method)
	- parking to wait for  <0x000000070aa30660> (a java.lang.String)
	at java.util.concurrent.locks.LockSupport.parkNanos(java.base@21.0.10/LockSupport.java:269)
	at net.minecraft.server.MinecraftServer.recordTaskExecutionTimeWhileWaiting(MinecraftServer.java:1242)
	at net.minecraft.server.MinecraftServer.runServer(MinecraftServer.java:1348)
	at net.minecraft.server.MinecraftServer.lambda$spin$2(MinecraftServer.java:388)
	at net.minecraft.server.MinecraftServer$$Lambda/0x0000027701f3af30.run(Unknown Source)
	at java.lang.Thread.runWith(java.base@21.0.10/Thread.java:1596)
	at java.lang.Thread.run(java.base@21.0.10/Thread.java:1583)
=== sample +14802ms ===
"Server thread" #113 [41012] prio=8 os_prio=1 cpu=3296.88ms elapsed=19.34s tid=0x0000027746906d80 nid=41012 waiting on condition  [0x000000c1434ff000]
   java.lang.Thread.State: TIMED_WAITING (parking)
	at jdk.internal.misc.Unsafe.park(java.base@21.0.10/Native Method)
	- parking to wait for  <0x000000070aa30660> (a java.lang.String)
	at java.util.concurrent.locks.LockSupport.parkNanos(java.base@21.0.10/LockSupport.java:269)
	at net.minecraft.server.MinecraftServer.recordTaskExecutionTimeWhileWaiting(MinecraftServer.java:1242)
	at net.minecraft.server.MinecraftServer.runServer(MinecraftServer.java:1348)
	at net.minecraft.server.MinecraftServer.lambda$spin$2(MinecraftServer.java:388)
	at net.minecraft.server.MinecraftServer$$Lambda/0x0000027701f3af30.run(Unknown Source)
	at java.lang.Thread.runWith(java.base@21.0.10/Thread.java:1596)
	at java.lang.Thread.run(java.base@21.0.10/Thread.java:1583)
=== sample +15064ms ===
"Server thread" #113 [41012] prio=8 os_prio=1 cpu=3312.50ms elapsed=19.61s tid=0x0000027746906d80 nid=41012 waiting on condition  [0x000000c1434ff000]
   java.lang.Thread.State: TIMED_WAITING (parking)
	at jdk.internal.misc.Unsafe.park(java.base@21.0.10/Native Method)
	- parking to wait for  <0x000000070aa30660> (a java.lang.String)
	at java.util.concurrent.locks.LockSupport.parkNanos(java.base@21.0.10/LockSupport.java:269)
	at net.minecraft.server.MinecraftServer.recordTaskExecutionTimeWhileWaiting(MinecraftServer.java:1242)
	at net.minecraft.server.MinecraftServer.runServer(MinecraftServer.java:1348)
	at net.minecraft.server.MinecraftServer.lambda$spin$2(MinecraftServer.java:388)
	at net.minecraft.server.MinecraftServer$$Lambda/0x0000027701f3af30.run(Unknown Source)
	at java.lang.Thread.runWith(java.base@21.0.10/Thread.java:1596)
	at java.lang.Thread.run(java.base@21.0.10/Thread.java:1583)
=== sample +15327ms ===
"Server thread" #113 [41012] prio=8 os_prio=1 cpu=3312.50ms elapsed=19.87s tid=0x0000027746906d80 nid=41012 waiting on condition  [0x000000c1434ff000]
   java.lang.Thread.State: TIMED_WAITING (parking)
	at jdk.internal.misc.Unsafe.park(java.base@21.0.10/Native Method)
	- parking to wait for  <0x000000070aa30660> (a java.lang.String)
	at java.util.concurrent.locks.LockSupport.parkNanos(java.base@21.0.10/LockSupport.java:269)
	at net.minecraft.server.MinecraftServer.recordTaskExecutionTimeWhileWaiting(MinecraftServer.java:1242)
	at net.minecraft.server.MinecraftServer.runServer(MinecraftServer.java:1348)
	at net.minecraft.server.MinecraftServer.lambda$spin$2(MinecraftServer.java:388)
	at net.minecraft.server.MinecraftServer$$Lambda/0x0000027701f3af30.run(Unknown Source)
	at java.lang.Thread.runWith(java.base@21.0.10/Thread.java:1596)
	at java.lang.Thread.run(java.base@21.0.10/Thread.java:1583)
=== sample +15585ms ===
"Server thread" #113 [41012] prio=8 os_prio=1 cpu=3328.12ms elapsed=20.13s tid=0x0000027746906d80 nid=41012 waiting on condition  [0x000000c1434ff000]
   java.lang.Thread.State: TIMED_WAITING (parking)
	at jdk.internal.misc.Unsafe.park(java.base@21.0.10/Native Method)
	- parking to wait for  <0x000000070aa30660> (a java.lang.String)
	at java.util.concurrent.locks.LockSupport.parkNanos(java.base@21.0.10/LockSupport.java:269)
	at net.minecraft.server.MinecraftServer.recordTaskExecutionTimeWhileWaiting(MinecraftServer.java:1242)
	at net.minecraft.server.MinecraftServer.runServer(MinecraftServer.java:1348)
	at net.minecraft.server.MinecraftServer.lambda$spin$2(MinecraftServer.java:388)
	at net.minecraft.server.MinecraftServer$$Lambda/0x0000027701f3af30.run(Unknown Source)
	at java.lang.Thread.runWith(java.base@21.0.10/Thread.java:1596)
	at java.lang.Thread.run(java.base@21.0.10/Thread.java:1583)
=== sample +15848ms ===
"Server thread" #113 [41012] prio=8 os_prio=1 cpu=3328.12ms elapsed=20.38s tid=0x0000027746906d80 nid=41012 waiting on condition  [0x000000c1434ff000]
   java.lang.Thread.State: TIMED_WAITING (parking)
	at jdk.internal.misc.Unsafe.park(java.base@21.0.10/Native Method)
	- parking to wait for  <0x000000070aa30660> (a java.lang.String)
	at java.util.concurrent.locks.LockSupport.parkNanos(java.base@21.0.10/LockSupport.java:269)
	at net.minecraft.server.MinecraftServer.recordTaskExecutionTimeWhileWaiting(MinecraftServer.java:1242)
	at net.minecraft.server.MinecraftServer.runServer(MinecraftServer.java:1348)
	at net.minecraft.server.MinecraftServer.lambda$spin$2(MinecraftServer.java:388)
	at net.minecraft.server.MinecraftServer$$Lambda/0x0000027701f3af30.run(Unknown Source)
	at java.lang.Thread.runWith(java.base@21.0.10/Thread.java:1596)
	at java.lang.Thread.run(java.base@21.0.10/Thread.java:1583)
=== sample +16113ms ===
"Server thread" #113 [41012] prio=8 os_prio=1 cpu=3343.75ms elapsed=20.65s tid=0x0000027746906d80 nid=41012 waiting on condition  [0x000000c1434ff000]
   java.lang.Thread.State: TIMED_WAITING (parking)
	at jdk.internal.misc.Unsafe.park(java.base@21.0.10/Native Method)
	- parking to wait for  <0x000000070aa30660> (a java.lang.String)
	at java.util.concurrent.locks.LockSupport.parkNanos(java.base@21.0.10/LockSupport.java:269)
	at net.minecraft.server.MinecraftServer.recordTaskExecutionTimeWhileWaiting(MinecraftServer.java:1242)
	at net.minecraft.server.MinecraftServer.runServer(MinecraftServer.java:1348)
	at net.minecraft.server.MinecraftServer.lambda$spin$2(MinecraftServer.java:388)
	at net.minecraft.server.MinecraftServer$$Lambda/0x0000027701f3af30.run(Unknown Source)
	at java.lang.Thread.runWith(java.base@21.0.10/Thread.java:1596)
	at java.lang.Thread.run(java.base@21.0.10/Thread.java:1583)
=== sample +16409ms ===
"Server thread" #113 [41012] prio=8 os_prio=1 cpu=3359.38ms elapsed=20.94s tid=0x0000027746906d80 nid=41012 waiting on condition  [0x000000c1434ff000]
   java.lang.Thread.State: TIMED_WAITING (parking)
	at jdk.internal.misc.Unsafe.park(java.base@21.0.10/Native Method)
	- parking to wait for  <0x000000070aa30660> (a java.lang.String)
	at java.util.concurrent.locks.LockSupport.parkNanos(java.base@21.0.10/LockSupport.java:269)
	at net.minecraft.server.MinecraftServer.recordTaskExecutionTimeWhileWaiting(MinecraftServer.java:1242)
	at net.minecraft.server.MinecraftServer.runServer(MinecraftServer.java:1348)
	at net.minecraft.server.MinecraftServer.lambda$spin$2(MinecraftServer.java:388)
	at net.minecraft.server.MinecraftServer$$Lambda/0x0000027701f3af30.run(Unknown Source)
	at java.lang.Thread.runWith(java.base@21.0.10/Thread.java:1596)
	at java.lang.Thread.run(java.base@21.0.10/Thread.java:1583)
=== sample +16676ms ===
"Server thread" #113 [41012] prio=8 os_prio=1 cpu=3375.00ms elapsed=21.21s tid=0x0000027746906d80 nid=41012 runnable  [0x000000c1434fd000]
   java.lang.Thread.State: RUNNABLE
	at net.minecraft.world.entity.Entity.collide(Entity.java:1578)
	at net.minecraft.world.entity.Entity.move(Entity.java:1179)
	at net.minecraft.world.entity.LivingEntity.handleRelativeFrictionAndCalculateMovement(LivingEntity.java:3318)
	at net.minecraft.world.entity.LivingEntity.travelInAir(LivingEntity.java:3124)
	at net.minecraft.world.entity.LivingEntity.travel(LivingEntity.java:3092)
	at net.minecraft.world.entity.LivingEntity.aiStep(LivingEntity.java:3770)
	at net.minecraft.world.entity.Mob.aiStep(Mob.java:554)
	at net.minecraft.world.entity.AgeableMob.aiStep(AgeableMob.java:149)
	at net.minecraft.world.entity.animal.Animal.aiStep(Animal.java:71)
	at net.minecraft.world.entity.animal.bee.Bee.aiStep(Bee.java:482)
	at net.minecraft.world.entity.LivingEntity.tick(LivingEntity.java:3439)
	at net.minecraft.world.entity.Mob.tick(Mob.java:398)
	at net.minecraft.world.entity.animal.bee.Bee.tick(Bee.java:281)
	at net.minecraft.server.level.ServerLevel.tickNonPassenger(ServerLevel.java:1368)
	at net.minecraft.server.level.ServerLevel$$Lambda/0x00000277027bed10.accept(Unknown Source)
	at net.minecraft.world.level.Level.guardEntityTick(Level.java:1434)
	at net.minecraft.server.level.ServerLevel.lambda$tick$4(ServerLevel.java:865)
	at net.minecraft.server.level.ServerLevel$$Lambda/0x00000277022cf4a0.accept(Unknown Source)
	at net.minecraft.world.level.entity.EntityTickList.forEach(EntityTickList.java:39)
	at net.minecraft.server.level.ServerLevel.tick(ServerLevel.java:847)
	at net.minecraft.server.MinecraftServer.tickChildren(MinecraftServer.java:1836)
	at net.minecraft.server.MinecraftServer.tickServer(MinecraftServer.java:1619)
	at net.minecraft.server.dedicated.DedicatedServer.tickServer(DedicatedServer.java:446)
	at net.minecraft.server.MinecraftServer.processPacketsAndTick(MinecraftServer.java:1676)
	at net.minecraft.server.MinecraftServer.runServer(MinecraftServer.java:1342)
	at net.minecraft.server.MinecraftServer.lambda$spin$2(MinecraftServer.java:388)
	at net.minecraft.server.MinecraftServer$$Lambda/0x0000027701f3af30.run(Unknown Source)
	at java.lang.Thread.runWith(java.base@21.0.10/Thread.java:1596)
	at java.lang.Thread.run(java.base@21.0.10/Thread.java:1583)
=== sample +16936ms ===
"Server thread" #113 [41012] prio=8 os_prio=1 cpu=3390.62ms elapsed=21.47s tid=0x0000027746906d80 nid=41012 waiting on condition  [0x000000c1434ff000]
   java.lang.Thread.State: TIMED_WAITING (parking)
	at jdk.internal.misc.Unsafe.park(java.base@21.0.10/Native Method)
	- parking to wait for  <0x000000070aa30660> (a java.lang.String)
	at java.util.concurrent.locks.LockSupport.parkNanos(java.base@21.0.10/LockSupport.java:269)
	at net.minecraft.server.MinecraftServer.recordTaskExecutionTimeWhileWaiting(MinecraftServer.java:1242)
	at net.minecraft.server.MinecraftServer.runServer(MinecraftServer.java:1348)
	at net.minecraft.server.MinecraftServer.lambda$spin$2(MinecraftServer.java:388)
	at net.minecraft.server.MinecraftServer$$Lambda/0x0000027701f3af30.run(Unknown Source)
	at java.lang.Thread.runWith(java.base@21.0.10/Thread.java:1596)
	at java.lang.Thread.run(java.base@21.0.10/Thread.java:1583)
=== sample +17205ms ===
"Server thread" #113 [41012] prio=8 os_prio=1 cpu=3390.62ms elapsed=21.74s tid=0x0000027746906d80 nid=41012 waiting on condition  [0x000000c1434ff000]
   java.lang.Thread.State: TIMED_WAITING (parking)
	at jdk.internal.misc.Unsafe.park(java.base@21.0.10/Native Method)
	- parking to wait for  <0x000000070aa30660> (a java.lang.String)
	at java.util.concurrent.locks.LockSupport.parkNanos(java.base@21.0.10/LockSupport.java:269)
	at net.minecraft.server.MinecraftServer.recordTaskExecutionTimeWhileWaiting(MinecraftServer.java:1242)
	at net.minecraft.server.MinecraftServer.runServer(MinecraftServer.java:1348)
	at net.minecraft.server.MinecraftServer.lambda$spin$2(MinecraftServer.java:388)
	at net.minecraft.server.MinecraftServer$$Lambda/0x0000027701f3af30.run(Unknown Source)
	at java.lang.Thread.runWith(java.base@21.0.10/Thread.java:1596)
	at java.lang.Thread.run(java.base@21.0.10/Thread.java:1583)
=== sample +17459ms ===
"Server thread" #113 [41012] prio=8 os_prio=1 cpu=3406.25ms elapsed=22.00s tid=0x0000027746906d80 nid=41012 waiting on condition  [0x000000c1434ff000]
   java.lang.Thread.State: TIMED_WAITING (parking)
	at jdk.internal.misc.Unsafe.park(java.base@21.0.10/Native Method)
	- parking to wait for  <0x000000070aa30660> (a java.lang.String)
	at java.util.concurrent.locks.LockSupport.parkNanos(java.base@21.0.10/LockSupport.java:269)
	at net.minecraft.server.MinecraftServer.recordTaskExecutionTimeWhileWaiting(MinecraftServer.java:1242)
	at net.minecraft.server.MinecraftServer.runServer(MinecraftServer.java:1348)
	at net.minecraft.server.MinecraftServer.lambda$spin$2(MinecraftServer.java:388)
	at net.minecraft.server.MinecraftServer$$Lambda/0x0000027701f3af30.run(Unknown Source)
	at java.lang.Thread.runWith(java.base@21.0.10/Thread.java:1596)
	at java.lang.Thread.run(java.base@21.0.10/Thread.java:1583)
=== sample +17720ms ===
"Server thread" #113 [41012] prio=8 os_prio=1 cpu=3421.88ms elapsed=22.26s tid=0x0000027746906d80 nid=41012 waiting on condition  [0x000000c1434ff000]
   java.lang.Thread.State: TIMED_WAITING (parking)
	at jdk.internal.misc.Unsafe.park(java.base@21.0.10/Native Method)
	- parking to wait for  <0x000000070aa30660> (a java.lang.String)
	at java.util.concurrent.locks.LockSupport.parkNanos(java.base@21.0.10/LockSupport.java:269)
	at net.minecraft.server.MinecraftServer.recordTaskExecutionTimeWhileWaiting(MinecraftServer.java:1242)
	at net.minecraft.server.MinecraftServer.runServer(MinecraftServer.java:1348)
	at net.minecraft.server.MinecraftServer.lambda$spin$2(MinecraftServer.java:388)
	at net.minecraft.server.MinecraftServer$$Lambda/0x0000027701f3af30.run(Unknown Source)
	at java.lang.Thread.runWith(java.base@21.0.10/Thread.java:1596)
	at java.lang.Thread.run(java.base@21.0.10/Thread.java:1583)
=== sample +17982ms ===
"Server thread" #113 [41012] prio=8 os_prio=1 cpu=3437.50ms elapsed=22.52s tid=0x0000027746906d80 nid=41012 waiting on condition  [0x000000c1434ff000]
   java.lang.Thread.State: TIMED_WAITING (parking)
	at jdk.internal.misc.Unsafe.park(java.base@21.0.10/Native Method)
	- parking to wait for  <0x000000070aa30660> (a java.lang.String)
	at java.util.concurrent.locks.LockSupport.parkNanos(java.base@21.0.10/LockSupport.java:269)
	at net.minecraft.server.MinecraftServer.recordTaskExecutionTimeWhileWaiting(MinecraftServer.java:1242)
	at net.minecraft.server.MinecraftServer.runServer(MinecraftServer.java:1348)
	at net.minecraft.server.MinecraftServer.lambda$spin$2(MinecraftServer.java:388)
	at net.minecraft.server.MinecraftServer$$Lambda/0x0000027701f3af30.run(Unknown Source)
	at java.lang.Thread.runWith(java.base@21.0.10/Thread.java:1596)
	at java.lang.Thread.run(java.base@21.0.10/Thread.java:1583)
=== sample +18245ms ===
"Server thread" #113 [41012] prio=8 os_prio=1 cpu=3437.50ms elapsed=22.78s tid=0x0000027746906d80 nid=41012 waiting on condition  [0x000000c1434ff000]
   java.lang.Thread.State: TIMED_WAITING (parking)
	at jdk.internal.misc.Unsafe.park(java.base@21.0.10/Native Method)
	- parking to wait for  <0x000000070aa30660> (a java.lang.String)
	at java.util.concurrent.locks.LockSupport.parkNanos(java.base@21.0.10/LockSupport.java:269)
	at net.minecraft.server.MinecraftServer.recordTaskExecutionTimeWhileWaiting(MinecraftServer.java:1242)
	at net.minecraft.server.MinecraftServer.runServer(MinecraftServer.java:1348)
	at net.minecraft.server.MinecraftServer.lambda$spin$2(MinecraftServer.java:388)
	at net.minecraft.server.MinecraftServer$$Lambda/0x0000027701f3af30.run(Unknown Source)
	at java.lang.Thread.runWith(java.base@21.0.10/Thread.java:1596)
	at java.lang.Thread.run(java.base@21.0.10/Thread.java:1583)
=== sample +18519ms ===
"Server thread" #113 [41012] prio=8 os_prio=1 cpu=3437.50ms elapsed=23.04s tid=0x0000027746906d80 nid=41012 waiting on condition  [0x000000c1434ff000]
   java.lang.Thread.State: TIMED_WAITING (parking)
	at jdk.internal.misc.Unsafe.park(java.base@21.0.10/Native Method)
	- parking to wait for  <0x000000070aa30660> (a java.lang.String)
	at java.util.concurrent.locks.LockSupport.parkNanos(java.base@21.0.10/LockSupport.java:269)
	at net.minecraft.server.MinecraftServer.recordTaskExecutionTimeWhileWaiting(MinecraftServer.java:1242)
	at net.minecraft.server.MinecraftServer.runServer(MinecraftServer.java:1348)
	at net.minecraft.server.MinecraftServer.lambda$spin$2(MinecraftServer.java:388)
	at net.minecraft.server.MinecraftServer$$Lambda/0x0000027701f3af30.run(Unknown Source)
	at java.lang.Thread.runWith(java.base@21.0.10/Thread.java:1596)
	at java.lang.Thread.run(java.base@21.0.10/Thread.java:1583)
=== sample +18789ms ===
"Server thread" #113 [41012] prio=8 os_prio=1 cpu=3437.50ms elapsed=23.32s tid=0x0000027746906d80 nid=41012 waiting on condition  [0x000000c1434ff000]
   java.lang.Thread.State: TIMED_WAITING (parking)
	at jdk.internal.misc.Unsafe.park(java.base@21.0.10/Native Method)
	- parking to wait for  <0x000000070aa30660> (a java.lang.String)
	at java.util.concurrent.locks.LockSupport.parkNanos(java.base@21.0.10/LockSupport.java:269)
	at net.minecraft.server.MinecraftServer.recordTaskExecutionTimeWhileWaiting(MinecraftServer.java:1242)
	at net.minecraft.server.MinecraftServer.runServer(MinecraftServer.java:1348)
	at net.minecraft.server.MinecraftServer.lambda$spin$2(MinecraftServer.java:388)
	at net.minecraft.server.MinecraftServer$$Lambda/0x0000027701f3af30.run(Unknown Source)
	at java.lang.Thread.runWith(java.base@21.0.10/Thread.java:1596)
	at java.lang.Thread.run(java.base@21.0.10/Thread.java:1583)
botFailures=[] exited=true
======== run 2 ========
boot: [01:48:17 INFO]: Done (17.382s)! For help, type "help"
---- stalls ----
PapoTickProfile.stall tick=4 gapMs=186.8 durMs=186.7 at=01:48:18.482
PapoTickProfile.stall tick=31 gapMs=120.4 durMs=60.4 at=01:48:19.645
PapoTickProfile.stall tick=117 gapMs=180.6 durMs=7.2 at=01:48:24.015
PapoTickProfile.stall tick=119 gapMs=522.1 durMs=229.9 at=01:48:24.616
PapoTickProfile.stall tick=138 gapMs=213.4 durMs=177.7 at=01:48:25.502
---- jstack Server-thread samples ----
=== sample +2687ms ===
"Server thread" #113 [41836] prio=8 os_prio=1 cpu=1843.75ms elapsed=8.15s tid=0x000002a6a8971b50 nid=41836 waiting on condition  [0x000000fbf48fe000]
   java.lang.Thread.State: TIMED_WAITING (parking)
	at jdk.internal.misc.Unsafe.park(java.base@21.0.10/Native Method)
	- parking to wait for  <0x000000071122ab68> (a java.lang.String)
	at java.util.concurrent.locks.LockSupport.parkNanos(java.base@21.0.10/LockSupport.java:269)
	at net.minecraft.server.MinecraftServer.recordTaskExecutionTimeWhileWaiting(MinecraftServer.java:1242)
	at net.minecraft.server.MinecraftServer.runServer(MinecraftServer.java:1348)
	at net.minecraft.server.MinecraftServer.lambda$spin$2(MinecraftServer.java:388)
	at net.minecraft.server.MinecraftServer$$Lambda/0x000002a660f3c980.run(Unknown Source)
	at java.lang.Thread.runWith(java.base@21.0.10/Thread.java:1596)
	at java.lang.Thread.run(java.base@21.0.10/Thread.java:1583)
=== sample +2927ms ===
"Server thread" #113 [41836] prio=8 os_prio=1 cpu=1843.75ms elapsed=8.40s tid=0x000002a6a8971b50 nid=41836 waiting on condition  [0x000000fbf48fe000]
   java.lang.Thread.State: TIMED_WAITING (parking)
	at jdk.internal.misc.Unsafe.park(java.base@21.0.10/Native Method)
	- parking to wait for  <0x000000071122ab68> (a java.lang.String)
	at java.util.concurrent.locks.LockSupport.parkNanos(java.base@21.0.10/LockSupport.java:269)
	at net.minecraft.server.MinecraftServer.recordTaskExecutionTimeWhileWaiting(MinecraftServer.java:1242)
	at net.minecraft.server.MinecraftServer.runServer(MinecraftServer.java:1348)
	at net.minecraft.server.MinecraftServer.lambda$spin$2(MinecraftServer.java:388)
	at net.minecraft.server.MinecraftServer$$Lambda/0x000002a660f3c980.run(Unknown Source)
	at java.lang.Thread.runWith(java.base@21.0.10/Thread.java:1596)
	at java.lang.Thread.run(java.base@21.0.10/Thread.java:1583)
=== sample +3150ms ===
"Server thread" #113 [41836] prio=8 os_prio=1 cpu=1843.75ms elapsed=8.63s tid=0x000002a6a8971b50 nid=41836 waiting on condition  [0x000000fbf48fe000]
   java.lang.Thread.State: TIMED_WAITING (parking)
	at jdk.internal.misc.Unsafe.park(java.base@21.0.10/Native Method)
	- parking to wait for  <0x000000071122ab68> (a java.lang.String)
	at java.util.concurrent.locks.LockSupport.parkNanos(java.base@21.0.10/LockSupport.java:269)
	at net.minecraft.server.MinecraftServer.recordTaskExecutionTimeWhileWaiting(MinecraftServer.java:1242)
	at net.minecraft.server.MinecraftServer.runServer(MinecraftServer.java:1348)
	at net.minecraft.server.MinecraftServer.lambda$spin$2(MinecraftServer.java:388)
	at net.minecraft.server.MinecraftServer$$Lambda/0x000002a660f3c980.run(Unknown Source)
	at java.lang.Thread.runWith(java.base@21.0.10/Thread.java:1596)
	at java.lang.Thread.run(java.base@21.0.10/Thread.java:1583)
=== sample +3398ms ===
"Server thread" #113 [41836] prio=8 os_prio=1 cpu=1843.75ms elapsed=8.87s tid=0x000002a6a8971b50 nid=41836 waiting on condition  [0x000000fbf48fe000]
   java.lang.Thread.State: TIMED_WAITING (parking)
	at jdk.internal.misc.Unsafe.park(java.base@21.0.10/Native Method)
	- parking to wait for  <0x000000071122ab68> (a java.lang.String)
	at java.util.concurrent.locks.LockSupport.parkNanos(java.base@21.0.10/LockSupport.java:269)
	at net.minecraft.server.MinecraftServer.recordTaskExecutionTimeWhileWaiting(MinecraftServer.java:1242)
	at net.minecraft.server.MinecraftServer.runServer(MinecraftServer.java:1348)
	at net.minecraft.server.MinecraftServer.lambda$spin$2(MinecraftServer.java:388)
	at net.minecraft.server.MinecraftServer$$Lambda/0x000002a660f3c980.run(Unknown Source)
	at java.lang.Thread.runWith(java.base@21.0.10/Thread.java:1596)
	at java.lang.Thread.run(java.base@21.0.10/Thread.java:1583)
=== sample +3643ms ===
"Server thread" #113 [41836] prio=8 os_prio=1 cpu=1843.75ms elapsed=9.11s tid=0x000002a6a8971b50 nid=41836 waiting on condition  [0x000000fbf48fe000]
   java.lang.Thread.State: TIMED_WAITING (parking)
	at jdk.internal.misc.Unsafe.park(java.base@21.0.10/Native Method)
	- parking to wait for  <0x000000071122ab68> (a java.lang.String)
	at java.util.concurrent.locks.LockSupport.parkNanos(java.base@21.0.10/LockSupport.java:269)
	at net.minecraft.server.MinecraftServer.recordTaskExecutionTimeWhileWaiting(MinecraftServer.java:1242)
	at net.minecraft.server.MinecraftServer.runServer(MinecraftServer.java:1348)
	at net.minecraft.server.MinecraftServer.lambda$spin$2(MinecraftServer.java:388)
	at net.minecraft.server.MinecraftServer$$Lambda/0x000002a660f3c980.run(Unknown Source)
	at java.lang.Thread.runWith(java.base@21.0.10/Thread.java:1596)
	at java.lang.Thread.run(java.base@21.0.10/Thread.java:1583)
=== sample +3892ms ===
"Server thread" #113 [41836] prio=8 os_prio=1 cpu=1843.75ms elapsed=9.36s tid=0x000002a6a8971b50 nid=41836 waiting on condition  [0x000000fbf48fe000]
   java.lang.Thread.State: TIMED_WAITING (parking)
	at jdk.internal.misc.Unsafe.park(java.base@21.0.10/Native Method)
	- parking to wait for  <0x000000071122ab68> (a java.lang.String)
	at java.util.concurrent.locks.LockSupport.parkNanos(java.base@21.0.10/LockSupport.java:269)
	at net.minecraft.server.MinecraftServer.recordTaskExecutionTimeWhileWaiting(MinecraftServer.java:1242)
	at net.minecraft.server.MinecraftServer.runServer(MinecraftServer.java:1348)
	at net.minecraft.server.MinecraftServer.lambda$spin$2(MinecraftServer.java:388)
	at net.minecraft.server.MinecraftServer$$Lambda/0x000002a660f3c980.run(Unknown Source)
	at java.lang.Thread.runWith(java.base@21.0.10/Thread.java:1596)
	at java.lang.Thread.run(java.base@21.0.10/Thread.java:1583)
=== sample +4142ms ===
"Server thread" #113 [41836] prio=8 os_prio=1 cpu=1890.62ms elapsed=9.61s tid=0x000002a6a8971b50 nid=41836 runnable  [0x000000fbf48fb000]
   java.lang.Thread.State: RUNNABLE
	at java.lang.invoke.DirectMethodHandle.allocateInstance(java.base@21.0.10/DirectMethodHandle.java:501)
	at java.lang.invoke.DirectMethodHandle$Holder.newInvokeSpecial(java.base@21.0.10/DirectMethodHandle$Holder)
	at java.lang.invoke.Invokers$Holder.linkToTargetMethod(java.base@21.0.10/Invokers$Holder)
	at com.mojang.serialization.Codec.lambda$stringResolver$8(Codec.java:192)
	at com.mojang.serialization.Codec$$Lambda/0x000002a66037f6f0.apply(Unknown Source)
	at com.mojang.serialization.Encoder$2.encode(Encoder.java:39)
	at com.mojang.serialization.Codec$2.encode(Codec.java:79)
	at net.minecraft.util.ExtraCodecs$2.encode(ExtraCodecs.java:361)
	at net.minecraft.util.StringRepresentable$StringRepresentableCodec.encode(StringRepresentable.java:110)
	at net.minecraft.util.StringRepresentable$StringRepresentableCodec.encode(StringRepresentable.java:93)
	at com.mojang.serialization.Encoder.encodeStart(Encoder.java:14)
	at com.mojang.serialization.codecs.FieldEncoder.encode(FieldEncoder.java:25)
	at com.mojang.serialization.MapCodec$2.encode(MapCodec.java:83)
	at com.mojang.serialization.codecs.RecordCodecBuilder$Instance$4.encode(RecordCodecBuilder.java:224)
	at com.mojang.serialization.codecs.RecordCodecBuilder$2.encode(RecordCodecBuilder.java:112)
	at com.mojang.serialization.codecs.KeyDispatchCodec.encode(KeyDispatchCodec.java:71)
	at com.mojang.serialization.MapCodec$MapCodecCodec.encode(MapCodec.java:164)
	at com.mojang.serialization.codecs.EitherCodec.lambda$encode$3(EitherCodec.java:34)
	at com.mojang.serialization.codecs.EitherCodec$$Lambda/0x000002a66137f728.apply(Unknown Source)
	at com.mojang.datafixers.util.Either$Left.map(Either.java:38)
	at com.mojang.serialization.codecs.EitherCodec.encode(EitherCodec.java:33)
	at com.mojang.serialization.codecs.EitherCodec.encode(EitherCodec.java:11)
	at com.mojang.serialization.Encoder$1.encode(Encoder.java:25)
	at com.mojang.serialization.Codec$2.encode(Codec.java:79)
	at com.mojang.serialization.Codec$RecursiveCodec.encode(Codec.java:224)
	at com.mojang.serialization.Encoder.encodeStart(Encoder.java:14)
	at com.mojang.serialization.codecs.ListCodec.encode(ListCodec.java:36)
	at com.mojang.serialization.codecs.ListCodec.encode(ListCodec.java:17)
	at com.mojang.serialization.Encoder.encodeStart(Encoder.java:14)
	at com.mojang.serialization.codecs.FieldEncoder.encode(FieldEncoder.java:25)
	at com.mojang.serialization.MapCodec$2.encode(MapCodec.java:83)
	at com.mojang.serialization.codecs.RecordCodecBuilder$Instance$2.encode(RecordCodecBuilder.java:164)
	at com.mojang.serialization.codecs.RecordCodecBuilder$2.encode(RecordCodecBuilder.java:112)
	at com.mojang.serialization.codecs.KeyDispatchCodec.encode(KeyDispatchCodec.java:71)
	at com.mojang.serialization.MapCodec$MapCodecCodec.encode(MapCodec.java:164)
	at com.mojang.serialization.codecs.EitherCodec.lambda$encode$3(EitherCodec.java:34)
	at com.mojang.serialization.codecs.EitherCodec$$Lambda/0x000002a66137f728.apply(Unknown Source)
	at com.mojang.datafixers.util.Either$Left.map(Either.java:38)
	at com.mojang.serialization.codecs.EitherCodec.encode(EitherCodec.java:33)
	at com.mojang.serialization.codecs.EitherCodec.encode(EitherCodec.java:11)
	at com.mojang.serialization.Encoder$1.encode(Encoder.java:25)
	at com.mojang.serialization.Codec$2.encode(Codec.java:79)
	at com.mojang.serialization.Codec$RecursiveCodec.encode(Codec.java:224)
	at com.mojang.serialization.Encoder$2.lambda$encode$0(Encoder.java:39)
	at com.mojang.serialization.Encoder$2$$Lambda/0x000002a660e20658.apply(Unknown Source)
	at com.mojang.serialization.DataResult$Success.flatMap(DataResult.java:201)
	at com.mojang.serialization.Encoder$2.encode(Encoder.java:39)
	at com.mojang.serialization.Codec$2.encode(Codec.java:79)
	at com.mojang.serialization.Encoder.encodeStart(Encoder.java:14)
	at com.mojang.serialization.codecs.OptionalFieldCodec.encode(OptionalFieldCodec.java:44)
	at com.mojang.serialization.codecs.OptionalFieldCodec.encode(OptionalFieldCodec.java:17)
	at com.mojang.serialization.codecs.RecordCodecBuilder$Instance$4.encode(RecordCodecBuilder.java:224)
	at com.mojang.serialization.codecs.RecordCodecBuilder$2.encode(RecordCodecBuilder.java:112)
	at com.mojang.serialization.MapCodec$MapCodecCodec.encode(MapCodec.java:164)
	at com.mojang.serialization.Encoder.encodeStart(Encoder.java:14)
	at com.mojang.serialization.codecs.ListCodec.encode(ListCodec.java:36)
	at com.mojang.serialization.codecs.ListCodec.encode(ListCodec.java:17)
	at com.mojang.serialization.Encoder.encodeStart(Encoder.java:14)
	at com.mojang.serialization.codecs.DispatchedMapCodec.encodeValue(DispatchedMapCodec.java:35)
	at com.mojang.serialization.codecs.DispatchedMapCodec.encode(DispatchedMapCodec.java:28)
	at com.mojang.serialization.codecs.DispatchedMapCodec.encode(DispatchedMapCodec.java:20)
	at com.mojang.serialization.Encoder$2.lambda$encode$0(Encoder.java:39)
	at com.mojang.serialization.Encoder$2$$Lambda/0x000002a660e20658.apply(Unknown Source)
	at com.mojang.serialization.DataResult$Success.flatMap(DataResult.java:201)
	at com.mojang.serialization.Encoder$2.encode(Encoder.java:39)
	at com.mojang.serialization.Codec$2.encode(Codec.java:79)
	at com.mojang.serialization.Encoder.encodeStart(Encoder.java:14)
	at com.mojang.serialization.codecs.OptionalFieldCodec.encode(OptionalFieldCodec.java:44)
	at com.mojang.serialization.codecs.OptionalFieldCodec.encode(OptionalFieldCodec.java:17)
	at com.mojang.serialization.MapEncoder$1.encode(MapEncoder.java:26)
	at com.mojang.serialization.MapCodec$2.encode(MapCodec.java:83)
	at com.mojang.serialization.codecs.RecordCodecBuilder$Instance$8.encode(RecordCodecBuilder.java:380)
	at com.mojang.serialization.codecs.RecordCodecBuilder$2.encode(RecordCodecBuilder.java:112)
	at com.mojang.serialization.MapCodec$MapCodecCodec.encode(MapCodec.java:164)
	at com.mojang.serialization.Encoder.encodeStart(Encoder.java:14)
	at net.minecraft.core.RegistrySynchronization.lambda$packRegistry$2(RegistrySynchronization.java:60)
	at net.minecraft.core.RegistrySynchronization$$Lambda/0x000002a661700000.accept(Unknown Source)
	at it.unimi.dsi.fastutil.objects.ObjectArrayList$Spliterator.forEachRemaining(ObjectArrayList.java:975)
	at java.util.stream.ReferencePipeline$Head.forEach(java.base@21.0.10/ReferencePipeline.java:762)
	at net.minecraft.core.RegistrySynchronization.lambda$packRegistry$3(RegistrySynchronization.java:49)
	at net.minecraft.core.RegistrySynchronization$$Lambda/0x000002a6616ffcf8.accept(Unknown Source)
	at java.util.Optional.ifPresent(java.base@21.0.10/Optional.java:178)
	at net.minecraft.core.RegistrySynchronization.packRegistry(RegistrySynchronization.java:45)
	at net.minecraft.core.RegistrySynchronization.lambda$packRegistries$0(RegistrySynchronization.java:34)
	at net.minecraft.core.RegistrySynchronization$$Lambda/0x000002a6616ffad0.accept(Unknown Source)
	at java.lang.Iterable.forEach(java.base@21.0.10/Iterable.java:75)
	at net.minecraft.core.RegistrySynchronization.packRegistries(RegistrySynchronization.java:34)
	at net.minecraft.server.network.config.SynchronizeRegistriesTask.sendRegistries(SynchronizeRegistriesTask.java:44)
	at net.minecraft.server.network.config.SynchronizeRegistriesTask.handleResponse(SynchronizeRegistriesTask.java:80)
	at net.minecraft.server.network.ServerConfigurationPacketListenerImpl.handleSelectKnownPacks(ServerConfigurationPacketListenerImpl.java:191)
	at net.minecraft.network.protocol.configuration.ServerboundSelectKnownPacks.handle(ServerboundSelectKnownPacks.java:23)
	at net.minecraft.network.protocol.configuration.ServerboundSelectKnownPacks.handle(ServerboundSelectKnownPacks.java:11)
	at net.minecraft.network.PacketProcessor$ListenerAndPacket.handle(PacketProcessor.java:110)
	at net.minecraft.network.PacketProcessor.executeSinglePacket(PacketProcessor.java:33)
	at net.minecraft.server.MinecraftServer.pollTask(MinecraftServer.java:1506)
	at net.minecraft.server.MinecraftServer.recordTaskExecutionTimeWhileWaiting(MinecraftServer.java:1232)
	at net.minecraft.server.MinecraftServer.runServer(MinecraftServer.java:1348)
	at net.minecraft.server.MinecraftServer.lambda$spin$2(MinecraftServer.java:388)
	at net.minecraft.server.MinecraftServer$$Lambda/0x000002a660f3c980.run(Unknown Source)
	at java.lang.Thread.runWith(java.base@21.0.10/Thread.java:1596)
	at java.lang.Thread.run(java.base@21.0.10/Thread.java:1583)
=== sample +4501ms ===
"Server thread" #113 [41836] prio=8 os_prio=1 cpu=1906.25ms elapsed=9.95s tid=0x000002a6a8971b50 nid=41836 waiting on condition  [0x000000fbf48fe000]
   java.lang.Thread.State: TIMED_WAITING (parking)
	at jdk.internal.misc.Unsafe.park(java.base@21.0.10/Native Method)
	- parking to wait for  <0x000000071122ab68> (a java.lang.String)
	at java.util.concurrent.locks.LockSupport.parkNanos(java.base@21.0.10/LockSupport.java:269)
	at net.minecraft.server.MinecraftServer.recordTaskExecutionTimeWhileWaiting(MinecraftServer.java:1242)
	at net.minecraft.server.MinecraftServer.runServer(MinecraftServer.java:1348)
	at net.minecraft.server.MinecraftServer.lambda$spin$2(MinecraftServer.java:388)
	at net.minecraft.server.MinecraftServer$$Lambda/0x000002a660f3c980.run(Unknown Source)
	at java.lang.Thread.runWith(java.base@21.0.10/Thread.java:1596)
	at java.lang.Thread.run(java.base@21.0.10/Thread.java:1583)
=== sample +4777ms ===
"Server thread" #113 [41836] prio=8 os_prio=1 cpu=1937.50ms elapsed=10.25s tid=0x000002a6a8971b50 nid=41836 waiting on condition  [0x000000fbf48fe000]
   java.lang.Thread.State: TIMED_WAITING (parking)
	at jdk.internal.misc.Unsafe.park(java.base@21.0.10/Native Method)
	- parking to wait for  <0x000000071122ab68> (a java.lang.String)
	at java.util.concurrent.locks.LockSupport.parkNanos(java.base@21.0.10/LockSupport.java:269)
	at net.minecraft.server.MinecraftServer.recordTaskExecutionTimeWhileWaiting(MinecraftServer.java:1242)
	at net.minecraft.server.MinecraftServer.runServer(MinecraftServer.java:1348)
	at net.minecraft.server.MinecraftServer.lambda$spin$2(MinecraftServer.java:388)
	at net.minecraft.server.MinecraftServer$$Lambda/0x000002a660f3c980.run(Unknown Source)
	at java.lang.Thread.runWith(java.base@21.0.10/Thread.java:1596)
	at java.lang.Thread.run(java.base@21.0.10/Thread.java:1583)
=== sample +5137ms ===
"Server thread" #113 [41836] prio=8 os_prio=1 cpu=1968.75ms elapsed=10.60s tid=0x000002a6a8971b50 nid=41836 waiting on condition  [0x000000fbf48fe000]
   java.lang.Thread.State: TIMED_WAITING (parking)
	at jdk.internal.misc.Unsafe.park(java.base@21.0.10/Native Method)
	- parking to wait for  <0x000000070a394338> (a java.lang.String)
	at java.util.concurrent.locks.LockSupport.parkNanos(java.base@21.0.10/LockSupport.java:269)
	at net.minecraft.server.MinecraftServer.recordTaskExecutionTimeWhileWaiting(MinecraftServer.java:1242)
	at net.minecraft.server.MinecraftServer.runServer(MinecraftServer.java:1348)
	at net.minecraft.server.MinecraftServer.lambda$spin$2(MinecraftServer.java:388)
	at net.minecraft.server.MinecraftServer$$Lambda/0x000002a660f3c980.run(Unknown Source)
	at java.lang.Thread.runWith(java.base@21.0.10/Thread.java:1596)
	at java.lang.Thread.run(java.base@21.0.10/Thread.java:1583)
=== sample +5447ms ===
"Server thread" #113 [41836] prio=8 os_prio=1 cpu=1984.38ms elapsed=10.90s tid=0x000002a6a8971b50 nid=41836 waiting on condition  [0x000000fbf48fe000]
   java.lang.Thread.State: TIMED_WAITING (parking)
	at jdk.internal.misc.Unsafe.park(java.base@21.0.10/Native Method)
	- parking to wait for  <0x000000070a394338> (a java.lang.String)
	at java.util.concurrent.locks.LockSupport.parkNanos(java.base@21.0.10/LockSupport.java:269)
	at net.minecraft.server.MinecraftServer.recordTaskExecutionTimeWhileWaiting(MinecraftServer.java:1242)
	at net.minecraft.server.MinecraftServer.runServer(MinecraftServer.java:1348)
	at net.minecraft.server.MinecraftServer.lambda$spin$2(MinecraftServer.java:388)
	at net.minecraft.server.MinecraftServer$$Lambda/0x000002a660f3c980.run(Unknown Source)
	at java.lang.Thread.runWith(java.base@21.0.10/Thread.java:1596)
	at java.lang.Thread.run(java.base@21.0.10/Thread.java:1583)
=== sample +5727ms ===
"Server thread" #113 [41836] prio=8 os_prio=1 cpu=2000.00ms elapsed=11.19s tid=0x000002a6a8971b50 nid=41836 waiting on condition  [0x000000fbf48fe000]
   java.lang.Thread.State: TIMED_WAITING (parking)
	at jdk.internal.misc.Unsafe.park(java.base@21.0.10/Native Method)
	- parking to wait for  <0x000000070a394338> (a java.lang.String)
	at java.util.concurrent.locks.LockSupport.parkNanos(java.base@21.0.10/LockSupport.java:269)
	at net.minecraft.server.MinecraftServer.recordTaskExecutionTimeWhileWaiting(MinecraftServer.java:1242)
	at net.minecraft.server.MinecraftServer.runServer(MinecraftServer.java:1348)
	at net.minecraft.server.MinecraftServer.lambda$spin$2(MinecraftServer.java:388)
	at net.minecraft.server.MinecraftServer$$Lambda/0x000002a660f3c980.run(Unknown Source)
	at java.lang.Thread.runWith(java.base@21.0.10/Thread.java:1596)
	at java.lang.Thread.run(java.base@21.0.10/Thread.java:1583)
=== sample +6028ms ===
"Server thread" #113 [41836] prio=8 os_prio=1 cpu=2031.25ms elapsed=11.49s tid=0x000002a6a8971b50 nid=41836 runnable  [0x000000fbf48fd000]
   java.lang.Thread.State: RUNNABLE
	at java.lang.ClassLoader.defineClass1(java.base@21.0.10/Native Method)
	at java.lang.ClassLoader.defineClass(java.base@21.0.10/ClassLoader.java:1027)
	at java.security.SecureClassLoader.defineClass(java.base@21.0.10/SecureClassLoader.java:150)
	at java.net.URLClassLoader.defineClass(java.base@21.0.10/URLClassLoader.java:524)
	at java.net.URLClassLoader$1.run(java.base@21.0.10/URLClassLoader.java:427)
	at java.net.URLClassLoader$1.run(java.base@21.0.10/URLClassLoader.java:421)
	at java.security.AccessController.executePrivileged(java.base@21.0.10/AccessController.java:809)
	at java.security.AccessController.doPrivileged(java.base@21.0.10/AccessController.java:714)
	at java.net.URLClassLoader.findClass(java.base@21.0.10/URLClassLoader.java:420)
	at java.lang.ClassLoader.loadClass(java.base@21.0.10/ClassLoader.java:593)
	- locked <0x000000072bd8ffa8> (a java.lang.Object)
	at java.lang.ClassLoader.loadClass(java.base@21.0.10/ClassLoader.java:526)
	at net.minecraft.server.level.ServerLevel$EntityCallbacks.onTrackingStart(ServerLevel.java:2842)
	at net.minecraft.server.level.ServerLevel$EntityCallbacks.onTrackingStart(ServerLevel.java:2774)
	at ca.spottedleaf.moonrise.patches.chunk_system.level.entity.EntityLookup.entityStatusChange(EntityLookup.java:279)
	at ca.spottedleaf.moonrise.patches.chunk_system.level.entity.ChunkEntitySlices.updateStatus(ChunkEntitySlices.java:255)
	at ca.spottedleaf.moonrise.patches.chunk_system.level.entity.EntityLookup.chunkStatusChange(EntityLookup.java:334)
	at ca.spottedleaf.moonrise.patches.chunk_system.scheduling.NewChunkHolder.changeEntityChunkStatus(NewChunkHolder.java:1188)
	at ca.spottedleaf.moonrise.patches.chunk_system.scheduling.NewChunkHolder.handleFullStatusChange(NewChunkHolder.java:1252)
	at ca.spottedleaf.moonrise.patches.chunk_system.scheduling.ChunkHolderManager.processPendingFullUpdate(ChunkHolderManager.java:1492)
	at ca.spottedleaf.moonrise.patches.chunk_system.scheduling.ChunkHolderManager.processTicketUpdates(ChunkHolderManager.java:1452)
	at net.minecraft.server.MinecraftServer.runAllTasksAtTickStart(MinecraftServer.java:1198)
	at net.minecraft.server.MinecraftServer.processPacketsAndTick(MinecraftServer.java:1675)
	at net.minecraft.server.MinecraftServer.runServer(MinecraftServer.java:1342)
	at net.minecraft.server.MinecraftServer.lambda$spin$2(MinecraftServer.java:388)
	at net.minecraft.server.MinecraftServer$$Lambda/0x000002a660f3c980.run(Unknown Source)
	at java.lang.Thread.runWith(java.base@21.0.10/Thread.java:1596)
	at java.lang.Thread.run(java.base@21.0.10/Thread.java:1583)
=== sample +6302ms ===
"Server thread" #113 [41836] prio=8 os_prio=1 cpu=2203.12ms elapsed=11.76s tid=0x000002a6a8971b50 nid=41836 runnable  [0x000000fbf48fd000]
   java.lang.Thread.State: RUNNABLE
	at java.lang.ClassLoader.defineClass1(java.base@21.0.10/Native Method)
	at java.lang.ClassLoader.defineClass(java.base@21.0.10/ClassLoader.java:1027)
	at java.security.SecureClassLoader.defineClass(java.base@21.0.10/SecureClassLoader.java:150)
	at java.net.URLClassLoader.defineClass(java.base@21.0.10/URLClassLoader.java:524)
	at java.net.URLClassLoader$1.run(java.base@21.0.10/URLClassLoader.java:427)
	at java.net.URLClassLoader$1.run(java.base@21.0.10/URLClassLoader.java:421)
	at java.security.AccessController.executePrivileged(java.base@21.0.10/AccessController.java:809)
	at java.security.AccessController.doPrivileged(java.base@21.0.10/AccessController.java:714)
	at java.net.URLClassLoader.findClass(java.base@21.0.10/URLClassLoader.java:420)
	at java.lang.ClassLoader.loadClass(java.base@21.0.10/ClassLoader.java:593)
	- locked <0x000000072b09e6e0> (a java.lang.Object)
	at java.lang.ClassLoader.loadClass(java.base@21.0.10/ClassLoader.java:526)
	at net.minecraft.server.level.ServerPlayer.<init>(ServerPlayer.java:473)
	at net.minecraft.server.network.config.PrepareSpawnTask$Ready.spawn(PrepareSpawnTask.java:337)
	at net.minecraft.server.network.config.PrepareSpawnTask.spawnPlayer(PrepareSpawnTask.java:192)
	at net.minecraft.server.network.ServerConfigurationPacketListenerImpl.handleConfigurationFinished(ServerConfigurationPacketListenerImpl.java:220)
	at net.minecraft.network.protocol.configuration.ServerboundFinishConfigurationPacket.handle(ServerboundFinishConfigurationPacket.java:22)
	at net.minecraft.network.protocol.configuration.ServerboundFinishConfigurationPacket.handle(ServerboundFinishConfigurationPacket.java:8)
	at net.minecraft.network.PacketProcessor$ListenerAndPacket.handle(PacketProcessor.java:110)
	at net.minecraft.network.PacketProcessor.executeSinglePacket(PacketProcessor.java:33)
	at net.minecraft.server.MinecraftServer.runAllTasksAtTickStart(MinecraftServer.java:1187)
	at net.minecraft.server.MinecraftServer.processPacketsAndTick(MinecraftServer.java:1675)
	at net.minecraft.server.MinecraftServer.runServer(MinecraftServer.java:1342)
	at net.minecraft.server.MinecraftServer.lambda$spin$2(MinecraftServer.java:388)
	at net.minecraft.server.MinecraftServer$$Lambda/0x000002a660f3c980.run(Unknown Source)
	at java.lang.Thread.runWith(java.base@21.0.10/Thread.java:1596)
	at java.lang.Thread.run(java.base@21.0.10/Thread.java:1583)
=== sample +6577ms ===
"Server thread" #113 [41836] prio=8 os_prio=1 cpu=2328.12ms elapsed=12.05s tid=0x000002a6a8971b50 nid=41836 runnable  [0x000000fbf48fd000]
   java.lang.Thread.State: RUNNABLE
	at java.lang.String.intern(java.base@21.0.10/Native Method)
	at java.lang.Class.getPackageName(java.base@21.0.10/Class.java:1171)
	at java.lang.ClassLoader.postDefineClass(java.base@21.0.10/ClassLoader.java:934)
	at java.lang.ClassLoader.defineClass(java.base@21.0.10/ClassLoader.java:1028)
	at java.security.SecureClassLoader.defineClass(java.base@21.0.10/SecureClassLoader.java:150)
	at java.net.URLClassLoader.defineClass(java.base@21.0.10/URLClassLoader.java:524)
	at java.net.URLClassLoader$1.run(java.base@21.0.10/URLClassLoader.java:427)
	at java.net.URLClassLoader$1.run(java.base@21.0.10/URLClassLoader.java:421)
	at java.security.AccessController.executePrivileged(java.base@21.0.10/AccessController.java:809)
	at java.security.AccessController.doPrivileged(java.base@21.0.10/AccessController.java:714)
	at java.net.URLClassLoader.findClass(java.base@21.0.10/URLClassLoader.java:420)
	at java.lang.ClassLoader.loadClass(java.base@21.0.10/ClassLoader.java:593)
	- locked <0x000000072a7b0438> (a java.lang.Object)
	at java.lang.ClassLoader.loadClass(java.base@21.0.10/ClassLoader.java:526)
	at net.minecraft.advancements.AdvancementHolder.toBukkit(AdvancementHolder.java:32)
	at net.minecraft.server.PlayerAdvancements.award(PlayerAdvancements.java:209)
	at net.minecraft.advancements.CriterionTrigger$Listener.run(CriterionTrigger.java:21)
	at net.minecraft.advancements.criterion.SimpleCriterionTrigger.trigger(SimpleCriterionTrigger.java:72)
	at net.minecraft.advancements.criterion.PlayerTrigger.trigger(PlayerTrigger.java:20)
	at net.minecraft.server.level.ServerPlayer.tick(ServerPlayer.java:757)
	at net.minecraft.server.level.ServerLevel.tickNonPassenger(ServerLevel.java:1368)
	at net.minecraft.server.level.ServerLevel$$Lambda/0x000002a6617cb7e8.accept(Unknown Source)
	at net.minecraft.world.level.Level.guardEntityTick(Level.java:1434)
	at net.minecraft.server.level.ServerLevel.lambda$tick$4(ServerLevel.java:865)
	at net.minecraft.server.level.ServerLevel$$Lambda/0x000002a661309e38.accept(Unknown Source)
	at net.minecraft.world.level.entity.EntityTickList.forEach(EntityTickList.java:39)
	at net.minecraft.server.level.ServerLevel.tick(ServerLevel.java:847)
	at net.minecraft.server.MinecraftServer.tickChildren(MinecraftServer.java:1836)
	at net.minecraft.server.MinecraftServer.tickServer(MinecraftServer.java:1619)
	at net.minecraft.server.dedicated.DedicatedServer.tickServer(DedicatedServer.java:446)
	at net.minecraft.server.MinecraftServer.processPacketsAndTick(MinecraftServer.java:1676)
	at net.minecraft.server.MinecraftServer.runServer(MinecraftServer.java:1342)
	at net.minecraft.server.MinecraftServer.lambda$spin$2(MinecraftServer.java:388)
	at net.minecraft.server.MinecraftServer$$Lambda/0x000002a660f3c980.run(Unknown Source)
	at java.lang.Thread.runWith(java.base@21.0.10/Thread.java:1596)
	at java.lang.Thread.run(java.base@21.0.10/Thread.java:1583)
=== sample +6856ms ===
"Server thread" #113 [41836] prio=8 os_prio=1 cpu=2390.62ms elapsed=12.32s tid=0x000002a6a8971b50 nid=41836 waiting on condition  [0x000000fbf48fe000]
   java.lang.Thread.State: TIMED_WAITING (parking)
	at jdk.internal.misc.Unsafe.park(java.base@21.0.10/Native Method)
	- parking to wait for  <0x000000070a394338> (a java.lang.String)
	at java.util.concurrent.locks.LockSupport.parkNanos(java.base@21.0.10/LockSupport.java:269)
	at net.minecraft.server.MinecraftServer.recordTaskExecutionTimeWhileWaiting(MinecraftServer.java:1242)
	at net.minecraft.server.MinecraftServer.runServer(MinecraftServer.java:1348)
	at net.minecraft.server.MinecraftServer.lambda$spin$2(MinecraftServer.java:388)
	at net.minecraft.server.MinecraftServer$$Lambda/0x000002a660f3c980.run(Unknown Source)
	at java.lang.Thread.runWith(java.base@21.0.10/Thread.java:1596)
	at java.lang.Thread.run(java.base@21.0.10/Thread.java:1583)
=== sample +7164ms ===
"Server thread" #113 [41836] prio=8 os_prio=1 cpu=2468.75ms elapsed=12.61s tid=0x000002a6a8971b50 nid=41836 waiting on condition  [0x000000fbf48fe000]
   java.lang.Thread.State: TIMED_WAITING (parking)
	at jdk.internal.misc.Unsafe.park(java.base@21.0.10/Native Method)
	- parking to wait for  <0x000000070a394338> (a java.lang.String)
	at java.util.concurrent.locks.LockSupport.parkNanos(java.base@21.0.10/LockSupport.java:269)
	at net.minecraft.server.MinecraftServer.recordTaskExecutionTimeWhileWaiting(MinecraftServer.java:1242)
	at net.minecraft.server.MinecraftServer.runServer(MinecraftServer.java:1348)
	at net.minecraft.server.MinecraftServer.lambda$spin$2(MinecraftServer.java:388)
	at net.minecraft.server.MinecraftServer$$Lambda/0x000002a660f3c980.run(Unknown Source)
	at java.lang.Thread.runWith(java.base@21.0.10/Thread.java:1596)
	at java.lang.Thread.run(java.base@21.0.10/Thread.java:1583)
=== sample +7455ms ===
"Server thread" #113 [41836] prio=8 os_prio=1 cpu=2531.25ms elapsed=12.93s tid=0x000002a6a8971b50 nid=41836 runnable  [0x000000fbf48fe000]
   java.lang.Thread.State: RUNNABLE
	at it.unimi.dsi.fastutil.objects.Reference2IntLinkedOpenHashMap$FastEntryIterator.<init>(Reference2IntLinkedOpenHashMap.java:1379)
	at it.unimi.dsi.fastutil.objects.Reference2IntLinkedOpenHashMap$MapEntrySet.fastIterator(Reference2IntLinkedOpenHashMap.java:1570)
	at it.unimi.dsi.fastutil.objects.Reference2IntLinkedOpenHashMap$MapEntrySet.fastIterator(Reference2IntLinkedOpenHashMap.java:1408)
	at ca.spottedleaf.moonrise.common.list.IteratorSafeOrderedReferenceSet.defrag(IteratorSafeOrderedReferenceSet.java:195)
	at ca.spottedleaf.moonrise.common.list.IteratorSafeOrderedReferenceSet.remove(IteratorSafeOrderedReferenceSet.java:141)
	at net.minecraft.world.level.entity.EntityTickList.remove(EntityTickList.java:25)
	at net.minecraft.server.level.ServerLevel$EntityCallbacks.onTickingEnd(ServerLevel.java:2800)
	at net.minecraft.server.level.ServerLevel$EntityCallbacks.onTickingEnd(ServerLevel.java:2774)
	at ca.spottedleaf.moonrise.patches.chunk_system.level.entity.EntityLookup.entityStatusChange(EntityLookup.java:294)
	at ca.spottedleaf.moonrise.patches.chunk_system.level.entity.ChunkEntitySlices.updateStatus(ChunkEntitySlices.java:255)
	at ca.spottedleaf.moonrise.patches.chunk_system.level.entity.EntityLookup.chunkStatusChange(EntityLookup.java:334)
	at ca.spottedleaf.moonrise.patches.chunk_system.scheduling.NewChunkHolder.changeEntityChunkStatus(NewChunkHolder.java:1188)
	at ca.spottedleaf.moonrise.patches.chunk_system.scheduling.NewChunkHolder.handleFullStatusChange(NewChunkHolder.java:1273)
	at ca.spottedleaf.moonrise.patches.chunk_system.scheduling.ChunkHolderManager.processPendingFullUpdate(ChunkHolderManager.java:1492)
	at ca.spottedleaf.moonrise.patches.chunk_system.scheduling.ChunkHolderManager.processTicketUpdates(ChunkHolderManager.java:1452)
	at ca.spottedleaf.moonrise.patches.chunk_system.scheduling.ChunkHolderManager.tick(ChunkHolderManager.java:909)
	at net.minecraft.world.level.TicketStorage.purgeStaleTickets(TicketStorage.java:259)
	at net.minecraft.server.level.ServerChunkCache.tick(ServerChunkCache.java:481)
	at net.minecraft.server.level.ServerLevel.tick(ServerLevel.java:815)
	at net.minecraft.server.MinecraftServer.tickChildren(MinecraftServer.java:1836)
	at net.minecraft.server.MinecraftServer.tickServer(MinecraftServer.java:1619)
	at net.minecraft.server.dedicated.DedicatedServer.tickServer(DedicatedServer.java:446)
	at net.minecraft.server.MinecraftServer.processPacketsAndTick(MinecraftServer.java:1676)
	at net.minecraft.server.MinecraftServer.runServer(MinecraftServer.java:1342)
	at net.minecraft.server.MinecraftServer.lambda$spin$2(MinecraftServer.java:388)
	at net.minecraft.server.MinecraftServer$$Lambda/0x000002a660f3c980.run(Unknown Source)
	at java.lang.Thread.runWith(java.base@21.0.10/Thread.java:1596)
	at java.lang.Thread.run(java.base@21.0.10/Thread.java:1583)
=== sample +7763ms ===
"Server thread" #113 [41836] prio=8 os_prio=1 cpu=2578.12ms elapsed=13.22s tid=0x000002a6a8971b50 nid=41836 waiting on condition  [0x000000fbf48fe000]
   java.lang.Thread.State: TIMED_WAITING (parking)
	at jdk.internal.misc.Unsafe.park(java.base@21.0.10/Native Method)
	- parking to wait for  <0x000000070a394338> (a java.lang.String)
	at java.util.concurrent.locks.LockSupport.parkNanos(java.base@21.0.10/LockSupport.java:269)
	at net.minecraft.server.MinecraftServer.recordTaskExecutionTimeWhileWaiting(MinecraftServer.java:1242)
	at net.minecraft.server.MinecraftServer.runServer(MinecraftServer.java:1348)
	at net.minecraft.server.MinecraftServer.lambda$spin$2(MinecraftServer.java:388)
	at net.minecraft.server.MinecraftServer$$Lambda/0x000002a660f3c980.run(Unknown Source)
	at java.lang.Thread.runWith(java.base@21.0.10/Thread.java:1596)
	at java.lang.Thread.run(java.base@21.0.10/Thread.java:1583)
=== sample +8091ms ===
"Server thread" #113 [41836] prio=8 os_prio=1 cpu=2703.12ms elapsed=13.54s tid=0x000002a6a8971b50 nid=41836 runnable  [0x000000fbf48fe000]
   java.lang.Thread.State: RUNNABLE
	at net.minecraft.world.entity.InsideBlockEffectApplier$StepBasedCollector$$Lambda/0x000002a66117a800.apply(Unknown Source)
	at net.minecraft.util.Util.makeEnumMap(Util.java:609)
	at net.minecraft.world.entity.InsideBlockEffectApplier$StepBasedCollector.<init>(InsideBlockEffectApplier.java:39)
	at net.minecraft.world.entity.Entity.<init>(Entity.java:346)
	at net.minecraft.world.entity.item.FallingBlockEntity.<init>(FallingBlockEntity.java:77)
	at net.minecraft.world.entity.item.FallingBlockEntity.<init>(FallingBlockEntity.java:81)
	at net.minecraft.world.entity.item.FallingBlockEntity.fall(FallingBlockEntity.java:98)
	at net.minecraft.world.level.block.FallingBlock.tick(FallingBlock.java:51)
	at net.minecraft.world.level.block.state.BlockBehaviour$BlockStateBase.tick(BlockBehaviour.java:877)
	at net.minecraft.server.level.ServerLevel.tickBlock(ServerLevel.java:1330)
	at net.minecraft.server.level.ServerLevel$$Lambda/0x000002a661277040.accept(Unknown Source)
	at net.minecraft.world.ticks.LevelTicks.runCollectedTicks(LevelTicks.java:189)
	at net.minecraft.world.ticks.LevelTicks.tick(LevelTicks.java:88)
	at net.minecraft.server.level.ServerLevel.tick(ServerLevel.java:799)
	at net.minecraft.server.MinecraftServer.tickChildren(MinecraftServer.java:1836)
	at net.minecraft.server.MinecraftServer.tickServer(MinecraftServer.java:1619)
	at net.minecraft.server.dedicated.DedicatedServer.tickServer(DedicatedServer.java:446)
	at net.minecraft.server.MinecraftServer.processPacketsAndTick(MinecraftServer.java:1676)
	at net.minecraft.server.MinecraftServer.runServer(MinecraftServer.java:1342)
	at net.minecraft.server.MinecraftServer.lambda$spin$2(MinecraftServer.java:388)
	at net.minecraft.server.MinecraftServer$$Lambda/0x000002a660f3c980.run(Unknown Source)
	at java.lang.Thread.runWith(java.base@21.0.10/Thread.java:1596)
	at java.lang.Thread.run(java.base@21.0.10/Thread.java:1583)
=== sample +8398ms ===
"Server thread" #113 [41836] prio=8 os_prio=1 cpu=2843.75ms elapsed=13.85s tid=0x000002a6a8971b50 nid=41836 runnable  [0x000000fbf48fd000]
   java.lang.Thread.State: RUNNABLE
	at net.minecraft.world.level.chunk.LevelChunk.getBlockState(LevelChunk.java:345)
	at net.minecraft.world.level.Level.getBlockStateIfLoaded(Level.java:995)
	at net.minecraft.world.level.Level.getBlockStateIfLoadedAndInBounds(Level.java:1026)
	at net.minecraft.world.level.NaturalSpawner.spawnCategoryForPosition(NaturalSpawner.java:247)
	at net.minecraft.world.level.NaturalSpawner.spawnCategoryForChunk(NaturalSpawner.java:221)
	at net.minecraft.world.level.NaturalSpawner.spawnForChunk(NaturalSpawner.java:190)
	at net.minecraft.server.level.ServerChunkCache.tickSpawningChunk(ServerChunkCache.java:624)
	at net.minecraft.server.level.ServerChunkCache.tickChunks(ServerChunkCache.java:599)
	at net.minecraft.server.level.ServerChunkCache.tickChunks(ServerChunkCache.java:507)
	at net.minecraft.server.level.ServerChunkCache.tick(ServerChunkCache.java:488)
	at net.minecraft.server.level.ServerLevel.tick(ServerLevel.java:815)
	at net.minecraft.server.MinecraftServer.tickChildren(MinecraftServer.java:1836)
	at net.minecraft.server.MinecraftServer.tickServer(MinecraftServer.java:1619)
	at net.minecraft.server.dedicated.DedicatedServer.tickServer(DedicatedServer.java:446)
	at net.minecraft.server.MinecraftServer.processPacketsAndTick(MinecraftServer.java:1676)
	at net.minecraft.server.MinecraftServer.runServer(MinecraftServer.java:1342)
	at net.minecraft.server.MinecraftServer.lambda$spin$2(MinecraftServer.java:388)
	at net.minecraft.server.MinecraftServer$$Lambda/0x000002a660f3c980.run(Unknown Source)
	at java.lang.Thread.runWith(java.base@21.0.10/Thread.java:1596)
	at java.lang.Thread.run(java.base@21.0.10/Thread.java:1583)
=== sample +8733ms ===
"Server thread" #113 [41836] prio=8 os_prio=1 cpu=2937.50ms elapsed=14.16s tid=0x000002a6a8971b50 nid=41836 waiting on condition  [0x000000fbf48fe000]
   java.lang.Thread.State: TIMED_WAITING (parking)
	at jdk.internal.misc.Unsafe.park(java.base@21.0.10/Native Method)
	- parking to wait for  <0x000000070a394338> (a java.lang.String)
	at java.util.concurrent.locks.LockSupport.parkNanos(java.base@21.0.10/LockSupport.java:269)
	at net.minecraft.server.MinecraftServer.recordTaskExecutionTimeWhileWaiting(MinecraftServer.java:1242)
	at net.minecraft.server.MinecraftServer.runServer(MinecraftServer.java:1348)
	at net.minecraft.server.MinecraftServer.lambda$spin$2(MinecraftServer.java:388)
	at net.minecraft.server.MinecraftServer$$Lambda/0x000002a660f3c980.run(Unknown Source)
	at java.lang.Thread.runWith(java.base@21.0.10/Thread.java:1596)
	at java.lang.Thread.run(java.base@21.0.10/Thread.java:1583)
=== sample +9078ms ===
"Server thread" #113 [41836] prio=8 os_prio=1 cpu=2968.75ms elapsed=14.52s tid=0x000002a6a8971b50 nid=41836 waiting on condition  [0x000000fbf48fe000]
   java.lang.Thread.State: TIMED_WAITING (parking)
	at jdk.internal.misc.Unsafe.park(java.base@21.0.10/Native Method)
	- parking to wait for  <0x000000070a394338> (a java.lang.String)
	at java.util.concurrent.locks.LockSupport.parkNanos(java.base@21.0.10/LockSupport.java:269)
	at net.minecraft.server.MinecraftServer.recordTaskExecutionTimeWhileWaiting(MinecraftServer.java:1242)
	at net.minecraft.server.MinecraftServer.runServer(MinecraftServer.java:1348)
	at net.minecraft.server.MinecraftServer.lambda$spin$2(MinecraftServer.java:388)
	at net.minecraft.server.MinecraftServer$$Lambda/0x000002a660f3c980.run(Unknown Source)
	at java.lang.Thread.runWith(java.base@21.0.10/Thread.java:1596)
	at java.lang.Thread.run(java.base@21.0.10/Thread.java:1583)
=== sample +9420ms ===
"Server thread" #113 [41836] prio=8 os_prio=1 cpu=3000.00ms elapsed=14.87s tid=0x000002a6a8971b50 nid=41836 runnable  [0x000000fbf48fd000]
   java.lang.Thread.State: RUNNABLE
	at net.minecraft.world.entity.item.ItemEntity.<init>(ItemEntity.java:59)
	at net.minecraft.world.entity.item.ItemEntity.<init>(ItemEntity.java:65)
	at net.minecraft.world.level.block.Block.lambda$popResource$7(Block.java:438)
	at net.minecraft.world.level.block.Block$$Lambda/0x000002a661824000.get(Unknown Source)
	at net.minecraft.world.level.block.Block.popResource(Block.java:458)
	at net.minecraft.world.level.block.Block.popResource(Block.java:438)
	at net.minecraft.world.level.block.Block.dropResources(Block.java:398)
	at net.minecraft.world.level.material.WaterFluid.beforeDestroyingBlock(WaterFluid.java:84)
	at net.minecraft.world.level.material.FlowingFluid.spreadTo(FlowingFluid.java:339)
	at net.minecraft.world.level.material.FlowingFluid.spreadToSides(FlowingFluid.java:222)
	at net.minecraft.world.level.material.FlowingFluid.spread(FlowingFluid.java:190)
	at net.minecraft.world.level.material.FlowingFluid.tick(FlowingFluid.java:529)
	at net.minecraft.world.level.material.FluidState.tick(FluidState.java:100)
	at net.minecraft.server.level.ServerLevel.tickFluid(ServerLevel.java:1316)
	at net.minecraft.server.level.ServerLevel$$Lambda/0x000002a661293e20.accept(Unknown Source)
	at net.minecraft.world.ticks.LevelTicks.runCollectedTicks(LevelTicks.java:189)
	at net.minecraft.world.ticks.LevelTicks.tick(LevelTicks.java:88)
	at net.minecraft.server.level.ServerLevel.tick(ServerLevel.java:803)
	at net.minecraft.server.MinecraftServer.tickChildren(MinecraftServer.java:1836)
	at net.minecraft.server.MinecraftServer.tickServer(MinecraftServer.java:1619)
	at net.minecraft.server.dedicated.DedicatedServer.tickServer(DedicatedServer.java:446)
	at net.minecraft.server.MinecraftServer.processPacketsAndTick(MinecraftServer.java:1676)
	at net.minecraft.server.MinecraftServer.runServer(MinecraftServer.java:1342)
	at net.minecraft.server.MinecraftServer.lambda$spin$2(MinecraftServer.java:388)
	at net.minecraft.server.MinecraftServer$$Lambda/0x000002a660f3c980.run(Unknown Source)
	at java.lang.Thread.runWith(java.base@21.0.10/Thread.java:1596)
	at java.lang.Thread.run(java.base@21.0.10/Thread.java:1583)
=== sample +9728ms ===
"Server thread" #113 [41836] prio=8 os_prio=1 cpu=3093.75ms elapsed=15.19s tid=0x000002a6a8971b50 nid=41836 waiting on condition  [0x000000fbf48fe000]
   java.lang.Thread.State: TIMED_WAITING (parking)
	at jdk.internal.misc.Unsafe.park(java.base@21.0.10/Native Method)
	- parking to wait for  <0x000000070a394338> (a java.lang.String)
	at java.util.concurrent.locks.LockSupport.parkNanos(java.base@21.0.10/LockSupport.java:269)
	at net.minecraft.server.MinecraftServer.recordTaskExecutionTimeWhileWaiting(MinecraftServer.java:1242)
	at net.minecraft.server.MinecraftServer.runServer(MinecraftServer.java:1348)
	at net.minecraft.server.MinecraftServer.lambda$spin$2(MinecraftServer.java:388)
	at net.minecraft.server.MinecraftServer$$Lambda/0x000002a660f3c980.run(Unknown Source)
	at java.lang.Thread.runWith(java.base@21.0.10/Thread.java:1596)
	at java.lang.Thread.run(java.base@21.0.10/Thread.java:1583)
=== sample +10055ms ===
"Server thread" #113 [41836] prio=8 os_prio=1 cpu=3171.88ms elapsed=15.50s tid=0x000002a6a8971b50 nid=41836 runnable  [0x000000fbf48fd000]
   java.lang.Thread.State: RUNNABLE
	at net.minecraft.world.entity.Entity.move(Entity.java:1218)
	at net.minecraft.world.entity.LivingEntity.handleRelativeFrictionAndCalculateMovement(LivingEntity.java:3318)
	at net.minecraft.world.entity.LivingEntity.travelInAir(LivingEntity.java:3124)
	at net.minecraft.world.entity.LivingEntity.travel(LivingEntity.java:3092)
	at net.minecraft.world.entity.LivingEntity.aiStep(LivingEntity.java:3770)
	at net.minecraft.world.entity.Mob.aiStep(Mob.java:554)
	at net.minecraft.world.entity.LivingEntity.tick(LivingEntity.java:3439)
	at net.minecraft.world.entity.Mob.tick(Mob.java:398)
	at net.minecraft.world.entity.ambient.Bat.tick(Bat.java:118)
	at net.minecraft.server.level.ServerLevel.tickNonPassenger(ServerLevel.java:1368)
	at net.minecraft.server.level.ServerLevel$$Lambda/0x000002a6617cb7e8.accept(Unknown Source)
	at net.minecraft.world.level.Level.guardEntityTick(Level.java:1434)
	at net.minecraft.server.level.ServerLevel.lambda$tick$4(ServerLevel.java:865)
	at net.minecraft.server.level.ServerLevel$$Lambda/0x000002a661309e38.accept(Unknown Source)
	at net.minecraft.world.level.entity.EntityTickList.forEach(EntityTickList.java:39)
	at net.minecraft.server.level.ServerLevel.tick(ServerLevel.java:847)
	at net.minecraft.server.MinecraftServer.tickChildren(MinecraftServer.java:1836)
	at net.minecraft.server.MinecraftServer.tickServer(MinecraftServer.java:1619)
	at net.minecraft.server.dedicated.DedicatedServer.tickServer(DedicatedServer.java:446)
	at net.minecraft.server.MinecraftServer.processPacketsAndTick(MinecraftServer.java:1676)
	at net.minecraft.server.MinecraftServer.runServer(MinecraftServer.java:1342)
	at net.minecraft.server.MinecraftServer.lambda$spin$2(MinecraftServer.java:388)
	at net.minecraft.server.MinecraftServer$$Lambda/0x000002a660f3c980.run(Unknown Source)
	at java.lang.Thread.runWith(java.base@21.0.10/Thread.java:1596)
	at java.lang.Thread.run(java.base@21.0.10/Thread.java:1583)
=== sample +10365ms ===
"Server thread" #113 [41836] prio=8 os_prio=1 cpu=3234.38ms elapsed=15.82s tid=0x000002a6a8971b50 nid=41836 waiting on condition  [0x000000fbf48fe000]
   java.lang.Thread.State: TIMED_WAITING (parking)
	at jdk.internal.misc.Unsafe.park(java.base@21.0.10/Native Method)
	- parking to wait for  <0x000000070a394338> (a java.lang.String)
	at java.util.concurrent.locks.LockSupport.parkNanos(java.base@21.0.10/LockSupport.java:269)
	at net.minecraft.server.MinecraftServer.recordTaskExecutionTimeWhileWaiting(MinecraftServer.java:1242)
	at net.minecraft.server.MinecraftServer.runServer(MinecraftServer.java:1348)
	at net.minecraft.server.MinecraftServer.lambda$spin$2(MinecraftServer.java:388)
	at net.minecraft.server.MinecraftServer$$Lambda/0x000002a660f3c980.run(Unknown Source)
	at java.lang.Thread.runWith(java.base@21.0.10/Thread.java:1596)
	at java.lang.Thread.run(java.base@21.0.10/Thread.java:1583)
=== sample +10673ms ===
"Server thread" #113 [41836] prio=8 os_prio=1 cpu=3250.00ms elapsed=16.12s tid=0x000002a6a8971b50 nid=41836 waiting on condition  [0x000000fbf48fe000]
   java.lang.Thread.State: TIMED_WAITING (parking)
	at jdk.internal.misc.Unsafe.park(java.base@21.0.10/Native Method)
	- parking to wait for  <0x000000070a394338> (a java.lang.String)
	at java.util.concurrent.locks.LockSupport.parkNanos(java.base@21.0.10/LockSupport.java:269)
	at net.minecraft.server.MinecraftServer.recordTaskExecutionTimeWhileWaiting(MinecraftServer.java:1242)
	at net.minecraft.server.MinecraftServer.runServer(MinecraftServer.java:1348)
	at net.minecraft.server.MinecraftServer.lambda$spin$2(MinecraftServer.java:388)
	at net.minecraft.server.MinecraftServer$$Lambda/0x000002a660f3c980.run(Unknown Source)
	at java.lang.Thread.runWith(java.base@21.0.10/Thread.java:1596)
	at java.lang.Thread.run(java.base@21.0.10/Thread.java:1583)
=== sample +10954ms ===
"Server thread" #113 [41836] prio=8 os_prio=1 cpu=3265.62ms elapsed=16.42s tid=0x000002a6a8971b50 nid=41836 waiting on condition  [0x000000fbf48fe000]
   java.lang.Thread.State: TIMED_WAITING (parking)
	at jdk.internal.misc.Unsafe.park(java.base@21.0.10/Native Method)
	- parking to wait for  <0x000000070a394338> (a java.lang.String)
	at java.util.concurrent.locks.LockSupport.parkNanos(java.base@21.0.10/LockSupport.java:269)
	at net.minecraft.server.MinecraftServer.recordTaskExecutionTimeWhileWaiting(MinecraftServer.java:1242)
	at net.minecraft.server.MinecraftServer.runServer(MinecraftServer.java:1348)
	at net.minecraft.server.MinecraftServer.lambda$spin$2(MinecraftServer.java:388)
	at net.minecraft.server.MinecraftServer$$Lambda/0x000002a660f3c980.run(Unknown Source)
	at java.lang.Thread.runWith(java.base@21.0.10/Thread.java:1596)
	at java.lang.Thread.run(java.base@21.0.10/Thread.java:1583)
=== sample +11259ms ===
"Server thread" #113 [41836] prio=8 os_prio=1 cpu=3296.88ms elapsed=16.71s tid=0x000002a6a8971b50 nid=41836 waiting on condition  [0x000000fbf48fe000]
   java.lang.Thread.State: TIMED_WAITING (parking)
	at jdk.internal.misc.Unsafe.park(java.base@21.0.10/Native Method)
	- parking to wait for  <0x000000070a394338> (a java.lang.String)
	at java.util.concurrent.locks.LockSupport.parkNanos(java.base@21.0.10/LockSupport.java:269)
	at net.minecraft.server.MinecraftServer.recordTaskExecutionTimeWhileWaiting(MinecraftServer.java:1242)
	at net.minecraft.server.MinecraftServer.runServer(MinecraftServer.java:1348)
	at net.minecraft.server.MinecraftServer.lambda$spin$2(MinecraftServer.java:388)
	at net.minecraft.server.MinecraftServer$$Lambda/0x000002a660f3c980.run(Unknown Source)
	at java.lang.Thread.runWith(java.base@21.0.10/Thread.java:1596)
	at java.lang.Thread.run(java.base@21.0.10/Thread.java:1583)
=== sample +11538ms ===
"Server thread" #113 [41836] prio=8 os_prio=1 cpu=3296.88ms elapsed=17.00s tid=0x000002a6a8971b50 nid=41836 waiting on condition  [0x000000fbf48fe000]
   java.lang.Thread.State: TIMED_WAITING (parking)
	at jdk.internal.misc.Unsafe.park(java.base@21.0.10/Native Method)
	- parking to wait for  <0x000000070a394338> (a java.lang.String)
	at java.util.concurrent.locks.LockSupport.parkNanos(java.base@21.0.10/LockSupport.java:269)
	at net.minecraft.server.MinecraftServer.recordTaskExecutionTimeWhileWaiting(MinecraftServer.java:1242)
	at net.minecraft.server.MinecraftServer.runServer(MinecraftServer.java:1348)
	at net.minecraft.server.MinecraftServer.lambda$spin$2(MinecraftServer.java:388)
	at net.minecraft.server.MinecraftServer$$Lambda/0x000002a660f3c980.run(Unknown Source)
	at java.lang.Thread.runWith(java.base@21.0.10/Thread.java:1596)
	at java.lang.Thread.run(java.base@21.0.10/Thread.java:1583)
=== sample +11800ms ===
"Server thread" #113 [41836] prio=8 os_prio=1 cpu=3296.88ms elapsed=17.27s tid=0x000002a6a8971b50 nid=41836 waiting on condition  [0x000000fbf48fe000]
   java.lang.Thread.State: TIMED_WAITING (parking)
	at jdk.internal.misc.Unsafe.park(java.base@21.0.10/Native Method)
	- parking to wait for  <0x000000070a394338> (a java.lang.String)
	at java.util.concurrent.locks.LockSupport.parkNanos(java.base@21.0.10/LockSupport.java:269)
	at net.minecraft.server.MinecraftServer.recordTaskExecutionTimeWhileWaiting(MinecraftServer.java:1242)
	at net.minecraft.server.MinecraftServer.runServer(MinecraftServer.java:1348)
	at net.minecraft.server.MinecraftServer.lambda$spin$2(MinecraftServer.java:388)
	at net.minecraft.server.MinecraftServer$$Lambda/0x000002a660f3c980.run(Unknown Source)
	at java.lang.Thread.runWith(java.base@21.0.10/Thread.java:1596)
	at java.lang.Thread.run(java.base@21.0.10/Thread.java:1583)
=== sample +12075ms ===
"Server thread" #113 [41836] prio=8 os_prio=1 cpu=3296.88ms elapsed=17.54s tid=0x000002a6a8971b50 nid=41836 waiting on condition  [0x000000fbf48fe000]
   java.lang.Thread.State: TIMED_WAITING (parking)
	at jdk.internal.misc.Unsafe.park(java.base@21.0.10/Native Method)
	- parking to wait for  <0x000000070a394338> (a java.lang.String)
	at java.util.concurrent.locks.LockSupport.parkNanos(java.base@21.0.10/LockSupport.java:269)
	at net.minecraft.server.MinecraftServer.recordTaskExecutionTimeWhileWaiting(MinecraftServer.java:1242)
	at net.minecraft.server.MinecraftServer.runServer(MinecraftServer.java:1348)
	at net.minecraft.server.MinecraftServer.lambda$spin$2(MinecraftServer.java:388)
	at net.minecraft.server.MinecraftServer$$Lambda/0x000002a660f3c980.run(Unknown Source)
	at java.lang.Thread.runWith(java.base@21.0.10/Thread.java:1596)
	at java.lang.Thread.run(java.base@21.0.10/Thread.java:1583)
=== sample +12355ms ===
"Server thread" #113 [41836] prio=8 os_prio=1 cpu=3359.38ms elapsed=17.81s tid=0x000002a6a8971b50 nid=41836 waiting on condition  [0x000000fbf48fe000]
   java.lang.Thread.State: TIMED_WAITING (parking)
	at jdk.internal.misc.Unsafe.park(java.base@21.0.10/Native Method)
	- parking to wait for  <0x000000070a394338> (a java.lang.String)
	at java.util.concurrent.locks.LockSupport.parkNanos(java.base@21.0.10/LockSupport.java:269)
	at net.minecraft.server.MinecraftServer.recordTaskExecutionTimeWhileWaiting(MinecraftServer.java:1242)
	at net.minecraft.server.MinecraftServer.runServer(MinecraftServer.java:1348)
	at net.minecraft.server.MinecraftServer.lambda$spin$2(MinecraftServer.java:388)
	at net.minecraft.server.MinecraftServer$$Lambda/0x000002a660f3c980.run(Unknown Source)
	at java.lang.Thread.runWith(java.base@21.0.10/Thread.java:1596)
	at java.lang.Thread.run(java.base@21.0.10/Thread.java:1583)
=== sample +12617ms ===
"Server thread" #113 [41836] prio=8 os_prio=1 cpu=3375.00ms elapsed=18.08s tid=0x000002a6a8971b50 nid=41836 waiting on condition  [0x000000fbf48fe000]
   java.lang.Thread.State: TIMED_WAITING (parking)
	at jdk.internal.misc.Unsafe.park(java.base@21.0.10/Native Method)
	- parking to wait for  <0x000000070a394338> (a java.lang.String)
	at java.util.concurrent.locks.LockSupport.parkNanos(java.base@21.0.10/LockSupport.java:269)
	at net.minecraft.server.MinecraftServer.recordTaskExecutionTimeWhileWaiting(MinecraftServer.java:1242)
	at net.minecraft.server.MinecraftServer.runServer(MinecraftServer.java:1348)
	at net.minecraft.server.MinecraftServer.lambda$spin$2(MinecraftServer.java:388)
	at net.minecraft.server.MinecraftServer$$Lambda/0x000002a660f3c980.run(Unknown Source)
	at java.lang.Thread.runWith(java.base@21.0.10/Thread.java:1596)
	at java.lang.Thread.run(java.base@21.0.10/Thread.java:1583)
=== sample +12882ms ===
"Server thread" #113 [41836] prio=8 os_prio=1 cpu=3375.00ms elapsed=18.35s tid=0x000002a6a8971b50 nid=41836 waiting on condition  [0x000000fbf48fe000]
   java.lang.Thread.State: TIMED_WAITING (parking)
	at jdk.internal.misc.Unsafe.park(java.base@21.0.10/Native Method)
	- parking to wait for  <0x000000070a394338> (a java.lang.String)
	at java.util.concurrent.locks.LockSupport.parkNanos(java.base@21.0.10/LockSupport.java:269)
	at net.minecraft.server.MinecraftServer.recordTaskExecutionTimeWhileWaiting(MinecraftServer.java:1242)
	at net.minecraft.server.MinecraftServer.runServer(MinecraftServer.java:1348)
	at net.minecraft.server.MinecraftServer.lambda$spin$2(MinecraftServer.java:388)
	at net.minecraft.server.MinecraftServer$$Lambda/0x000002a660f3c980.run(Unknown Source)
	at java.lang.Thread.runWith(java.base@21.0.10/Thread.java:1596)
	at java.lang.Thread.run(java.base@21.0.10/Thread.java:1583)
=== sample +13147ms ===
"Server thread" #113 [41836] prio=8 os_prio=1 cpu=3375.00ms elapsed=18.61s tid=0x000002a6a8971b50 nid=41836 waiting on condition  [0x000000fbf48fe000]
   java.lang.Thread.State: TIMED_WAITING (parking)
	at jdk.internal.misc.Unsafe.park(java.base@21.0.10/Native Method)
	- parking to wait for  <0x000000070a394338> (a java.lang.String)
	at java.util.concurrent.locks.LockSupport.parkNanos(java.base@21.0.10/LockSupport.java:269)
	at net.minecraft.server.MinecraftServer.recordTaskExecutionTimeWhileWaiting(MinecraftServer.java:1242)
	at net.minecraft.server.MinecraftServer.runServer(MinecraftServer.java:1348)
	at net.minecraft.server.MinecraftServer.lambda$spin$2(MinecraftServer.java:388)
	at net.minecraft.server.MinecraftServer$$Lambda/0x000002a660f3c980.run(Unknown Source)
	at java.lang.Thread.runWith(java.base@21.0.10/Thread.java:1596)
	at java.lang.Thread.run(java.base@21.0.10/Thread.java:1583)
=== sample +13411ms ===
"Server thread" #113 [41836] prio=8 os_prio=1 cpu=3375.00ms elapsed=18.88s tid=0x000002a6a8971b50 nid=41836 waiting on condition  [0x000000fbf48fe000]
   java.lang.Thread.State: TIMED_WAITING (parking)
	at jdk.internal.misc.Unsafe.park(java.base@21.0.10/Native Method)
	- parking to wait for  <0x000000070a394338> (a java.lang.String)
	at java.util.concurrent.locks.LockSupport.parkNanos(java.base@21.0.10/LockSupport.java:269)
	at net.minecraft.server.MinecraftServer.recordTaskExecutionTimeWhileWaiting(MinecraftServer.java:1242)
	at net.minecraft.server.MinecraftServer.runServer(MinecraftServer.java:1348)
	at net.minecraft.server.MinecraftServer.lambda$spin$2(MinecraftServer.java:388)
	at net.minecraft.server.MinecraftServer$$Lambda/0x000002a660f3c980.run(Unknown Source)
	at java.lang.Thread.runWith(java.base@21.0.10/Thread.java:1596)
	at java.lang.Thread.run(java.base@21.0.10/Thread.java:1583)
=== sample +13686ms ===
"Server thread" #113 [41836] prio=8 os_prio=1 cpu=3375.00ms elapsed=19.14s tid=0x000002a6a8971b50 nid=41836 waiting on condition  [0x000000fbf48fe000]
   java.lang.Thread.State: TIMED_WAITING (parking)
	at jdk.internal.misc.Unsafe.park(java.base@21.0.10/Native Method)
	- parking to wait for  <0x000000070a394338> (a java.lang.String)
	at java.util.concurrent.locks.LockSupport.parkNanos(java.base@21.0.10/LockSupport.java:269)
	at net.minecraft.server.MinecraftServer.recordTaskExecutionTimeWhileWaiting(MinecraftServer.java:1242)
	at net.minecraft.server.MinecraftServer.runServer(MinecraftServer.java:1348)
	at net.minecraft.server.MinecraftServer.lambda$spin$2(MinecraftServer.java:388)
	at net.minecraft.server.MinecraftServer$$Lambda/0x000002a660f3c980.run(Unknown Source)
	at java.lang.Thread.runWith(java.base@21.0.10/Thread.java:1596)
	at java.lang.Thread.run(java.base@21.0.10/Thread.java:1583)
=== sample +13951ms ===
"Server thread" #113 [41836] prio=8 os_prio=1 cpu=3375.00ms elapsed=19.42s tid=0x000002a6a8971b50 nid=41836 waiting on condition  [0x000000fbf48fe000]
   java.lang.Thread.State: TIMED_WAITING (parking)
	at jdk.internal.misc.Unsafe.park(java.base@21.0.10/Native Method)
	- parking to wait for  <0x000000070a394338> (a java.lang.String)
	at java.util.concurrent.locks.LockSupport.parkNanos(java.base@21.0.10/LockSupport.java:269)
	at net.minecraft.server.MinecraftServer.recordTaskExecutionTimeWhileWaiting(MinecraftServer.java:1242)
	at net.minecraft.server.MinecraftServer.runServer(MinecraftServer.java:1348)
	at net.minecraft.server.MinecraftServer.lambda$spin$2(MinecraftServer.java:388)
	at net.minecraft.server.MinecraftServer$$Lambda/0x000002a660f3c980.run(Unknown Source)
	at java.lang.Thread.runWith(java.base@21.0.10/Thread.java:1596)
	at java.lang.Thread.run(java.base@21.0.10/Thread.java:1583)
=== sample +14201ms ===
"Server thread" #113 [41836] prio=8 os_prio=1 cpu=3437.50ms elapsed=19.68s tid=0x000002a6a8971b50 nid=41836 waiting on condition  [0x000000fbf48fe000]
   java.lang.Thread.State: TIMED_WAITING (parking)
	at jdk.internal.misc.Unsafe.park(java.base@21.0.10/Native Method)
	- parking to wait for  <0x000000070a394338> (a java.lang.String)
	at java.util.concurrent.locks.LockSupport.parkNanos(java.base@21.0.10/LockSupport.java:269)
	at net.minecraft.server.MinecraftServer.recordTaskExecutionTimeWhileWaiting(MinecraftServer.java:1242)
	at net.minecraft.server.MinecraftServer.runServer(MinecraftServer.java:1348)
	at net.minecraft.server.MinecraftServer.lambda$spin$2(MinecraftServer.java:388)
	at net.minecraft.server.MinecraftServer$$Lambda/0x000002a660f3c980.run(Unknown Source)
	at java.lang.Thread.runWith(java.base@21.0.10/Thread.java:1596)
	at java.lang.Thread.run(java.base@21.0.10/Thread.java:1583)
=== sample +14491ms ===
"Server thread" #113 [41836] prio=8 os_prio=1 cpu=3437.50ms elapsed=19.94s tid=0x000002a6a8971b50 nid=41836 waiting on condition  [0x000000fbf48fe000]
   java.lang.Thread.State: TIMED_WAITING (parking)
	at jdk.internal.misc.Unsafe.park(java.base@21.0.10/Native Method)
	- parking to wait for  <0x000000070a394338> (a java.lang.String)
	at java.util.concurrent.locks.LockSupport.parkNanos(java.base@21.0.10/LockSupport.java:269)
	at net.minecraft.server.MinecraftServer.recordTaskExecutionTimeWhileWaiting(MinecraftServer.java:1242)
	at net.minecraft.server.MinecraftServer.runServer(MinecraftServer.java:1348)
	at net.minecraft.server.MinecraftServer.lambda$spin$2(MinecraftServer.java:388)
	at net.minecraft.server.MinecraftServer$$Lambda/0x000002a660f3c980.run(Unknown Source)
	at java.lang.Thread.runWith(java.base@21.0.10/Thread.java:1596)
	at java.lang.Thread.run(java.base@21.0.10/Thread.java:1583)
=== sample +14757ms ===
"Server thread" #113 [41836] prio=8 os_prio=1 cpu=3437.50ms elapsed=20.23s tid=0x000002a6a8971b50 nid=41836 waiting on condition  [0x000000fbf48fe000]
   java.lang.Thread.State: TIMED_WAITING (parking)
	at jdk.internal.misc.Unsafe.park(java.base@21.0.10/Native Method)
	- parking to wait for  <0x000000070a394338> (a java.lang.String)
	at java.util.concurrent.locks.LockSupport.parkNanos(java.base@21.0.10/LockSupport.java:269)
	at net.minecraft.server.MinecraftServer.recordTaskExecutionTimeWhileWaiting(MinecraftServer.java:1242)
	at net.minecraft.server.MinecraftServer.runServer(MinecraftServer.java:1348)
	at net.minecraft.server.MinecraftServer.lambda$spin$2(MinecraftServer.java:388)
	at net.minecraft.server.MinecraftServer$$Lambda/0x000002a660f3c980.run(Unknown Source)
	at java.lang.Thread.runWith(java.base@21.0.10/Thread.java:1596)
	at java.lang.Thread.run(java.base@21.0.10/Thread.java:1583)
=== sample +15019ms ===
"Server thread" #113 [41836] prio=8 os_prio=1 cpu=3437.50ms elapsed=20.49s tid=0x000002a6a8971b50 nid=41836 runnable  [0x000000fbf48fd000]
   java.lang.Thread.State: RUNNABLE
	at net.minecraft.world.entity.Entity.updateFluidOnEyes(Entity.java:2119)
	at net.minecraft.world.entity.Entity.baseTick(Entity.java:879)
	at net.minecraft.world.entity.LivingEntity.baseTick(LivingEntity.java:452)
	at net.minecraft.world.entity.Mob.baseTick(Mob.java:338)
	at net.minecraft.world.entity.Entity.tick(Entity.java:845)
	at net.minecraft.world.entity.LivingEntity.tick(LivingEntity.java:3400)
	at net.minecraft.world.entity.Mob.tick(Mob.java:398)
	at net.minecraft.server.level.ServerLevel.tickNonPassenger(ServerLevel.java:1368)
	at net.minecraft.server.level.ServerLevel$$Lambda/0x000002a6617cb7e8.accept(Unknown Source)
	at net.minecraft.world.level.Level.guardEntityTick(Level.java:1434)
	at net.minecraft.server.level.ServerLevel.lambda$tick$4(ServerLevel.java:865)
	at net.minecraft.server.level.ServerLevel$$Lambda/0x000002a661309e38.accept(Unknown Source)
	at net.minecraft.world.level.entity.EntityTickList.forEach(EntityTickList.java:39)
	at net.minecraft.server.level.ServerLevel.tick(ServerLevel.java:847)
	at net.minecraft.server.MinecraftServer.tickChildren(MinecraftServer.java:1836)
	at net.minecraft.server.MinecraftServer.tickServer(MinecraftServer.java:1619)
	at net.minecraft.server.dedicated.DedicatedServer.tickServer(DedicatedServer.java:446)
	at net.minecraft.server.MinecraftServer.processPacketsAndTick(MinecraftServer.java:1676)
	at net.minecraft.server.MinecraftServer.runServer(MinecraftServer.java:1342)
	at net.minecraft.server.MinecraftServer.lambda$spin$2(MinecraftServer.java:388)
	at net.minecraft.server.MinecraftServer$$Lambda/0x000002a660f3c980.run(Unknown Source)
	at java.lang.Thread.runWith(java.base@21.0.10/Thread.java:1596)
	at java.lang.Thread.run(java.base@21.0.10/Thread.java:1583)
=== sample +15294ms ===
"Server thread" #113 [41836] prio=8 os_prio=1 cpu=3437.50ms elapsed=20.75s tid=0x000002a6a8971b50 nid=41836 waiting on condition  [0x000000fbf48fe000]
   java.lang.Thread.State: TIMED_WAITING (parking)
	at jdk.internal.misc.Unsafe.park(java.base@21.0.10/Native Method)
	- parking to wait for  <0x000000070a394338> (a java.lang.String)
	at java.util.concurrent.locks.LockSupport.parkNanos(java.base@21.0.10/LockSupport.java:269)
	at net.minecraft.server.MinecraftServer.recordTaskExecutionTimeWhileWaiting(MinecraftServer.java:1242)
	at net.minecraft.server.MinecraftServer.runServer(MinecraftServer.java:1348)
	at net.minecraft.server.MinecraftServer.lambda$spin$2(MinecraftServer.java:388)
	at net.minecraft.server.MinecraftServer$$Lambda/0x000002a660f3c980.run(Unknown Source)
	at java.lang.Thread.runWith(java.base@21.0.10/Thread.java:1596)
	at java.lang.Thread.run(java.base@21.0.10/Thread.java:1583)
=== sample +15575ms ===
"Server thread" #113 [41836] prio=8 os_prio=1 cpu=3468.75ms elapsed=21.03s tid=0x000002a6a8971b50 nid=41836 waiting on condition  [0x000000fbf48fe000]
   java.lang.Thread.State: TIMED_WAITING (parking)
	at jdk.internal.misc.Unsafe.park(java.base@21.0.10/Native Method)
	- parking to wait for  <0x000000070a394338> (a java.lang.String)
	at java.util.concurrent.locks.LockSupport.parkNanos(java.base@21.0.10/LockSupport.java:269)
	at net.minecraft.server.MinecraftServer.recordTaskExecutionTimeWhileWaiting(MinecraftServer.java:1242)
	at net.minecraft.server.MinecraftServer.runServer(MinecraftServer.java:1348)
	at net.minecraft.server.MinecraftServer.lambda$spin$2(MinecraftServer.java:388)
	at net.minecraft.server.MinecraftServer$$Lambda/0x000002a660f3c980.run(Unknown Source)
	at java.lang.Thread.runWith(java.base@21.0.10/Thread.java:1596)
	at java.lang.Thread.run(java.base@21.0.10/Thread.java:1583)
=== sample +15837ms ===
"Server thread" #113 [41836] prio=8 os_prio=1 cpu=3500.00ms elapsed=21.30s tid=0x000002a6a8971b50 nid=41836 waiting on condition  [0x000000fbf48fe000]
   java.lang.Thread.State: TIMED_WAITING (parking)
	at jdk.internal.misc.Unsafe.park(java.base@21.0.10/Native Method)
	- parking to wait for  <0x000000070a394338> (a java.lang.String)
	at java.util.concurrent.locks.LockSupport.parkNanos(java.base@21.0.10/LockSupport.java:269)
	at net.minecraft.server.MinecraftServer.recordTaskExecutionTimeWhileWaiting(MinecraftServer.java:1242)
	at net.minecraft.server.MinecraftServer.runServer(MinecraftServer.java:1348)
	at net.minecraft.server.MinecraftServer.lambda$spin$2(MinecraftServer.java:388)
	at net.minecraft.server.MinecraftServer$$Lambda/0x000002a660f3c980.run(Unknown Source)
	at java.lang.Thread.runWith(java.base@21.0.10/Thread.java:1596)
	at java.lang.Thread.run(java.base@21.0.10/Thread.java:1583)
=== sample +16081ms ===
"Server thread" #113 [41836] prio=8 os_prio=1 cpu=3500.00ms elapsed=21.55s tid=0x000002a6a8971b50 nid=41836 waiting on condition  [0x000000fbf48fe000]
   java.lang.Thread.State: TIMED_WAITING (parking)
	at jdk.internal.misc.Unsafe.park(java.base@21.0.10/Native Method)
	- parking to wait for  <0x000000070a394338> (a java.lang.String)
	at java.util.concurrent.locks.LockSupport.parkNanos(java.base@21.0.10/LockSupport.java:269)
	at net.minecraft.server.MinecraftServer.recordTaskExecutionTimeWhileWaiting(MinecraftServer.java:1242)
	at net.minecraft.server.MinecraftServer.runServer(MinecraftServer.java:1348)
	at net.minecraft.server.MinecraftServer.lambda$spin$2(MinecraftServer.java:388)
	at net.minecraft.server.MinecraftServer$$Lambda/0x000002a660f3c980.run(Unknown Source)
	at java.lang.Thread.runWith(java.base@21.0.10/Thread.java:1596)
	at java.lang.Thread.run(java.base@21.0.10/Thread.java:1583)
=== sample +16329ms ===
"Server thread" #113 [41836] prio=8 os_prio=1 cpu=3500.00ms elapsed=21.80s tid=0x000002a6a8971b50 nid=41836 waiting on condition  [0x000000fbf48fe000]
   java.lang.Thread.State: TIMED_WAITING (parking)
	at jdk.internal.misc.Unsafe.park(java.base@21.0.10/Native Method)
	- parking to wait for  <0x000000070a394338> (a java.lang.String)
	at java.util.concurrent.locks.LockSupport.parkNanos(java.base@21.0.10/LockSupport.java:269)
	at net.minecraft.server.MinecraftServer.recordTaskExecutionTimeWhileWaiting(MinecraftServer.java:1242)
	at net.minecraft.server.MinecraftServer.runServer(MinecraftServer.java:1348)
	at net.minecraft.server.MinecraftServer.lambda$spin$2(MinecraftServer.java:388)
	at net.minecraft.server.MinecraftServer$$Lambda/0x000002a660f3c980.run(Unknown Source)
	at java.lang.Thread.runWith(java.base@21.0.10/Thread.java:1596)
	at java.lang.Thread.run(java.base@21.0.10/Thread.java:1583)
=== sample +16576ms ===
"Server thread" #113 [41836] prio=8 os_prio=1 cpu=3531.25ms elapsed=22.05s tid=0x000002a6a8971b50 nid=41836 waiting on condition  [0x000000fbf48fe000]
   java.lang.Thread.State: TIMED_WAITING (parking)
	at jdk.internal.misc.Unsafe.park(java.base@21.0.10/Native Method)
	- parking to wait for  <0x000000070a394338> (a java.lang.String)
	at java.util.concurrent.locks.LockSupport.parkNanos(java.base@21.0.10/LockSupport.java:269)
	at net.minecraft.server.MinecraftServer.recordTaskExecutionTimeWhileWaiting(MinecraftServer.java:1242)
	at net.minecraft.server.MinecraftServer.runServer(MinecraftServer.java:1348)
	at net.minecraft.server.MinecraftServer.lambda$spin$2(MinecraftServer.java:388)
	at net.minecraft.server.MinecraftServer$$Lambda/0x000002a660f3c980.run(Unknown Source)
	at java.lang.Thread.runWith(java.base@21.0.10/Thread.java:1596)
	at java.lang.Thread.run(java.base@21.0.10/Thread.java:1583)
=== sample +16818ms ===
"Server thread" #113 [41836] prio=8 os_prio=1 cpu=3546.88ms elapsed=22.29s tid=0x000002a6a8971b50 nid=41836 waiting on condition  [0x000000fbf48fe000]
   java.lang.Thread.State: TIMED_WAITING (parking)
	at jdk.internal.misc.Unsafe.park(java.base@21.0.10/Native Method)
	- parking to wait for  <0x000000070a394338> (a java.lang.String)
	at java.util.concurrent.locks.LockSupport.parkNanos(java.base@21.0.10/LockSupport.java:269)
	at net.minecraft.server.MinecraftServer.recordTaskExecutionTimeWhileWaiting(MinecraftServer.java:1242)
	at net.minecraft.server.MinecraftServer.runServer(MinecraftServer.java:1348)
	at net.minecraft.server.MinecraftServer.lambda$spin$2(MinecraftServer.java:388)
	at net.minecraft.server.MinecraftServer$$Lambda/0x000002a660f3c980.run(Unknown Source)
	at java.lang.Thread.runWith(java.base@21.0.10/Thread.java:1596)
	at java.lang.Thread.run(java.base@21.0.10/Thread.java:1583)
=== sample +17064ms ===
"Server thread" #113 [41836] prio=8 os_prio=1 cpu=3546.88ms elapsed=22.54s tid=0x000002a6a8971b50 nid=41836 waiting on condition  [0x000000fbf48fe000]
   java.lang.Thread.State: TIMED_WAITING (parking)
	at jdk.internal.misc.Unsafe.park(java.base@21.0.10/Native Method)
	- parking to wait for  <0x000000070a394338> (a java.lang.String)
	at java.util.concurrent.locks.LockSupport.parkNanos(java.base@21.0.10/LockSupport.java:269)
	at net.minecraft.server.MinecraftServer.recordTaskExecutionTimeWhileWaiting(MinecraftServer.java:1242)
	at net.minecraft.server.MinecraftServer.runServer(MinecraftServer.java:1348)
	at net.minecraft.server.MinecraftServer.lambda$spin$2(MinecraftServer.java:388)
	at net.minecraft.server.MinecraftServer$$Lambda/0x000002a660f3c980.run(Unknown Source)
	at java.lang.Thread.runWith(java.base@21.0.10/Thread.java:1596)
	at java.lang.Thread.run(java.base@21.0.10/Thread.java:1583)
=== sample +17315ms ===
"Server thread" #113 [41836] prio=8 os_prio=1 cpu=3546.88ms elapsed=22.78s tid=0x000002a6a8971b50 nid=41836 runnable  [0x000000fbf48fd000]
   java.lang.Thread.State: RUNNABLE
	at net.minecraft.server.level.ServerChunkCache.getChunk(ServerChunkCache.java:320)
	at net.minecraft.world.level.Level.getChunk(Level.java:1032)
	at net.minecraft.world.level.Level.getNoiseBiome(Level.java:816)
	at net.minecraft.world.level.biome.BiomeManager.getBiome(BiomeManager.java:64)
	at net.minecraft.world.level.LevelReader.getBiome(LevelReader.java:55)
	at net.minecraft.world.level.NaturalSpawner.getRandomSpawnMobAt(NaturalSpawner.java:438)
	at net.minecraft.world.level.NaturalSpawner.spawnCategoryForPosition(NaturalSpawner.java:272)
	at net.minecraft.world.level.NaturalSpawner.spawnCategoryForChunk(NaturalSpawner.java:221)
	at net.minecraft.world.level.NaturalSpawner.spawnForChunk(NaturalSpawner.java:190)
	at net.minecraft.server.level.ServerChunkCache.tickSpawningChunk(ServerChunkCache.java:624)
	at net.minecraft.server.level.ServerChunkCache.tickChunks(ServerChunkCache.java:599)
	at net.minecraft.server.level.ServerChunkCache.tickChunks(ServerChunkCache.java:507)
	at net.minecraft.server.level.ServerChunkCache.tick(ServerChunkCache.java:488)
	at net.minecraft.server.level.ServerLevel.tick(ServerLevel.java:815)
	at net.minecraft.server.MinecraftServer.tickChildren(MinecraftServer.java:1836)
	at net.minecraft.server.MinecraftServer.tickServer(MinecraftServer.java:1619)
	at net.minecraft.server.dedicated.DedicatedServer.tickServer(DedicatedServer.java:446)
	at net.minecraft.server.MinecraftServer.processPacketsAndTick(MinecraftServer.java:1676)
	at net.minecraft.server.MinecraftServer.runServer(MinecraftServer.java:1342)
	at net.minecraft.server.MinecraftServer.lambda$spin$2(MinecraftServer.java:388)
	at net.minecraft.server.MinecraftServer$$Lambda/0x000002a660f3c980.run(Unknown Source)
	at java.lang.Thread.runWith(java.base@21.0.10/Thread.java:1596)
	at java.lang.Thread.run(java.base@21.0.10/Thread.java:1583)
=== sample +17560ms ===
"Server thread" #113 [41836] prio=8 os_prio=1 cpu=3562.50ms elapsed=23.03s tid=0x000002a6a8971b50 nid=41836 waiting on condition  [0x000000fbf48fe000]
   java.lang.Thread.State: TIMED_WAITING (parking)
	at jdk.internal.misc.Unsafe.park(java.base@21.0.10/Native Method)
	- parking to wait for  <0x000000070a394338> (a java.lang.String)
	at java.util.concurrent.locks.LockSupport.parkNanos(java.base@21.0.10/LockSupport.java:269)
	at net.minecraft.server.MinecraftServer.recordTaskExecutionTimeWhileWaiting(MinecraftServer.java:1242)
	at net.minecraft.server.MinecraftServer.runServer(MinecraftServer.java:1348)
	at net.minecraft.server.MinecraftServer.lambda$spin$2(MinecraftServer.java:388)
	at net.minecraft.server.MinecraftServer$$Lambda/0x000002a660f3c980.run(Unknown Source)
	at java.lang.Thread.runWith(java.base@21.0.10/Thread.java:1596)
	at java.lang.Thread.run(java.base@21.0.10/Thread.java:1583)
=== sample +17825ms ===
"Server thread" #113 [41836] prio=8 os_prio=1 cpu=3625.00ms elapsed=23.29s tid=0x000002a6a8971b50 nid=41836 waiting on condition  [0x000000fbf48fe000]
   java.lang.Thread.State: TIMED_WAITING (parking)
	at jdk.internal.misc.Unsafe.park(java.base@21.0.10/Native Method)
	- parking to wait for  <0x000000070a394338> (a java.lang.String)
	at java.util.concurrent.locks.LockSupport.parkNanos(java.base@21.0.10/LockSupport.java:269)
	at net.minecraft.server.MinecraftServer.recordTaskExecutionTimeWhileWaiting(MinecraftServer.java:1242)
	at net.minecraft.server.MinecraftServer.runServer(MinecraftServer.java:1348)
	at net.minecraft.server.MinecraftServer.lambda$spin$2(MinecraftServer.java:388)
	at net.minecraft.server.MinecraftServer$$Lambda/0x000002a660f3c980.run(Unknown Source)
	at java.lang.Thread.runWith(java.base@21.0.10/Thread.java:1596)
	at java.lang.Thread.run(java.base@21.0.10/Thread.java:1583)
=== sample +18089ms ===
"Server thread" #113 [41836] prio=8 os_prio=1 cpu=3625.00ms elapsed=23.55s tid=0x000002a6a8971b50 nid=41836 waiting on condition  [0x000000fbf48fe000]
   java.lang.Thread.State: TIMED_WAITING (parking)
	at jdk.internal.misc.Unsafe.park(java.base@21.0.10/Native Method)
	- parking to wait for  <0x000000070a394338> (a java.lang.String)
	at java.util.concurrent.locks.LockSupport.parkNanos(java.base@21.0.10/LockSupport.java:269)
	at net.minecraft.server.MinecraftServer.recordTaskExecutionTimeWhileWaiting(MinecraftServer.java:1242)
	at net.minecraft.server.MinecraftServer.runServer(MinecraftServer.java:1348)
	at net.minecraft.server.MinecraftServer.lambda$spin$2(MinecraftServer.java:388)
	at net.minecraft.server.MinecraftServer$$Lambda/0x000002a660f3c980.run(Unknown Source)
	at java.lang.Thread.runWith(java.base@21.0.10/Thread.java:1596)
	at java.lang.Thread.run(java.base@21.0.10/Thread.java:1583)
=== sample +18353ms ===
"Server thread" #113 [41836] prio=8 os_prio=1 cpu=3625.00ms elapsed=23.82s tid=0x000002a6a8971b50 nid=41836 waiting on condition  [0x000000fbf48fe000]
   java.lang.Thread.State: TIMED_WAITING (parking)
	at jdk.internal.misc.Unsafe.park(java.base@21.0.10/Native Method)
	- parking to wait for  <0x000000070a394338> (a java.lang.String)
	at java.util.concurrent.locks.LockSupport.parkNanos(java.base@21.0.10/LockSupport.java:269)
	at net.minecraft.server.MinecraftServer.recordTaskExecutionTimeWhileWaiting(MinecraftServer.java:1242)
	at net.minecraft.server.MinecraftServer.runServer(MinecraftServer.java:1348)
	at net.minecraft.server.MinecraftServer.lambda$spin$2(MinecraftServer.java:388)
	at net.minecraft.server.MinecraftServer$$Lambda/0x000002a660f3c980.run(Unknown Source)
	at java.lang.Thread.runWith(java.base@21.0.10/Thread.java:1596)
	at java.lang.Thread.run(java.base@21.0.10/Thread.java:1583)
=== sample +18602ms ===
"Server thread" #113 [41836] prio=8 os_prio=1 cpu=3625.00ms elapsed=24.08s tid=0x000002a6a8971b50 nid=41836 waiting on condition  [0x000000fbf48fe000]
   java.lang.Thread.State: TIMED_WAITING (parking)
	at jdk.internal.misc.Unsafe.park(java.base@21.0.10/Native Method)
	- parking to wait for  <0x000000070a394338> (a java.lang.String)
	at java.util.concurrent.locks.LockSupport.parkNanos(java.base@21.0.10/LockSupport.java:269)
	at net.minecraft.server.MinecraftServer.recordTaskExecutionTimeWhileWaiting(MinecraftServer.java:1242)
	at net.minecraft.server.MinecraftServer.runServer(MinecraftServer.java:1348)
	at net.minecraft.server.MinecraftServer.lambda$spin$2(MinecraftServer.java:388)
	at net.minecraft.server.MinecraftServer$$Lambda/0x000002a660f3c980.run(Unknown Source)
	at java.lang.Thread.runWith(java.base@21.0.10/Thread.java:1596)
	at java.lang.Thread.run(java.base@21.0.10/Thread.java:1583)
=== sample +18851ms ===
"Server thread" #113 [41836] prio=8 os_prio=1 cpu=3625.00ms elapsed=24.33s tid=0x000002a6a8971b50 nid=41836 waiting on condition  [0x000000fbf48fe000]
   java.lang.Thread.State: TIMED_WAITING (parking)
	at jdk.internal.misc.Unsafe.park(java.base@21.0.10/Native Method)
	- parking to wait for  <0x000000070a394338> (a java.lang.String)
	at java.util.concurrent.locks.LockSupport.parkNanos(java.base@21.0.10/LockSupport.java:269)
	at net.minecraft.server.MinecraftServer.recordTaskExecutionTimeWhileWaiting(MinecraftServer.java:1242)
	at net.minecraft.server.MinecraftServer.runServer(MinecraftServer.java:1348)
	at net.minecraft.server.MinecraftServer.lambda$spin$2(MinecraftServer.java:388)
	at net.minecraft.server.MinecraftServer$$Lambda/0x000002a660f3c980.run(Unknown Source)
	at java.lang.Thread.runWith(java.base@21.0.10/Thread.java:1596)
	at java.lang.Thread.run(java.base@21.0.10/Thread.java:1583)
=== sample +19100ms ===
"Server thread" #113 [41836] prio=8 os_prio=1 cpu=3625.00ms elapsed=24.57s tid=0x000002a6a8971b50 nid=41836 waiting on condition  [0x000000fbf48fe000]
   java.lang.Thread.State: TIMED_WAITING (parking)
	at jdk.internal.misc.Unsafe.park(java.base@21.0.10/Native Method)
	- parking to wait for  <0x000000070a394338> (a java.lang.String)
	at java.util.concurrent.locks.LockSupport.parkNanos(java.base@21.0.10/LockSupport.java:269)
	at net.minecraft.server.MinecraftServer.recordTaskExecutionTimeWhileWaiting(MinecraftServer.java:1242)
	at net.minecraft.server.MinecraftServer.runServer(MinecraftServer.java:1348)
	at net.minecraft.server.MinecraftServer.lambda$spin$2(MinecraftServer.java:388)
	at net.minecraft.server.MinecraftServer$$Lambda/0x000002a660f3c980.run(Unknown Source)
	at java.lang.Thread.runWith(java.base@21.0.10/Thread.java:1596)
	at java.lang.Thread.run(java.base@21.0.10/Thread.java:1583)
botFailures=[] exited=true
