boot: [03:44:49 INFO]: Done (19.202s)! For help, type "help"
built platform (half=88) + 256 ring cells (side=16, pitch=8, blocks/cell=12)
verify round 0: RING=256 REP=256 missing=[]
ringStructuralA=256 seedRepeaterA=256 expectedCells=256
forensics entry: missing=[]
ringStructuralB=256 seedRepeaterB=256
window done (10 bots x 360000ms, cells=256)
presence gate PASS (RING A=B=256 REP A=B=256 == N=256)
echoes dumped: C:\Users\Z\AppData\Local\Temp\papo-rsscale-3676148633160986212\echoes.txt
---- PapoTickProfile windows (from logs/latest.log) ----
[03:44:49] [Server thread/INFO]: [STDOUT] [io.papermc.paper.util.PapoTickProfile] PapoTickProfile window=400ticks totalWallMs=0 measuredMs=0 gcMs=0
[03:45:10] [Server thread/INFO]: [STDOUT] [io.papermc.paper.util.PapoTickProfile] PapoTickProfile window=400ticks totalWallMs=20729 measuredMs=7101 gcMs=139
[03:45:10] [Server thread/INFO]: [STDOUT] [io.papermc.paper.util.PapoTickProfile] PapoTickProfile.phase worlds                     total= 2040.4ms avg/tick= 5101.1us share= 28.7% n=400
[03:45:10] [Server thread/INFO]: [STDOUT] [io.papermc.paper.util.PapoTickProfile] PapoTickProfile.phase level.tickPending+misc     total= 1276.6ms avg/tick= 3191.4us share= 18.0% n=1200
[03:45:10] [Server thread/INFO]: [STDOUT] [io.papermc.paper.util.PapoTickProfile] PapoTickProfile.phase level.chunkSource          total=  873.1ms avg/tick= 2182.7us share= 12.3% n=1200
[03:45:10] [Server thread/INFO]: [STDOUT] [io.papermc.paper.util.PapoTickProfile] PapoTickProfile.phase server.taskDrain           total=  807.4ms avg/tick= 2018.4us share= 11.4% n=400
[03:45:10] [Server thread/INFO]: [STDOUT] [io.papermc.paper.util.PapoTickProfile] PapoTickProfile.phase level.entities             total=  731.1ms avg/tick= 1827.7us share= 10.3% n=1200
[03:45:10] [Server thread/INFO]: [STDOUT] [io.papermc.paper.util.PapoTickProfile] PapoTickProfile.phase connection                 total=  372.0ms avg/tick=  930.0us share=  5.2% n=400
[03:45:10] [Server thread/INFO]: [STDOUT] [io.papermc.paper.util.PapoTickProfile] PapoTickProfile.phase level.blockTicks           total=  257.4ms avg/tick=  643.5us share=  3.6% n=1200
[03:45:10] [Server thread/INFO]: [STDOUT] [io.papermc.paper.util.PapoTickProfile] PapoTickProfile.phase conn.listenerTick          total=  231.2ms avg/tick=  578.1us share=  3.3% n=3528
[03:45:10] [Server thread/INFO]: [STDOUT] [io.papermc.paper.util.PapoTickProfile] PapoTickProfile.phase player.superTick           total=  139.8ms avg/tick=  349.4us share=  2.0% n=3180
[03:45:10] [Server thread/INFO]: [STDOUT] [io.papermc.paper.util.PapoTickProfile] PapoTickProfile.phase level.fluidTicks           total=  139.0ms avg/tick=  347.6us share=  2.0% n=1200
[03:45:10] [Server thread/INFO]: [STDOUT] [io.papermc.paper.util.PapoTickProfile] PapoTickProfile.phase ent.serverAiStep           total=  132.9ms avg/tick=  332.4us share=  1.9% n=13805
[03:45:10] [Server thread/INFO]: [STDOUT] [io.papermc.paper.util.PapoTickProfile] PapoTickProfile.phase sendChunks                 total=   28.8ms avg/tick=   72.1us share=  0.4% n=400
[03:45:10] [Server thread/INFO]: [STDOUT] [io.papermc.paper.util.PapoTickProfile] PapoTickProfile.phase chunkMap.tracker.maintain  total=   27.4ms avg/tick=   68.4us share=  0.4% n=1200
[03:45:10] [Server thread/INFO]: [STDOUT] [io.papermc.paper.util.PapoTickProfile] PapoTickProfile.phase chunkMap.tracker.sendChanges total=   21.3ms avg/tick=   53.2us share=  0.3% n=1200
[03:45:10] [Server thread/INFO]: [STDOUT] [io.papermc.paper.util.PapoTickProfile] PapoTickProfile.phase player.pushEntities        total=   10.9ms avg/tick=   27.2us share=  0.2% n=9603
[03:45:10] [Server thread/INFO]: [STDOUT] [io.papermc.paper.util.PapoTickProfile] PapoTickProfile.phase chunkMap.tracker.fanout    total=    4.0ms avg/tick=    9.9us share=  0.1% n=1200
[03:45:10] [Server thread/INFO]: [STDOUT] [io.papermc.paper.util.PapoTickProfile] PapoTickProfile.phase player.aiStepTouchScan     total=    3.6ms avg/tick=    9.1us share=  0.1% n=3180
[03:45:10] [Server thread/INFO]: [STDOUT] [io.papermc.paper.util.PapoTickProfile] PapoTickProfile.phase level.blockEvents          total=    2.7ms avg/tick=    6.6us share=  0.0% n=1200
[03:45:10] [Server thread/INFO]: [STDOUT] [io.papermc.paper.util.PapoTickProfile] PapoTickProfile.phase conn.flushQueue            total=    1.1ms avg/tick=    2.7us share=  0.0% n=3528
[03:45:10] [Server thread/INFO]: [STDOUT] [io.papermc.paper.util.PapoTickProfile] PapoTickProfile.phase functions                  total=    1.0ms avg/tick=    2.4us share=  0.0% n=400
[03:45:10] [Server thread/INFO]: [STDOUT] [io.papermc.paper.util.PapoTickProfile] PapoTickProfile.phase players                    total=    0.3ms avg/tick=    0.7us share=  0.0% n=400
[03:45:10] [Server thread/INFO]: [STDOUT] [io.papermc.paper.util.PapoTickProfile] PapoTickProfile.count rs.blockTickRuns           total=    69609 avg/tick=    174.0 n=69609
[03:45:10] [Server thread/INFO]: [STDOUT] [io.papermc.paper.util.PapoTickProfile] PapoTickProfile.count fanout.sends               total=    21375 avg/tick=     53.4 n=1200
[03:45:10] [Server thread/INFO]: [STDOUT] [io.papermc.paper.util.PapoTickProfile] PapoTickProfile.count rs.fluidTickRuns           total=     7843 avg/tick=     19.6 n=7843
[03:45:10] [Server thread/INFO]: [STDOUT] [io.papermc.paper.util.PapoTickProfile] PapoTickProfile.count fanout.pkt.headRot         total=     1197 avg/tick=      3.0 n=311
[03:45:10] [Server thread/INFO]: [STDOUT] [io.papermc.paper.util.PapoTickProfile] PapoTickProfile.count fanout.pkt.movePosRot      total=      999 avg/tick=      2.5 n=302
[03:45:10] [Server thread/INFO]: [STDOUT] [io.papermc.paper.util.PapoTickProfile] PapoTickProfile.count fanout.pkt.posSync         total=      200 avg/tick=      0.5 n=105
[03:45:10] [Server thread/INFO]: [STDOUT] [io.papermc.paper.util.PapoTickProfile] PapoTickProfile.count fanout.pkt.movePos         total=      188 avg/tick=      0.5 n=109
[03:45:10] [Server thread/INFO]: [STDOUT] [io.papermc.paper.util.PapoTickProfile] PapoTickProfile.count fanout.pkt.velocity        total=      163 avg/tick=      0.4 n=110
[03:45:10] [Server thread/INFO]: [STDOUT] [io.papermc.paper.util.PapoTickProfile] PapoTickProfile.count fanout.pkt.other           total=      155 avg/tick=      0.4 n=60
[03:45:10] [Server thread/INFO]: [STDOUT] [io.papermc.paper.util.PapoTickProfile] PapoTickProfile.count fanout.pkt.entityData      total=       69 avg/tick=      0.2 n=34
[03:45:10] [Server thread/INFO]: [STDOUT] [io.papermc.paper.util.PapoTickProfile] PapoTickProfile.count fanout.pkt.moveRot         total=       26 avg/tick=      0.1 n=23
[03:45:30] [Server thread/INFO]: [STDOUT] [io.papermc.paper.util.PapoTickProfile] PapoTickProfile window=400ticks totalWallMs=19999 measuredMs=2547 gcMs=14
[03:45:30] [Server thread/INFO]: [STDOUT] [io.papermc.paper.util.PapoTickProfile] PapoTickProfile.phase worlds                     total=  661.2ms avg/tick= 1653.0us share= 26.0% n=400
[03:45:30] [Server thread/INFO]: [STDOUT] [io.papermc.paper.util.PapoTickProfile] PapoTickProfile.phase connection                 total=  589.2ms avg/tick= 1473.0us share= 23.1% n=400
[03:45:30] [Server thread/INFO]: [STDOUT] [io.papermc.paper.util.PapoTickProfile] PapoTickProfile.phase level.tickPending+misc     total=  439.5ms avg/tick= 1098.8us share= 17.3% n=1200
[03:45:30] [Server thread/INFO]: [STDOUT] [io.papermc.paper.util.PapoTickProfile] PapoTickProfile.phase level.chunkSource          total=  346.0ms avg/tick=  865.1us share= 13.6% n=1200
[03:45:30] [Server thread/INFO]: [STDOUT] [io.papermc.paper.util.PapoTickProfile] PapoTickProfile.phase level.entities             total=  210.0ms avg/tick=  525.0us share=  8.2% n=1200
[03:45:30] [Server thread/INFO]: [STDOUT] [io.papermc.paper.util.PapoTickProfile] PapoTickProfile.phase level.blockTicks           total=   74.8ms avg/tick=  187.1us share=  2.9% n=1200
[03:45:30] [Server thread/INFO]: [STDOUT] [io.papermc.paper.util.PapoTickProfile] PapoTickProfile.phase conn.listenerTick          total=   62.3ms avg/tick=  155.7us share=  2.4% n=4000
[03:45:30] [Server thread/INFO]: [STDOUT] [io.papermc.paper.util.PapoTickProfile] PapoTickProfile.phase player.superTick           total=   43.6ms avg/tick=  109.1us share=  1.7% n=4000
[03:45:30] [Server thread/INFO]: [STDOUT] [io.papermc.paper.util.PapoTickProfile] PapoTickProfile.phase sendChunks                 total=   32.3ms avg/tick=   80.7us share=  1.3% n=400
[03:45:30] [Server thread/INFO]: [STDOUT] [io.papermc.paper.util.PapoTickProfile] PapoTickProfile.phase ent.serverAiStep           total=   22.4ms avg/tick=   56.1us share=  0.9% n=13134
[03:45:30] [Server thread/INFO]: [STDOUT] [io.papermc.paper.util.PapoTickProfile] PapoTickProfile.phase level.fluidTicks           total=   15.6ms avg/tick=   39.0us share=  0.6% n=1200
[03:45:30] [Server thread/INFO]: [STDOUT] [io.papermc.paper.util.PapoTickProfile] PapoTickProfile.phase chunkMap.tracker.sendChanges total=   14.1ms avg/tick=   35.3us share=  0.6% n=1200
[03:45:30] [Server thread/INFO]: [STDOUT] [io.papermc.paper.util.PapoTickProfile] PapoTickProfile.phase chunkMap.tracker.maintain  total=   13.9ms avg/tick=   34.8us share=  0.5% n=1200
[03:45:30] [Server thread/INFO]: [STDOUT] [io.papermc.paper.util.PapoTickProfile] PapoTickProfile.phase server.taskDrain           total=   12.4ms avg/tick=   31.1us share=  0.5% n=400
[03:45:30] [Server thread/INFO]: [STDOUT] [io.papermc.paper.util.PapoTickProfile] PapoTickProfile.phase chunkMap.tracker.fanout    total=    3.2ms avg/tick=    7.9us share=  0.1% n=1200
[03:45:30] [Server thread/INFO]: [STDOUT] [io.papermc.paper.util.PapoTickProfile] PapoTickProfile.phase player.pushEntities        total=    2.4ms avg/tick=    6.0us share=  0.1% n=7637
[03:45:30] [Server thread/INFO]: [STDOUT] [io.papermc.paper.util.PapoTickProfile] PapoTickProfile.phase player.aiStepTouchScan     total=    1.4ms avg/tick=    3.4us share=  0.1% n=4000
[03:45:30] [Server thread/INFO]: [STDOUT] [io.papermc.paper.util.PapoTickProfile] PapoTickProfile.phase level.blockEvents          total=    1.1ms avg/tick=    2.8us share=  0.0% n=1200
[03:45:30] [Server thread/INFO]: [STDOUT] [io.papermc.paper.util.PapoTickProfile] PapoTickProfile.phase players                    total=    0.8ms avg/tick=    2.1us share=  0.0% n=400
[03:45:30] [Server thread/INFO]: [STDOUT] [io.papermc.paper.util.PapoTickProfile] PapoTickProfile.phase conn.flushQueue            total=    0.5ms avg/tick=    1.2us share=  0.0% n=4000
[03:45:30] [Server thread/INFO]: [STDOUT] [io.papermc.paper.util.PapoTickProfile] PapoTickProfile.phase functions                  total=    0.2ms avg/tick=    0.4us share=  0.0% n=400
[03:45:30] [Server thread/INFO]: [STDOUT] [io.papermc.paper.util.PapoTickProfile] PapoTickProfile.count fanout.sends               total=    26531 avg/tick=     66.3 n=1200
[03:45:30] [Server thread/INFO]: [STDOUT] [io.papermc.paper.util.PapoTickProfile] PapoTickProfile.count rs.blockTickRuns           total=     1162 avg/tick=      2.9 n=1162
[03:45:30] [Server thread/INFO]: [STDOUT] [io.papermc.paper.util.PapoTickProfile] PapoTickProfile.count fanout.pkt.headRot         total=     1000 avg/tick=      2.5 n=362
[03:45:30] [Server thread/INFO]: [STDOUT] [io.papermc.paper.util.PapoTickProfile] PapoTickProfile.count fanout.pkt.movePosRot      total=      878 avg/tick=      2.2 n=339
[03:45:30] [Server thread/INFO]: [STDOUT] [io.papermc.paper.util.PapoTickProfile] PapoTickProfile.count rs.fluidTickRuns           total=      872 avg/tick=      2.2 n=872
[03:45:30] [Server thread/INFO]: [STDOUT] [io.papermc.paper.util.PapoTickProfile] PapoTickProfile.count fanout.pkt.movePos         total=      581 avg/tick=      1.5 n=139
[03:45:30] [Server thread/INFO]: [STDOUT] [io.papermc.paper.util.PapoTickProfile] PapoTickProfile.count fanout.pkt.velocity        total=      403 avg/tick=      1.0 n=80
[03:45:30] [Server thread/INFO]: [STDOUT] [io.papermc.paper.util.PapoTickProfile] PapoTickProfile.count fanout.pkt.other           total=      201 avg/tick=      0.5 n=46
[03:45:30] [Server thread/INFO]: [STDOUT] [io.papermc.paper.util.PapoTickProfile] PapoTickProfile.count fanout.pkt.posSync         total=      112 avg/tick=      0.3 n=89
[03:45:30] [Server thread/INFO]: [STDOUT] [io.papermc.paper.util.PapoTickProfile] PapoTickProfile.count fanout.pkt.entityData      total=       56 avg/tick=      0.1 n=25
[03:45:50] [Server thread/INFO]: [STDOUT] [io.papermc.paper.util.PapoTickProfile] PapoTickProfile window=400ticks totalWallMs=19999 measuredMs=17168 gcMs=57
[03:45:50] [Server thread/INFO]: [STDOUT] [io.papermc.paper.util.PapoTickProfile] PapoTickProfile.phase worlds                     total= 5713.0ms avg/tick=14282.5us share= 33.3% n=400
[03:45:50] [Server thread/INFO]: [STDOUT] [io.papermc.paper.util.PapoTickProfile] PapoTickProfile.phase level.tickPending+misc     total= 5571.9ms avg/tick=13929.7us share= 32.5% n=1200
[03:45:50] [Server thread/INFO]: [STDOUT] [io.papermc.paper.util.PapoTickProfile] PapoTickProfile.phase level.blockTicks           total= 5213.2ms avg/tick=13033.0us share= 30.4% n=1200
[03:45:50] [Server thread/INFO]: [STDOUT] [io.papermc.paper.util.PapoTickProfile] PapoTickProfile.phase level.chunkSource          total=  350.7ms avg/tick=  876.8us share=  2.0% n=1200
[03:45:50] [Server thread/INFO]: [STDOUT] [io.papermc.paper.util.PapoTickProfile] PapoTickProfile.phase level.entities             total=  130.4ms avg/tick=  325.9us share=  0.8% n=1200
[03:45:50] [Server thread/INFO]: [STDOUT] [io.papermc.paper.util.PapoTickProfile] PapoTickProfile.phase connection                 total=   45.6ms avg/tick=  114.0us share=  0.3% n=400
[03:45:50] [Server thread/INFO]: [STDOUT] [io.papermc.paper.util.PapoTickProfile] PapoTickProfile.phase conn.listenerTick          total=   43.4ms avg/tick=  108.6us share=  0.3% n=4000
[03:45:50] [Server thread/INFO]: [STDOUT] [io.papermc.paper.util.PapoTickProfile] PapoTickProfile.phase player.superTick           total=   30.1ms avg/tick=   75.2us share=  0.2% n=4000
[03:45:50] [Server thread/INFO]: [STDOUT] [io.papermc.paper.util.PapoTickProfile] PapoTickProfile.phase sendChunks                 total=   29.5ms avg/tick=   73.7us share=  0.2% n=400
[03:45:50] [Server thread/INFO]: [STDOUT] [io.papermc.paper.util.PapoTickProfile] PapoTickProfile.phase ent.serverAiStep           total=   11.9ms avg/tick=   29.7us share=  0.1% n=11983
[03:45:50] [Server thread/INFO]: [STDOUT] [io.papermc.paper.util.PapoTickProfile] PapoTickProfile.phase chunkMap.tracker.maintain  total=    9.2ms avg/tick=   22.9us share=  0.1% n=1200
[03:45:50] [Server thread/INFO]: [STDOUT] [io.papermc.paper.util.PapoTickProfile] PapoTickProfile.phase chunkMap.tracker.sendChanges total=    5.4ms avg/tick=   13.5us share=  0.0% n=1200
[03:45:50] [Server thread/INFO]: [STDOUT] [io.papermc.paper.util.PapoTickProfile] PapoTickProfile.phase level.fluidTicks           total=    4.9ms avg/tick=   12.3us share=  0.0% n=1200
[03:45:50] [Server thread/INFO]: [STDOUT] [io.papermc.paper.util.PapoTickProfile] PapoTickProfile.phase server.taskDrain           total=    4.7ms avg/tick=   11.8us share=  0.0% n=400
[03:45:50] [Server thread/INFO]: [STDOUT] [io.papermc.paper.util.PapoTickProfile] PapoTickProfile.phase player.pushEntities        total=    1.5ms avg/tick=    3.7us share=  0.0% n=6000
[03:45:50] [Server thread/INFO]: [STDOUT] [io.papermc.paper.util.PapoTickProfile] PapoTickProfile.phase player.aiStepTouchScan     total=    1.2ms avg/tick=    2.9us share=  0.0% n=4000
[03:45:50] [Server thread/INFO]: [STDOUT] [io.papermc.paper.util.PapoTickProfile] PapoTickProfile.phase level.blockEvents          total=    1.1ms avg/tick=    2.8us share=  0.0% n=1200
[03:45:50] [Server thread/INFO]: [STDOUT] [io.papermc.paper.util.PapoTickProfile] PapoTickProfile.phase chunkMap.tracker.fanout    total=    1.0ms avg/tick=    2.4us share=  0.0% n=1200
[03:45:50] [Server thread/INFO]: [STDOUT] [io.papermc.paper.util.PapoTickProfile] PapoTickProfile.phase conn.flushQueue            total=    0.1ms avg/tick=    0.4us share=  0.0% n=4000
[03:45:50] [Server thread/INFO]: [STDOUT] [io.papermc.paper.util.PapoTickProfile] PapoTickProfile.phase functions                  total=    0.1ms avg/tick=    0.1us share=  0.0% n=400
[03:45:50] [Server thread/INFO]: [STDOUT] [io.papermc.paper.util.PapoTickProfile] PapoTickProfile.phase players                    total=    0.0ms avg/tick=    0.1us share=  0.0% n=400
[03:45:50] [Server thread/INFO]: [STDOUT] [io.papermc.paper.util.PapoTickProfile] PapoTickProfile.count rs.blockTickRuns           total=   102401 avg/tick=    256.0 n=102401
[03:45:50] [Server thread/INFO]: [STDOUT] [io.papermc.paper.util.PapoTickProfile] PapoTickProfile.count fanout.sends               total=    18355 avg/tick=     45.9 n=1200
[03:45:50] [Server thread/INFO]: [STDOUT] [io.papermc.paper.util.PapoTickProfile] PapoTickProfile.count fanout.pkt.headRot         total=      936 avg/tick=      2.3 n=391
[03:45:50] [Server thread/INFO]: [STDOUT] [io.papermc.paper.util.PapoTickProfile] PapoTickProfile.count fanout.pkt.movePosRot      total=      830 avg/tick=      2.1 n=381
[03:45:50] [Server thread/INFO]: [STDOUT] [io.papermc.paper.util.PapoTickProfile] PapoTickProfile.count rs.fluidTickRuns           total=      194 avg/tick=      0.5 n=194
[03:45:50] [Server thread/INFO]: [STDOUT] [io.papermc.paper.util.PapoTickProfile] PapoTickProfile.count fanout.pkt.movePos         total=      134 avg/tick=      0.3 n=67
[03:45:50] [Server thread/INFO]: [STDOUT] [io.papermc.paper.util.PapoTickProfile] PapoTickProfile.count fanout.pkt.posSync         total=      101 avg/tick=      0.3 n=83
[03:45:50] [Server thread/INFO]: [STDOUT] [io.papermc.paper.util.PapoTickProfile] PapoTickProfile.count fanout.pkt.other           total=       54 avg/tick=      0.1 n=51
[03:45:50] [Server thread/INFO]: [STDOUT] [io.papermc.paper.util.PapoTickProfile] PapoTickProfile.count fanout.pkt.entityData      total=       37 avg/tick=      0.1 n=35
[03:46:10] [Server thread/INFO]: [STDOUT] [io.papermc.paper.util.PapoTickProfile] PapoTickProfile window=400ticks totalWallMs=20001 measuredMs=17157 gcMs=46
[03:46:10] [Server thread/INFO]: [STDOUT] [io.papermc.paper.util.PapoTickProfile] PapoTickProfile.phase worlds                     total= 5711.2ms avg/tick=14278.1us share= 33.3% n=400
[03:46:10] [Server thread/INFO]: [STDOUT] [io.papermc.paper.util.PapoTickProfile] PapoTickProfile.phase level.tickPending+misc     total= 5584.8ms avg/tick=13962.0us share= 32.6% n=1200
[03:46:10] [Server thread/INFO]: [STDOUT] [io.papermc.paper.util.PapoTickProfile] PapoTickProfile.phase level.blockTicks           total= 5233.0ms avg/tick=13082.6us share= 30.5% n=1200
[03:46:10] [Server thread/INFO]: [STDOUT] [io.papermc.paper.util.PapoTickProfile] PapoTickProfile.phase level.chunkSource          total=  346.2ms avg/tick=  865.5us share=  2.0% n=1200
[03:46:10] [Server thread/INFO]: [STDOUT] [io.papermc.paper.util.PapoTickProfile] PapoTickProfile.phase level.entities             total=  115.4ms avg/tick=  288.4us share=  0.7% n=1200
[03:46:10] [Server thread/INFO]: [STDOUT] [io.papermc.paper.util.PapoTickProfile] PapoTickProfile.phase connection                 total=   40.6ms avg/tick=  101.4us share=  0.2% n=400
[03:46:10] [Server thread/INFO]: [STDOUT] [io.papermc.paper.util.PapoTickProfile] PapoTickProfile.phase conn.listenerTick          total=   38.3ms avg/tick=   95.6us share=  0.2% n=4000
[03:46:10] [Server thread/INFO]: [STDOUT] [io.papermc.paper.util.PapoTickProfile] PapoTickProfile.phase sendChunks                 total=   28.1ms avg/tick=   70.2us share=  0.2% n=400
[03:46:10] [Server thread/INFO]: [STDOUT] [io.papermc.paper.util.PapoTickProfile] PapoTickProfile.phase player.superTick           total=   25.7ms avg/tick=   64.4us share=  0.2% n=4000
[03:46:10] [Server thread/INFO]: [STDOUT] [io.papermc.paper.util.PapoTickProfile] PapoTickProfile.phase ent.serverAiStep           total=    8.8ms avg/tick=   22.1us share=  0.1% n=11796
[03:46:10] [Server thread/INFO]: [STDOUT] [io.papermc.paper.util.PapoTickProfile] PapoTickProfile.phase chunkMap.tracker.maintain  total=    8.5ms avg/tick=   21.2us share=  0.0% n=1200
[03:46:10] [Server thread/INFO]: [STDOUT] [io.papermc.paper.util.PapoTickProfile] PapoTickProfile.phase chunkMap.tracker.sendChanges total=    5.2ms avg/tick=   13.0us share=  0.0% n=1200
[03:46:10] [Server thread/INFO]: [STDOUT] [io.papermc.paper.util.PapoTickProfile] PapoTickProfile.phase server.taskDrain           total=    4.0ms avg/tick=   10.1us share=  0.0% n=400
[03:46:10] [Server thread/INFO]: [STDOUT] [io.papermc.paper.util.PapoTickProfile] PapoTickProfile.phase level.fluidTicks           total=    2.6ms avg/tick=    6.5us share=  0.0% n=1200
[03:46:10] [Server thread/INFO]: [STDOUT] [io.papermc.paper.util.PapoTickProfile] PapoTickProfile.phase player.pushEntities        total=    1.4ms avg/tick=    3.5us share=  0.0% n=5982
[03:46:10] [Server thread/INFO]: [STDOUT] [io.papermc.paper.util.PapoTickProfile] PapoTickProfile.phase level.blockEvents          total=    1.1ms avg/tick=    2.7us share=  0.0% n=1200
[03:46:10] [Server thread/INFO]: [STDOUT] [io.papermc.paper.util.PapoTickProfile] PapoTickProfile.phase chunkMap.tracker.fanout    total=    1.0ms avg/tick=    2.6us share=  0.0% n=1200
[03:46:10] [Server thread/INFO]: [STDOUT] [io.papermc.paper.util.PapoTickProfile] PapoTickProfile.phase player.aiStepTouchScan     total=    0.8ms avg/tick=    2.1us share=  0.0% n=4000
[03:46:10] [Server thread/INFO]: [STDOUT] [io.papermc.paper.util.PapoTickProfile] PapoTickProfile.phase players                    total=    0.4ms avg/tick=    1.0us share=  0.0% n=400
[03:46:10] [Server thread/INFO]: [STDOUT] [io.papermc.paper.util.PapoTickProfile] PapoTickProfile.phase conn.flushQueue            total=    0.1ms avg/tick=    0.4us share=  0.0% n=4000
[03:46:10] [Server thread/INFO]: [STDOUT] [io.papermc.paper.util.PapoTickProfile] PapoTickProfile.phase functions                  total=    0.1ms avg/tick=    0.2us share=  0.0% n=400
[03:46:10] [Server thread/INFO]: [STDOUT] [io.papermc.paper.util.PapoTickProfile] PapoTickProfile.count rs.blockTickRuns           total=   102401 avg/tick=    256.0 n=102401
[03:46:10] [Server thread/INFO]: [STDOUT] [io.papermc.paper.util.PapoTickProfile] PapoTickProfile.count fanout.sends               total=    17054 avg/tick=     42.6 n=1200
[03:46:10] [Server thread/INFO]: [STDOUT] [io.papermc.paper.util.PapoTickProfile] PapoTickProfile.count fanout.pkt.headRot         total=     1019 avg/tick=      2.5 n=400
[03:46:10] [Server thread/INFO]: [STDOUT] [io.papermc.paper.util.PapoTickProfile] PapoTickProfile.count fanout.pkt.movePosRot      total=      899 avg/tick=      2.2 n=398
[03:46:10] [Server thread/INFO]: [STDOUT] [io.papermc.paper.util.PapoTickProfile] PapoTickProfile.count fanout.pkt.movePos         total=      135 avg/tick=      0.3 n=67
[03:46:10] [Server thread/INFO]: [STDOUT] [io.papermc.paper.util.PapoTickProfile] PapoTickProfile.count rs.fluidTickRuns           total=       97 avg/tick=      0.2 n=97
[03:46:10] [Server thread/INFO]: [STDOUT] [io.papermc.paper.util.PapoTickProfile] PapoTickProfile.count fanout.pkt.posSync         total=       86 avg/tick=      0.2 n=76
[03:46:10] [Server thread/INFO]: [STDOUT] [io.papermc.paper.util.PapoTickProfile] PapoTickProfile.count fanout.pkt.other           total=       47 avg/tick=      0.1 n=47
[03:46:10] [Server thread/INFO]: [STDOUT] [io.papermc.paper.util.PapoTickProfile] PapoTickProfile.count fanout.pkt.entityData      total=       28 avg/tick=      0.1 n=28
[03:46:30] [Server thread/INFO]: [STDOUT] [io.papermc.paper.util.PapoTickProfile] PapoTickProfile window=400ticks totalWallMs=19998 measuredMs=17298 gcMs=32
[03:46:30] [Server thread/INFO]: [STDOUT] [io.papermc.paper.util.PapoTickProfile] PapoTickProfile.phase worlds                     total= 5740.3ms avg/tick=14350.8us share= 33.2% n=400
[03:46:30] [Server thread/INFO]: [STDOUT] [io.papermc.paper.util.PapoTickProfile] PapoTickProfile.phase level.tickPending+misc     total= 5491.6ms avg/tick=13728.9us share= 31.7% n=1200
[03:46:30] [Server thread/INFO]: [STDOUT] [io.papermc.paper.util.PapoTickProfile] PapoTickProfile.phase level.blockTicks           total= 5157.6ms avg/tick=12894.1us share= 29.8% n=1200
[03:46:30] [Server thread/INFO]: [STDOUT] [io.papermc.paper.util.PapoTickProfile] PapoTickProfile.phase level.chunkSource          total=  329.1ms avg/tick=  822.7us share=  1.9% n=1200
[03:46:30] [Server thread/INFO]: [STDOUT] [io.papermc.paper.util.PapoTickProfile] PapoTickProfile.phase level.entities             total=  240.2ms avg/tick=  600.5us share=  1.4% n=1200
[03:46:30] [Server thread/INFO]: [STDOUT] [io.papermc.paper.util.PapoTickProfile] PapoTickProfile.phase ent.serverAiStep           total=  100.0ms avg/tick=  250.0us share=  0.6% n=13375
[03:46:30] [Server thread/INFO]: [STDOUT] [io.papermc.paper.util.PapoTickProfile] PapoTickProfile.phase connection                 total=   84.7ms avg/tick=  211.7us share=  0.5% n=400
[03:46:30] [Server thread/INFO]: [STDOUT] [io.papermc.paper.util.PapoTickProfile] PapoTickProfile.phase conn.listenerTick          total=   40.8ms avg/tick=  101.9us share=  0.2% n=4000
[03:46:30] [Server thread/INFO]: [STDOUT] [io.papermc.paper.util.PapoTickProfile] PapoTickProfile.phase server.taskDrain           total=   37.5ms avg/tick=   93.7us share=  0.2% n=400
[03:46:30] [Server thread/INFO]: [STDOUT] [io.papermc.paper.util.PapoTickProfile] PapoTickProfile.phase sendChunks                 total=   28.5ms avg/tick=   71.2us share=  0.2% n=400
[03:46:30] [Server thread/INFO]: [STDOUT] [io.papermc.paper.util.PapoTickProfile] PapoTickProfile.phase player.superTick           total=   28.1ms avg/tick=   70.2us share=  0.2% n=4000
[03:46:30] [Server thread/INFO]: [STDOUT] [io.papermc.paper.util.PapoTickProfile] PapoTickProfile.phase chunkMap.tracker.maintain  total=    7.5ms avg/tick=   18.9us share=  0.0% n=1200
[03:46:30] [Server thread/INFO]: [STDOUT] [io.papermc.paper.util.PapoTickProfile] PapoTickProfile.phase chunkMap.tracker.sendChanges total=    5.3ms avg/tick=   13.3us share=  0.0% n=1200
[03:46:30] [Server thread/INFO]: [STDOUT] [io.papermc.paper.util.PapoTickProfile] PapoTickProfile.phase level.fluidTicks           total=    2.3ms avg/tick=    5.8us share=  0.0% n=1200
[03:46:30] [Server thread/INFO]: [STDOUT] [io.papermc.paper.util.PapoTickProfile] PapoTickProfile.phase player.pushEntities        total=    2.2ms avg/tick=    5.4us share=  0.0% n=7427
[03:46:30] [Server thread/INFO]: [STDOUT] [io.papermc.paper.util.PapoTickProfile] PapoTickProfile.phase player.aiStepTouchScan     total=    0.9ms avg/tick=    2.3us share=  0.0% n=4000
[03:46:30] [Server thread/INFO]: [STDOUT] [io.papermc.paper.util.PapoTickProfile] PapoTickProfile.phase level.blockEvents          total=    0.8ms avg/tick=    2.1us share=  0.0% n=1200
[03:46:30] [Server thread/INFO]: [STDOUT] [io.papermc.paper.util.PapoTickProfile] PapoTickProfile.phase chunkMap.tracker.fanout    total=    0.8ms avg/tick=    2.1us share=  0.0% n=1200
[03:46:30] [Server thread/INFO]: [STDOUT] [io.papermc.paper.util.PapoTickProfile] PapoTickProfile.phase players                    total=    0.5ms avg/tick=    1.2us share=  0.0% n=400
[03:46:30] [Server thread/INFO]: [STDOUT] [io.papermc.paper.util.PapoTickProfile] PapoTickProfile.phase conn.flushQueue            total=    0.2ms avg/tick=    0.4us share=  0.0% n=4000
[03:46:30] [Server thread/INFO]: [STDOUT] [io.papermc.paper.util.PapoTickProfile] PapoTickProfile.phase functions                  total=    0.1ms avg/tick=    0.1us share=  0.0% n=400
[03:46:30] [Server thread/INFO]: [STDOUT] [io.papermc.paper.util.PapoTickProfile] PapoTickProfile.count rs.blockTickRuns           total=   102401 avg/tick=    256.0 n=102401
[03:46:30] [Server thread/INFO]: [STDOUT] [io.papermc.paper.util.PapoTickProfile] PapoTickProfile.count fanout.sends               total=    12007 avg/tick=     30.0 n=1200
[03:46:30] [Server thread/INFO]: [STDOUT] [io.papermc.paper.util.PapoTickProfile] PapoTickProfile.count fanout.pkt.headRot         total=      715 avg/tick=      1.8 n=393
[03:46:30] [Server thread/INFO]: [STDOUT] [io.papermc.paper.util.PapoTickProfile] PapoTickProfile.count fanout.pkt.movePosRot      total=      654 avg/tick=      1.6 n=377
[03:46:30] [Server thread/INFO]: [STDOUT] [io.papermc.paper.util.PapoTickProfile] PapoTickProfile.count rs.fluidTickRuns           total=      122 avg/tick=      0.3 n=122
[03:46:30] [Server thread/INFO]: [STDOUT] [io.papermc.paper.util.PapoTickProfile] PapoTickProfile.count fanout.pkt.movePos         total=      109 avg/tick=      0.3 n=53
[03:46:30] [Server thread/INFO]: [STDOUT] [io.papermc.paper.util.PapoTickProfile] PapoTickProfile.count fanout.pkt.posSync         total=       48 avg/tick=      0.1 n=39
[03:46:30] [Server thread/INFO]: [STDOUT] [io.papermc.paper.util.PapoTickProfile] PapoTickProfile.count fanout.pkt.other           total=       40 avg/tick=      0.1 n=40
[03:46:30] [Server thread/INFO]: [STDOUT] [io.papermc.paper.util.PapoTickProfile] PapoTickProfile.count fanout.pkt.entityData      total=        2 avg/tick=      0.0 n=2
[03:46:50] [Server thread/INFO]: [STDOUT] [io.papermc.paper.util.PapoTickProfile] PapoTickProfile window=400ticks totalWallMs=19999 measuredMs=17056 gcMs=31
[03:46:50] [Server thread/INFO]: [STDOUT] [io.papermc.paper.util.PapoTickProfile] PapoTickProfile.phase worlds                     total= 5682.0ms avg/tick=14205.0us share= 33.3% n=400
[03:46:50] [Server thread/INFO]: [STDOUT] [io.papermc.paper.util.PapoTickProfile] PapoTickProfile.phase level.tickPending+misc     total= 5476.6ms avg/tick=13691.5us share= 32.1% n=1200
[03:46:50] [Server thread/INFO]: [STDOUT] [io.papermc.paper.util.PapoTickProfile] PapoTickProfile.phase level.blockTicks           total= 5138.1ms avg/tick=12845.3us share= 30.1% n=1200
[03:46:50] [Server thread/INFO]: [STDOUT] [io.papermc.paper.util.PapoTickProfile] PapoTickProfile.phase level.chunkSource          total=  335.4ms avg/tick=  838.6us share=  2.0% n=1200
[03:46:50] [Server thread/INFO]: [STDOUT] [io.papermc.paper.util.PapoTickProfile] PapoTickProfile.phase level.entities             total=  201.2ms avg/tick=  503.0us share=  1.2% n=1200
[03:46:50] [Server thread/INFO]: [STDOUT] [io.papermc.paper.util.PapoTickProfile] PapoTickProfile.phase ent.serverAiStep           total=   58.5ms avg/tick=  146.2us share=  0.3% n=13583
[03:46:50] [Server thread/INFO]: [STDOUT] [io.papermc.paper.util.PapoTickProfile] PapoTickProfile.phase connection                 total=   41.5ms avg/tick=  103.7us share=  0.2% n=400
[03:46:50] [Server thread/INFO]: [STDOUT] [io.papermc.paper.util.PapoTickProfile] PapoTickProfile.phase conn.listenerTick          total=   39.5ms avg/tick=   98.8us share=  0.2% n=4000
[03:46:50] [Server thread/INFO]: [STDOUT] [io.papermc.paper.util.PapoTickProfile] PapoTickProfile.phase sendChunks                 total=   30.4ms avg/tick=   75.9us share=  0.2% n=400
[03:46:50] [Server thread/INFO]: [STDOUT] [io.papermc.paper.util.PapoTickProfile] PapoTickProfile.phase player.superTick           total=   26.9ms avg/tick=   67.4us share=  0.2% n=4000
[03:46:50] [Server thread/INFO]: [STDOUT] [io.papermc.paper.util.PapoTickProfile] PapoTickProfile.phase chunkMap.tracker.maintain  total=    8.2ms avg/tick=   20.6us share=  0.0% n=1200
[03:46:50] [Server thread/INFO]: [STDOUT] [io.papermc.paper.util.PapoTickProfile] PapoTickProfile.phase chunkMap.tracker.sendChanges total=    7.2ms avg/tick=   17.9us share=  0.0% n=1200
[03:46:50] [Server thread/INFO]: [STDOUT] [io.papermc.paper.util.PapoTickProfile] PapoTickProfile.phase server.taskDrain           total=    4.4ms avg/tick=   11.0us share=  0.0% n=400
[03:46:50] [Server thread/INFO]: [STDOUT] [io.papermc.paper.util.PapoTickProfile] PapoTickProfile.phase player.pushEntities        total=    2.1ms avg/tick=    5.2us share=  0.0% n=7634
[03:46:50] [Server thread/INFO]: [STDOUT] [io.papermc.paper.util.PapoTickProfile] PapoTickProfile.phase chunkMap.tracker.fanout    total=    1.8ms avg/tick=    4.5us share=  0.0% n=1200
[03:46:50] [Server thread/INFO]: [STDOUT] [io.papermc.paper.util.PapoTickProfile] PapoTickProfile.phase level.fluidTicks           total=    1.6ms avg/tick=    4.1us share=  0.0% n=1200
[03:46:50] [Server thread/INFO]: [STDOUT] [io.papermc.paper.util.PapoTickProfile] PapoTickProfile.phase player.aiStepTouchScan     total=    0.8ms avg/tick=    2.0us share=  0.0% n=4000
[03:46:50] [Server thread/INFO]: [STDOUT] [io.papermc.paper.util.PapoTickProfile] PapoTickProfile.phase level.blockEvents          total=    0.3ms avg/tick=    0.8us share=  0.0% n=1200
[03:46:50] [Server thread/INFO]: [STDOUT] [io.papermc.paper.util.PapoTickProfile] PapoTickProfile.phase conn.flushQueue            total=    0.2ms avg/tick=    0.4us share=  0.0% n=4000
[03:46:50] [Server thread/INFO]: [STDOUT] [io.papermc.paper.util.PapoTickProfile] PapoTickProfile.phase functions                  total=    0.1ms avg/tick=    0.1us share=  0.0% n=400
[03:46:50] [Server thread/INFO]: [STDOUT] [io.papermc.paper.util.PapoTickProfile] PapoTickProfile.phase players                    total=    0.0ms avg/tick=    0.1us share=  0.0% n=400
[03:46:50] [Server thread/INFO]: [STDOUT] [io.papermc.paper.util.PapoTickProfile] PapoTickProfile.count rs.blockTickRuns           total=   102400 avg/tick=    256.0 n=102400
[03:46:50] [Server thread/INFO]: [STDOUT] [io.papermc.paper.util.PapoTickProfile] PapoTickProfile.count fanout.sends               total=    16427 avg/tick=     41.1 n=1200
[03:46:50] [Server thread/INFO]: [STDOUT] [io.papermc.paper.util.PapoTickProfile] PapoTickProfile.count fanout.pkt.headRot         total=      895 avg/tick=      2.2 n=376
[03:46:50] [Server thread/INFO]: [STDOUT] [io.papermc.paper.util.PapoTickProfile] PapoTickProfile.count fanout.pkt.movePosRot      total=      762 avg/tick=      1.9 n=363
[03:46:50] [Server thread/INFO]: [STDOUT] [io.papermc.paper.util.PapoTickProfile] PapoTickProfile.count fanout.pkt.movePos         total=      150 avg/tick=      0.4 n=78
[03:46:50] [Server thread/INFO]: [STDOUT] [io.papermc.paper.util.PapoTickProfile] PapoTickProfile.count fanout.pkt.posSync         total=       90 avg/tick=      0.2 n=85
[03:46:50] [Server thread/INFO]: [STDOUT] [io.papermc.paper.util.PapoTickProfile] PapoTickProfile.count fanout.pkt.other           total=       60 avg/tick=      0.2 n=57
[03:46:50] [Server thread/INFO]: [STDOUT] [io.papermc.paper.util.PapoTickProfile] PapoTickProfile.count fanout.pkt.entityData      total=       58 avg/tick=      0.1 n=56
[03:46:50] [Server thread/INFO]: [STDOUT] [io.papermc.paper.util.PapoTickProfile] PapoTickProfile.count rs.fluidTickRuns           total=       55 avg/tick=      0.1 n=55
[03:46:50] [Server thread/INFO]: [STDOUT] [io.papermc.paper.util.PapoTickProfile] PapoTickProfile.count fanout.pkt.velocity        total=       22 avg/tick=      0.1 n=22
[03:46:50] [Server thread/INFO]: [STDOUT] [io.papermc.paper.util.PapoTickProfile] PapoTickProfile.count fanout.pkt.moveRot         total=        9 avg/tick=      0.0 n=9
[03:47:10] [Server thread/INFO]: [STDOUT] [io.papermc.paper.util.PapoTickProfile] PapoTickProfile window=400ticks totalWallMs=20000 measuredMs=16883 gcMs=26
[03:47:10] [Server thread/INFO]: [STDOUT] [io.papermc.paper.util.PapoTickProfile] PapoTickProfile.phase worlds                     total= 5620.5ms avg/tick=14051.3us share= 33.3% n=400
[03:47:10] [Server thread/INFO]: [STDOUT] [io.papermc.paper.util.PapoTickProfile] PapoTickProfile.phase level.tickPending+misc     total= 5446.6ms avg/tick=13616.6us share= 32.3% n=1200
[03:47:10] [Server thread/INFO]: [STDOUT] [io.papermc.paper.util.PapoTickProfile] PapoTickProfile.phase level.blockTicks           total= 5128.5ms avg/tick=12821.3us share= 30.4% n=1200
[03:47:10] [Server thread/INFO]: [STDOUT] [io.papermc.paper.util.PapoTickProfile] PapoTickProfile.phase level.chunkSource          total=  315.6ms avg/tick=  789.0us share=  1.9% n=1200
[03:47:10] [Server thread/INFO]: [STDOUT] [io.papermc.paper.util.PapoTickProfile] PapoTickProfile.phase level.entities             total=  170.0ms avg/tick=  425.0us share=  1.0% n=1200
[03:47:10] [Server thread/INFO]: [STDOUT] [io.papermc.paper.util.PapoTickProfile] PapoTickProfile.phase ent.serverAiStep           total=   49.4ms avg/tick=  123.4us share=  0.3% n=13551
[03:47:10] [Server thread/INFO]: [STDOUT] [io.papermc.paper.util.PapoTickProfile] PapoTickProfile.phase connection                 total=   38.9ms avg/tick=   97.3us share=  0.2% n=400
[03:47:10] [Server thread/INFO]: [STDOUT] [io.papermc.paper.util.PapoTickProfile] PapoTickProfile.phase conn.listenerTick          total=   37.2ms avg/tick=   92.9us share=  0.2% n=4000
[03:47:10] [Server thread/INFO]: [STDOUT] [io.papermc.paper.util.PapoTickProfile] PapoTickProfile.phase sendChunks                 total=   26.9ms avg/tick=   67.2us share=  0.2% n=400
[03:47:10] [Server thread/INFO]: [STDOUT] [io.papermc.paper.util.PapoTickProfile] PapoTickProfile.phase player.superTick           total=   25.5ms avg/tick=   63.8us share=  0.2% n=4000
[03:47:10] [Server thread/INFO]: [STDOUT] [io.papermc.paper.util.PapoTickProfile] PapoTickProfile.phase chunkMap.tracker.maintain  total=    8.0ms avg/tick=   20.0us share=  0.0% n=1200
[03:47:10] [Server thread/INFO]: [STDOUT] [io.papermc.paper.util.PapoTickProfile] PapoTickProfile.phase chunkMap.tracker.sendChanges total=    5.7ms avg/tick=   14.3us share=  0.0% n=1200
[03:47:10] [Server thread/INFO]: [STDOUT] [io.papermc.paper.util.PapoTickProfile] PapoTickProfile.phase server.taskDrain           total=    4.2ms avg/tick=   10.5us share=  0.0% n=400
[03:47:10] [Server thread/INFO]: [STDOUT] [io.papermc.paper.util.PapoTickProfile] PapoTickProfile.phase player.pushEntities        total=    2.1ms avg/tick=    5.2us share=  0.0% n=7575
[03:47:10] [Server thread/INFO]: [STDOUT] [io.papermc.paper.util.PapoTickProfile] PapoTickProfile.phase chunkMap.tracker.fanout    total=    1.3ms avg/tick=    3.1us share=  0.0% n=1200
[03:47:10] [Server thread/INFO]: [STDOUT] [io.papermc.paper.util.PapoTickProfile] PapoTickProfile.phase level.fluidTicks           total=    1.2ms avg/tick=    3.0us share=  0.0% n=1200
[03:47:10] [Server thread/INFO]: [STDOUT] [io.papermc.paper.util.PapoTickProfile] PapoTickProfile.phase player.aiStepTouchScan     total=    0.8ms avg/tick=    2.0us share=  0.0% n=4000
[03:47:10] [Server thread/INFO]: [STDOUT] [io.papermc.paper.util.PapoTickProfile] PapoTickProfile.phase level.blockEvents          total=    0.3ms avg/tick=    0.7us share=  0.0% n=1200
[03:47:10] [Server thread/INFO]: [STDOUT] [io.papermc.paper.util.PapoTickProfile] PapoTickProfile.phase players                    total=    0.3ms avg/tick=    0.7us share=  0.0% n=400
[03:47:10] [Server thread/INFO]: [STDOUT] [io.papermc.paper.util.PapoTickProfile] PapoTickProfile.phase conn.flushQueue            total=    0.1ms avg/tick=    0.4us share=  0.0% n=4000
[03:47:10] [Server thread/INFO]: [STDOUT] [io.papermc.paper.util.PapoTickProfile] PapoTickProfile.phase functions                  total=    0.1ms avg/tick=    0.1us share=  0.0% n=400
[03:47:10] [Server thread/INFO]: [STDOUT] [io.papermc.paper.util.PapoTickProfile] PapoTickProfile.count rs.blockTickRuns           total=   102400 avg/tick=    256.0 n=102400
[03:47:10] [Server thread/INFO]: [STDOUT] [io.papermc.paper.util.PapoTickProfile] PapoTickProfile.count fanout.sends               total=    22937 avg/tick=     57.3 n=1200
[03:47:10] [Server thread/INFO]: [STDOUT] [io.papermc.paper.util.PapoTickProfile] PapoTickProfile.count fanout.pkt.headRot         total=     1192 avg/tick=      3.0 n=400
[03:47:10] [Server thread/INFO]: [STDOUT] [io.papermc.paper.util.PapoTickProfile] PapoTickProfile.count fanout.pkt.movePosRot      total=     1106 avg/tick=      2.8 n=399
[03:47:10] [Server thread/INFO]: [STDOUT] [io.papermc.paper.util.PapoTickProfile] PapoTickProfile.count fanout.pkt.movePos         total=      154 avg/tick=      0.4 n=81
[03:47:10] [Server thread/INFO]: [STDOUT] [io.papermc.paper.util.PapoTickProfile] PapoTickProfile.count fanout.pkt.posSync         total=       77 avg/tick=      0.2 n=59
[03:47:10] [Server thread/INFO]: [STDOUT] [io.papermc.paper.util.PapoTickProfile] PapoTickProfile.count rs.fluidTickRuns           total=       66 avg/tick=      0.2 n=66
[03:47:10] [Server thread/INFO]: [STDOUT] [io.papermc.paper.util.PapoTickProfile] PapoTickProfile.count fanout.pkt.other           total=       57 avg/tick=      0.1 n=55
[03:47:10] [Server thread/INFO]: [STDOUT] [io.papermc.paper.util.PapoTickProfile] PapoTickProfile.count fanout.pkt.entityData      total=        8 avg/tick=      0.0 n=8
[03:47:10] [Server thread/INFO]: [STDOUT] [io.papermc.paper.util.PapoTickProfile] PapoTickProfile.count fanout.pkt.moveRot         total=        1 avg/tick=      0.0 n=1
[03:47:30] [Server thread/INFO]: [STDOUT] [io.papermc.paper.util.PapoTickProfile] PapoTickProfile window=400ticks totalWallMs=20000 measuredMs=16856 gcMs=31
[03:47:30] [Server thread/INFO]: [STDOUT] [io.papermc.paper.util.PapoTickProfile] PapoTickProfile.phase worlds                     total= 5610.7ms avg/tick=14026.7us share= 33.3% n=400
[03:47:30] [Server thread/INFO]: [STDOUT] [io.papermc.paper.util.PapoTickProfile] PapoTickProfile.phase level.tickPending+misc     total= 5447.8ms avg/tick=13619.4us share= 32.3% n=1200
[03:47:30] [Server thread/INFO]: [STDOUT] [io.papermc.paper.util.PapoTickProfile] PapoTickProfile.phase level.blockTicks           total= 5123.4ms avg/tick=12808.4us share= 30.4% n=1200
[03:47:30] [Server thread/INFO]: [STDOUT] [io.papermc.paper.util.PapoTickProfile] PapoTickProfile.phase level.chunkSource          total=  321.6ms avg/tick=  803.9us share=  1.9% n=1200
[03:47:30] [Server thread/INFO]: [STDOUT] [io.papermc.paper.util.PapoTickProfile] PapoTickProfile.phase level.entities             total=  159.0ms avg/tick=  397.4us share=  0.9% n=1200
[03:47:30] [Server thread/INFO]: [STDOUT] [io.papermc.paper.util.PapoTickProfile] PapoTickProfile.phase ent.serverAiStep           total=   39.6ms avg/tick=   99.0us share=  0.2% n=13195
[03:47:30] [Server thread/INFO]: [STDOUT] [io.papermc.paper.util.PapoTickProfile] PapoTickProfile.phase connection                 total=   39.6ms avg/tick=   99.0us share=  0.2% n=400
[03:47:30] [Server thread/INFO]: [STDOUT] [io.papermc.paper.util.PapoTickProfile] PapoTickProfile.phase conn.listenerTick          total=   37.9ms avg/tick=   94.7us share=  0.2% n=4000
[03:47:30] [Server thread/INFO]: [STDOUT] [io.papermc.paper.util.PapoTickProfile] PapoTickProfile.phase sendChunks                 total=   26.2ms avg/tick=   65.5us share=  0.2% n=400
[03:47:30] [Server thread/INFO]: [STDOUT] [io.papermc.paper.util.PapoTickProfile] PapoTickProfile.phase player.superTick           total=   25.1ms avg/tick=   62.7us share=  0.1% n=4000
[03:47:30] [Server thread/INFO]: [STDOUT] [io.papermc.paper.util.PapoTickProfile] PapoTickProfile.phase chunkMap.tracker.maintain  total=    9.8ms avg/tick=   24.4us share=  0.1% n=1200
[03:47:30] [Server thread/INFO]: [STDOUT] [io.papermc.paper.util.PapoTickProfile] PapoTickProfile.phase chunkMap.tracker.sendChanges total=    5.4ms avg/tick=   13.5us share=  0.0% n=1200
[03:47:30] [Server thread/INFO]: [STDOUT] [io.papermc.paper.util.PapoTickProfile] PapoTickProfile.phase server.taskDrain           total=    4.6ms avg/tick=   11.4us share=  0.0% n=400
[03:47:30] [Server thread/INFO]: [STDOUT] [io.papermc.paper.util.PapoTickProfile] PapoTickProfile.phase player.pushEntities        total=    2.1ms avg/tick=    5.2us share=  0.0% n=7255
[03:47:30] [Server thread/INFO]: [STDOUT] [io.papermc.paper.util.PapoTickProfile] PapoTickProfile.phase level.fluidTicks           total=    1.6ms avg/tick=    4.1us share=  0.0% n=1200
[03:47:30] [Server thread/INFO]: [STDOUT] [io.papermc.paper.util.PapoTickProfile] PapoTickProfile.phase chunkMap.tracker.fanout    total=    1.2ms avg/tick=    2.9us share=  0.0% n=1200
[03:47:30] [Server thread/INFO]: [STDOUT] [io.papermc.paper.util.PapoTickProfile] PapoTickProfile.phase player.aiStepTouchScan     total=    0.9ms avg/tick=    2.3us share=  0.0% n=4000
[03:47:30] [Server thread/INFO]: [STDOUT] [io.papermc.paper.util.PapoTickProfile] PapoTickProfile.phase level.blockEvents          total=    0.3ms avg/tick=    0.7us share=  0.0% n=1200
[03:47:30] [Server thread/INFO]: [STDOUT] [io.papermc.paper.util.PapoTickProfile] PapoTickProfile.phase conn.flushQueue            total=    0.1ms avg/tick=    0.3us share=  0.0% n=4000
[03:47:30] [Server thread/INFO]: [STDOUT] [io.papermc.paper.util.PapoTickProfile] PapoTickProfile.phase players                    total=    0.1ms avg/tick=    0.3us share=  0.0% n=400
[03:47:30] [Server thread/INFO]: [STDOUT] [io.papermc.paper.util.PapoTickProfile] PapoTickProfile.phase functions                  total=    0.1ms avg/tick=    0.1us share=  0.0% n=400
[03:47:30] [Server thread/INFO]: [STDOUT] [io.papermc.paper.util.PapoTickProfile] PapoTickProfile.count rs.blockTickRuns           total=   102400 avg/tick=    256.0 n=102400
[03:47:30] [Server thread/INFO]: [STDOUT] [io.papermc.paper.util.PapoTickProfile] PapoTickProfile.count fanout.sends               total=    23022 avg/tick=     57.6 n=1200
[03:47:30] [Server thread/INFO]: [STDOUT] [io.papermc.paper.util.PapoTickProfile] PapoTickProfile.count fanout.pkt.headRot         total=     1319 avg/tick=      3.3 n=399
[03:47:30] [Server thread/INFO]: [STDOUT] [io.papermc.paper.util.PapoTickProfile] PapoTickProfile.count fanout.pkt.movePosRot      total=     1153 avg/tick=      2.9 n=386
[03:47:30] [Server thread/INFO]: [STDOUT] [io.papermc.paper.util.PapoTickProfile] PapoTickProfile.count fanout.pkt.movePos         total=      187 avg/tick=      0.5 n=109
[03:47:30] [Server thread/INFO]: [STDOUT] [io.papermc.paper.util.PapoTickProfile] PapoTickProfile.count fanout.pkt.posSync         total=      124 avg/tick=      0.3 n=108
[03:47:30] [Server thread/INFO]: [STDOUT] [io.papermc.paper.util.PapoTickProfile] PapoTickProfile.count rs.fluidTickRuns           total=      114 avg/tick=      0.3 n=114
[03:47:30] [Server thread/INFO]: [STDOUT] [io.papermc.paper.util.PapoTickProfile] PapoTickProfile.count fanout.pkt.other           total=       68 avg/tick=      0.2 n=63
[03:47:30] [Server thread/INFO]: [STDOUT] [io.papermc.paper.util.PapoTickProfile] PapoTickProfile.count fanout.pkt.moveRot         total=       15 avg/tick=      0.0 n=15
[03:47:30] [Server thread/INFO]: [STDOUT] [io.papermc.paper.util.PapoTickProfile] PapoTickProfile.count fanout.pkt.velocity        total=       14 avg/tick=      0.0 n=14
[03:47:30] [Server thread/INFO]: [STDOUT] [io.papermc.paper.util.PapoTickProfile] PapoTickProfile.count fanout.pkt.entityData      total=       12 avg/tick=      0.0 n=12
[03:47:50] [Server thread/INFO]: [STDOUT] [io.papermc.paper.util.PapoTickProfile] PapoTickProfile window=400ticks totalWallMs=19998 measuredMs=16696 gcMs=25
[03:47:50] [Server thread/INFO]: [STDOUT] [io.papermc.paper.util.PapoTickProfile] PapoTickProfile.phase worlds                     total= 5558.5ms avg/tick=13896.3us share= 33.3% n=400
[03:47:50] [Server thread/INFO]: [STDOUT] [io.papermc.paper.util.PapoTickProfile] PapoTickProfile.phase level.tickPending+misc     total= 5393.6ms avg/tick=13483.9us share= 32.3% n=1200
[03:47:50] [Server thread/INFO]: [STDOUT] [io.papermc.paper.util.PapoTickProfile] PapoTickProfile.phase level.blockTicks           total= 5094.8ms avg/tick=12737.0us share= 30.5% n=1200
[03:47:50] [Server thread/INFO]: [STDOUT] [io.papermc.paper.util.PapoTickProfile] PapoTickProfile.phase level.chunkSource          total=  296.2ms avg/tick=  740.4us share=  1.8% n=1200
[03:47:50] [Server thread/INFO]: [STDOUT] [io.papermc.paper.util.PapoTickProfile] PapoTickProfile.phase level.entities             total=  161.6ms avg/tick=  404.0us share=  1.0% n=1200
[03:47:50] [Server thread/INFO]: [STDOUT] [io.papermc.paper.util.PapoTickProfile] PapoTickProfile.phase ent.serverAiStep           total=   45.8ms avg/tick=  114.5us share=  0.3% n=13697
[03:47:50] [Server thread/INFO]: [STDOUT] [io.papermc.paper.util.PapoTickProfile] PapoTickProfile.phase connection                 total=   37.2ms avg/tick=   93.0us share=  0.2% n=400
[03:47:50] [Server thread/INFO]: [STDOUT] [io.papermc.paper.util.PapoTickProfile] PapoTickProfile.phase conn.listenerTick          total=   35.5ms avg/tick=   88.8us share=  0.2% n=4000
[03:47:50] [Server thread/INFO]: [STDOUT] [io.papermc.paper.util.PapoTickProfile] PapoTickProfile.phase sendChunks                 total=   26.0ms avg/tick=   64.9us share=  0.2% n=400
[03:47:50] [Server thread/INFO]: [STDOUT] [io.papermc.paper.util.PapoTickProfile] PapoTickProfile.phase player.superTick           total=   23.7ms avg/tick=   59.3us share=  0.1% n=4000
[03:47:50] [Server thread/INFO]: [STDOUT] [io.papermc.paper.util.PapoTickProfile] PapoTickProfile.phase chunkMap.tracker.maintain  total=    8.5ms avg/tick=   21.3us share=  0.1% n=1200
[03:47:50] [Server thread/INFO]: [STDOUT] [io.papermc.paper.util.PapoTickProfile] PapoTickProfile.phase chunkMap.tracker.sendChanges total=    5.2ms avg/tick=   12.9us share=  0.0% n=1200
[03:47:50] [Server thread/INFO]: [STDOUT] [io.papermc.paper.util.PapoTickProfile] PapoTickProfile.phase server.taskDrain           total=    4.2ms avg/tick=   10.5us share=  0.0% n=400
[03:47:50] [Server thread/INFO]: [STDOUT] [io.papermc.paper.util.PapoTickProfile] PapoTickProfile.phase player.pushEntities        total=    2.3ms avg/tick=    5.8us share=  0.0% n=7711
[03:47:50] [Server thread/INFO]: [STDOUT] [io.papermc.paper.util.PapoTickProfile] PapoTickProfile.phase level.fluidTicks           total=    1.4ms avg/tick=    3.5us share=  0.0% n=1200
[03:47:50] [Server thread/INFO]: [STDOUT] [io.papermc.paper.util.PapoTickProfile] PapoTickProfile.phase chunkMap.tracker.fanout    total=    1.0ms avg/tick=    2.5us share=  0.0% n=1200
[03:47:50] [Server thread/INFO]: [STDOUT] [io.papermc.paper.util.PapoTickProfile] PapoTickProfile.phase player.aiStepTouchScan     total=    0.8ms avg/tick=    2.0us share=  0.0% n=4000
[03:47:50] [Server thread/INFO]: [STDOUT] [io.papermc.paper.util.PapoTickProfile] PapoTickProfile.phase level.blockEvents          total=    0.3ms avg/tick=    0.7us share=  0.0% n=1200
[03:47:50] [Server thread/INFO]: [STDOUT] [io.papermc.paper.util.PapoTickProfile] PapoTickProfile.phase conn.flushQueue            total=    0.1ms avg/tick=    0.3us share=  0.0% n=4000
[03:47:50] [Server thread/INFO]: [STDOUT] [io.papermc.paper.util.PapoTickProfile] PapoTickProfile.phase functions                  total=    0.1ms avg/tick=    0.1us share=  0.0% n=400
[03:47:50] [Server thread/INFO]: [STDOUT] [io.papermc.paper.util.PapoTickProfile] PapoTickProfile.phase players                    total=    0.0ms avg/tick=    0.1us share=  0.0% n=400
[03:47:50] [Server thread/INFO]: [STDOUT] [io.papermc.paper.util.PapoTickProfile] PapoTickProfile.count rs.blockTickRuns           total=   102400 avg/tick=    256.0 n=102400
[03:47:50] [Server thread/INFO]: [STDOUT] [io.papermc.paper.util.PapoTickProfile] PapoTickProfile.count fanout.sends               total=    18662 avg/tick=     46.7 n=1200
[03:47:50] [Server thread/INFO]: [STDOUT] [io.papermc.paper.util.PapoTickProfile] PapoTickProfile.count fanout.pkt.headRot         total=     1118 avg/tick=      2.8 n=399
[03:47:50] [Server thread/INFO]: [STDOUT] [io.papermc.paper.util.PapoTickProfile] PapoTickProfile.count fanout.pkt.movePosRot      total=     1013 avg/tick=      2.5 n=390
[03:47:50] [Server thread/INFO]: [STDOUT] [io.papermc.paper.util.PapoTickProfile] PapoTickProfile.count fanout.pkt.movePos         total=      191 avg/tick=      0.5 n=115
[03:47:50] [Server thread/INFO]: [STDOUT] [io.papermc.paper.util.PapoTickProfile] PapoTickProfile.count fanout.pkt.posSync         total=       87 avg/tick=      0.2 n=77
[03:47:50] [Server thread/INFO]: [STDOUT] [io.papermc.paper.util.PapoTickProfile] PapoTickProfile.count rs.fluidTickRuns           total=       59 avg/tick=      0.1 n=59
[03:47:50] [Server thread/INFO]: [STDOUT] [io.papermc.paper.util.PapoTickProfile] PapoTickProfile.count fanout.pkt.other           total=       52 avg/tick=      0.1 n=45
[03:47:50] [Server thread/INFO]: [STDOUT] [io.papermc.paper.util.PapoTickProfile] PapoTickProfile.count fanout.pkt.entityData      total=       11 avg/tick=      0.0 n=11
[03:48:10] [Server thread/INFO]: [STDOUT] [io.papermc.paper.util.PapoTickProfile] PapoTickProfile window=400ticks totalWallMs=20000 measuredMs=16765 gcMs=27
[03:48:10] [Server thread/INFO]: [STDOUT] [io.papermc.paper.util.PapoTickProfile] PapoTickProfile.phase worlds                     total= 5583.1ms avg/tick=13957.8us share= 33.3% n=400
[03:48:10] [Server thread/INFO]: [STDOUT] [io.papermc.paper.util.PapoTickProfile] PapoTickProfile.phase level.tickPending+misc     total= 5409.0ms avg/tick=13522.6us share= 32.3% n=1200
[03:48:10] [Server thread/INFO]: [STDOUT] [io.papermc.paper.util.PapoTickProfile] PapoTickProfile.phase level.blockTicks           total= 5099.6ms avg/tick=12749.0us share= 30.4% n=1200
[03:48:10] [Server thread/INFO]: [STDOUT] [io.papermc.paper.util.PapoTickProfile] PapoTickProfile.phase level.chunkSource          total=  307.0ms avg/tick=  767.4us share=  1.8% n=1200
[03:48:10] [Server thread/INFO]: [STDOUT] [io.papermc.paper.util.PapoTickProfile] PapoTickProfile.phase level.entities             total=  170.4ms avg/tick=  426.1us share=  1.0% n=1200
[03:48:10] [Server thread/INFO]: [STDOUT] [io.papermc.paper.util.PapoTickProfile] PapoTickProfile.phase ent.serverAiStep           total=   48.4ms avg/tick=  121.0us share=  0.3% n=13776
[03:48:10] [Server thread/INFO]: [STDOUT] [io.papermc.paper.util.PapoTickProfile] PapoTickProfile.phase connection                 total=   37.0ms avg/tick=   92.6us share=  0.2% n=400
[03:48:10] [Server thread/INFO]: [STDOUT] [io.papermc.paper.util.PapoTickProfile] PapoTickProfile.phase conn.listenerTick          total=   35.5ms avg/tick=   88.7us share=  0.2% n=4000
[03:48:10] [Server thread/INFO]: [STDOUT] [io.papermc.paper.util.PapoTickProfile] PapoTickProfile.phase sendChunks                 total=   26.0ms avg/tick=   64.9us share=  0.2% n=400
[03:48:10] [Server thread/INFO]: [STDOUT] [io.papermc.paper.util.PapoTickProfile] PapoTickProfile.phase player.superTick           total=   24.1ms avg/tick=   60.2us share=  0.1% n=4000
[03:48:10] [Server thread/INFO]: [STDOUT] [io.papermc.paper.util.PapoTickProfile] PapoTickProfile.phase chunkMap.tracker.maintain  total=    9.2ms avg/tick=   23.1us share=  0.1% n=1200
[03:48:10] [Server thread/INFO]: [STDOUT] [io.papermc.paper.util.PapoTickProfile] PapoTickProfile.phase chunkMap.tracker.sendChanges total=    5.6ms avg/tick=   14.0us share=  0.0% n=1200
[03:48:10] [Server thread/INFO]: [STDOUT] [io.papermc.paper.util.PapoTickProfile] PapoTickProfile.phase server.taskDrain           total=    4.2ms avg/tick=   10.5us share=  0.0% n=400
[03:48:10] [Server thread/INFO]: [STDOUT] [io.papermc.paper.util.PapoTickProfile] PapoTickProfile.phase player.pushEntities        total=    2.1ms avg/tick=    5.2us share=  0.0% n=7801
[03:48:10] [Server thread/INFO]: [STDOUT] [io.papermc.paper.util.PapoTickProfile] PapoTickProfile.phase level.fluidTicks           total=    1.3ms avg/tick=    3.2us share=  0.0% n=1200
[03:48:10] [Server thread/INFO]: [STDOUT] [io.papermc.paper.util.PapoTickProfile] PapoTickProfile.phase chunkMap.tracker.fanout    total=    1.1ms avg/tick=    2.9us share=  0.0% n=1200
[03:48:10] [Server thread/INFO]: [STDOUT] [io.papermc.paper.util.PapoTickProfile] PapoTickProfile.phase player.aiStepTouchScan     total=    0.8ms avg/tick=    1.9us share=  0.0% n=4000
[03:48:10] [Server thread/INFO]: [STDOUT] [io.papermc.paper.util.PapoTickProfile] PapoTickProfile.phase level.blockEvents          total=    0.3ms avg/tick=    0.7us share=  0.0% n=1200
[03:48:10] [Server thread/INFO]: [STDOUT] [io.papermc.paper.util.PapoTickProfile] PapoTickProfile.phase conn.flushQueue            total=    0.1ms avg/tick=    0.3us share=  0.0% n=4000
[03:48:10] [Server thread/INFO]: [STDOUT] [io.papermc.paper.util.PapoTickProfile] PapoTickProfile.phase players                    total=    0.1ms avg/tick=    0.3us share=  0.0% n=400
[03:48:10] [Server thread/INFO]: [STDOUT] [io.papermc.paper.util.PapoTickProfile] PapoTickProfile.phase functions                  total=    0.1ms avg/tick=    0.1us share=  0.0% n=400
[03:48:10] [Server thread/INFO]: [STDOUT] [io.papermc.paper.util.PapoTickProfile] PapoTickProfile.count rs.blockTickRuns           total=   102400 avg/tick=    256.0 n=102400
[03:48:10] [Server thread/INFO]: [STDOUT] [io.papermc.paper.util.PapoTickProfile] PapoTickProfile.count fanout.sends               total=    22299 avg/tick=     55.7 n=1200
[03:48:10] [Server thread/INFO]: [STDOUT] [io.papermc.paper.util.PapoTickProfile] PapoTickProfile.count fanout.pkt.headRot         total=     1373 avg/tick=      3.4 n=400
[03:48:10] [Server thread/INFO]: [STDOUT] [io.papermc.paper.util.PapoTickProfile] PapoTickProfile.count fanout.pkt.movePosRot      total=     1241 avg/tick=      3.1 n=397
[03:48:10] [Server thread/INFO]: [STDOUT] [io.papermc.paper.util.PapoTickProfile] PapoTickProfile.count fanout.pkt.movePos         total=      155 avg/tick=      0.4 n=80
[03:48:10] [Server thread/INFO]: [STDOUT] [io.papermc.paper.util.PapoTickProfile] PapoTickProfile.count fanout.pkt.posSync         total=      101 avg/tick=      0.3 n=88
[03:48:10] [Server thread/INFO]: [STDOUT] [io.papermc.paper.util.PapoTickProfile] PapoTickProfile.count rs.fluidTickRuns           total=       76 avg/tick=      0.2 n=76
[03:48:10] [Server thread/INFO]: [STDOUT] [io.papermc.paper.util.PapoTickProfile] PapoTickProfile.count fanout.pkt.other           total=       47 avg/tick=      0.1 n=46
[03:48:10] [Server thread/INFO]: [STDOUT] [io.papermc.paper.util.PapoTickProfile] PapoTickProfile.count fanout.pkt.entityData      total=       25 avg/tick=      0.1 n=25
[03:48:10] [Server thread/INFO]: [STDOUT] [io.papermc.paper.util.PapoTickProfile] PapoTickProfile.count fanout.pkt.moveRot         total=        1 avg/tick=      0.0 n=1
[03:48:30] [Server thread/INFO]: [STDOUT] [io.papermc.paper.util.PapoTickProfile] PapoTickProfile window=400ticks totalWallMs=20001 measuredMs=16624 gcMs=23
[03:48:30] [Server thread/INFO]: [STDOUT] [io.papermc.paper.util.PapoTickProfile] PapoTickProfile.phase worlds                     total= 5532.0ms avg/tick=13830.1us share= 33.3% n=400
[03:48:30] [Server thread/INFO]: [STDOUT] [io.papermc.paper.util.PapoTickProfile] PapoTickProfile.phase level.tickPending+misc     total= 5394.2ms avg/tick=13485.5us share= 32.4% n=1200
[03:48:30] [Server thread/INFO]: [STDOUT] [io.papermc.paper.util.PapoTickProfile] PapoTickProfile.phase level.blockTicks           total= 5090.6ms avg/tick=12726.5us share= 30.6% n=1200
[03:48:30] [Server thread/INFO]: [STDOUT] [io.papermc.paper.util.PapoTickProfile] PapoTickProfile.phase level.chunkSource          total=  301.1ms avg/tick=  752.7us share=  1.8% n=1200
[03:48:30] [Server thread/INFO]: [STDOUT] [io.papermc.paper.util.PapoTickProfile] PapoTickProfile.phase level.entities             total=  134.2ms avg/tick=  335.5us share=  0.8% n=1200
[03:48:30] [Server thread/INFO]: [STDOUT] [io.papermc.paper.util.PapoTickProfile] PapoTickProfile.phase connection                 total=   37.1ms avg/tick=   92.7us share=  0.2% n=400
[03:48:30] [Server thread/INFO]: [STDOUT] [io.papermc.paper.util.PapoTickProfile] PapoTickProfile.phase conn.listenerTick          total=   35.6ms avg/tick=   88.9us share=  0.2% n=4000
[03:48:30] [Server thread/INFO]: [STDOUT] [io.papermc.paper.util.PapoTickProfile] PapoTickProfile.phase sendChunks                 total=   25.9ms avg/tick=   64.8us share=  0.2% n=400
[03:48:30] [Server thread/INFO]: [STDOUT] [io.papermc.paper.util.PapoTickProfile] PapoTickProfile.phase ent.serverAiStep           total=   24.3ms avg/tick=   60.7us share=  0.1% n=13042
[03:48:30] [Server thread/INFO]: [STDOUT] [io.papermc.paper.util.PapoTickProfile] PapoTickProfile.phase player.superTick           total=   24.2ms avg/tick=   60.5us share=  0.1% n=4000
[03:48:30] [Server thread/INFO]: [STDOUT] [io.papermc.paper.util.PapoTickProfile] PapoTickProfile.phase chunkMap.tracker.maintain  total=    9.6ms avg/tick=   24.1us share=  0.1% n=1200
[03:48:30] [Server thread/INFO]: [STDOUT] [io.papermc.paper.util.PapoTickProfile] PapoTickProfile.phase chunkMap.tracker.sendChanges total=    5.5ms avg/tick=   13.9us share=  0.0% n=1200
[03:48:30] [Server thread/INFO]: [STDOUT] [io.papermc.paper.util.PapoTickProfile] PapoTickProfile.phase server.taskDrain           total=    4.5ms avg/tick=   11.3us share=  0.0% n=400
[03:48:30] [Server thread/INFO]: [STDOUT] [io.papermc.paper.util.PapoTickProfile] PapoTickProfile.phase player.pushEntities        total=    1.9ms avg/tick=    4.8us share=  0.0% n=7095
[03:48:30] [Server thread/INFO]: [STDOUT] [io.papermc.paper.util.PapoTickProfile] PapoTickProfile.phase level.fluidTicks           total=    1.4ms avg/tick=    3.5us share=  0.0% n=1200
[03:48:30] [Server thread/INFO]: [STDOUT] [io.papermc.paper.util.PapoTickProfile] PapoTickProfile.phase chunkMap.tracker.fanout    total=    1.2ms avg/tick=    3.1us share=  0.0% n=1200
[03:48:30] [Server thread/INFO]: [STDOUT] [io.papermc.paper.util.PapoTickProfile] PapoTickProfile.phase player.aiStepTouchScan     total=    0.8ms avg/tick=    1.9us share=  0.0% n=4000
[03:48:30] [Server thread/INFO]: [STDOUT] [io.papermc.paper.util.PapoTickProfile] PapoTickProfile.phase level.blockEvents          total=    0.3ms avg/tick=    0.7us share=  0.0% n=1200
[03:48:30] [Server thread/INFO]: [STDOUT] [io.papermc.paper.util.PapoTickProfile] PapoTickProfile.phase conn.flushQueue            total=    0.1ms avg/tick=    0.3us share=  0.0% n=4000
[03:48:30] [Server thread/INFO]: [STDOUT] [io.papermc.paper.util.PapoTickProfile] PapoTickProfile.phase players                    total=    0.1ms avg/tick=    0.3us share=  0.0% n=400
[03:48:30] [Server thread/INFO]: [STDOUT] [io.papermc.paper.util.PapoTickProfile] PapoTickProfile.phase functions                  total=    0.1ms avg/tick=    0.1us share=  0.0% n=400
[03:48:30] [Server thread/INFO]: [STDOUT] [io.papermc.paper.util.PapoTickProfile] PapoTickProfile.count rs.blockTickRuns           total=   102400 avg/tick=    256.0 n=102400
[03:48:30] [Server thread/INFO]: [STDOUT] [io.papermc.paper.util.PapoTickProfile] PapoTickProfile.count fanout.sends               total=    24744 avg/tick=     61.9 n=1200
[03:48:30] [Server thread/INFO]: [STDOUT] [io.papermc.paper.util.PapoTickProfile] PapoTickProfile.count fanout.pkt.headRot         total=     1383 avg/tick=      3.5 n=399
[03:48:30] [Server thread/INFO]: [STDOUT] [io.papermc.paper.util.PapoTickProfile] PapoTickProfile.count fanout.pkt.movePosRot      total=     1251 avg/tick=      3.1 n=397
[03:48:30] [Server thread/INFO]: [STDOUT] [io.papermc.paper.util.PapoTickProfile] PapoTickProfile.count fanout.pkt.movePos         total=      135 avg/tick=      0.3 n=74
[03:48:30] [Server thread/INFO]: [STDOUT] [io.papermc.paper.util.PapoTickProfile] PapoTickProfile.count fanout.pkt.posSync         total=      104 avg/tick=      0.3 n=85
[03:48:30] [Server thread/INFO]: [STDOUT] [io.papermc.paper.util.PapoTickProfile] PapoTickProfile.count rs.fluidTickRuns           total=       94 avg/tick=      0.2 n=94
[03:48:30] [Server thread/INFO]: [STDOUT] [io.papermc.paper.util.PapoTickProfile] PapoTickProfile.count fanout.pkt.other           total=       55 avg/tick=      0.1 n=54
[03:48:30] [Server thread/INFO]: [STDOUT] [io.papermc.paper.util.PapoTickProfile] PapoTickProfile.count fanout.pkt.entityData      total=       54 avg/tick=      0.1 n=53
[03:48:30] [Server thread/INFO]: [STDOUT] [io.papermc.paper.util.PapoTickProfile] PapoTickProfile.count fanout.pkt.velocity        total=       24 avg/tick=      0.1 n=24
[03:48:30] [Server thread/INFO]: [STDOUT] [io.papermc.paper.util.PapoTickProfile] PapoTickProfile.count fanout.pkt.moveRot         total=       16 avg/tick=      0.0 n=16
[03:48:50] [Server thread/INFO]: [STDOUT] [io.papermc.paper.util.PapoTickProfile] PapoTickProfile window=400ticks totalWallMs=19999 measuredMs=16485 gcMs=29
[03:48:50] [Server thread/INFO]: [STDOUT] [io.papermc.paper.util.PapoTickProfile] PapoTickProfile.phase worlds                     total= 5486.2ms avg/tick=13715.5us share= 33.3% n=400
[03:48:50] [Server thread/INFO]: [STDOUT] [io.papermc.paper.util.PapoTickProfile] PapoTickProfile.phase level.tickPending+misc     total= 5350.3ms avg/tick=13375.8us share= 32.5% n=1200
[03:48:50] [Server thread/INFO]: [STDOUT] [io.papermc.paper.util.PapoTickProfile] PapoTickProfile.phase level.blockTicks           total= 5078.8ms avg/tick=12697.1us share= 30.8% n=1200
[03:48:50] [Server thread/INFO]: [STDOUT] [io.papermc.paper.util.PapoTickProfile] PapoTickProfile.phase level.chunkSource          total=  269.0ms avg/tick=  672.6us share=  1.6% n=1200
[03:48:50] [Server thread/INFO]: [STDOUT] [io.papermc.paper.util.PapoTickProfile] PapoTickProfile.phase level.entities             total=  132.4ms avg/tick=  331.0us share=  0.8% n=1200
[03:48:50] [Server thread/INFO]: [STDOUT] [io.papermc.paper.util.PapoTickProfile] PapoTickProfile.phase connection                 total=   36.4ms avg/tick=   91.1us share=  0.2% n=400
[03:48:50] [Server thread/INFO]: [STDOUT] [io.papermc.paper.util.PapoTickProfile] PapoTickProfile.phase conn.listenerTick          total=   34.8ms avg/tick=   87.0us share=  0.2% n=4000
[03:48:50] [Server thread/INFO]: [STDOUT] [io.papermc.paper.util.PapoTickProfile] PapoTickProfile.phase sendChunks                 total=   25.4ms avg/tick=   63.5us share=  0.2% n=400
[03:48:50] [Server thread/INFO]: [STDOUT] [io.papermc.paper.util.PapoTickProfile] PapoTickProfile.phase player.superTick           total=   23.6ms avg/tick=   59.1us share=  0.1% n=4000
[03:48:50] [Server thread/INFO]: [STDOUT] [io.papermc.paper.util.PapoTickProfile] PapoTickProfile.phase ent.serverAiStep           total=   21.7ms avg/tick=   54.2us share=  0.1% n=14019
[03:48:50] [Server thread/INFO]: [STDOUT] [io.papermc.paper.util.PapoTickProfile] PapoTickProfile.phase chunkMap.tracker.maintain  total=   10.9ms avg/tick=   27.4us share=  0.1% n=1200
[03:48:50] [Server thread/INFO]: [STDOUT] [io.papermc.paper.util.PapoTickProfile] PapoTickProfile.phase chunkMap.tracker.sendChanges total=    5.7ms avg/tick=   14.2us share=  0.0% n=1200
[03:48:50] [Server thread/INFO]: [STDOUT] [io.papermc.paper.util.PapoTickProfile] PapoTickProfile.phase server.taskDrain           total=    3.8ms avg/tick=    9.5us share=  0.0% n=400
[03:48:50] [Server thread/INFO]: [STDOUT] [io.papermc.paper.util.PapoTickProfile] PapoTickProfile.phase player.pushEntities        total=    2.1ms avg/tick=    5.2us share=  0.0% n=8050
[03:48:50] [Server thread/INFO]: [STDOUT] [io.papermc.paper.util.PapoTickProfile] PapoTickProfile.phase chunkMap.tracker.fanout    total=    1.4ms avg/tick=    3.5us share=  0.0% n=1200
[03:48:50] [Server thread/INFO]: [STDOUT] [io.papermc.paper.util.PapoTickProfile] PapoTickProfile.phase level.fluidTicks           total=    1.3ms avg/tick=    3.2us share=  0.0% n=1200
[03:48:50] [Server thread/INFO]: [STDOUT] [io.papermc.paper.util.PapoTickProfile] PapoTickProfile.phase player.aiStepTouchScan     total=    0.8ms avg/tick=    2.0us share=  0.0% n=4000
[03:48:50] [Server thread/INFO]: [STDOUT] [io.papermc.paper.util.PapoTickProfile] PapoTickProfile.phase level.blockEvents          total=    0.3ms avg/tick=    0.7us share=  0.0% n=1200
[03:48:50] [Server thread/INFO]: [STDOUT] [io.papermc.paper.util.PapoTickProfile] PapoTickProfile.phase conn.flushQueue            total=    0.1ms avg/tick=    0.3us share=  0.0% n=4000
[03:48:50] [Server thread/INFO]: [STDOUT] [io.papermc.paper.util.PapoTickProfile] PapoTickProfile.phase functions                  total=    0.1ms avg/tick=    0.1us share=  0.0% n=400
[03:48:50] [Server thread/INFO]: [STDOUT] [io.papermc.paper.util.PapoTickProfile] PapoTickProfile.phase players                    total=    0.0ms avg/tick=    0.1us share=  0.0% n=400
[03:48:50] [Server thread/INFO]: [STDOUT] [io.papermc.paper.util.PapoTickProfile] PapoTickProfile.count rs.blockTickRuns           total=   102400 avg/tick=    256.0 n=102400
[03:48:50] [Server thread/INFO]: [STDOUT] [io.papermc.paper.util.PapoTickProfile] PapoTickProfile.count fanout.sends               total=    23056 avg/tick=     57.6 n=1200
[03:48:50] [Server thread/INFO]: [STDOUT] [io.papermc.paper.util.PapoTickProfile] PapoTickProfile.count fanout.pkt.headRot         total=     1399 avg/tick=      3.5 n=400
[03:48:50] [Server thread/INFO]: [STDOUT] [io.papermc.paper.util.PapoTickProfile] PapoTickProfile.count fanout.pkt.movePosRot      total=     1245 avg/tick=      3.1 n=400
[03:48:50] [Server thread/INFO]: [STDOUT] [io.papermc.paper.util.PapoTickProfile] PapoTickProfile.count fanout.pkt.movePos         total=      174 avg/tick=      0.4 n=102
[03:48:50] [Server thread/INFO]: [STDOUT] [io.papermc.paper.util.PapoTickProfile] PapoTickProfile.count fanout.pkt.posSync         total=      128 avg/tick=      0.3 n=113
[03:48:50] [Server thread/INFO]: [STDOUT] [io.papermc.paper.util.PapoTickProfile] PapoTickProfile.count rs.fluidTickRuns           total=      107 avg/tick=      0.3 n=107
[03:48:50] [Server thread/INFO]: [STDOUT] [io.papermc.paper.util.PapoTickProfile] PapoTickProfile.count fanout.pkt.other           total=       83 avg/tick=      0.2 n=80
[03:48:50] [Server thread/INFO]: [STDOUT] [io.papermc.paper.util.PapoTickProfile] PapoTickProfile.count fanout.pkt.entityData      total=        2 avg/tick=      0.0 n=2
[03:49:10] [Server thread/INFO]: [STDOUT] [io.papermc.paper.util.PapoTickProfile] PapoTickProfile window=400ticks totalWallMs=19999 measuredMs=16755 gcMs=28
[03:49:10] [Server thread/INFO]: [STDOUT] [io.papermc.paper.util.PapoTickProfile] PapoTickProfile.phase worlds                     total= 5573.6ms avg/tick=13934.1us share= 33.3% n=400
[03:49:10] [Server thread/INFO]: [STDOUT] [io.papermc.paper.util.PapoTickProfile] PapoTickProfile.phase level.tickPending+misc     total= 5426.3ms avg/tick=13565.9us share= 32.4% n=1200
[03:49:10] [Server thread/INFO]: [STDOUT] [io.papermc.paper.util.PapoTickProfile] PapoTickProfile.phase level.blockTicks           total= 5120.6ms avg/tick=12801.6us share= 30.6% n=1200
[03:49:10] [Server thread/INFO]: [STDOUT] [io.papermc.paper.util.PapoTickProfile] PapoTickProfile.phase level.chunkSource          total=  301.7ms avg/tick=  754.2us share=  1.8% n=1200
[03:49:10] [Server thread/INFO]: [STDOUT] [io.papermc.paper.util.PapoTickProfile] PapoTickProfile.phase level.entities             total=  143.1ms avg/tick=  357.7us share=  0.9% n=1200
[03:49:10] [Server thread/INFO]: [STDOUT] [io.papermc.paper.util.PapoTickProfile] PapoTickProfile.phase connection                 total=   41.6ms avg/tick=  104.0us share=  0.2% n=400
[03:49:10] [Server thread/INFO]: [STDOUT] [io.papermc.paper.util.PapoTickProfile] PapoTickProfile.phase conn.listenerTick          total=   40.0ms avg/tick=   99.9us share=  0.2% n=4000
[03:49:10] [Server thread/INFO]: [STDOUT] [io.papermc.paper.util.PapoTickProfile] PapoTickProfile.phase player.superTick           total=   28.0ms avg/tick=   70.0us share=  0.2% n=4000
[03:49:10] [Server thread/INFO]: [STDOUT] [io.papermc.paper.util.PapoTickProfile] PapoTickProfile.phase sendChunks                 total=   27.1ms avg/tick=   67.9us share=  0.2% n=400
[03:49:10] [Server thread/INFO]: [STDOUT] [io.papermc.paper.util.PapoTickProfile] PapoTickProfile.phase ent.serverAiStep           total=   25.0ms avg/tick=   62.5us share=  0.1% n=14149
[03:49:10] [Server thread/INFO]: [STDOUT] [io.papermc.paper.util.PapoTickProfile] PapoTickProfile.phase chunkMap.tracker.maintain  total=   10.2ms avg/tick=   25.4us share=  0.1% n=1200
[03:49:10] [Server thread/INFO]: [STDOUT] [io.papermc.paper.util.PapoTickProfile] PapoTickProfile.phase chunkMap.tracker.sendChanges total=    6.0ms avg/tick=   15.0us share=  0.0% n=1200
[03:49:10] [Server thread/INFO]: [STDOUT] [io.papermc.paper.util.PapoTickProfile] PapoTickProfile.phase server.taskDrain           total=    4.6ms avg/tick=   11.5us share=  0.0% n=400
[03:49:10] [Server thread/INFO]: [STDOUT] [io.papermc.paper.util.PapoTickProfile] PapoTickProfile.phase player.pushEntities        total=    3.1ms avg/tick=    7.7us share=  0.0% n=8176
[03:49:10] [Server thread/INFO]: [STDOUT] [io.papermc.paper.util.PapoTickProfile] PapoTickProfile.phase player.aiStepTouchScan     total=    1.7ms avg/tick=    4.2us share=  0.0% n=4000
[03:49:10] [Server thread/INFO]: [STDOUT] [io.papermc.paper.util.PapoTickProfile] PapoTickProfile.phase chunkMap.tracker.fanout    total=    1.2ms avg/tick=    3.1us share=  0.0% n=1200
[03:49:10] [Server thread/INFO]: [STDOUT] [io.papermc.paper.util.PapoTickProfile] PapoTickProfile.phase level.fluidTicks           total=    1.2ms avg/tick=    3.0us share=  0.0% n=1200
[03:49:10] [Server thread/INFO]: [STDOUT] [io.papermc.paper.util.PapoTickProfile] PapoTickProfile.phase level.blockEvents          total=    0.3ms avg/tick=    0.7us share=  0.0% n=1200
[03:49:10] [Server thread/INFO]: [STDOUT] [io.papermc.paper.util.PapoTickProfile] PapoTickProfile.phase players                    total=    0.2ms avg/tick=    0.4us share=  0.0% n=400
[03:49:10] [Server thread/INFO]: [STDOUT] [io.papermc.paper.util.PapoTickProfile] PapoTickProfile.phase conn.flushQueue            total=    0.1ms avg/tick=    0.3us share=  0.0% n=4000
[03:49:10] [Server thread/INFO]: [STDOUT] [io.papermc.paper.util.PapoTickProfile] PapoTickProfile.phase functions                  total=    0.1ms avg/tick=    0.1us share=  0.0% n=400
[03:49:10] [Server thread/INFO]: [STDOUT] [io.papermc.paper.util.PapoTickProfile] PapoTickProfile.count rs.blockTickRuns           total=   102400 avg/tick=    256.0 n=102400
[03:49:10] [Server thread/INFO]: [STDOUT] [io.papermc.paper.util.PapoTickProfile] PapoTickProfile.count fanout.sends               total=    22537 avg/tick=     56.3 n=1200
[03:49:10] [Server thread/INFO]: [STDOUT] [io.papermc.paper.util.PapoTickProfile] PapoTickProfile.count fanout.pkt.headRot         total=     1399 avg/tick=      3.5 n=400
[03:49:10] [Server thread/INFO]: [STDOUT] [io.papermc.paper.util.PapoTickProfile] PapoTickProfile.count fanout.pkt.movePosRot      total=     1296 avg/tick=      3.2 n=399
[03:49:10] [Server thread/INFO]: [STDOUT] [io.papermc.paper.util.PapoTickProfile] PapoTickProfile.count fanout.pkt.movePos         total=      179 avg/tick=      0.4 n=106
[03:49:10] [Server thread/INFO]: [STDOUT] [io.papermc.paper.util.PapoTickProfile] PapoTickProfile.count fanout.pkt.other           total=       81 avg/tick=      0.2 n=77
[03:49:10] [Server thread/INFO]: [STDOUT] [io.papermc.paper.util.PapoTickProfile] PapoTickProfile.count fanout.pkt.posSync         total=       76 avg/tick=      0.2 n=64
[03:49:10] [Server thread/INFO]: [STDOUT] [io.papermc.paper.util.PapoTickProfile] PapoTickProfile.count fanout.pkt.entityData      total=       54 avg/tick=      0.1 n=52
[03:49:10] [Server thread/INFO]: [STDOUT] [io.papermc.paper.util.PapoTickProfile] PapoTickProfile.count rs.fluidTickRuns           total=       11 avg/tick=      0.0 n=11
[03:49:30] [Server thread/INFO]: [STDOUT] [io.papermc.paper.util.PapoTickProfile] PapoTickProfile window=400ticks totalWallMs=19999 measuredMs=16664 gcMs=25
[03:49:30] [Server thread/INFO]: [STDOUT] [io.papermc.paper.util.PapoTickProfile] PapoTickProfile.phase worlds                     total= 5547.9ms avg/tick=13869.7us share= 33.3% n=400
[03:49:30] [Server thread/INFO]: [STDOUT] [io.papermc.paper.util.PapoTickProfile] PapoTickProfile.phase level.tickPending+misc     total= 5384.5ms avg/tick=13461.4us share= 32.3% n=1200
[03:49:30] [Server thread/INFO]: [STDOUT] [io.papermc.paper.util.PapoTickProfile] PapoTickProfile.phase level.blockTicks           total= 5082.4ms avg/tick=12706.0us share= 30.5% n=1200
[03:49:30] [Server thread/INFO]: [STDOUT] [io.papermc.paper.util.PapoTickProfile] PapoTickProfile.phase level.chunkSource          total=  299.6ms avg/tick=  748.9us share=  1.8% n=1200
[03:49:30] [Server thread/INFO]: [STDOUT] [io.papermc.paper.util.PapoTickProfile] PapoTickProfile.phase level.entities             total=  159.2ms avg/tick=  397.9us share=  1.0% n=1200
[03:49:30] [Server thread/INFO]: [STDOUT] [io.papermc.paper.util.PapoTickProfile] PapoTickProfile.phase connection                 total=   40.1ms avg/tick=  100.3us share=  0.2% n=400
[03:49:30] [Server thread/INFO]: [STDOUT] [io.papermc.paper.util.PapoTickProfile] PapoTickProfile.phase conn.listenerTick          total=   38.4ms avg/tick=   96.0us share=  0.2% n=4000
[03:49:30] [Server thread/INFO]: [STDOUT] [io.papermc.paper.util.PapoTickProfile] PapoTickProfile.phase ent.serverAiStep           total=   32.5ms avg/tick=   81.2us share=  0.2% n=14220
[03:49:30] [Server thread/INFO]: [STDOUT] [io.papermc.paper.util.PapoTickProfile] PapoTickProfile.phase sendChunks                 total=   26.7ms avg/tick=   66.8us share=  0.2% n=400
[03:49:30] [Server thread/INFO]: [STDOUT] [io.papermc.paper.util.PapoTickProfile] PapoTickProfile.phase player.superTick           total=   26.4ms avg/tick=   66.1us share=  0.2% n=4000
[03:49:30] [Server thread/INFO]: [STDOUT] [io.papermc.paper.util.PapoTickProfile] PapoTickProfile.phase chunkMap.tracker.maintain  total=    9.5ms avg/tick=   23.9us share=  0.1% n=1200
[03:49:30] [Server thread/INFO]: [STDOUT] [io.papermc.paper.util.PapoTickProfile] PapoTickProfile.phase chunkMap.tracker.sendChanges total=    5.9ms avg/tick=   14.8us share=  0.0% n=1200
[03:49:30] [Server thread/INFO]: [STDOUT] [io.papermc.paper.util.PapoTickProfile] PapoTickProfile.phase server.taskDrain           total=    4.5ms avg/tick=   11.2us share=  0.0% n=400
[03:49:30] [Server thread/INFO]: [STDOUT] [io.papermc.paper.util.PapoTickProfile] PapoTickProfile.phase player.pushEntities        total=    2.8ms avg/tick=    7.1us share=  0.0% n=8246
[03:49:30] [Server thread/INFO]: [STDOUT] [io.papermc.paper.util.PapoTickProfile] PapoTickProfile.phase level.fluidTicks           total=    1.3ms avg/tick=    3.3us share=  0.0% n=1200
[03:49:30] [Server thread/INFO]: [STDOUT] [io.papermc.paper.util.PapoTickProfile] PapoTickProfile.phase chunkMap.tracker.fanout    total=    1.2ms avg/tick=    3.1us share=  0.0% n=1200
[03:49:30] [Server thread/INFO]: [STDOUT] [io.papermc.paper.util.PapoTickProfile] PapoTickProfile.phase player.aiStepTouchScan     total=    1.0ms avg/tick=    2.6us share=  0.0% n=4000
[03:49:30] [Server thread/INFO]: [STDOUT] [io.papermc.paper.util.PapoTickProfile] PapoTickProfile.phase level.blockEvents          total=    0.3ms avg/tick=    0.7us share=  0.0% n=1200
[03:49:30] [Server thread/INFO]: [STDOUT] [io.papermc.paper.util.PapoTickProfile] PapoTickProfile.phase conn.flushQueue            total=    0.1ms avg/tick=    0.4us share=  0.0% n=4000
[03:49:30] [Server thread/INFO]: [STDOUT] [io.papermc.paper.util.PapoTickProfile] PapoTickProfile.phase players                    total=    0.1ms avg/tick=    0.3us share=  0.0% n=400
[03:49:30] [Server thread/INFO]: [STDOUT] [io.papermc.paper.util.PapoTickProfile] PapoTickProfile.phase functions                  total=    0.0ms avg/tick=    0.1us share=  0.0% n=400
[03:49:30] [Server thread/INFO]: [STDOUT] [io.papermc.paper.util.PapoTickProfile] PapoTickProfile.count rs.blockTickRuns           total=   102400 avg/tick=    256.0 n=102400
[03:49:30] [Server thread/INFO]: [STDOUT] [io.papermc.paper.util.PapoTickProfile] PapoTickProfile.count fanout.sends               total=    24062 avg/tick=     60.2 n=1200
[03:49:30] [Server thread/INFO]: [STDOUT] [io.papermc.paper.util.PapoTickProfile] PapoTickProfile.count fanout.pkt.headRot         total=     1399 avg/tick=      3.5 n=397
[03:49:30] [Server thread/INFO]: [STDOUT] [io.papermc.paper.util.PapoTickProfile] PapoTickProfile.count fanout.pkt.movePosRot      total=     1297 avg/tick=      3.2 n=395
[03:49:30] [Server thread/INFO]: [STDOUT] [io.papermc.paper.util.PapoTickProfile] PapoTickProfile.count fanout.pkt.movePos         total=      180 avg/tick=      0.5 n=111
[03:49:30] [Server thread/INFO]: [STDOUT] [io.papermc.paper.util.PapoTickProfile] PapoTickProfile.count rs.fluidTickRuns           total=       91 avg/tick=      0.2 n=91
[03:49:30] [Server thread/INFO]: [STDOUT] [io.papermc.paper.util.PapoTickProfile] PapoTickProfile.count fanout.pkt.other           total=       80 avg/tick=      0.2 n=73
[03:49:30] [Server thread/INFO]: [STDOUT] [io.papermc.paper.util.PapoTickProfile] PapoTickProfile.count fanout.pkt.posSync         total=       63 avg/tick=      0.2 n=55
[03:49:30] [Server thread/INFO]: [STDOUT] [io.papermc.paper.util.PapoTickProfile] PapoTickProfile.count fanout.pkt.entityData      total=       29 avg/tick=      0.1 n=27
[03:49:30] [Server thread/INFO]: [STDOUT] [io.papermc.paper.util.PapoTickProfile] PapoTickProfile.count fanout.pkt.velocity        total=       24 avg/tick=      0.1 n=24
[03:49:30] [Server thread/INFO]: [STDOUT] [io.papermc.paper.util.PapoTickProfile] PapoTickProfile.count fanout.pkt.moveRot         total=       19 avg/tick=      0.0 n=19
[03:49:50] [Server thread/INFO]: [STDOUT] [io.papermc.paper.util.PapoTickProfile] PapoTickProfile window=400ticks totalWallMs=20006 measuredMs=17552 gcMs=31
[03:49:50] [Server thread/INFO]: [STDOUT] [io.papermc.paper.util.PapoTickProfile] PapoTickProfile.phase worlds                     total= 5844.9ms avg/tick=14612.2us share= 33.3% n=400
[03:49:50] [Server thread/INFO]: [STDOUT] [io.papermc.paper.util.PapoTickProfile] PapoTickProfile.phase level.tickPending+misc     total= 5651.7ms avg/tick=14129.4us share= 32.2% n=1200
[03:49:50] [Server thread/INFO]: [STDOUT] [io.papermc.paper.util.PapoTickProfile] PapoTickProfile.phase level.blockTicks           total= 5300.2ms avg/tick=13250.4us share= 30.2% n=1200
[03:49:50] [Server thread/INFO]: [STDOUT] [io.papermc.paper.util.PapoTickProfile] PapoTickProfile.phase level.chunkSource          total=  348.5ms avg/tick=  871.2us share=  2.0% n=1200
[03:49:50] [Server thread/INFO]: [STDOUT] [io.papermc.paper.util.PapoTickProfile] PapoTickProfile.phase level.entities             total=  188.4ms avg/tick=  470.9us share=  1.1% n=1200
[03:49:50] [Server thread/INFO]: [STDOUT] [io.papermc.paper.util.PapoTickProfile] PapoTickProfile.phase connection                 total=   45.0ms avg/tick=  112.4us share=  0.3% n=400
[03:49:50] [Server thread/INFO]: [STDOUT] [io.papermc.paper.util.PapoTickProfile] PapoTickProfile.phase conn.listenerTick          total=   43.0ms avg/tick=  107.4us share=  0.2% n=4000
[03:49:50] [Server thread/INFO]: [STDOUT] [io.papermc.paper.util.PapoTickProfile] PapoTickProfile.phase ent.serverAiStep           total=   37.3ms avg/tick=   93.3us share=  0.2% n=13914
[03:49:50] [Server thread/INFO]: [STDOUT] [io.papermc.paper.util.PapoTickProfile] PapoTickProfile.phase sendChunks                 total=   31.8ms avg/tick=   79.5us share=  0.2% n=400
[03:49:50] [Server thread/INFO]: [STDOUT] [io.papermc.paper.util.PapoTickProfile] PapoTickProfile.phase player.superTick           total=   29.6ms avg/tick=   73.9us share=  0.2% n=4000
[03:49:50] [Server thread/INFO]: [STDOUT] [io.papermc.paper.util.PapoTickProfile] PapoTickProfile.phase chunkMap.tracker.maintain  total=   12.8ms avg/tick=   32.0us share=  0.1% n=1200
[03:49:50] [Server thread/INFO]: [STDOUT] [io.papermc.paper.util.PapoTickProfile] PapoTickProfile.phase chunkMap.tracker.sendChanges total=    6.9ms avg/tick=   17.3us share=  0.0% n=1200
[03:49:50] [Server thread/INFO]: [STDOUT] [io.papermc.paper.util.PapoTickProfile] PapoTickProfile.phase server.taskDrain           total=    5.3ms avg/tick=   13.2us share=  0.0% n=400
[03:49:50] [Server thread/INFO]: [STDOUT] [io.papermc.paper.util.PapoTickProfile] PapoTickProfile.phase player.pushEntities        total=    2.6ms avg/tick=    6.5us share=  0.0% n=7967
[03:49:50] [Server thread/INFO]: [STDOUT] [io.papermc.paper.util.PapoTickProfile] PapoTickProfile.phase level.fluidTicks           total=    1.6ms avg/tick=    4.0us share=  0.0% n=1200
[03:49:50] [Server thread/INFO]: [STDOUT] [io.papermc.paper.util.PapoTickProfile] PapoTickProfile.phase chunkMap.tracker.fanout    total=    1.4ms avg/tick=    3.5us share=  0.0% n=1200
[03:49:50] [Server thread/INFO]: [STDOUT] [io.papermc.paper.util.PapoTickProfile] PapoTickProfile.phase player.aiStepTouchScan     total=    0.8ms avg/tick=    2.0us share=  0.0% n=4000
[03:49:50] [Server thread/INFO]: [STDOUT] [io.papermc.paper.util.PapoTickProfile] PapoTickProfile.phase level.blockEvents          total=    0.3ms avg/tick=    0.8us share=  0.0% n=1200
[03:49:50] [Server thread/INFO]: [STDOUT] [io.papermc.paper.util.PapoTickProfile] PapoTickProfile.phase conn.flushQueue            total=    0.2ms avg/tick=    0.4us share=  0.0% n=4000
[03:49:50] [Server thread/INFO]: [STDOUT] [io.papermc.paper.util.PapoTickProfile] PapoTickProfile.phase functions                  total=    0.1ms avg/tick=    0.1us share=  0.0% n=400
[03:49:50] [Server thread/INFO]: [STDOUT] [io.papermc.paper.util.PapoTickProfile] PapoTickProfile.phase players                    total=    0.1ms avg/tick=    0.1us share=  0.0% n=400
[03:49:50] [Server thread/INFO]: [STDOUT] [io.papermc.paper.util.PapoTickProfile] PapoTickProfile.count rs.blockTickRuns           total=   102400 avg/tick=    256.0 n=102400
[03:49:50] [Server thread/INFO]: [STDOUT] [io.papermc.paper.util.PapoTickProfile] PapoTickProfile.count fanout.sends               total=    23183 avg/tick=     58.0 n=1200
[03:49:50] [Server thread/INFO]: [STDOUT] [io.papermc.paper.util.PapoTickProfile] PapoTickProfile.count fanout.pkt.headRot         total=     1350 avg/tick=      3.4 n=400
[03:49:50] [Server thread/INFO]: [STDOUT] [io.papermc.paper.util.PapoTickProfile] PapoTickProfile.count fanout.pkt.movePosRot      total=     1244 avg/tick=      3.1 n=400
[03:49:50] [Server thread/INFO]: [STDOUT] [io.papermc.paper.util.PapoTickProfile] PapoTickProfile.count fanout.pkt.movePos         total=      184 avg/tick=      0.5 n=103
[03:49:50] [Server thread/INFO]: [STDOUT] [io.papermc.paper.util.PapoTickProfile] PapoTickProfile.count fanout.pkt.other           total=       97 avg/tick=      0.2 n=82
[03:49:50] [Server thread/INFO]: [STDOUT] [io.papermc.paper.util.PapoTickProfile] PapoTickProfile.count fanout.pkt.posSync         total=       78 avg/tick=      0.2 n=67
[03:49:50] [Server thread/INFO]: [STDOUT] [io.papermc.paper.util.PapoTickProfile] PapoTickProfile.count rs.fluidTickRuns           total=       59 avg/tick=      0.1 n=59
[03:49:50] [Server thread/INFO]: [STDOUT] [io.papermc.paper.util.PapoTickProfile] PapoTickProfile.count fanout.pkt.entityData      total=       28 avg/tick=      0.1 n=28
[03:49:50] [Server thread/INFO]: [STDOUT] [io.papermc.paper.util.PapoTickProfile] PapoTickProfile.count fanout.pkt.velocity        total=       14 avg/tick=      0.0 n=14
[03:49:50] [Server thread/INFO]: [STDOUT] [io.papermc.paper.util.PapoTickProfile] PapoTickProfile.count fanout.pkt.moveRot         total=       10 avg/tick=      0.0 n=10
[03:50:10] [Server thread/INFO]: [STDOUT] [io.papermc.paper.util.PapoTickProfile] PapoTickProfile window=400ticks totalWallMs=19993 measuredMs=17314 gcMs=30
[03:50:10] [Server thread/INFO]: [STDOUT] [io.papermc.paper.util.PapoTickProfile] PapoTickProfile.phase worlds                     total= 5765.8ms avg/tick=14414.5us share= 33.3% n=400
[03:50:10] [Server thread/INFO]: [STDOUT] [io.papermc.paper.util.PapoTickProfile] PapoTickProfile.phase level.tickPending+misc     total= 5570.8ms avg/tick=13927.1us share= 32.2% n=1200
[03:50:10] [Server thread/INFO]: [STDOUT] [io.papermc.paper.util.PapoTickProfile] PapoTickProfile.phase level.blockTicks           total= 5174.2ms avg/tick=12935.6us share= 29.9% n=1200
[03:50:10] [Server thread/INFO]: [STDOUT] [io.papermc.paper.util.PapoTickProfile] PapoTickProfile.phase level.chunkSource          total=  393.6ms avg/tick=  984.0us share=  2.3% n=1200
[03:50:10] [Server thread/INFO]: [STDOUT] [io.papermc.paper.util.PapoTickProfile] PapoTickProfile.phase level.entities             total=  190.6ms avg/tick=  476.6us share=  1.1% n=1200
[03:50:10] [Server thread/INFO]: [STDOUT] [io.papermc.paper.util.PapoTickProfile] PapoTickProfile.phase ent.serverAiStep           total=   49.0ms avg/tick=  122.5us share=  0.3% n=13769
[03:50:10] [Server thread/INFO]: [STDOUT] [io.papermc.paper.util.PapoTickProfile] PapoTickProfile.phase connection                 total=   42.6ms avg/tick=  106.5us share=  0.2% n=400
[03:50:10] [Server thread/INFO]: [STDOUT] [io.papermc.paper.util.PapoTickProfile] PapoTickProfile.phase conn.listenerTick          total=   40.6ms avg/tick=  101.5us share=  0.2% n=4000
[03:50:10] [Server thread/INFO]: [STDOUT] [io.papermc.paper.util.PapoTickProfile] PapoTickProfile.phase sendChunks                 total=   30.5ms avg/tick=   76.2us share=  0.2% n=400
[03:50:10] [Server thread/INFO]: [STDOUT] [io.papermc.paper.util.PapoTickProfile] PapoTickProfile.phase player.superTick           total=   27.7ms avg/tick=   69.2us share=  0.2% n=4000
[03:50:10] [Server thread/INFO]: [STDOUT] [io.papermc.paper.util.PapoTickProfile] PapoTickProfile.phase chunkMap.tracker.maintain  total=   10.6ms avg/tick=   26.5us share=  0.1% n=1200
[03:50:10] [Server thread/INFO]: [STDOUT] [io.papermc.paper.util.PapoTickProfile] PapoTickProfile.phase chunkMap.tracker.sendChanges total=    7.0ms avg/tick=   17.5us share=  0.0% n=1200
[03:50:10] [Server thread/INFO]: [STDOUT] [io.papermc.paper.util.PapoTickProfile] PapoTickProfile.phase server.taskDrain           total=    4.7ms avg/tick=   11.8us share=  0.0% n=400
[03:50:10] [Server thread/INFO]: [STDOUT] [io.papermc.paper.util.PapoTickProfile] PapoTickProfile.phase player.pushEntities        total=    2.4ms avg/tick=    5.9us share=  0.0% n=7829
[03:50:10] [Server thread/INFO]: [STDOUT] [io.papermc.paper.util.PapoTickProfile] PapoTickProfile.phase level.fluidTicks           total=    1.4ms avg/tick=    3.5us share=  0.0% n=1200
[03:50:10] [Server thread/INFO]: [STDOUT] [io.papermc.paper.util.PapoTickProfile] PapoTickProfile.phase chunkMap.tracker.fanout    total=    1.3ms avg/tick=    3.1us share=  0.0% n=1200
[03:50:10] [Server thread/INFO]: [STDOUT] [io.papermc.paper.util.PapoTickProfile] PapoTickProfile.phase player.aiStepTouchScan     total=    0.8ms avg/tick=    2.1us share=  0.0% n=4000
[03:50:10] [Server thread/INFO]: [STDOUT] [io.papermc.paper.util.PapoTickProfile] PapoTickProfile.phase level.blockEvents          total=    0.3ms avg/tick=    0.8us share=  0.0% n=1200
[03:50:10] [Server thread/INFO]: [STDOUT] [io.papermc.paper.util.PapoTickProfile] PapoTickProfile.phase players                    total=    0.3ms avg/tick=    0.6us share=  0.0% n=400
[03:50:10] [Server thread/INFO]: [STDOUT] [io.papermc.paper.util.PapoTickProfile] PapoTickProfile.phase conn.flushQueue            total=    0.2ms avg/tick=    0.4us share=  0.0% n=4000
[03:50:10] [Server thread/INFO]: [STDOUT] [io.papermc.paper.util.PapoTickProfile] PapoTickProfile.phase functions                  total=    0.1ms avg/tick=    0.1us share=  0.0% n=400
[03:50:10] [Server thread/INFO]: [STDOUT] [io.papermc.paper.util.PapoTickProfile] PapoTickProfile.count rs.blockTickRuns           total=   102400 avg/tick=    256.0 n=102400
[03:50:10] [Server thread/INFO]: [STDOUT] [io.papermc.paper.util.PapoTickProfile] PapoTickProfile.count fanout.sends               total=    20164 avg/tick=     50.4 n=1200
[03:50:10] [Server thread/INFO]: [STDOUT] [io.papermc.paper.util.PapoTickProfile] PapoTickProfile.count fanout.pkt.headRot         total=     1248 avg/tick=      3.1 n=400
[03:50:10] [Server thread/INFO]: [STDOUT] [io.papermc.paper.util.PapoTickProfile] PapoTickProfile.count fanout.pkt.movePosRot      total=     1122 avg/tick=      2.8 n=400
[03:50:10] [Server thread/INFO]: [STDOUT] [io.papermc.paper.util.PapoTickProfile] PapoTickProfile.count fanout.pkt.movePos         total=      178 avg/tick=      0.4 n=105
[03:50:10] [Server thread/INFO]: [STDOUT] [io.papermc.paper.util.PapoTickProfile] PapoTickProfile.count fanout.pkt.posSync         total=       84 avg/tick=      0.2 n=74
[03:50:10] [Server thread/INFO]: [STDOUT] [io.papermc.paper.util.PapoTickProfile] PapoTickProfile.count fanout.pkt.other           total=       57 avg/tick=      0.1 n=54
[03:50:10] [Server thread/INFO]: [STDOUT] [io.papermc.paper.util.PapoTickProfile] PapoTickProfile.count rs.fluidTickRuns           total=       55 avg/tick=      0.1 n=55
[03:50:10] [Server thread/INFO]: [STDOUT] [io.papermc.paper.util.PapoTickProfile] PapoTickProfile.count fanout.pkt.entityData      total=        6 avg/tick=      0.0 n=6
[03:50:30] [Server thread/INFO]: [STDOUT] [io.papermc.paper.util.PapoTickProfile] PapoTickProfile window=400ticks totalWallMs=20000 measuredMs=16747 gcMs=28
[03:50:30] [Server thread/INFO]: [STDOUT] [io.papermc.paper.util.PapoTickProfile] PapoTickProfile.phase worlds                     total= 5574.6ms avg/tick=13936.4us share= 33.3% n=400
[03:50:30] [Server thread/INFO]: [STDOUT] [io.papermc.paper.util.PapoTickProfile] PapoTickProfile.phase level.tickPending+misc     total= 5415.1ms avg/tick=13537.9us share= 32.3% n=1200
[03:50:30] [Server thread/INFO]: [STDOUT] [io.papermc.paper.util.PapoTickProfile] PapoTickProfile.phase level.blockTicks           total= 5097.3ms avg/tick=12743.2us share= 30.4% n=1200
[03:50:30] [Server thread/INFO]: [STDOUT] [io.papermc.paper.util.PapoTickProfile] PapoTickProfile.phase level.chunkSource          total=  315.4ms avg/tick=  788.5us share=  1.9% n=1200
[03:50:30] [Server thread/INFO]: [STDOUT] [io.papermc.paper.util.PapoTickProfile] PapoTickProfile.phase level.entities             total=  155.4ms avg/tick=  388.4us share=  0.9% n=1200
[03:50:30] [Server thread/INFO]: [STDOUT] [io.papermc.paper.util.PapoTickProfile] PapoTickProfile.phase connection                 total=   38.0ms avg/tick=   95.0us share=  0.2% n=400
[03:50:30] [Server thread/INFO]: [STDOUT] [io.papermc.paper.util.PapoTickProfile] PapoTickProfile.phase ent.serverAiStep           total=   37.6ms avg/tick=   94.1us share=  0.2% n=13626
[03:50:30] [Server thread/INFO]: [STDOUT] [io.papermc.paper.util.PapoTickProfile] PapoTickProfile.phase conn.listenerTick          total=   36.4ms avg/tick=   91.0us share=  0.2% n=4000
[03:50:30] [Server thread/INFO]: [STDOUT] [io.papermc.paper.util.PapoTickProfile] PapoTickProfile.phase sendChunks                 total=   26.2ms avg/tick=   65.4us share=  0.2% n=400
[03:50:30] [Server thread/INFO]: [STDOUT] [io.papermc.paper.util.PapoTickProfile] PapoTickProfile.phase player.superTick           total=   24.8ms avg/tick=   61.9us share=  0.1% n=4000
[03:50:30] [Server thread/INFO]: [STDOUT] [io.papermc.paper.util.PapoTickProfile] PapoTickProfile.phase chunkMap.tracker.maintain  total=    9.0ms avg/tick=   22.6us share=  0.1% n=1200
[03:50:30] [Server thread/INFO]: [STDOUT] [io.papermc.paper.util.PapoTickProfile] PapoTickProfile.phase chunkMap.tracker.sendChanges total=    6.4ms avg/tick=   16.0us share=  0.0% n=1200
[03:50:30] [Server thread/INFO]: [STDOUT] [io.papermc.paper.util.PapoTickProfile] PapoTickProfile.phase server.taskDrain           total=    4.6ms avg/tick=   11.4us share=  0.0% n=400
[03:50:30] [Server thread/INFO]: [STDOUT] [io.papermc.paper.util.PapoTickProfile] PapoTickProfile.phase player.pushEntities        total=    2.2ms avg/tick=    5.5us share=  0.0% n=7647
[03:50:30] [Server thread/INFO]: [STDOUT] [io.papermc.paper.util.PapoTickProfile] PapoTickProfile.phase level.fluidTicks           total=    1.3ms avg/tick=    3.2us share=  0.0% n=1200
[03:50:30] [Server thread/INFO]: [STDOUT] [io.papermc.paper.util.PapoTickProfile] PapoTickProfile.phase chunkMap.tracker.fanout    total=    1.2ms avg/tick=    3.1us share=  0.0% n=1200
[03:50:30] [Server thread/INFO]: [STDOUT] [io.papermc.paper.util.PapoTickProfile] PapoTickProfile.phase player.aiStepTouchScan     total=    0.8ms avg/tick=    2.0us share=  0.0% n=4000
[03:50:30] [Server thread/INFO]: [STDOUT] [io.papermc.paper.util.PapoTickProfile] PapoTickProfile.phase functions                  total=    0.3ms avg/tick=    0.7us share=  0.0% n=400
[03:50:30] [Server thread/INFO]: [STDOUT] [io.papermc.paper.util.PapoTickProfile] PapoTickProfile.phase level.blockEvents          total=    0.2ms avg/tick=    0.6us share=  0.0% n=1200
[03:50:30] [Server thread/INFO]: [STDOUT] [io.papermc.paper.util.PapoTickProfile] PapoTickProfile.phase players                    total=    0.2ms avg/tick=    0.4us share=  0.0% n=400
[03:50:30] [Server thread/INFO]: [STDOUT] [io.papermc.paper.util.PapoTickProfile] PapoTickProfile.phase conn.flushQueue            total=    0.1ms avg/tick=    0.4us share=  0.0% n=4000
[03:50:30] [Server thread/INFO]: [STDOUT] [io.papermc.paper.util.PapoTickProfile] PapoTickProfile.count rs.blockTickRuns           total=   102400 avg/tick=    256.0 n=102400
[03:50:30] [Server thread/INFO]: [STDOUT] [io.papermc.paper.util.PapoTickProfile] PapoTickProfile.count fanout.sends               total=    21293 avg/tick=     53.2 n=1200
[03:50:30] [Server thread/INFO]: [STDOUT] [io.papermc.paper.util.PapoTickProfile] PapoTickProfile.count fanout.pkt.headRot         total=     1222 avg/tick=      3.1 n=400
[03:50:30] [Server thread/INFO]: [STDOUT] [io.papermc.paper.util.PapoTickProfile] PapoTickProfile.count fanout.pkt.movePosRot      total=     1127 avg/tick=      2.8 n=399
[03:50:30] [Server thread/INFO]: [STDOUT] [io.papermc.paper.util.PapoTickProfile] PapoTickProfile.count fanout.pkt.movePos         total=      150 avg/tick=      0.4 n=88
[03:50:30] [Server thread/INFO]: [STDOUT] [io.papermc.paper.util.PapoTickProfile] PapoTickProfile.count rs.fluidTickRuns           total=       68 avg/tick=      0.2 n=68
[03:50:30] [Server thread/INFO]: [STDOUT] [io.papermc.paper.util.PapoTickProfile] PapoTickProfile.count fanout.pkt.posSync         total=       64 avg/tick=      0.2 n=53
[03:50:30] [Server thread/INFO]: [STDOUT] [io.papermc.paper.util.PapoTickProfile] PapoTickProfile.count fanout.pkt.other           total=       45 avg/tick=      0.1 n=44
[03:50:30] [Server thread/INFO]: [STDOUT] [io.papermc.paper.util.PapoTickProfile] PapoTickProfile.count fanout.pkt.velocity        total=       22 avg/tick=      0.1 n=22
[03:50:30] [Server thread/INFO]: [STDOUT] [io.papermc.paper.util.PapoTickProfile] PapoTickProfile.count fanout.pkt.entityData      total=       22 avg/tick=      0.1 n=22
[03:50:30] [Server thread/INFO]: [STDOUT] [io.papermc.paper.util.PapoTickProfile] PapoTickProfile.count fanout.pkt.moveRot         total=        7 avg/tick=      0.0 n=7
[03:50:50] [Server thread/INFO]: [STDOUT] [io.papermc.paper.util.PapoTickProfile] PapoTickProfile window=400ticks totalWallMs=19999 measuredMs=17114 gcMs=33
[03:50:50] [Server thread/INFO]: [STDOUT] [io.papermc.paper.util.PapoTickProfile] PapoTickProfile.phase worlds                     total= 5695.5ms avg/tick=14238.8us share= 33.3% n=400
[03:50:50] [Server thread/INFO]: [STDOUT] [io.papermc.paper.util.PapoTickProfile] PapoTickProfile.phase level.tickPending+misc     total= 5536.1ms avg/tick=13840.4us share= 32.3% n=1200
[03:50:50] [Server thread/INFO]: [STDOUT] [io.papermc.paper.util.PapoTickProfile] PapoTickProfile.phase level.blockTicks           total= 5183.4ms avg/tick=12958.5us share= 30.3% n=1200
[03:50:50] [Server thread/INFO]: [STDOUT] [io.papermc.paper.util.PapoTickProfile] PapoTickProfile.phase level.chunkSource          total=  350.1ms avg/tick=  875.2us share=  2.0% n=1200
[03:50:50] [Server thread/INFO]: [STDOUT] [io.papermc.paper.util.PapoTickProfile] PapoTickProfile.phase level.entities             total=  155.2ms avg/tick=  388.0us share=  0.9% n=1200
[03:50:50] [Server thread/INFO]: [STDOUT] [io.papermc.paper.util.PapoTickProfile] PapoTickProfile.phase connection                 total=   40.8ms avg/tick=  101.9us share=  0.2% n=400
[03:50:50] [Server thread/INFO]: [STDOUT] [io.papermc.paper.util.PapoTickProfile] PapoTickProfile.phase conn.listenerTick          total=   39.0ms avg/tick=   97.4us share=  0.2% n=4000
[03:50:50] [Server thread/INFO]: [STDOUT] [io.papermc.paper.util.PapoTickProfile] PapoTickProfile.phase ent.serverAiStep           total=   33.4ms avg/tick=   83.4us share=  0.2% n=13149
[03:50:50] [Server thread/INFO]: [STDOUT] [io.papermc.paper.util.PapoTickProfile] PapoTickProfile.phase sendChunks                 total=   27.8ms avg/tick=   69.5us share=  0.2% n=400
[03:50:50] [Server thread/INFO]: [STDOUT] [io.papermc.paper.util.PapoTickProfile] PapoTickProfile.phase player.superTick           total=   26.5ms avg/tick=   66.2us share=  0.2% n=4000
[03:50:50] [Server thread/INFO]: [STDOUT] [io.papermc.paper.util.PapoTickProfile] PapoTickProfile.phase chunkMap.tracker.maintain  total=    9.5ms avg/tick=   23.9us share=  0.1% n=1200
[03:50:50] [Server thread/INFO]: [STDOUT] [io.papermc.paper.util.PapoTickProfile] PapoTickProfile.phase chunkMap.tracker.sendChanges total=    6.5ms avg/tick=   16.3us share=  0.0% n=1200
[03:50:50] [Server thread/INFO]: [STDOUT] [io.papermc.paper.util.PapoTickProfile] PapoTickProfile.phase server.taskDrain           total=    4.8ms avg/tick=   12.0us share=  0.0% n=400
[03:50:50] [Server thread/INFO]: [STDOUT] [io.papermc.paper.util.PapoTickProfile] PapoTickProfile.phase player.pushEntities        total=    2.2ms avg/tick=    5.4us share=  0.0% n=7215
[03:50:50] [Server thread/INFO]: [STDOUT] [io.papermc.paper.util.PapoTickProfile] PapoTickProfile.phase level.fluidTicks           total=    1.4ms avg/tick=    3.5us share=  0.0% n=1200
[03:50:50] [Server thread/INFO]: [STDOUT] [io.papermc.paper.util.PapoTickProfile] PapoTickProfile.phase chunkMap.tracker.fanout    total=    1.1ms avg/tick=    2.6us share=  0.0% n=1200
[03:50:50] [Server thread/INFO]: [STDOUT] [io.papermc.paper.util.PapoTickProfile] PapoTickProfile.phase player.aiStepTouchScan     total=    0.8ms avg/tick=    2.1us share=  0.0% n=4000
[03:50:50] [Server thread/INFO]: [STDOUT] [io.papermc.paper.util.PapoTickProfile] PapoTickProfile.phase level.blockEvents          total=    0.3ms avg/tick=    0.7us share=  0.0% n=1200
[03:50:50] [Server thread/INFO]: [STDOUT] [io.papermc.paper.util.PapoTickProfile] PapoTickProfile.phase functions                  total=    0.2ms avg/tick=    0.6us share=  0.0% n=400
[03:50:50] [Server thread/INFO]: [STDOUT] [io.papermc.paper.util.PapoTickProfile] PapoTickProfile.phase conn.flushQueue            total=    0.2ms avg/tick=    0.4us share=  0.0% n=4000
[03:50:50] [Server thread/INFO]: [STDOUT] [io.papermc.paper.util.PapoTickProfile] PapoTickProfile.phase players                    total=    0.0ms avg/tick=    0.1us share=  0.0% n=400
[03:50:50] [Server thread/INFO]: [STDOUT] [io.papermc.paper.util.PapoTickProfile] PapoTickProfile.count rs.blockTickRuns           total=   102400 avg/tick=    256.0 n=102400
[03:50:50] [Server thread/INFO]: [STDOUT] [io.papermc.paper.util.PapoTickProfile] PapoTickProfile.count fanout.sends               total=    19658 avg/tick=     49.1 n=1200
[03:50:50] [Server thread/INFO]: [STDOUT] [io.papermc.paper.util.PapoTickProfile] PapoTickProfile.count fanout.pkt.headRot         total=     1057 avg/tick=      2.6 n=343
[03:50:50] [Server thread/INFO]: [STDOUT] [io.papermc.paper.util.PapoTickProfile] PapoTickProfile.count fanout.pkt.movePosRot      total=      991 avg/tick=      2.5 n=334
[03:50:50] [Server thread/INFO]: [STDOUT] [io.papermc.paper.util.PapoTickProfile] PapoTickProfile.count fanout.pkt.movePos         total=      130 avg/tick=      0.3 n=61
[03:50:50] [Server thread/INFO]: [STDOUT] [io.papermc.paper.util.PapoTickProfile] PapoTickProfile.count rs.fluidTickRuns           total=       76 avg/tick=      0.2 n=76
[03:50:50] [Server thread/INFO]: [STDOUT] [io.papermc.paper.util.PapoTickProfile] PapoTickProfile.count fanout.pkt.posSync         total=       52 avg/tick=      0.1 n=46
[03:50:50] [Server thread/INFO]: [STDOUT] [io.papermc.paper.util.PapoTickProfile] PapoTickProfile.count fanout.pkt.other           total=       45 avg/tick=      0.1 n=45
[03:50:50] [Server thread/INFO]: [STDOUT] [io.papermc.paper.util.PapoTickProfile] PapoTickProfile.count fanout.pkt.entityData      total=        6 avg/tick=      0.0 n=6
[03:50:50] [Server thread/INFO]: [STDOUT] [io.papermc.paper.util.PapoTickProfile] PapoTickProfile.count fanout.pkt.velocity        total=        1 avg/tick=      0.0 n=1
[03:51:10] [Server thread/INFO]: [STDOUT] [io.papermc.paper.util.PapoTickProfile] PapoTickProfile window=400ticks totalWallMs=19999 measuredMs=16735 gcMs=23
[03:51:10] [Server thread/INFO]: [STDOUT] [io.papermc.paper.util.PapoTickProfile] PapoTickProfile.phase worlds                     total= 5570.9ms avg/tick=13927.4us share= 33.3% n=400
[03:51:10] [Server thread/INFO]: [STDOUT] [io.papermc.paper.util.PapoTickProfile] PapoTickProfile.phase level.tickPending+misc     total= 5412.8ms avg/tick=13532.0us share= 32.3% n=1200
[03:51:10] [Server thread/INFO]: [STDOUT] [io.papermc.paper.util.PapoTickProfile] PapoTickProfile.phase level.blockTicks           total= 5079.2ms avg/tick=12698.1us share= 30.4% n=1200
[03:51:10] [Server thread/INFO]: [STDOUT] [io.papermc.paper.util.PapoTickProfile] PapoTickProfile.phase level.chunkSource          total=  331.2ms avg/tick=  828.0us share=  2.0% n=1200
[03:51:10] [Server thread/INFO]: [STDOUT] [io.papermc.paper.util.PapoTickProfile] PapoTickProfile.phase level.entities             total=  154.1ms avg/tick=  385.3us share=  0.9% n=1200
[03:51:10] [Server thread/INFO]: [STDOUT] [io.papermc.paper.util.PapoTickProfile] PapoTickProfile.phase connection                 total=   38.6ms avg/tick=   96.5us share=  0.2% n=400
[03:51:10] [Server thread/INFO]: [STDOUT] [io.papermc.paper.util.PapoTickProfile] PapoTickProfile.phase conn.listenerTick          total=   37.0ms avg/tick=   92.4us share=  0.2% n=4000
[03:51:10] [Server thread/INFO]: [STDOUT] [io.papermc.paper.util.PapoTickProfile] PapoTickProfile.phase ent.serverAiStep           total=   32.7ms avg/tick=   81.8us share=  0.2% n=13233
[03:51:10] [Server thread/INFO]: [STDOUT] [io.papermc.paper.util.PapoTickProfile] PapoTickProfile.phase sendChunks                 total=   27.1ms avg/tick=   67.8us share=  0.2% n=400
[03:51:10] [Server thread/INFO]: [STDOUT] [io.papermc.paper.util.PapoTickProfile] PapoTickProfile.phase player.superTick           total=   24.8ms avg/tick=   62.0us share=  0.1% n=4000
[03:51:10] [Server thread/INFO]: [STDOUT] [io.papermc.paper.util.PapoTickProfile] PapoTickProfile.phase chunkMap.tracker.maintain  total=    9.4ms avg/tick=   23.6us share=  0.1% n=1200
[03:51:10] [Server thread/INFO]: [STDOUT] [io.papermc.paper.util.PapoTickProfile] PapoTickProfile.phase chunkMap.tracker.sendChanges total=    6.4ms avg/tick=   16.0us share=  0.0% n=1200
[03:51:10] [Server thread/INFO]: [STDOUT] [io.papermc.paper.util.PapoTickProfile] PapoTickProfile.phase server.taskDrain           total=    4.9ms avg/tick=   12.3us share=  0.0% n=400
[03:51:10] [Server thread/INFO]: [STDOUT] [io.papermc.paper.util.PapoTickProfile] PapoTickProfile.phase player.pushEntities        total=    2.2ms avg/tick=    5.4us share=  0.0% n=7253
[03:51:10] [Server thread/INFO]: [STDOUT] [io.papermc.paper.util.PapoTickProfile] PapoTickProfile.phase chunkMap.tracker.fanout    total=    1.3ms avg/tick=    3.2us share=  0.0% n=1200
[03:51:10] [Server thread/INFO]: [STDOUT] [io.papermc.paper.util.PapoTickProfile] PapoTickProfile.phase level.fluidTicks           total=    1.2ms avg/tick=    2.9us share=  0.0% n=1200
[03:51:10] [Server thread/INFO]: [STDOUT] [io.papermc.paper.util.PapoTickProfile] PapoTickProfile.phase player.aiStepTouchScan     total=    0.8ms avg/tick=    2.0us share=  0.0% n=4000
[03:51:10] [Server thread/INFO]: [STDOUT] [io.papermc.paper.util.PapoTickProfile] PapoTickProfile.phase level.blockEvents          total=    0.3ms avg/tick=    0.6us share=  0.0% n=1200
[03:51:10] [Server thread/INFO]: [STDOUT] [io.papermc.paper.util.PapoTickProfile] PapoTickProfile.phase functions                  total=    0.2ms avg/tick=    0.5us share=  0.0% n=400
[03:51:10] [Server thread/INFO]: [STDOUT] [io.papermc.paper.util.PapoTickProfile] PapoTickProfile.phase players                    total=    0.1ms avg/tick=    0.4us share=  0.0% n=400
[03:51:10] [Server thread/INFO]: [STDOUT] [io.papermc.paper.util.PapoTickProfile] PapoTickProfile.phase conn.flushQueue            total=    0.1ms avg/tick=    0.3us share=  0.0% n=4000
[03:51:10] [Server thread/INFO]: [STDOUT] [io.papermc.paper.util.PapoTickProfile] PapoTickProfile.count rs.blockTickRuns           total=   102400 avg/tick=    256.0 n=102400
[03:51:10] [Server thread/INFO]: [STDOUT] [io.papermc.paper.util.PapoTickProfile] PapoTickProfile.count fanout.sends               total=    25796 avg/tick=     64.5 n=1200
[03:51:10] [Server thread/INFO]: [STDOUT] [io.papermc.paper.util.PapoTickProfile] PapoTickProfile.count fanout.pkt.headRot         total=     1258 avg/tick=      3.1 n=396
[03:51:10] [Server thread/INFO]: [STDOUT] [io.papermc.paper.util.PapoTickProfile] PapoTickProfile.count fanout.pkt.movePosRot      total=     1139 avg/tick=      2.8 n=390
[03:51:10] [Server thread/INFO]: [STDOUT] [io.papermc.paper.util.PapoTickProfile] PapoTickProfile.count fanout.pkt.movePos         total=      186 avg/tick=      0.5 n=112
[03:51:10] [Server thread/INFO]: [STDOUT] [io.papermc.paper.util.PapoTickProfile] PapoTickProfile.count rs.fluidTickRuns           total=       66 avg/tick=      0.2 n=66
[03:51:10] [Server thread/INFO]: [STDOUT] [io.papermc.paper.util.PapoTickProfile] PapoTickProfile.count fanout.pkt.posSync         total=       65 avg/tick=      0.2 n=54
[03:51:10] [Server thread/INFO]: [STDOUT] [io.papermc.paper.util.PapoTickProfile] PapoTickProfile.count fanout.pkt.velocity        total=       41 avg/tick=      0.1 n=41
[03:51:10] [Server thread/INFO]: [STDOUT] [io.papermc.paper.util.PapoTickProfile] PapoTickProfile.count fanout.pkt.other           total=       41 avg/tick=      0.1 n=38
[03:51:10] [Server thread/INFO]: [STDOUT] [io.papermc.paper.util.PapoTickProfile] PapoTickProfile.count fanout.pkt.moveRot         total=       31 avg/tick=      0.1 n=31
[03:51:10] [Server thread/INFO]: [STDOUT] [io.papermc.paper.util.PapoTickProfile] PapoTickProfile.count fanout.pkt.entityData      total=       26 avg/tick=      0.1 n=26
[03:51:30] [Server thread/INFO]: [STDOUT] [io.papermc.paper.util.PapoTickProfile] PapoTickProfile window=400ticks totalWallMs=19999 measuredMs=16743 gcMs=27
[03:51:30] [Server thread/INFO]: [STDOUT] [io.papermc.paper.util.PapoTickProfile] PapoTickProfile.phase worlds                     total= 5573.9ms avg/tick=13934.8us share= 33.3% n=400
[03:51:30] [Server thread/INFO]: [STDOUT] [io.papermc.paper.util.PapoTickProfile] PapoTickProfile.phase level.tickPending+misc     total= 5412.6ms avg/tick=13531.6us share= 32.3% n=1200
[03:51:30] [Server thread/INFO]: [STDOUT] [io.papermc.paper.util.PapoTickProfile] PapoTickProfile.phase level.blockTicks           total= 5104.6ms avg/tick=12761.4us share= 30.5% n=1200
[03:51:30] [Server thread/INFO]: [STDOUT] [io.papermc.paper.util.PapoTickProfile] PapoTickProfile.phase level.chunkSource          total=  305.7ms avg/tick=  764.1us share=  1.8% n=1200
[03:51:30] [Server thread/INFO]: [STDOUT] [io.papermc.paper.util.PapoTickProfile] PapoTickProfile.phase level.entities             total=  157.4ms avg/tick=  393.4us share=  0.9% n=1200
[03:51:30] [Server thread/INFO]: [STDOUT] [io.papermc.paper.util.PapoTickProfile] PapoTickProfile.phase connection                 total=   38.4ms avg/tick=   96.0us share=  0.2% n=400
[03:51:30] [Server thread/INFO]: [STDOUT] [io.papermc.paper.util.PapoTickProfile] PapoTickProfile.phase conn.listenerTick          total=   36.8ms avg/tick=   91.9us share=  0.2% n=4000
[03:51:30] [Server thread/INFO]: [STDOUT] [io.papermc.paper.util.PapoTickProfile] PapoTickProfile.phase ent.serverAiStep           total=   34.8ms avg/tick=   87.0us share=  0.2% n=13396
[03:51:30] [Server thread/INFO]: [STDOUT] [io.papermc.paper.util.PapoTickProfile] PapoTickProfile.phase sendChunks                 total=   27.4ms avg/tick=   68.4us share=  0.2% n=400
[03:51:30] [Server thread/INFO]: [STDOUT] [io.papermc.paper.util.PapoTickProfile] PapoTickProfile.phase player.superTick           total=   24.9ms avg/tick=   62.2us share=  0.1% n=4000
[03:51:30] [Server thread/INFO]: [STDOUT] [io.papermc.paper.util.PapoTickProfile] PapoTickProfile.phase chunkMap.tracker.maintain  total=    9.4ms avg/tick=   23.6us share=  0.1% n=1200
[03:51:30] [Server thread/INFO]: [STDOUT] [io.papermc.paper.util.PapoTickProfile] PapoTickProfile.phase chunkMap.tracker.sendChanges total=    6.7ms avg/tick=   16.7us share=  0.0% n=1200
[03:51:30] [Server thread/INFO]: [STDOUT] [io.papermc.paper.util.PapoTickProfile] PapoTickProfile.phase server.taskDrain           total=    4.9ms avg/tick=   12.1us share=  0.0% n=400
[03:51:30] [Server thread/INFO]: [STDOUT] [io.papermc.paper.util.PapoTickProfile] PapoTickProfile.phase player.pushEntities        total=    2.2ms avg/tick=    5.4us share=  0.0% n=7412
[03:51:30] [Server thread/INFO]: [STDOUT] [io.papermc.paper.util.PapoTickProfile] PapoTickProfile.phase chunkMap.tracker.fanout    total=    1.2ms avg/tick=    3.0us share=  0.0% n=1200
[03:51:30] [Server thread/INFO]: [STDOUT] [io.papermc.paper.util.PapoTickProfile] PapoTickProfile.phase level.fluidTicks           total=    1.2ms avg/tick=    3.0us share=  0.0% n=1200
[03:51:30] [Server thread/INFO]: [STDOUT] [io.papermc.paper.util.PapoTickProfile] PapoTickProfile.phase player.aiStepTouchScan     total=    0.8ms avg/tick=    2.0us share=  0.0% n=4000
[03:51:30] [Server thread/INFO]: [STDOUT] [io.papermc.paper.util.PapoTickProfile] PapoTickProfile.phase functions                  total=    0.3ms avg/tick=    0.7us share=  0.0% n=400
[03:51:30] [Server thread/INFO]: [STDOUT] [io.papermc.paper.util.PapoTickProfile] PapoTickProfile.phase level.blockEvents          total=    0.3ms avg/tick=    0.7us share=  0.0% n=1200
[03:51:30] [Server thread/INFO]: [STDOUT] [io.papermc.paper.util.PapoTickProfile] PapoTickProfile.phase players                    total=    0.1ms avg/tick=    0.4us share=  0.0% n=400
[03:51:30] [Server thread/INFO]: [STDOUT] [io.papermc.paper.util.PapoTickProfile] PapoTickProfile.phase conn.flushQueue            total=    0.1ms avg/tick=    0.4us share=  0.0% n=4000
[03:51:30] [Server thread/INFO]: [STDOUT] [io.papermc.paper.util.PapoTickProfile] PapoTickProfile.count rs.blockTickRuns           total=   102400 avg/tick=    256.0 n=102400
[03:51:30] [Server thread/INFO]: [STDOUT] [io.papermc.paper.util.PapoTickProfile] PapoTickProfile.count fanout.sends               total=    24463 avg/tick=     61.2 n=1200
[03:51:30] [Server thread/INFO]: [STDOUT] [io.papermc.paper.util.PapoTickProfile] PapoTickProfile.count fanout.pkt.headRot         total=     1256 avg/tick=      3.1 n=397
[03:51:30] [Server thread/INFO]: [STDOUT] [io.papermc.paper.util.PapoTickProfile] PapoTickProfile.count fanout.pkt.movePosRot      total=     1158 avg/tick=      2.9 n=391
[03:51:30] [Server thread/INFO]: [STDOUT] [io.papermc.paper.util.PapoTickProfile] PapoTickProfile.count fanout.pkt.movePos         total=      194 avg/tick=      0.5 n=115
[03:51:30] [Server thread/INFO]: [STDOUT] [io.papermc.paper.util.PapoTickProfile] PapoTickProfile.count fanout.pkt.posSync         total=       56 avg/tick=      0.1 n=50
[03:51:30] [Server thread/INFO]: [STDOUT] [io.papermc.paper.util.PapoTickProfile] PapoTickProfile.count fanout.pkt.other           total=       39 avg/tick=      0.1 n=36
[03:51:30] [Server thread/INFO]: [STDOUT] [io.papermc.paper.util.PapoTickProfile] PapoTickProfile.count fanout.pkt.velocity        total=       12 avg/tick=      0.0 n=12
[03:51:30] [Server thread/INFO]: [STDOUT] [io.papermc.paper.util.PapoTickProfile] PapoTickProfile.count rs.fluidTickRuns           total=       11 avg/tick=      0.0 n=11
[03:51:30] [Server thread/INFO]: [STDOUT] [io.papermc.paper.util.PapoTickProfile] PapoTickProfile.count fanout.pkt.entityData      total=        2 avg/tick=      0.0 n=2
[03:51:30] [Server thread/INFO]: [STDOUT] [io.papermc.paper.util.PapoTickProfile] PapoTickProfile.count fanout.pkt.moveRot         total=        1 avg/tick=      0.0 n=1
[03:51:50] [Server thread/INFO]: [STDOUT] [io.papermc.paper.util.PapoTickProfile] PapoTickProfile window=400ticks totalWallMs=20001 measuredMs=16755 gcMs=30
[03:51:50] [Server thread/INFO]: [STDOUT] [io.papermc.paper.util.PapoTickProfile] PapoTickProfile.phase worlds                     total= 5578.7ms avg/tick=13946.8us share= 33.3% n=400
[03:51:50] [Server thread/INFO]: [STDOUT] [io.papermc.paper.util.PapoTickProfile] PapoTickProfile.phase level.tickPending+misc     total= 5404.5ms avg/tick=13511.3us share= 32.3% n=1200
[03:51:50] [Server thread/INFO]: [STDOUT] [io.papermc.paper.util.PapoTickProfile] PapoTickProfile.phase level.blockTicks           total= 5113.6ms avg/tick=12784.1us share= 30.5% n=1200
[03:51:50] [Server thread/INFO]: [STDOUT] [io.papermc.paper.util.PapoTickProfile] PapoTickProfile.phase level.chunkSource          total=  288.4ms avg/tick=  720.9us share=  1.7% n=1200
[03:51:50] [Server thread/INFO]: [STDOUT] [io.papermc.paper.util.PapoTickProfile] PapoTickProfile.phase level.entities             total=  170.3ms avg/tick=  425.8us share=  1.0% n=1200
[03:51:50] [Server thread/INFO]: [STDOUT] [io.papermc.paper.util.PapoTickProfile] PapoTickProfile.phase ent.serverAiStep           total=   42.6ms avg/tick=  106.5us share=  0.3% n=13533
[03:51:50] [Server thread/INFO]: [STDOUT] [io.papermc.paper.util.PapoTickProfile] PapoTickProfile.phase connection                 total=   39.5ms avg/tick=   98.7us share=  0.2% n=400
[03:51:50] [Server thread/INFO]: [STDOUT] [io.papermc.paper.util.PapoTickProfile] PapoTickProfile.phase conn.listenerTick          total=   37.8ms avg/tick=   94.5us share=  0.2% n=4000
[03:51:50] [Server thread/INFO]: [STDOUT] [io.papermc.paper.util.PapoTickProfile] PapoTickProfile.phase sendChunks                 total=   27.4ms avg/tick=   68.4us share=  0.2% n=400
[03:51:50] [Server thread/INFO]: [STDOUT] [io.papermc.paper.util.PapoTickProfile] PapoTickProfile.phase player.superTick           total=   25.2ms avg/tick=   63.1us share=  0.2% n=4000
[03:51:50] [Server thread/INFO]: [STDOUT] [io.papermc.paper.util.PapoTickProfile] PapoTickProfile.phase chunkMap.tracker.maintain  total=   10.0ms avg/tick=   25.0us share=  0.1% n=1200
[03:51:50] [Server thread/INFO]: [STDOUT] [io.papermc.paper.util.PapoTickProfile] PapoTickProfile.phase chunkMap.tracker.sendChanges total=    6.6ms avg/tick=   16.5us share=  0.0% n=1200
[03:51:50] [Server thread/INFO]: [STDOUT] [io.papermc.paper.util.PapoTickProfile] PapoTickProfile.phase server.taskDrain           total=    4.4ms avg/tick=   11.1us share=  0.0% n=400
[03:51:50] [Server thread/INFO]: [STDOUT] [io.papermc.paper.util.PapoTickProfile] PapoTickProfile.phase player.pushEntities        total=    2.3ms avg/tick=    5.8us share=  0.0% n=8006
[03:51:50] [Server thread/INFO]: [STDOUT] [io.papermc.paper.util.PapoTickProfile] PapoTickProfile.phase level.fluidTicks           total=    1.3ms avg/tick=    3.2us share=  0.0% n=1200
[03:51:50] [Server thread/INFO]: [STDOUT] [io.papermc.paper.util.PapoTickProfile] PapoTickProfile.phase chunkMap.tracker.fanout    total=    1.2ms avg/tick=    3.1us share=  0.0% n=1200
[03:51:50] [Server thread/INFO]: [STDOUT] [io.papermc.paper.util.PapoTickProfile] PapoTickProfile.phase player.aiStepTouchScan     total=    0.8ms avg/tick=    2.1us share=  0.0% n=4000
[03:51:50] [Server thread/INFO]: [STDOUT] [io.papermc.paper.util.PapoTickProfile] PapoTickProfile.phase level.blockEvents          total=    0.3ms avg/tick=    0.7us share=  0.0% n=1200
[03:51:50] [Server thread/INFO]: [STDOUT] [io.papermc.paper.util.PapoTickProfile] PapoTickProfile.phase conn.flushQueue            total=    0.1ms avg/tick=    0.3us share=  0.0% n=4000
[03:51:50] [Server thread/INFO]: [STDOUT] [io.papermc.paper.util.PapoTickProfile] PapoTickProfile.phase functions                  total=    0.1ms avg/tick=    0.3us share=  0.0% n=400
[03:51:50] [Server thread/INFO]: [STDOUT] [io.papermc.paper.util.PapoTickProfile] PapoTickProfile.phase players                    total=    0.0ms avg/tick=    0.1us share=  0.0% n=400
[03:51:50] [Server thread/INFO]: [STDOUT] [io.papermc.paper.util.PapoTickProfile] PapoTickProfile.count rs.blockTickRuns           total=   102400 avg/tick=    256.0 n=102400
[03:51:50] [Server thread/INFO]: [STDOUT] [io.papermc.paper.util.PapoTickProfile] PapoTickProfile.count fanout.sends               total=    24461 avg/tick=     61.2 n=1200
[03:51:50] [Server thread/INFO]: [STDOUT] [io.papermc.paper.util.PapoTickProfile] PapoTickProfile.count fanout.pkt.headRot         total=     1293 avg/tick=      3.2 n=312
[03:51:50] [Server thread/INFO]: [STDOUT] [io.papermc.paper.util.PapoTickProfile] PapoTickProfile.count fanout.pkt.movePosRot      total=     1213 avg/tick=      3.0 n=306
[03:51:50] [Server thread/INFO]: [STDOUT] [io.papermc.paper.util.PapoTickProfile] PapoTickProfile.count fanout.pkt.movePos         total=      157 avg/tick=      0.4 n=87
[03:51:50] [Server thread/INFO]: [STDOUT] [io.papermc.paper.util.PapoTickProfile] PapoTickProfile.count rs.fluidTickRuns           total=       88 avg/tick=      0.2 n=88
[03:51:50] [Server thread/INFO]: [STDOUT] [io.papermc.paper.util.PapoTickProfile] PapoTickProfile.count fanout.pkt.posSync         total=       66 avg/tick=      0.2 n=54
[03:51:50] [Server thread/INFO]: [STDOUT] [io.papermc.paper.util.PapoTickProfile] PapoTickProfile.count fanout.pkt.other           total=       43 avg/tick=      0.1 n=43
[03:51:50] [Server thread/INFO]: [STDOUT] [io.papermc.paper.util.PapoTickProfile] PapoTickProfile.count fanout.pkt.entityData      total=        4 avg/tick=      0.0 n=4
[03:52:10] [Server thread/INFO]: [STDOUT] [io.papermc.paper.util.PapoTickProfile] PapoTickProfile window=400ticks totalWallMs=19998 measuredMs=16604 gcMs=29
[03:52:10] [Server thread/INFO]: [STDOUT] [io.papermc.paper.util.PapoTickProfile] PapoTickProfile.phase worlds                     total= 5528.1ms avg/tick=13820.2us share= 33.3% n=400
[03:52:10] [Server thread/INFO]: [STDOUT] [io.papermc.paper.util.PapoTickProfile] PapoTickProfile.phase level.tickPending+misc     total= 5366.0ms avg/tick=13415.0us share= 32.3% n=1200
[03:52:10] [Server thread/INFO]: [STDOUT] [io.papermc.paper.util.PapoTickProfile] PapoTickProfile.phase level.blockTicks           total= 5083.8ms avg/tick=12709.4us share= 30.6% n=1200
[03:52:10] [Server thread/INFO]: [STDOUT] [io.papermc.paper.util.PapoTickProfile] PapoTickProfile.phase level.chunkSource          total=  279.8ms avg/tick=  699.6us share=  1.7% n=1200
[03:52:10] [Server thread/INFO]: [STDOUT] [io.papermc.paper.util.PapoTickProfile] PapoTickProfile.phase level.entities             total=  158.2ms avg/tick=  395.4us share=  1.0% n=1200
[03:52:10] [Server thread/INFO]: [STDOUT] [io.papermc.paper.util.PapoTickProfile] PapoTickProfile.phase ent.serverAiStep           total=   39.2ms avg/tick=   97.9us share=  0.2% n=13404
[03:52:10] [Server thread/INFO]: [STDOUT] [io.papermc.paper.util.PapoTickProfile] PapoTickProfile.phase connection                 total=   36.9ms avg/tick=   92.3us share=  0.2% n=400
[03:52:10] [Server thread/INFO]: [STDOUT] [io.papermc.paper.util.PapoTickProfile] PapoTickProfile.phase conn.listenerTick          total=   35.4ms avg/tick=   88.4us share=  0.2% n=4000
[03:52:10] [Server thread/INFO]: [STDOUT] [io.papermc.paper.util.PapoTickProfile] PapoTickProfile.phase sendChunks                 total=   26.2ms avg/tick=   65.5us share=  0.2% n=400
[03:52:10] [Server thread/INFO]: [STDOUT] [io.papermc.paper.util.PapoTickProfile] PapoTickProfile.phase player.superTick           total=   23.9ms avg/tick=   59.8us share=  0.1% n=4000
[03:52:10] [Server thread/INFO]: [STDOUT] [io.papermc.paper.util.PapoTickProfile] PapoTickProfile.phase chunkMap.tracker.maintain  total=   10.0ms avg/tick=   25.0us share=  0.1% n=1200
[03:52:10] [Server thread/INFO]: [STDOUT] [io.papermc.paper.util.PapoTickProfile] PapoTickProfile.phase chunkMap.tracker.sendChanges total=    6.1ms avg/tick=   15.3us share=  0.0% n=1200
[03:52:10] [Server thread/INFO]: [STDOUT] [io.papermc.paper.util.PapoTickProfile] PapoTickProfile.phase server.taskDrain           total=    4.7ms avg/tick=   11.6us share=  0.0% n=400
[03:52:10] [Server thread/INFO]: [STDOUT] [io.papermc.paper.util.PapoTickProfile] PapoTickProfile.phase player.pushEntities        total=    2.2ms avg/tick=    5.4us share=  0.0% n=8103
[03:52:10] [Server thread/INFO]: [STDOUT] [io.papermc.paper.util.PapoTickProfile] PapoTickProfile.phase level.fluidTicks           total=    1.2ms avg/tick=    3.0us share=  0.0% n=1200
[03:52:10] [Server thread/INFO]: [STDOUT] [io.papermc.paper.util.PapoTickProfile] PapoTickProfile.phase chunkMap.tracker.fanout    total=    1.2ms avg/tick=    2.9us share=  0.0% n=1200
[03:52:10] [Server thread/INFO]: [STDOUT] [io.papermc.paper.util.PapoTickProfile] PapoTickProfile.phase player.aiStepTouchScan     total=    0.9ms avg/tick=    2.1us share=  0.0% n=4000
[03:52:10] [Server thread/INFO]: [STDOUT] [io.papermc.paper.util.PapoTickProfile] PapoTickProfile.phase level.blockEvents          total=    0.3ms avg/tick=    0.7us share=  0.0% n=1200
[03:52:10] [Server thread/INFO]: [STDOUT] [io.papermc.paper.util.PapoTickProfile] PapoTickProfile.phase players                    total=    0.2ms avg/tick=    0.4us share=  0.0% n=400
[03:52:10] [Server thread/INFO]: [STDOUT] [io.papermc.paper.util.PapoTickProfile] PapoTickProfile.phase conn.flushQueue            total=    0.1ms avg/tick=    0.3us share=  0.0% n=4000
[03:52:10] [Server thread/INFO]: [STDOUT] [io.papermc.paper.util.PapoTickProfile] PapoTickProfile.phase functions                  total=    0.1ms avg/tick=    0.3us share=  0.0% n=400
[03:52:10] [Server thread/INFO]: [STDOUT] [io.papermc.paper.util.PapoTickProfile] PapoTickProfile.count rs.blockTickRuns           total=   102400 avg/tick=    256.0 n=102400
[03:52:10] [Server thread/INFO]: [STDOUT] [io.papermc.paper.util.PapoTickProfile] PapoTickProfile.count fanout.sends               total=    27918 avg/tick=     69.8 n=1200
[03:52:10] [Server thread/INFO]: [STDOUT] [io.papermc.paper.util.PapoTickProfile] PapoTickProfile.count fanout.pkt.headRot         total=     1395 avg/tick=      3.5 n=327
[03:52:10] [Server thread/INFO]: [STDOUT] [io.papermc.paper.util.PapoTickProfile] PapoTickProfile.count fanout.pkt.movePosRot      total=     1278 avg/tick=      3.2 n=318
[03:52:10] [Server thread/INFO]: [STDOUT] [io.papermc.paper.util.PapoTickProfile] PapoTickProfile.count fanout.pkt.movePos         total=      193 avg/tick=      0.5 n=101
[03:52:10] [Server thread/INFO]: [STDOUT] [io.papermc.paper.util.PapoTickProfile] PapoTickProfile.count fanout.pkt.posSync         total=       71 avg/tick=      0.2 n=68
[03:52:10] [Server thread/INFO]: [STDOUT] [io.papermc.paper.util.PapoTickProfile] PapoTickProfile.count rs.fluidTickRuns           total=       55 avg/tick=      0.1 n=55
[03:52:10] [Server thread/INFO]: [STDOUT] [io.papermc.paper.util.PapoTickProfile] PapoTickProfile.count fanout.pkt.other           total=       52 avg/tick=      0.1 n=50
[03:52:10] [Server thread/INFO]: [STDOUT] [io.papermc.paper.util.PapoTickProfile] PapoTickProfile.count fanout.pkt.velocity        total=       24 avg/tick=      0.1 n=24
[03:52:10] [Server thread/INFO]: [STDOUT] [io.papermc.paper.util.PapoTickProfile] PapoTickProfile.count fanout.pkt.moveRot         total=       19 avg/tick=      0.0 n=19
[03:52:10] [Server thread/INFO]: [STDOUT] [io.papermc.paper.util.PapoTickProfile] PapoTickProfile.count fanout.pkt.entityData      total=        7 avg/tick=      0.0 n=7
[03:52:30] [Server thread/INFO]: [STDOUT] [io.papermc.paper.util.PapoTickProfile] PapoTickProfile window=400ticks totalWallMs=20000 measuredMs=16893 gcMs=28
[03:52:30] [Server thread/INFO]: [STDOUT] [io.papermc.paper.util.PapoTickProfile] PapoTickProfile.phase worlds                     total= 5626.3ms avg/tick=14065.8us share= 33.3% n=400
[03:52:30] [Server thread/INFO]: [STDOUT] [io.papermc.paper.util.PapoTickProfile] PapoTickProfile.phase level.tickPending+misc     total= 5437.6ms avg/tick=13593.9us share= 32.2% n=1200
[03:52:30] [Server thread/INFO]: [STDOUT] [io.papermc.paper.util.PapoTickProfile] PapoTickProfile.phase level.blockTicks           total= 5125.2ms avg/tick=12813.1us share= 30.3% n=1200
[03:52:30] [Server thread/INFO]: [STDOUT] [io.papermc.paper.util.PapoTickProfile] PapoTickProfile.phase level.chunkSource          total=  309.7ms avg/tick=  774.2us share=  1.8% n=1200
[03:52:30] [Server thread/INFO]: [STDOUT] [io.papermc.paper.util.PapoTickProfile] PapoTickProfile.phase level.entities             total=  184.4ms avg/tick=  461.0us share=  1.1% n=1200
[03:52:30] [Server thread/INFO]: [STDOUT] [io.papermc.paper.util.PapoTickProfile] PapoTickProfile.phase ent.serverAiStep           total=   46.2ms avg/tick=  115.4us share=  0.3% n=14514
[03:52:30] [Server thread/INFO]: [STDOUT] [io.papermc.paper.util.PapoTickProfile] PapoTickProfile.phase connection                 total=   40.1ms avg/tick=  100.2us share=  0.2% n=400
[03:52:30] [Server thread/INFO]: [STDOUT] [io.papermc.paper.util.PapoTickProfile] PapoTickProfile.phase conn.listenerTick          total=   38.3ms avg/tick=   95.7us share=  0.2% n=4000
[03:52:30] [Server thread/INFO]: [STDOUT] [io.papermc.paper.util.PapoTickProfile] PapoTickProfile.phase sendChunks                 total=   28.8ms avg/tick=   72.0us share=  0.2% n=400
[03:52:30] [Server thread/INFO]: [STDOUT] [io.papermc.paper.util.PapoTickProfile] PapoTickProfile.phase player.superTick           total=   25.7ms avg/tick=   64.1us share=  0.2% n=4000
[03:52:30] [Server thread/INFO]: [STDOUT] [io.papermc.paper.util.PapoTickProfile] PapoTickProfile.phase chunkMap.tracker.maintain  total=   11.9ms avg/tick=   29.8us share=  0.1% n=1200
[03:52:30] [Server thread/INFO]: [STDOUT] [io.papermc.paper.util.PapoTickProfile] PapoTickProfile.phase chunkMap.tracker.sendChanges total=    7.2ms avg/tick=   18.1us share=  0.0% n=1200
[03:52:30] [Server thread/INFO]: [STDOUT] [io.papermc.paper.util.PapoTickProfile] PapoTickProfile.phase server.taskDrain           total=    5.2ms avg/tick=   13.1us share=  0.0% n=400
[03:52:30] [Server thread/INFO]: [STDOUT] [io.papermc.paper.util.PapoTickProfile] PapoTickProfile.phase player.pushEntities        total=    2.6ms avg/tick=    6.4us share=  0.0% n=8949
[03:52:30] [Server thread/INFO]: [STDOUT] [io.papermc.paper.util.PapoTickProfile] PapoTickProfile.phase chunkMap.tracker.fanout    total=    1.4ms avg/tick=    3.4us share=  0.0% n=1200
[03:52:30] [Server thread/INFO]: [STDOUT] [io.papermc.paper.util.PapoTickProfile] PapoTickProfile.phase level.fluidTicks           total=    1.3ms avg/tick=    3.3us share=  0.0% n=1200
[03:52:30] [Server thread/INFO]: [STDOUT] [io.papermc.paper.util.PapoTickProfile] PapoTickProfile.phase player.aiStepTouchScan     total=    0.9ms avg/tick=    2.3us share=  0.0% n=4000
[03:52:30] [Server thread/INFO]: [STDOUT] [io.papermc.paper.util.PapoTickProfile] PapoTickProfile.phase level.blockEvents          total=    0.3ms avg/tick=    0.7us share=  0.0% n=1200
[03:52:30] [Server thread/INFO]: [STDOUT] [io.papermc.paper.util.PapoTickProfile] PapoTickProfile.phase conn.flushQueue            total=    0.1ms avg/tick=    0.4us share=  0.0% n=4000
[03:52:30] [Server thread/INFO]: [STDOUT] [io.papermc.paper.util.PapoTickProfile] PapoTickProfile.phase players                    total=    0.1ms avg/tick=    0.4us share=  0.0% n=400
[03:52:30] [Server thread/INFO]: [STDOUT] [io.papermc.paper.util.PapoTickProfile] PapoTickProfile.phase functions                  total=    0.1ms avg/tick=    0.3us share=  0.0% n=400
[03:52:30] [Server thread/INFO]: [STDOUT] [io.papermc.paper.util.PapoTickProfile] PapoTickProfile.count rs.blockTickRuns           total=   102400 avg/tick=    256.0 n=102400
[03:52:30] [Server thread/INFO]: [STDOUT] [io.papermc.paper.util.PapoTickProfile] PapoTickProfile.count fanout.sends               total=    29410 avg/tick=     73.5 n=1200
[03:52:30] [Server thread/INFO]: [STDOUT] [io.papermc.paper.util.PapoTickProfile] PapoTickProfile.count fanout.pkt.headRot         total=     1667 avg/tick=      4.2 n=398
[03:52:30] [Server thread/INFO]: [STDOUT] [io.papermc.paper.util.PapoTickProfile] PapoTickProfile.count fanout.pkt.movePosRot      total=     1544 avg/tick=      3.9 n=394
[03:52:30] [Server thread/INFO]: [STDOUT] [io.papermc.paper.util.PapoTickProfile] PapoTickProfile.count fanout.pkt.movePos         total=      155 avg/tick=      0.4 n=89
[03:52:30] [Server thread/INFO]: [STDOUT] [io.papermc.paper.util.PapoTickProfile] PapoTickProfile.count fanout.pkt.posSync         total=      118 avg/tick=      0.3 n=91
[03:52:30] [Server thread/INFO]: [STDOUT] [io.papermc.paper.util.PapoTickProfile] PapoTickProfile.count rs.fluidTickRuns           total=       66 avg/tick=      0.2 n=66
[03:52:30] [Server thread/INFO]: [STDOUT] [io.papermc.paper.util.PapoTickProfile] PapoTickProfile.count fanout.pkt.other           total=       58 avg/tick=      0.1 n=58
[03:52:30] [Server thread/INFO]: [STDOUT] [io.papermc.paper.util.PapoTickProfile] PapoTickProfile.count fanout.pkt.entityData      total=       13 avg/tick=      0.0 n=13
[03:52:50] [Server thread/INFO]: [STDOUT] [io.papermc.paper.util.PapoTickProfile] PapoTickProfile window=400ticks totalWallMs=20000 measuredMs=16824 gcMs=26
[03:52:50] [Server thread/INFO]: [STDOUT] [io.papermc.paper.util.PapoTickProfile] PapoTickProfile.phase worlds                     total= 5594.8ms avg/tick=13986.9us share= 33.3% n=400
[03:52:50] [Server thread/INFO]: [STDOUT] [io.papermc.paper.util.PapoTickProfile] PapoTickProfile.phase level.tickPending+misc     total= 5420.4ms avg/tick=13551.0us share= 32.2% n=1200
[03:52:50] [Server thread/INFO]: [STDOUT] [io.papermc.paper.util.PapoTickProfile] PapoTickProfile.phase level.blockTicks           total= 5129.3ms avg/tick=12823.3us share= 30.5% n=1200
[03:52:50] [Server thread/INFO]: [STDOUT] [io.papermc.paper.util.PapoTickProfile] PapoTickProfile.phase level.chunkSource          total=  288.6ms avg/tick=  721.4us share=  1.7% n=1200
[03:52:50] [Server thread/INFO]: [STDOUT] [io.papermc.paper.util.PapoTickProfile] PapoTickProfile.phase level.entities             total=  170.3ms avg/tick=  425.8us share=  1.0% n=1200
[03:52:50] [Server thread/INFO]: [STDOUT] [io.papermc.paper.util.PapoTickProfile] PapoTickProfile.phase connection                 total=   52.8ms avg/tick=  132.1us share=  0.3% n=400
[03:52:50] [Server thread/INFO]: [STDOUT] [io.papermc.paper.util.PapoTickProfile] PapoTickProfile.phase ent.serverAiStep           total=   41.3ms avg/tick=  103.3us share=  0.2% n=14396
[03:52:50] [Server thread/INFO]: [STDOUT] [io.papermc.paper.util.PapoTickProfile] PapoTickProfile.phase conn.listenerTick          total=   36.9ms avg/tick=   92.2us share=  0.2% n=4000
[03:52:50] [Server thread/INFO]: [STDOUT] [io.papermc.paper.util.PapoTickProfile] PapoTickProfile.phase sendChunks                 total=   26.8ms avg/tick=   67.0us share=  0.2% n=400
[03:52:50] [Server thread/INFO]: [STDOUT] [io.papermc.paper.util.PapoTickProfile] PapoTickProfile.phase player.superTick           total=   24.9ms avg/tick=   62.4us share=  0.1% n=4000
[03:52:50] [Server thread/INFO]: [STDOUT] [io.papermc.paper.util.PapoTickProfile] PapoTickProfile.phase server.taskDrain           total=   13.1ms avg/tick=   32.7us share=  0.1% n=400
[03:52:50] [Server thread/INFO]: [STDOUT] [io.papermc.paper.util.PapoTickProfile] PapoTickProfile.phase chunkMap.tracker.maintain  total=   11.7ms avg/tick=   29.3us share=  0.1% n=1200
[03:52:50] [Server thread/INFO]: [STDOUT] [io.papermc.paper.util.PapoTickProfile] PapoTickProfile.phase chunkMap.tracker.sendChanges total=    6.7ms avg/tick=   16.7us share=  0.0% n=1200
[03:52:50] [Server thread/INFO]: [STDOUT] [io.papermc.paper.util.PapoTickProfile] PapoTickProfile.phase player.pushEntities        total=    2.5ms avg/tick=    6.1us share=  0.0% n=8448
[03:52:50] [Server thread/INFO]: [STDOUT] [io.papermc.paper.util.PapoTickProfile] PapoTickProfile.phase level.fluidTicks           total=    1.3ms avg/tick=    3.1us share=  0.0% n=1200
[03:52:50] [Server thread/INFO]: [STDOUT] [io.papermc.paper.util.PapoTickProfile] PapoTickProfile.phase chunkMap.tracker.fanout    total=    1.2ms avg/tick=    2.9us share=  0.0% n=1200
[03:52:50] [Server thread/INFO]: [STDOUT] [io.papermc.paper.util.PapoTickProfile] PapoTickProfile.phase player.aiStepTouchScan     total=    0.8ms avg/tick=    2.1us share=  0.0% n=4000
[03:52:50] [Server thread/INFO]: [STDOUT] [io.papermc.paper.util.PapoTickProfile] PapoTickProfile.phase level.blockEvents          total=    0.3ms avg/tick=    0.6us share=  0.0% n=1200
[03:52:50] [Server thread/INFO]: [STDOUT] [io.papermc.paper.util.PapoTickProfile] PapoTickProfile.phase conn.flushQueue            total=    0.1ms avg/tick=    0.4us share=  0.0% n=4000
[03:52:50] [Server thread/INFO]: [STDOUT] [io.papermc.paper.util.PapoTickProfile] PapoTickProfile.phase functions                  total=    0.1ms avg/tick=    0.3us share=  0.0% n=400
[03:52:50] [Server thread/INFO]: [STDOUT] [io.papermc.paper.util.PapoTickProfile] PapoTickProfile.phase players                    total=    0.0ms avg/tick=    0.1us share=  0.0% n=400
[03:52:50] [Server thread/INFO]: [STDOUT] [io.papermc.paper.util.PapoTickProfile] PapoTickProfile.count rs.blockTickRuns           total=   102400 avg/tick=    256.0 n=102400
[03:52:50] [Server thread/INFO]: [STDOUT] [io.papermc.paper.util.PapoTickProfile] PapoTickProfile.count fanout.sends               total=    24155 avg/tick=     60.4 n=1200
[03:52:50] [Server thread/INFO]: [STDOUT] [io.papermc.paper.util.PapoTickProfile] PapoTickProfile.count fanout.pkt.headRot         total=     1423 avg/tick=      3.6 n=391
[03:52:50] [Server thread/INFO]: [STDOUT] [io.papermc.paper.util.PapoTickProfile] PapoTickProfile.count fanout.pkt.movePosRot      total=     1307 avg/tick=      3.3 n=383
[03:52:50] [Server thread/INFO]: [STDOUT] [io.papermc.paper.util.PapoTickProfile] PapoTickProfile.count fanout.pkt.movePos         total=      150 avg/tick=      0.4 n=80
[03:52:50] [Server thread/INFO]: [STDOUT] [io.papermc.paper.util.PapoTickProfile] PapoTickProfile.count fanout.pkt.posSync         total=      101 avg/tick=      0.3 n=92
[03:52:50] [Server thread/INFO]: [STDOUT] [io.papermc.paper.util.PapoTickProfile] PapoTickProfile.count rs.fluidTickRuns           total=       66 avg/tick=      0.2 n=66
[03:52:50] [Server thread/INFO]: [STDOUT] [io.papermc.paper.util.PapoTickProfile] PapoTickProfile.count fanout.pkt.other           total=       60 avg/tick=      0.2 n=56
[03:52:50] [Server thread/INFO]: [STDOUT] [io.papermc.paper.util.PapoTickProfile] PapoTickProfile.count fanout.pkt.entityData      total=        9 avg/tick=      0.0 n=9
[03:52:50] [Server thread/INFO]: [STDOUT] [io.papermc.paper.util.PapoTickProfile] PapoTickProfile.count fanout.pkt.moveRot         total=        1 avg/tick=      0.0 n=1
[03:53:10] [Server thread/INFO]: [STDOUT] [io.papermc.paper.util.PapoTickProfile] PapoTickProfile window=400ticks totalWallMs=20000 measuredMs=16720 gcMs=24
[03:53:10] [Server thread/INFO]: [STDOUT] [io.papermc.paper.util.PapoTickProfile] PapoTickProfile.phase worlds                     total= 5566.1ms avg/tick=13915.2us share= 33.3% n=400
[03:53:10] [Server thread/INFO]: [STDOUT] [io.papermc.paper.util.PapoTickProfile] PapoTickProfile.phase level.tickPending+misc     total= 5409.5ms avg/tick=13523.7us share= 32.4% n=1200
[03:53:10] [Server thread/INFO]: [STDOUT] [io.papermc.paper.util.PapoTickProfile] PapoTickProfile.phase level.blockTicks           total= 5088.3ms avg/tick=12720.8us share= 30.4% n=1200
[03:53:10] [Server thread/INFO]: [STDOUT] [io.papermc.paper.util.PapoTickProfile] PapoTickProfile.phase level.chunkSource          total=  318.8ms avg/tick=  797.0us share=  1.9% n=1200
[03:53:10] [Server thread/INFO]: [STDOUT] [io.papermc.paper.util.PapoTickProfile] PapoTickProfile.phase level.entities             total=  152.9ms avg/tick=  382.3us share=  0.9% n=1200
[03:53:10] [Server thread/INFO]: [STDOUT] [io.papermc.paper.util.PapoTickProfile] PapoTickProfile.phase connection                 total=   37.6ms avg/tick=   94.1us share=  0.2% n=400
[03:53:10] [Server thread/INFO]: [STDOUT] [io.papermc.paper.util.PapoTickProfile] PapoTickProfile.phase conn.listenerTick          total=   36.0ms avg/tick=   90.1us share=  0.2% n=4000
[03:53:10] [Server thread/INFO]: [STDOUT] [io.papermc.paper.util.PapoTickProfile] PapoTickProfile.phase ent.serverAiStep           total=   33.3ms avg/tick=   83.3us share=  0.2% n=13935
[03:53:10] [Server thread/INFO]: [STDOUT] [io.papermc.paper.util.PapoTickProfile] PapoTickProfile.phase sendChunks                 total=   26.2ms avg/tick=   65.5us share=  0.2% n=400
[03:53:10] [Server thread/INFO]: [STDOUT] [io.papermc.paper.util.PapoTickProfile] PapoTickProfile.phase player.superTick           total=   24.4ms avg/tick=   60.9us share=  0.1% n=4000
[03:53:10] [Server thread/INFO]: [STDOUT] [io.papermc.paper.util.PapoTickProfile] PapoTickProfile.phase chunkMap.tracker.maintain  total=   10.5ms avg/tick=   26.3us share=  0.1% n=1200
[03:53:10] [Server thread/INFO]: [STDOUT] [io.papermc.paper.util.PapoTickProfile] PapoTickProfile.phase chunkMap.tracker.sendChanges total=    6.1ms avg/tick=   15.3us share=  0.0% n=1200
[03:53:10] [Server thread/INFO]: [STDOUT] [io.papermc.paper.util.PapoTickProfile] PapoTickProfile.phase server.taskDrain           total=    4.4ms avg/tick=   11.0us share=  0.0% n=400
[03:53:10] [Server thread/INFO]: [STDOUT] [io.papermc.paper.util.PapoTickProfile] PapoTickProfile.phase player.pushEntities        total=    2.2ms avg/tick=    5.6us share=  0.0% n=7957
[03:53:10] [Server thread/INFO]: [STDOUT] [io.papermc.paper.util.PapoTickProfile] PapoTickProfile.phase level.fluidTicks           total=    1.2ms avg/tick=    3.0us share=  0.0% n=1200
[03:53:10] [Server thread/INFO]: [STDOUT] [io.papermc.paper.util.PapoTickProfile] PapoTickProfile.phase chunkMap.tracker.fanout    total=    1.1ms avg/tick=    2.7us share=  0.0% n=1200
[03:53:10] [Server thread/INFO]: [STDOUT] [io.papermc.paper.util.PapoTickProfile] PapoTickProfile.phase player.aiStepTouchScan     total=    0.9ms avg/tick=    2.2us share=  0.0% n=4000
[03:53:10] [Server thread/INFO]: [STDOUT] [io.papermc.paper.util.PapoTickProfile] PapoTickProfile.phase level.blockEvents          total=    0.3ms avg/tick=    0.6us share=  0.0% n=1200
[03:53:10] [Server thread/INFO]: [STDOUT] [io.papermc.paper.util.PapoTickProfile] PapoTickProfile.phase players                    total=    0.2ms avg/tick=    0.4us share=  0.0% n=400
[03:53:10] [Server thread/INFO]: [STDOUT] [io.papermc.paper.util.PapoTickProfile] PapoTickProfile.phase conn.flushQueue            total=    0.1ms avg/tick=    0.4us share=  0.0% n=4000
[03:53:10] [Server thread/INFO]: [STDOUT] [io.papermc.paper.util.PapoTickProfile] PapoTickProfile.phase functions                  total=    0.1ms avg/tick=    0.3us share=  0.0% n=400
[03:53:10] [Server thread/INFO]: [STDOUT] [io.papermc.paper.util.PapoTickProfile] PapoTickProfile.count rs.blockTickRuns           total=   102400 avg/tick=    256.0 n=102400
[03:53:10] [Server thread/INFO]: [STDOUT] [io.papermc.paper.util.PapoTickProfile] PapoTickProfile.count fanout.sends               total=    21599 avg/tick=     54.0 n=1200
[03:53:10] [Server thread/INFO]: [STDOUT] [io.papermc.paper.util.PapoTickProfile] PapoTickProfile.count fanout.pkt.headRot         total=     1205 avg/tick=      3.0 n=395
[03:53:10] [Server thread/INFO]: [STDOUT] [io.papermc.paper.util.PapoTickProfile] PapoTickProfile.count fanout.pkt.movePosRot      total=     1090 avg/tick=      2.7 n=384
[03:53:10] [Server thread/INFO]: [STDOUT] [io.papermc.paper.util.PapoTickProfile] PapoTickProfile.count fanout.pkt.movePos         total=      169 avg/tick=      0.4 n=89
[03:53:10] [Server thread/INFO]: [STDOUT] [io.papermc.paper.util.PapoTickProfile] PapoTickProfile.count fanout.pkt.posSync         total=      103 avg/tick=      0.3 n=83
[03:53:10] [Server thread/INFO]: [STDOUT] [io.papermc.paper.util.PapoTickProfile] PapoTickProfile.count fanout.pkt.other           total=       62 avg/tick=      0.2 n=61
[03:53:10] [Server thread/INFO]: [STDOUT] [io.papermc.paper.util.PapoTickProfile] PapoTickProfile.count rs.fluidTickRuns           total=       55 avg/tick=      0.1 n=55
[03:53:10] [Server thread/INFO]: [STDOUT] [io.papermc.paper.util.PapoTickProfile] PapoTickProfile.count fanout.pkt.entityData      total=        5 avg/tick=      0.0 n=5
[03:53:30] [Server thread/INFO]: [STDOUT] [io.papermc.paper.util.PapoTickProfile] PapoTickProfile window=400ticks totalWallMs=19998 measuredMs=16860 gcMs=28
[03:53:30] [Server thread/INFO]: [STDOUT] [io.papermc.paper.util.PapoTickProfile] PapoTickProfile.phase worlds                     total= 5614.0ms avg/tick=14034.9us share= 33.3% n=400
[03:53:30] [Server thread/INFO]: [STDOUT] [io.papermc.paper.util.PapoTickProfile] PapoTickProfile.phase level.tickPending+misc     total= 5446.3ms avg/tick=13615.8us share= 32.3% n=1200
[03:53:30] [Server thread/INFO]: [STDOUT] [io.papermc.paper.util.PapoTickProfile] PapoTickProfile.phase level.blockTicks           total= 5118.7ms avg/tick=12796.8us share= 30.4% n=1200
[03:53:30] [Server thread/INFO]: [STDOUT] [io.papermc.paper.util.PapoTickProfile] PapoTickProfile.phase level.chunkSource          total=  325.2ms avg/tick=  812.9us share=  1.9% n=1200
[03:53:30] [Server thread/INFO]: [STDOUT] [io.papermc.paper.util.PapoTickProfile] PapoTickProfile.phase level.entities             total=  163.2ms avg/tick=  408.1us share=  1.0% n=1200
[03:53:30] [Server thread/INFO]: [STDOUT] [io.papermc.paper.util.PapoTickProfile] PapoTickProfile.phase connection                 total=   38.9ms avg/tick=   97.2us share=  0.2% n=400
[03:53:30] [Server thread/INFO]: [STDOUT] [io.papermc.paper.util.PapoTickProfile] PapoTickProfile.phase conn.listenerTick          total=   37.1ms avg/tick=   92.7us share=  0.2% n=4000
[03:53:30] [Server thread/INFO]: [STDOUT] [io.papermc.paper.util.PapoTickProfile] PapoTickProfile.phase ent.serverAiStep           total=   37.0ms avg/tick=   92.4us share=  0.2% n=14207
[03:53:30] [Server thread/INFO]: [STDOUT] [io.papermc.paper.util.PapoTickProfile] PapoTickProfile.phase sendChunks                 total=   27.8ms avg/tick=   69.5us share=  0.2% n=400
[03:53:30] [Server thread/INFO]: [STDOUT] [io.papermc.paper.util.PapoTickProfile] PapoTickProfile.phase player.superTick           total=   24.6ms avg/tick=   61.5us share=  0.1% n=4000
[03:53:30] [Server thread/INFO]: [STDOUT] [io.papermc.paper.util.PapoTickProfile] PapoTickProfile.phase chunkMap.tracker.maintain  total=    9.9ms avg/tick=   24.6us share=  0.1% n=1200
[03:53:30] [Server thread/INFO]: [STDOUT] [io.papermc.paper.util.PapoTickProfile] PapoTickProfile.phase chunkMap.tracker.sendChanges total=    6.3ms avg/tick=   15.7us share=  0.0% n=1200
[03:53:30] [Server thread/INFO]: [STDOUT] [io.papermc.paper.util.PapoTickProfile] PapoTickProfile.phase server.taskDrain           total=    5.4ms avg/tick=   13.6us share=  0.0% n=400
[03:53:30] [Server thread/INFO]: [STDOUT] [io.papermc.paper.util.PapoTickProfile] PapoTickProfile.phase player.pushEntities        total=    2.5ms avg/tick=    6.2us share=  0.0% n=8211
[03:53:30] [Server thread/INFO]: [STDOUT] [io.papermc.paper.util.PapoTickProfile] PapoTickProfile.phase level.fluidTicks           total=    1.2ms avg/tick=    3.1us share=  0.0% n=1200
[03:53:30] [Server thread/INFO]: [STDOUT] [io.papermc.paper.util.PapoTickProfile] PapoTickProfile.phase chunkMap.tracker.fanout    total=    1.1ms avg/tick=    2.7us share=  0.0% n=1200
[03:53:30] [Server thread/INFO]: [STDOUT] [io.papermc.paper.util.PapoTickProfile] PapoTickProfile.phase player.aiStepTouchScan     total=    0.9ms avg/tick=    2.2us share=  0.0% n=4000
[03:53:30] [Server thread/INFO]: [STDOUT] [io.papermc.paper.util.PapoTickProfile] PapoTickProfile.phase level.blockEvents          total=    0.3ms avg/tick=    0.7us share=  0.0% n=1200
[03:53:30] [Server thread/INFO]: [STDOUT] [io.papermc.paper.util.PapoTickProfile] PapoTickProfile.phase functions                  total=    0.2ms avg/tick=    0.5us share=  0.0% n=400
[03:53:30] [Server thread/INFO]: [STDOUT] [io.papermc.paper.util.PapoTickProfile] PapoTickProfile.phase players                    total=    0.1ms avg/tick=    0.4us share=  0.0% n=400
[03:53:30] [Server thread/INFO]: [STDOUT] [io.papermc.paper.util.PapoTickProfile] PapoTickProfile.phase conn.flushQueue            total=    0.1ms avg/tick=    0.4us share=  0.0% n=4000
[03:53:30] [Server thread/INFO]: [STDOUT] [io.papermc.paper.util.PapoTickProfile] PapoTickProfile.count rs.blockTickRuns           total=   102400 avg/tick=    256.0 n=102400
[03:53:30] [Server thread/INFO]: [STDOUT] [io.papermc.paper.util.PapoTickProfile] PapoTickProfile.count fanout.sends               total=    21773 avg/tick=     54.4 n=1200
[03:53:30] [Server thread/INFO]: [STDOUT] [io.papermc.paper.util.PapoTickProfile] PapoTickProfile.count fanout.pkt.headRot         total=     1213 avg/tick=      3.0 n=381
[03:53:30] [Server thread/INFO]: [STDOUT] [io.papermc.paper.util.PapoTickProfile] PapoTickProfile.count fanout.pkt.movePosRot      total=     1111 avg/tick=      2.8 n=373
[03:53:30] [Server thread/INFO]: [STDOUT] [io.papermc.paper.util.PapoTickProfile] PapoTickProfile.count fanout.pkt.movePos         total=      133 avg/tick=      0.3 n=71
[03:53:30] [Server thread/INFO]: [STDOUT] [io.papermc.paper.util.PapoTickProfile] PapoTickProfile.count fanout.pkt.posSync         total=       73 avg/tick=      0.2 n=66
[03:53:30] [Server thread/INFO]: [STDOUT] [io.papermc.paper.util.PapoTickProfile] PapoTickProfile.count fanout.pkt.other           total=       46 avg/tick=      0.1 n=46
[03:53:30] [Server thread/INFO]: [STDOUT] [io.papermc.paper.util.PapoTickProfile] PapoTickProfile.count rs.fluidTickRuns           total=       44 avg/tick=      0.1 n=44
[03:53:30] [Server thread/INFO]: [STDOUT] [io.papermc.paper.util.PapoTickProfile] PapoTickProfile.count fanout.pkt.entityData      total=        3 avg/tick=      0.0 n=3
[03:53:50] [Server thread/INFO]: [STDOUT] [io.papermc.paper.util.PapoTickProfile] PapoTickProfile window=400ticks totalWallMs=20000 measuredMs=17165 gcMs=29
[03:53:50] [Server thread/INFO]: [STDOUT] [io.papermc.paper.util.PapoTickProfile] PapoTickProfile.phase worlds                     total= 5709.1ms avg/tick=14272.7us share= 33.3% n=400
[03:53:50] [Server thread/INFO]: [STDOUT] [io.papermc.paper.util.PapoTickProfile] PapoTickProfile.phase level.tickPending+misc     total= 5576.9ms avg/tick=13942.3us share= 32.5% n=1200
[03:53:50] [Server thread/INFO]: [STDOUT] [io.papermc.paper.util.PapoTickProfile] PapoTickProfile.phase level.blockTicks           total= 5219.0ms avg/tick=13047.5us share= 30.4% n=1200
[03:53:50] [Server thread/INFO]: [STDOUT] [io.papermc.paper.util.PapoTickProfile] PapoTickProfile.phase level.chunkSource          total=  355.0ms avg/tick=  887.6us share=  2.1% n=1200
[03:53:50] [Server thread/INFO]: [STDOUT] [io.papermc.paper.util.PapoTickProfile] PapoTickProfile.phase level.entities             total=  127.5ms avg/tick=  318.7us share=  0.7% n=1200
[03:53:50] [Server thread/INFO]: [STDOUT] [io.papermc.paper.util.PapoTickProfile] PapoTickProfile.phase connection                 total=   41.1ms avg/tick=  102.8us share=  0.2% n=400
[03:53:50] [Server thread/INFO]: [STDOUT] [io.papermc.paper.util.PapoTickProfile] PapoTickProfile.phase conn.listenerTick          total=   39.3ms avg/tick=   98.3us share=  0.2% n=4000
[03:53:50] [Server thread/INFO]: [STDOUT] [io.papermc.paper.util.PapoTickProfile] PapoTickProfile.phase sendChunks                 total=   30.6ms avg/tick=   76.5us share=  0.2% n=400
[03:53:50] [Server thread/INFO]: [STDOUT] [io.papermc.paper.util.PapoTickProfile] PapoTickProfile.phase player.superTick           total=   26.7ms avg/tick=   66.7us share=  0.2% n=4000
[03:53:50] [Server thread/INFO]: [STDOUT] [io.papermc.paper.util.PapoTickProfile] PapoTickProfile.phase ent.serverAiStep           total=   10.9ms avg/tick=   27.2us share=  0.1% n=12207
[03:53:50] [Server thread/INFO]: [STDOUT] [io.papermc.paper.util.PapoTickProfile] PapoTickProfile.phase chunkMap.tracker.maintain  total=   10.1ms avg/tick=   25.1us share=  0.1% n=1200
[03:53:50] [Server thread/INFO]: [STDOUT] [io.papermc.paper.util.PapoTickProfile] PapoTickProfile.phase chunkMap.tracker.sendChanges total=    6.9ms avg/tick=   17.3us share=  0.0% n=1200
[03:53:50] [Server thread/INFO]: [STDOUT] [io.papermc.paper.util.PapoTickProfile] PapoTickProfile.phase server.taskDrain           total=    5.9ms avg/tick=   14.8us share=  0.0% n=400
[03:53:50] [Server thread/INFO]: [STDOUT] [io.papermc.paper.util.PapoTickProfile] PapoTickProfile.phase player.pushEntities        total=    2.0ms avg/tick=    4.9us share=  0.0% n=6216
[03:53:50] [Server thread/INFO]: [STDOUT] [io.papermc.paper.util.PapoTickProfile] PapoTickProfile.phase chunkMap.tracker.fanout    total=    1.5ms avg/tick=    3.7us share=  0.0% n=1200
[03:53:50] [Server thread/INFO]: [STDOUT] [io.papermc.paper.util.PapoTickProfile] PapoTickProfile.phase level.fluidTicks           total=    1.4ms avg/tick=    3.6us share=  0.0% n=1200
[03:53:50] [Server thread/INFO]: [STDOUT] [io.papermc.paper.util.PapoTickProfile] PapoTickProfile.phase player.aiStepTouchScan     total=    0.9ms avg/tick=    2.3us share=  0.0% n=4000
[03:53:50] [Server thread/INFO]: [STDOUT] [io.papermc.paper.util.PapoTickProfile] PapoTickProfile.phase level.blockEvents          total=    0.3ms avg/tick=    0.8us share=  0.0% n=1200
[03:53:50] [Server thread/INFO]: [STDOUT] [io.papermc.paper.util.PapoTickProfile] PapoTickProfile.phase functions                  total=    0.1ms avg/tick=    0.4us share=  0.0% n=400
[03:53:50] [Server thread/INFO]: [STDOUT] [io.papermc.paper.util.PapoTickProfile] PapoTickProfile.phase conn.flushQueue            total=    0.1ms avg/tick=    0.3us share=  0.0% n=4000
[03:53:50] [Server thread/INFO]: [STDOUT] [io.papermc.paper.util.PapoTickProfile] PapoTickProfile.phase players                    total=    0.1ms avg/tick=    0.1us share=  0.0% n=400
[03:53:50] [Server thread/INFO]: [STDOUT] [io.papermc.paper.util.PapoTickProfile] PapoTickProfile.count rs.blockTickRuns           total=   102400 avg/tick=    256.0 n=102400
[03:53:50] [Server thread/INFO]: [STDOUT] [io.papermc.paper.util.PapoTickProfile] PapoTickProfile.count fanout.sends               total=    24691 avg/tick=     61.7 n=1200
[03:53:50] [Server thread/INFO]: [STDOUT] [io.papermc.paper.util.PapoTickProfile] PapoTickProfile.count fanout.pkt.headRot         total=     1203 avg/tick=      3.0 n=398
[03:53:50] [Server thread/INFO]: [STDOUT] [io.papermc.paper.util.PapoTickProfile] PapoTickProfile.count fanout.pkt.movePosRot      total=     1145 avg/tick=      2.9 n=386
[03:53:50] [Server thread/INFO]: [STDOUT] [io.papermc.paper.util.PapoTickProfile] PapoTickProfile.count fanout.pkt.movePos         total=      159 avg/tick=      0.4 n=89
[03:53:50] [Server thread/INFO]: [STDOUT] [io.papermc.paper.util.PapoTickProfile] PapoTickProfile.count rs.fluidTickRuns           total=       55 avg/tick=      0.1 n=55
[03:53:50] [Server thread/INFO]: [STDOUT] [io.papermc.paper.util.PapoTickProfile] PapoTickProfile.count fanout.pkt.other           total=       50 avg/tick=      0.1 n=48
[03:53:50] [Server thread/INFO]: [STDOUT] [io.papermc.paper.util.PapoTickProfile] PapoTickProfile.count fanout.pkt.posSync         total=       35 avg/tick=      0.1 n=25
[03:53:50] [Server thread/INFO]: [STDOUT] [io.papermc.paper.util.PapoTickProfile] PapoTickProfile.count fanout.pkt.entityData      total=       18 avg/tick=      0.0 n=18
[03:54:10] [Server thread/INFO]: [STDOUT] [io.papermc.paper.util.PapoTickProfile] PapoTickProfile window=400ticks totalWallMs=20000 measuredMs=18634 gcMs=32
[03:54:10] [Server thread/INFO]: [STDOUT] [io.papermc.paper.util.PapoTickProfile] PapoTickProfile.phase worlds                     total= 6196.0ms avg/tick=15490.0us share= 33.2% n=400
[03:54:10] [Server thread/INFO]: [STDOUT] [io.papermc.paper.util.PapoTickProfile] PapoTickProfile.phase level.tickPending+misc     total= 6054.9ms avg/tick=15137.3us share= 32.5% n=1200
[03:54:10] [Server thread/INFO]: [STDOUT] [io.papermc.paper.util.PapoTickProfile] PapoTickProfile.phase level.blockTicks           total= 5662.3ms avg/tick=14155.7us share= 30.4% n=1200
[03:54:10] [Server thread/INFO]: [STDOUT] [io.papermc.paper.util.PapoTickProfile] PapoTickProfile.phase level.chunkSource          total=  389.7ms avg/tick=  974.3us share=  2.1% n=1200
[03:54:10] [Server thread/INFO]: [STDOUT] [io.papermc.paper.util.PapoTickProfile] PapoTickProfile.phase level.entities             total=  135.9ms avg/tick=  339.8us share=  0.7% n=1200
[03:54:10] [Server thread/INFO]: [STDOUT] [io.papermc.paper.util.PapoTickProfile] PapoTickProfile.phase connection                 total=   45.3ms avg/tick=  113.1us share=  0.2% n=400
[03:54:10] [Server thread/INFO]: [STDOUT] [io.papermc.paper.util.PapoTickProfile] PapoTickProfile.phase conn.listenerTick          total=   43.2ms avg/tick=  108.1us share=  0.2% n=4000
[03:54:10] [Server thread/INFO]: [STDOUT] [io.papermc.paper.util.PapoTickProfile] PapoTickProfile.phase sendChunks                 total=   34.6ms avg/tick=   86.6us share=  0.2% n=400
[03:54:10] [Server thread/INFO]: [STDOUT] [io.papermc.paper.util.PapoTickProfile] PapoTickProfile.phase player.superTick           total=   29.3ms avg/tick=   73.3us share=  0.2% n=4000
[03:54:10] [Server thread/INFO]: [STDOUT] [io.papermc.paper.util.PapoTickProfile] PapoTickProfile.phase ent.serverAiStep           total=   11.8ms avg/tick=   29.5us share=  0.1% n=12436
[03:54:10] [Server thread/INFO]: [STDOUT] [io.papermc.paper.util.PapoTickProfile] PapoTickProfile.phase chunkMap.tracker.maintain  total=   11.7ms avg/tick=   29.3us share=  0.1% n=1200
[03:54:10] [Server thread/INFO]: [STDOUT] [io.papermc.paper.util.PapoTickProfile] PapoTickProfile.phase chunkMap.tracker.sendChanges total=    7.3ms avg/tick=   18.3us share=  0.0% n=1200
[03:54:10] [Server thread/INFO]: [STDOUT] [io.papermc.paper.util.PapoTickProfile] PapoTickProfile.phase server.taskDrain           total=    5.8ms avg/tick=   14.5us share=  0.0% n=400
[03:54:10] [Server thread/INFO]: [STDOUT] [io.papermc.paper.util.PapoTickProfile] PapoTickProfile.phase player.pushEntities        total=    2.3ms avg/tick=    5.7us share=  0.0% n=6447
[03:54:10] [Server thread/INFO]: [STDOUT] [io.papermc.paper.util.PapoTickProfile] PapoTickProfile.phase level.fluidTicks           total=    1.5ms avg/tick=    3.7us share=  0.0% n=1200
[03:54:10] [Server thread/INFO]: [STDOUT] [io.papermc.paper.util.PapoTickProfile] PapoTickProfile.phase chunkMap.tracker.fanout    total=    1.4ms avg/tick=    3.6us share=  0.0% n=1200
[03:54:10] [Server thread/INFO]: [STDOUT] [io.papermc.paper.util.PapoTickProfile] PapoTickProfile.phase player.aiStepTouchScan     total=    0.9ms avg/tick=    2.3us share=  0.0% n=4000
[03:54:10] [Server thread/INFO]: [STDOUT] [io.papermc.paper.util.PapoTickProfile] PapoTickProfile.phase level.blockEvents          total=    0.3ms avg/tick=    0.8us share=  0.0% n=1200
[03:54:10] [Server thread/INFO]: [STDOUT] [io.papermc.paper.util.PapoTickProfile] PapoTickProfile.phase players                    total=    0.2ms avg/tick=    0.5us share=  0.0% n=400
[03:54:10] [Server thread/INFO]: [STDOUT] [io.papermc.paper.util.PapoTickProfile] PapoTickProfile.phase functions                  total=    0.2ms avg/tick=    0.4us share=  0.0% n=400
[03:54:10] [Server thread/INFO]: [STDOUT] [io.papermc.paper.util.PapoTickProfile] PapoTickProfile.phase conn.flushQueue            total=    0.2ms avg/tick=    0.4us share=  0.0% n=4000
[03:54:10] [Server thread/INFO]: [STDOUT] [io.papermc.paper.util.PapoTickProfile] PapoTickProfile.count rs.blockTickRuns           total=   102400 avg/tick=    256.0 n=102400
[03:54:10] [Server thread/INFO]: [STDOUT] [io.papermc.paper.util.PapoTickProfile] PapoTickProfile.count fanout.sends               total=    25173 avg/tick=     62.9 n=1200
[03:54:10] [Server thread/INFO]: [STDOUT] [io.papermc.paper.util.PapoTickProfile] PapoTickProfile.count fanout.pkt.headRot         total=     1240 avg/tick=      3.1 n=397
[03:54:10] [Server thread/INFO]: [STDOUT] [io.papermc.paper.util.PapoTickProfile] PapoTickProfile.count fanout.pkt.movePosRot      total=     1116 avg/tick=      2.8 n=390
[03:54:10] [Server thread/INFO]: [STDOUT] [io.papermc.paper.util.PapoTickProfile] PapoTickProfile.count fanout.pkt.movePos         total=      150 avg/tick=      0.4 n=78
[03:54:10] [Server thread/INFO]: [STDOUT] [io.papermc.paper.util.PapoTickProfile] PapoTickProfile.count fanout.pkt.posSync         total=       61 avg/tick=      0.2 n=61
[03:54:10] [Server thread/INFO]: [STDOUT] [io.papermc.paper.util.PapoTickProfile] PapoTickProfile.count fanout.pkt.other           total=       61 avg/tick=      0.2 n=55
[03:54:10] [Server thread/INFO]: [STDOUT] [io.papermc.paper.util.PapoTickProfile] PapoTickProfile.count fanout.pkt.velocity        total=       25 avg/tick=      0.1 n=25
[03:54:10] [Server thread/INFO]: [STDOUT] [io.papermc.paper.util.PapoTickProfile] PapoTickProfile.count rs.fluidTickRuns           total=       22 avg/tick=      0.1 n=22
[03:54:10] [Server thread/INFO]: [STDOUT] [io.papermc.paper.util.PapoTickProfile] PapoTickProfile.count fanout.pkt.moveRot         total=       22 avg/tick=      0.1 n=22
[03:54:10] [Server thread/INFO]: [STDOUT] [io.papermc.paper.util.PapoTickProfile] PapoTickProfile.count fanout.pkt.entityData      total=        8 avg/tick=      0.0 n=8
[03:54:30] [Server thread/INFO]: [STDOUT] [io.papermc.paper.util.PapoTickProfile] PapoTickProfile window=400ticks totalWallMs=20000 measuredMs=17354 gcMs=26
[03:54:30] [Server thread/INFO]: [STDOUT] [io.papermc.paper.util.PapoTickProfile] PapoTickProfile.phase worlds                     total= 5774.2ms avg/tick=14435.5us share= 33.3% n=400
[03:54:30] [Server thread/INFO]: [STDOUT] [io.papermc.paper.util.PapoTickProfile] PapoTickProfile.phase level.tickPending+misc     total= 5636.0ms avg/tick=14090.0us share= 32.5% n=1200
[03:54:30] [Server thread/INFO]: [STDOUT] [io.papermc.paper.util.PapoTickProfile] PapoTickProfile.phase level.blockTicks           total= 5295.2ms avg/tick=13238.1us share= 30.5% n=1200
[03:54:30] [Server thread/INFO]: [STDOUT] [io.papermc.paper.util.PapoTickProfile] PapoTickProfile.phase level.chunkSource          total=  338.1ms avg/tick=  845.4us share=  1.9% n=1200
[03:54:30] [Server thread/INFO]: [STDOUT] [io.papermc.paper.util.PapoTickProfile] PapoTickProfile.phase level.entities             total=  134.2ms avg/tick=  335.6us share=  0.8% n=1200
[03:54:30] [Server thread/INFO]: [STDOUT] [io.papermc.paper.util.PapoTickProfile] PapoTickProfile.phase connection                 total=   39.9ms avg/tick=   99.8us share=  0.2% n=400
[03:54:30] [Server thread/INFO]: [STDOUT] [io.papermc.paper.util.PapoTickProfile] PapoTickProfile.phase conn.listenerTick          total=   38.1ms avg/tick=   95.3us share=  0.2% n=4000
[03:54:30] [Server thread/INFO]: [STDOUT] [io.papermc.paper.util.PapoTickProfile] PapoTickProfile.phase sendChunks                 total=   28.9ms avg/tick=   72.1us share=  0.2% n=400
[03:54:30] [Server thread/INFO]: [STDOUT] [io.papermc.paper.util.PapoTickProfile] PapoTickProfile.phase player.superTick           total=   26.0ms avg/tick=   64.9us share=  0.1% n=4000
[03:54:30] [Server thread/INFO]: [STDOUT] [io.papermc.paper.util.PapoTickProfile] PapoTickProfile.phase ent.serverAiStep           total=   15.5ms avg/tick=   38.8us share=  0.1% n=13897
[03:54:30] [Server thread/INFO]: [STDOUT] [io.papermc.paper.util.PapoTickProfile] PapoTickProfile.phase chunkMap.tracker.maintain  total=   10.7ms avg/tick=   26.7us share=  0.1% n=1200
[03:54:30] [Server thread/INFO]: [STDOUT] [io.papermc.paper.util.PapoTickProfile] PapoTickProfile.phase chunkMap.tracker.sendChanges total=    6.3ms avg/tick=   15.9us share=  0.0% n=1200
[03:54:30] [Server thread/INFO]: [STDOUT] [io.papermc.paper.util.PapoTickProfile] PapoTickProfile.phase server.taskDrain           total=    4.6ms avg/tick=   11.5us share=  0.0% n=400
[03:54:30] [Server thread/INFO]: [STDOUT] [io.papermc.paper.util.PapoTickProfile] PapoTickProfile.phase player.pushEntities        total=    2.3ms avg/tick=    5.7us share=  0.0% n=7919
[03:54:30] [Server thread/INFO]: [STDOUT] [io.papermc.paper.util.PapoTickProfile] PapoTickProfile.phase level.fluidTicks           total=    1.4ms avg/tick=    3.4us share=  0.0% n=1200
[03:54:30] [Server thread/INFO]: [STDOUT] [io.papermc.paper.util.PapoTickProfile] PapoTickProfile.phase chunkMap.tracker.fanout    total=    1.2ms avg/tick=    3.1us share=  0.0% n=1200
[03:54:30] [Server thread/INFO]: [STDOUT] [io.papermc.paper.util.PapoTickProfile] PapoTickProfile.phase player.aiStepTouchScan     total=    0.8ms avg/tick=    2.0us share=  0.0% n=4000
[03:54:30] [Server thread/INFO]: [STDOUT] [io.papermc.paper.util.PapoTickProfile] PapoTickProfile.phase level.blockEvents          total=    0.3ms avg/tick=    0.7us share=  0.0% n=1200
[03:54:30] [Server thread/INFO]: [STDOUT] [io.papermc.paper.util.PapoTickProfile] PapoTickProfile.phase players                    total=    0.2ms avg/tick=    0.4us share=  0.0% n=400
[03:54:30] [Server thread/INFO]: [STDOUT] [io.papermc.paper.util.PapoTickProfile] PapoTickProfile.phase conn.flushQueue            total=    0.2ms avg/tick=    0.4us share=  0.0% n=4000
[03:54:30] [Server thread/INFO]: [STDOUT] [io.papermc.paper.util.PapoTickProfile] PapoTickProfile.phase functions                  total=    0.1ms avg/tick=    0.3us share=  0.0% n=400
[03:54:30] [Server thread/INFO]: [STDOUT] [io.papermc.paper.util.PapoTickProfile] PapoTickProfile.count rs.blockTickRuns           total=   102400 avg/tick=    256.0 n=102400
[03:54:30] [Server thread/INFO]: [STDOUT] [io.papermc.paper.util.PapoTickProfile] PapoTickProfile.count fanout.sends               total=    24894 avg/tick=     62.2 n=1200
[03:54:30] [Server thread/INFO]: [STDOUT] [io.papermc.paper.util.PapoTickProfile] PapoTickProfile.count fanout.pkt.headRot         total=     1287 avg/tick=      3.2 n=395
[03:54:30] [Server thread/INFO]: [STDOUT] [io.papermc.paper.util.PapoTickProfile] PapoTickProfile.count fanout.pkt.movePosRot      total=     1189 avg/tick=      3.0 n=388
[03:54:30] [Server thread/INFO]: [STDOUT] [io.papermc.paper.util.PapoTickProfile] PapoTickProfile.count fanout.pkt.movePos         total=      129 avg/tick=      0.3 n=69
[03:54:30] [Server thread/INFO]: [STDOUT] [io.papermc.paper.util.PapoTickProfile] PapoTickProfile.count fanout.pkt.other           total=       73 avg/tick=      0.2 n=68
[03:54:30] [Server thread/INFO]: [STDOUT] [io.papermc.paper.util.PapoTickProfile] PapoTickProfile.count fanout.pkt.posSync         total=       63 avg/tick=      0.2 n=54
[03:54:30] [Server thread/INFO]: [STDOUT] [io.papermc.paper.util.PapoTickProfile] PapoTickProfile.count rs.fluidTickRuns           total=       54 avg/tick=      0.1 n=54
[03:54:30] [Server thread/INFO]: [STDOUT] [io.papermc.paper.util.PapoTickProfile] PapoTickProfile.count fanout.pkt.entityData      total=        6 avg/tick=      0.0 n=6
logErrors=0 exited=true
activity gate PASS: rs.blockTickRuns steady(tail-median)=256.0/tick vs expected ~256 (windows=58)
