======== run 0 ========
boot: [01:39:05 INFO]: Done (17.437s)! For help, type "help"
---- stalls ----
PapoTickProfile.stall tick=83 gapMs=128.3 durMs=3.1 at=01:39:10.030
PapoTickProfile.stall tick=116 gapMs=475.7 durMs=2.1 at=01:39:12.025
PapoTickProfile.stall tick=118 gapMs=406.5 durMs=183.4 at=01:39:12.462
---- jstack Server-thread samples ----
=== sample +2762ms ===
"Server thread" #113 [34680] prio=8 os_prio=1 cpu=2156.25ms elapsed=7.85s tid=0x000001e0e16867e0 nid=34680 waiting on condition  [0x000000141bdfe000]
   java.lang.Thread.State: TIMED_WAITING (parking)
	at jdk.internal.misc.Unsafe.park(java.base@21.0.10/Native Method)
	- parking to wait for  <0x0000000700fe7e80> (a java.lang.String)
	at java.util.concurrent.locks.LockSupport.parkNanos(java.base@21.0.10/LockSupport.java:269)
	at net.minecraft.server.MinecraftServer.recordTaskExecutionTimeWhileWaiting(MinecraftServer.java:1242)
	at net.minecraft.server.MinecraftServer.runServer(MinecraftServer.java:1348)
	at net.minecraft.server.MinecraftServer.lambda$spin$2(MinecraftServer.java:388)
	at net.minecraft.server.MinecraftServer$$Lambda/0x000001e096f39c18.run(Unknown Source)
	at java.lang.Thread.runWith(java.base@21.0.10/Thread.java:1596)
	at java.lang.Thread.run(java.base@21.0.10/Thread.java:1583)
=== sample +3016ms ===
"Server thread" #113 [34680] prio=8 os_prio=1 cpu=2171.88ms elapsed=8.12s tid=0x000001e0e16867e0 nid=34680 waiting on condition  [0x000000141bdfe000]
   java.lang.Thread.State: TIMED_WAITING (parking)
	at jdk.internal.misc.Unsafe.park(java.base@21.0.10/Native Method)
	- parking to wait for  <0x0000000700fe7e80> (a java.lang.String)
	at java.util.concurrent.locks.LockSupport.parkNanos(java.base@21.0.10/LockSupport.java:269)
	at net.minecraft.server.MinecraftServer.recordTaskExecutionTimeWhileWaiting(MinecraftServer.java:1242)
	at net.minecraft.server.MinecraftServer.runServer(MinecraftServer.java:1348)
	at net.minecraft.server.MinecraftServer.lambda$spin$2(MinecraftServer.java:388)
	at net.minecraft.server.MinecraftServer$$Lambda/0x000001e096f39c18.run(Unknown Source)
	at java.lang.Thread.runWith(java.base@21.0.10/Thread.java:1596)
	at java.lang.Thread.run(java.base@21.0.10/Thread.java:1583)
=== sample +3266ms ===
"Server thread" #113 [34680] prio=8 os_prio=1 cpu=2171.88ms elapsed=8.36s tid=0x000001e0e16867e0 nid=34680 waiting on condition  [0x000000141bdfe000]
   java.lang.Thread.State: TIMED_WAITING (parking)
	at jdk.internal.misc.Unsafe.park(java.base@21.0.10/Native Method)
	- parking to wait for  <0x0000000700fe7e80> (a java.lang.String)
	at java.util.concurrent.locks.LockSupport.parkNanos(java.base@21.0.10/LockSupport.java:269)
	at net.minecraft.server.MinecraftServer.recordTaskExecutionTimeWhileWaiting(MinecraftServer.java:1242)
	at net.minecraft.server.MinecraftServer.runServer(MinecraftServer.java:1348)
	at net.minecraft.server.MinecraftServer.lambda$spin$2(MinecraftServer.java:388)
	at net.minecraft.server.MinecraftServer$$Lambda/0x000001e096f39c18.run(Unknown Source)
	at java.lang.Thread.runWith(java.base@21.0.10/Thread.java:1596)
	at java.lang.Thread.run(java.base@21.0.10/Thread.java:1583)
=== sample +3513ms ===
"Server thread" #113 [34680] prio=8 os_prio=1 cpu=2187.50ms elapsed=8.61s tid=0x000001e0e16867e0 nid=34680 waiting on condition  [0x000000141bdfe000]
   java.lang.Thread.State: TIMED_WAITING (parking)
	at jdk.internal.misc.Unsafe.park(java.base@21.0.10/Native Method)
	- parking to wait for  <0x0000000700fe7e80> (a java.lang.String)
	at java.util.concurrent.locks.LockSupport.parkNanos(java.base@21.0.10/LockSupport.java:269)
	at net.minecraft.server.MinecraftServer.recordTaskExecutionTimeWhileWaiting(MinecraftServer.java:1242)
	at net.minecraft.server.MinecraftServer.runServer(MinecraftServer.java:1348)
	at net.minecraft.server.MinecraftServer.lambda$spin$2(MinecraftServer.java:388)
	at net.minecraft.server.MinecraftServer$$Lambda/0x000001e096f39c18.run(Unknown Source)
	at java.lang.Thread.runWith(java.base@21.0.10/Thread.java:1596)
	at java.lang.Thread.run(java.base@21.0.10/Thread.java:1583)
=== sample +3770ms ===
"Server thread" #113 [34680] prio=8 os_prio=1 cpu=2187.50ms elapsed=8.86s tid=0x000001e0e16867e0 nid=34680 waiting on condition  [0x000000141bdfe000]
   java.lang.Thread.State: TIMED_WAITING (parking)
	at jdk.internal.misc.Unsafe.park(java.base@21.0.10/Native Method)
	- parking to wait for  <0x0000000700fe7e80> (a java.lang.String)
	at java.util.concurrent.locks.LockSupport.parkNanos(java.base@21.0.10/LockSupport.java:269)
	at net.minecraft.server.MinecraftServer.recordTaskExecutionTimeWhileWaiting(MinecraftServer.java:1242)
	at net.minecraft.server.MinecraftServer.runServer(MinecraftServer.java:1348)
	at net.minecraft.server.MinecraftServer.lambda$spin$2(MinecraftServer.java:388)
	at net.minecraft.server.MinecraftServer$$Lambda/0x000001e096f39c18.run(Unknown Source)
	at java.lang.Thread.runWith(java.base@21.0.10/Thread.java:1596)
	at java.lang.Thread.run(java.base@21.0.10/Thread.java:1583)
=== sample +4008ms ===
"Server thread" #113 [34680] prio=8 os_prio=1 cpu=2187.50ms elapsed=9.10s tid=0x000001e0e16867e0 nid=34680 waiting on condition  [0x000000141bdfe000]
   java.lang.Thread.State: TIMED_WAITING (parking)
	at jdk.internal.misc.Unsafe.park(java.base@21.0.10/Native Method)
	- parking to wait for  <0x0000000700fe7e80> (a java.lang.String)
	at java.util.concurrent.locks.LockSupport.parkNanos(java.base@21.0.10/LockSupport.java:269)
	at net.minecraft.server.MinecraftServer.recordTaskExecutionTimeWhileWaiting(MinecraftServer.java:1242)
	at net.minecraft.server.MinecraftServer.runServer(MinecraftServer.java:1348)
	at net.minecraft.server.MinecraftServer.lambda$spin$2(MinecraftServer.java:388)
	at net.minecraft.server.MinecraftServer$$Lambda/0x000001e096f39c18.run(Unknown Source)
	at java.lang.Thread.runWith(java.base@21.0.10/Thread.java:1596)
	at java.lang.Thread.run(java.base@21.0.10/Thread.java:1583)
=== sample +4276ms ===
"Server thread" #113 [34680] prio=8 os_prio=1 cpu=2250.00ms elapsed=9.37s tid=0x000001e0e16867e0 nid=34680 waiting on condition  [0x000000141bdfe000]
   java.lang.Thread.State: TIMED_WAITING (parking)
	at jdk.internal.misc.Unsafe.park(java.base@21.0.10/Native Method)
	- parking to wait for  <0x0000000700fe7e80> (a java.lang.String)
	at java.util.concurrent.locks.LockSupport.parkNanos(java.base@21.0.10/LockSupport.java:269)
	at net.minecraft.server.MinecraftServer.recordTaskExecutionTimeWhileWaiting(MinecraftServer.java:1242)
	at net.minecraft.server.MinecraftServer.runServer(MinecraftServer.java:1348)
	at net.minecraft.server.MinecraftServer.lambda$spin$2(MinecraftServer.java:388)
	at net.minecraft.server.MinecraftServer$$Lambda/0x000001e096f39c18.run(Unknown Source)
	at java.lang.Thread.runWith(java.base@21.0.10/Thread.java:1596)
	at java.lang.Thread.run(java.base@21.0.10/Thread.java:1583)
=== sample +4552ms ===
"Server thread" #113 [34680] prio=8 os_prio=1 cpu=2265.62ms elapsed=9.64s tid=0x000001e0e16867e0 nid=34680 waiting on condition  [0x000000141bdfe000]
   java.lang.Thread.State: TIMED_WAITING (parking)
	at jdk.internal.misc.Unsafe.park(java.base@21.0.10/Native Method)
	- parking to wait for  <0x0000000700fe7e80> (a java.lang.String)
	at java.util.concurrent.locks.LockSupport.parkNanos(java.base@21.0.10/LockSupport.java:269)
	at net.minecraft.server.MinecraftServer.recordTaskExecutionTimeWhileWaiting(MinecraftServer.java:1242)
	at net.minecraft.server.MinecraftServer.runServer(MinecraftServer.java:1348)
	at net.minecraft.server.MinecraftServer.lambda$spin$2(MinecraftServer.java:388)
	at net.minecraft.server.MinecraftServer$$Lambda/0x000001e096f39c18.run(Unknown Source)
	at java.lang.Thread.runWith(java.base@21.0.10/Thread.java:1596)
	at java.lang.Thread.run(java.base@21.0.10/Thread.java:1583)
=== sample +4829ms ===
"Server thread" #113 [34680] prio=8 os_prio=1 cpu=2265.62ms elapsed=9.92s tid=0x000001e0e16867e0 nid=34680 runnable  [0x000000141bdfe000]
   java.lang.Thread.State: TIMED_WAITING (parking)
	at jdk.internal.misc.Unsafe.park(java.base@21.0.10/Native Method)
	- parking to wait for  <0x0000000700fe7e80> (a java.lang.String)
	at java.util.concurrent.locks.LockSupport.parkNanos(java.base@21.0.10/LockSupport.java:269)
	at net.minecraft.server.MinecraftServer.recordTaskExecutionTimeWhileWaiting(MinecraftServer.java:1242)
	at net.minecraft.server.MinecraftServer.runServer(MinecraftServer.java:1348)
	at net.minecraft.server.MinecraftServer.lambda$spin$2(MinecraftServer.java:388)
	at net.minecraft.server.MinecraftServer$$Lambda/0x000001e096f39c18.run(Unknown Source)
	at java.lang.Thread.runWith(java.base@21.0.10/Thread.java:1596)
	at java.lang.Thread.run(java.base@21.0.10/Thread.java:1583)
=== sample +5110ms ===
"Server thread" #113 [34680] prio=8 os_prio=1 cpu=2265.62ms elapsed=10.19s tid=0x000001e0e16867e0 nid=34680 waiting on condition  [0x000000141bdfe000]
   java.lang.Thread.State: TIMED_WAITING (parking)
	at jdk.internal.misc.Unsafe.park(java.base@21.0.10/Native Method)
	- parking to wait for  <0x0000000700fe7e80> (a java.lang.String)
	at java.util.concurrent.locks.LockSupport.parkNanos(java.base@21.0.10/LockSupport.java:269)
	at net.minecraft.server.MinecraftServer.recordTaskExecutionTimeWhileWaiting(MinecraftServer.java:1242)
	at net.minecraft.server.MinecraftServer.runServer(MinecraftServer.java:1348)
	at net.minecraft.server.MinecraftServer.lambda$spin$2(MinecraftServer.java:388)
	at net.minecraft.server.MinecraftServer$$Lambda/0x000001e096f39c18.run(Unknown Source)
	at java.lang.Thread.runWith(java.base@21.0.10/Thread.java:1596)
	at java.lang.Thread.run(java.base@21.0.10/Thread.java:1583)
=== sample +5401ms ===
"Server thread" #113 [34680] prio=8 os_prio=1 cpu=2296.88ms elapsed=10.47s tid=0x000001e0e16867e0 nid=34680 runnable  [0x000000141bdfe000]
   java.lang.Thread.State: TIMED_WAITING (parking)
	at jdk.internal.misc.Unsafe.park(java.base@21.0.10/Native Method)
	- parking to wait for  <0x0000000700fe7e80> (a java.lang.String)
	at java.util.concurrent.locks.LockSupport.parkNanos(java.base@21.0.10/LockSupport.java:269)
	at net.minecraft.server.MinecraftServer.recordTaskExecutionTimeWhileWaiting(MinecraftServer.java:1242)
	at net.minecraft.server.MinecraftServer.runServer(MinecraftServer.java:1348)
	at net.minecraft.server.MinecraftServer.lambda$spin$2(MinecraftServer.java:388)
	at net.minecraft.server.MinecraftServer$$Lambda/0x000001e096f39c18.run(Unknown Source)
	at java.lang.Thread.runWith(java.base@21.0.10/Thread.java:1596)
	at java.lang.Thread.run(java.base@21.0.10/Thread.java:1583)
=== sample +5665ms ===
"Server thread" #113 [34680] prio=8 os_prio=1 cpu=2312.50ms elapsed=10.76s tid=0x000001e0e16867e0 nid=34680 waiting on condition  [0x000000141bdfe000]
   java.lang.Thread.State: TIMED_WAITING (parking)
	at jdk.internal.misc.Unsafe.park(java.base@21.0.10/Native Method)
	- parking to wait for  <0x0000000700fe7e80> (a java.lang.String)
	at java.util.concurrent.locks.LockSupport.parkNanos(java.base@21.0.10/LockSupport.java:269)
	at net.minecraft.server.MinecraftServer.recordTaskExecutionTimeWhileWaiting(MinecraftServer.java:1242)
	at net.minecraft.server.MinecraftServer.runServer(MinecraftServer.java:1348)
	at net.minecraft.server.MinecraftServer.lambda$spin$2(MinecraftServer.java:388)
	at net.minecraft.server.MinecraftServer$$Lambda/0x000001e096f39c18.run(Unknown Source)
	at java.lang.Thread.runWith(java.base@21.0.10/Thread.java:1596)
	at java.lang.Thread.run(java.base@21.0.10/Thread.java:1583)
=== sample +5914ms ===
"Server thread" #113 [34680] prio=8 os_prio=1 cpu=2390.62ms elapsed=11.01s tid=0x000001e0e16867e0 nid=34680 runnable  [0x000000141bdfc000]
   java.lang.Thread.State: RUNNABLE
	at java.lang.ClassLoader.defineClass1(java.base@21.0.10/Native Method)
	at java.lang.ClassLoader.defineClass(java.base@21.0.10/ClassLoader.java:1027)
	at java.security.SecureClassLoader.defineClass(java.base@21.0.10/SecureClassLoader.java:150)
	at java.net.URLClassLoader.defineClass(java.base@21.0.10/URLClassLoader.java:524)
	at java.net.URLClassLoader$1.run(java.base@21.0.10/URLClassLoader.java:427)
	at java.net.URLClassLoader$1.run(java.base@21.0.10/URLClassLoader.java:421)
	at java.security.AccessController.executePrivileged(java.base@21.0.10/AccessController.java:809)
	at java.security.AccessController.doPrivileged(java.base@21.0.10/AccessController.java:714)
	at java.net.URLClassLoader.findClass(java.base@21.0.10/URLClassLoader.java:420)
	at java.lang.ClassLoader.loadClass(java.base@21.0.10/ClassLoader.java:593)
	- locked <0x000000072fc71e28> (a java.lang.Object)
	at java.lang.ClassLoader.loadClass(java.base@21.0.10/ClassLoader.java:526)
	at org.bukkit.craftbukkit.entity.CraftEntityTypes.<clinit>(CraftEntityTypes.java:283)
	at org.bukkit.craftbukkit.entity.CraftEntity.getEntity(CraftEntity.java:138)
	at net.minecraft.world.entity.Entity.getBukkitEntity(Entity.java:199)
	- locked <0x000000072ff9a5e0> (a net.minecraft.world.entity.animal.cow.Cow)
	at net.minecraft.world.entity.Entity.setAirSupply(Entity.java:3773)
	at net.minecraft.world.entity.Entity.load(Entity.java:2762)
	at net.minecraft.world.entity.EntityType.lambda$create$25(EntityType.java:1525)
	at net.minecraft.world.entity.EntityType$$Lambda/0x000001e097307880.accept(Unknown Source)
	at net.minecraft.util.Util.ifElse(Util.java:673)
	at net.minecraft.world.entity.EntityType.create(EntityType.java:1520)
	at net.minecraft.world.entity.EntityType.create(EntityType.java:1515)
	at net.minecraft.world.entity.EntityType.loadStaticEntity(EntityType.java:1637)
	at net.minecraft.world.entity.EntityType.loadEntityRecursive(EntityType.java:1591)
	at net.minecraft.world.entity.EntityType.lambda$loadEntitiesRecursive$31(EntityType.java:1619)
	at net.minecraft.world.entity.EntityType$$Lambda/0x000001e097306dd0.accept(Unknown Source)
	at java.util.stream.ReferencePipeline$11$1.accept(java.base@21.0.10/ReferencePipeline.java:450)
	at com.google.common.collect.Streams$1Splitr.tryAdvance(Streams.java:489)
	at java.util.Spliterator.forEachRemaining(java.base@21.0.10/Spliterator.java:332)
	at java.util.stream.AbstractPipeline.copyInto(java.base@21.0.10/AbstractPipeline.java:509)
	at java.util.stream.AbstractPipeline.wrapAndCopyInto(java.base@21.0.10/AbstractPipeline.java:499)
	at java.util.stream.AbstractPipeline.evaluate(java.base@21.0.10/AbstractPipeline.java:575)
	at java.util.stream.AbstractPipeline.evaluateToArrayNode(java.base@21.0.10/AbstractPipeline.java:260)
	at java.util.stream.ReferencePipeline.toArray(java.base@21.0.10/ReferencePipeline.java:616)
	at java.util.stream.ReferencePipeline.toArray(java.base@21.0.10/ReferencePipeline.java:622)
	at java.util.stream.ReferencePipeline.toList(java.base@21.0.10/ReferencePipeline.java:627)
	at net.minecraft.server.level.ServerLevel.addWorldGenChunkEntities(ServerLevel.java:2587)
	at net.minecraft.world.level.chunk.status.ChunkStatusTasks.postLoadProtoChunk(ChunkStatusTasks.java:215)
	at ca.spottedleaf.moonrise.paper.PaperHooks.postLoadProtoChunk(PaperHooks.java:298)
	at ca.spottedleaf.moonrise.patches.chunk_system.scheduling.task.ChunkFullTask.lambda$run$0(ChunkFullTask.java:68)
	at ca.spottedleaf.moonrise.patches.chunk_system.scheduling.task.ChunkFullTask$$Lambda/0x000001e097210ac8.run(Unknown Source)
	at net.minecraft.world.level.chunk.LevelChunk.runPostLoad(LevelChunk.java:696)
	at ca.spottedleaf.moonrise.patches.chunk_system.scheduling.task.ChunkFullTask.run(ChunkFullTask.java:80)
	at ca.spottedleaf.concurrentutil.executor.queue.PrioritisedTaskQueue$PrioritisedQueuedTask.execute(PrioritisedTaskQueue.java:345)
	at ca.spottedleaf.concurrentutil.executor.queue.PrioritisedTaskQueue.executeTask(PrioritisedTaskQueue.java:126)
	at ca.spottedleaf.moonrise.patches.chunk_system.scheduling.ChunkTaskScheduler.executeMainThreadTask(ChunkTaskScheduler.java:338)
	at net.minecraft.server.level.ServerChunkCache$MainThreadExecutor.pollTask(ServerChunkCache.java:843)
	at net.minecraft.server.level.ServerChunkCache.pollTask(ServerChunkCache.java:429)
	at net.minecraft.server.MinecraftServer.pollTaskInternal(MinecraftServer.java:1519)
	at net.minecraft.server.MinecraftServer.pollTask(MinecraftServer.java:1506)
	at net.minecraft.server.MinecraftServer.recordTaskExecutionTimeWhileWaiting(MinecraftServer.java:1232)
	at net.minecraft.server.MinecraftServer.runServer(MinecraftServer.java:1348)
	at net.minecraft.server.MinecraftServer.lambda$spin$2(MinecraftServer.java:388)
	at net.minecraft.server.MinecraftServer$$Lambda/0x000001e096f39c18.run(Unknown Source)
	at java.lang.Thread.runWith(java.base@21.0.10/Thread.java:1596)
	at java.lang.Thread.run(java.base@21.0.10/Thread.java:1583)
=== sample +6163ms ===
"Server thread" #113 [34680] prio=8 os_prio=1 cpu=2625.00ms elapsed=11.26s tid=0x000001e0e16867e0 nid=34680 runnable  [0x000000141bdfc000]
   java.lang.Thread.State: RUNNABLE
	at java.lang.ClassLoader.defineClass1(java.base@21.0.10/Native Method)
	at java.lang.ClassLoader.defineClass(java.base@21.0.10/ClassLoader.java:1027)
	at java.security.SecureClassLoader.defineClass(java.base@21.0.10/SecureClassLoader.java:150)
	at java.net.URLClassLoader.defineClass(java.base@21.0.10/URLClassLoader.java:524)
	at java.net.URLClassLoader$1.run(java.base@21.0.10/URLClassLoader.java:427)
	at java.net.URLClassLoader$1.run(java.base@21.0.10/URLClassLoader.java:421)
	at java.security.AccessController.executePrivileged(java.base@21.0.10/AccessController.java:809)
	at java.security.AccessController.doPrivileged(java.base@21.0.10/AccessController.java:714)
	at java.net.URLClassLoader.findClass(java.base@21.0.10/URLClassLoader.java:420)
	at java.lang.ClassLoader.loadClass(java.base@21.0.10/ClassLoader.java:593)
	- locked <0x000000072fb79208> (a java.lang.Object)
	at java.lang.ClassLoader.loadClass(java.base@21.0.10/ClassLoader.java:526)
	at org.bukkit.craftbukkit.entity.CraftEntityTypes.<clinit>(CraftEntityTypes.java:380)
	at org.bukkit.craftbukkit.entity.CraftEntity.getEntity(CraftEntity.java:138)
	at net.minecraft.world.entity.Entity.getBukkitEntity(Entity.java:199)
	- locked <0x000000072ff9a5e0> (a net.minecraft.world.entity.animal.cow.Cow)
	at net.minecraft.world.entity.Entity.setAirSupply(Entity.java:3773)
	at net.minecraft.world.entity.Entity.load(Entity.java:2762)
	at net.minecraft.world.entity.EntityType.lambda$create$25(EntityType.java:1525)
	at net.minecraft.world.entity.EntityType$$Lambda/0x000001e097307880.accept(Unknown Source)
	at net.minecraft.util.Util.ifElse(Util.java:673)
	at net.minecraft.world.entity.EntityType.create(EntityType.java:1520)
	at net.minecraft.world.entity.EntityType.create(EntityType.java:1515)
	at net.minecraft.world.entity.EntityType.loadStaticEntity(EntityType.java:1637)
	at net.minecraft.world.entity.EntityType.loadEntityRecursive(EntityType.java:1591)
	at net.minecraft.world.entity.EntityType.lambda$loadEntitiesRecursive$31(EntityType.java:1619)
	at net.minecraft.world.entity.EntityType$$Lambda/0x000001e097306dd0.accept(Unknown Source)
	at java.util.stream.ReferencePipeline$11$1.accept(java.base@21.0.10/ReferencePipeline.java:450)
	at com.google.common.collect.Streams$1Splitr.tryAdvance(Streams.java:489)
	at java.util.Spliterator.forEachRemaining(java.base@21.0.10/Spliterator.java:332)
	at java.util.stream.AbstractPipeline.copyInto(java.base@21.0.10/AbstractPipeline.java:509)
	at java.util.stream.AbstractPipeline.wrapAndCopyInto(java.base@21.0.10/AbstractPipeline.java:499)
	at java.util.stream.AbstractPipeline.evaluate(java.base@21.0.10/AbstractPipeline.java:575)
	at java.util.stream.AbstractPipeline.evaluateToArrayNode(java.base@21.0.10/AbstractPipeline.java:260)
	at java.util.stream.ReferencePipeline.toArray(java.base@21.0.10/ReferencePipeline.java:616)
	at java.util.stream.ReferencePipeline.toArray(java.base@21.0.10/ReferencePipeline.java:622)
	at java.util.stream.ReferencePipeline.toList(java.base@21.0.10/ReferencePipeline.java:627)
	at net.minecraft.server.level.ServerLevel.addWorldGenChunkEntities(ServerLevel.java:2587)
	at net.minecraft.world.level.chunk.status.ChunkStatusTasks.postLoadProtoChunk(ChunkStatusTasks.java:215)
	at ca.spottedleaf.moonrise.paper.PaperHooks.postLoadProtoChunk(PaperHooks.java:298)
	at ca.spottedleaf.moonrise.patches.chunk_system.scheduling.task.ChunkFullTask.lambda$run$0(ChunkFullTask.java:68)
	at ca.spottedleaf.moonrise.patches.chunk_system.scheduling.task.ChunkFullTask$$Lambda/0x000001e097210ac8.run(Unknown Source)
	at net.minecraft.world.level.chunk.LevelChunk.runPostLoad(LevelChunk.java:696)
	at ca.spottedleaf.moonrise.patches.chunk_system.scheduling.task.ChunkFullTask.run(ChunkFullTask.java:80)
	at ca.spottedleaf.concurrentutil.executor.queue.PrioritisedTaskQueue$PrioritisedQueuedTask.execute(PrioritisedTaskQueue.java:345)
	at ca.spottedleaf.concurrentutil.executor.queue.PrioritisedTaskQueue.executeTask(PrioritisedTaskQueue.java:126)
	at ca.spottedleaf.moonrise.patches.chunk_system.scheduling.ChunkTaskScheduler.executeMainThreadTask(ChunkTaskScheduler.java:338)
	at net.minecraft.server.level.ServerChunkCache$MainThreadExecutor.pollTask(ServerChunkCache.java:843)
	at net.minecraft.server.level.ServerChunkCache.pollTask(ServerChunkCache.java:429)
	at net.minecraft.server.MinecraftServer.pollTaskInternal(MinecraftServer.java:1519)
	at net.minecraft.server.MinecraftServer.pollTask(MinecraftServer.java:1506)
	at net.minecraft.server.MinecraftServer.recordTaskExecutionTimeWhileWaiting(MinecraftServer.java:1232)
	at net.minecraft.server.MinecraftServer.runServer(MinecraftServer.java:1348)
	at net.minecraft.server.MinecraftServer.lambda$spin$2(MinecraftServer.java:388)
	at net.minecraft.server.MinecraftServer$$Lambda/0x000001e096f39c18.run(Unknown Source)
	at java.lang.Thread.runWith(java.base@21.0.10/Thread.java:1596)
	at java.lang.Thread.run(java.base@21.0.10/Thread.java:1583)
=== sample +6411ms ===
"Server thread" #113 [34680] prio=8 os_prio=1 cpu=2828.12ms elapsed=11.51s tid=0x000001e0e16867e0 nid=34680 runnable  [0x000000141bdfd000]
   java.lang.Thread.State: RUNNABLE
	at net.minecraft.server.PlayerAdvancements.registerListeners(PlayerAdvancements.java:273)
	at net.minecraft.server.PlayerAdvancements.registerListeners(PlayerAdvancements.java:98)
	at net.minecraft.server.PlayerAdvancements.load(PlayerAdvancements.java:154)
	at net.minecraft.server.PlayerAdvancements.<init>(PlayerAdvancements.java:71)
	at net.minecraft.server.players.PlayerList.getPlayerAdvancements(PlayerList.java:1293)
	at net.minecraft.server.level.ServerPlayer.<init>(ServerPlayer.java:475)
	at net.minecraft.server.network.config.PrepareSpawnTask$Ready.spawn(PrepareSpawnTask.java:337)
	at net.minecraft.server.network.config.PrepareSpawnTask.spawnPlayer(PrepareSpawnTask.java:192)
	at net.minecraft.server.network.ServerConfigurationPacketListenerImpl.handleConfigurationFinished(ServerConfigurationPacketListenerImpl.java:220)
	at net.minecraft.network.protocol.configuration.ServerboundFinishConfigurationPacket.handle(ServerboundFinishConfigurationPacket.java:22)
	at net.minecraft.network.protocol.configuration.ServerboundFinishConfigurationPacket.handle(ServerboundFinishConfigurationPacket.java:8)
	at net.minecraft.network.PacketProcessor$ListenerAndPacket.handle(PacketProcessor.java:110)
	at net.minecraft.network.PacketProcessor.executeSinglePacket(PacketProcessor.java:33)
	at net.minecraft.server.MinecraftServer.runAllTasksAtTickStart(MinecraftServer.java:1187)
	at net.minecraft.server.MinecraftServer.processPacketsAndTick(MinecraftServer.java:1675)
	at net.minecraft.server.MinecraftServer.runServer(MinecraftServer.java:1342)
	at net.minecraft.server.MinecraftServer.lambda$spin$2(MinecraftServer.java:388)
	at net.minecraft.server.MinecraftServer$$Lambda/0x000001e096f39c18.run(Unknown Source)
	at java.lang.Thread.runWith(java.base@21.0.10/Thread.java:1596)
	at java.lang.Thread.run(java.base@21.0.10/Thread.java:1583)
=== sample +6679ms ===
"Server thread" #113 [34680] prio=8 os_prio=1 cpu=3015.62ms elapsed=11.77s tid=0x000001e0e16867e0 nid=34680 waiting on condition  [0x000000141bdfe000]
   java.lang.Thread.State: RUNNABLE
	at ca.spottedleaf.moonrise.patches.collisions.CollisionUtil.getCollisionsForBlocksOrWorldBorder(CollisionUtil.java:1920)
	at net.minecraft.world.level.Level.noCollision(Level.java:1453)
	at net.minecraft.world.entity.player.Player.canPlayerFitWithinBlocksAndEntitiesWhen(Player.java:400)
	at net.minecraft.world.entity.player.Player.updatePlayerPose(Player.java:370)
	at net.minecraft.world.entity.player.Player.tick(Player.java:307)
	at net.minecraft.server.level.ServerPlayer.doTick(ServerPlayer.java:803)
	at net.minecraft.server.network.ServerGamePacketListenerImpl.tickPlayer(ServerGamePacketListenerImpl.java:377)
	at net.minecraft.server.network.ServerGamePacketListenerImpl.tick(ServerGamePacketListenerImpl.java:357)
	at net.minecraft.network.Connection.tick(Connection.java:689)
	at net.minecraft.server.network.ServerConnectionListener.tick(ServerConnectionListener.java:234)
	- locked <0x0000000702a8f8d0> (a java.util.Collections$SynchronizedRandomAccessList)
	at net.minecraft.server.MinecraftServer.tickConnection(MinecraftServer.java:1894)
	at net.minecraft.server.dedicated.DedicatedServer.tickConnection(DedicatedServer.java:549)
	at net.minecraft.server.MinecraftServer.tickChildren(MinecraftServer.java:1852)
	at net.minecraft.server.MinecraftServer.tickServer(MinecraftServer.java:1619)
	at net.minecraft.server.dedicated.DedicatedServer.tickServer(DedicatedServer.java:427)
	at net.minecraft.server.MinecraftServer.processPacketsAndTick(MinecraftServer.java:1676)
	at net.minecraft.server.MinecraftServer.runServer(MinecraftServer.java:1342)
	at net.minecraft.server.MinecraftServer.lambda$spin$2(MinecraftServer.java:388)
	at net.minecraft.server.MinecraftServer$$Lambda/0x000001e096f39c18.run(Unknown Source)
	at java.lang.Thread.runWith(java.base@21.0.10/Thread.java:1596)
	at java.lang.Thread.run(java.base@21.0.10/Thread.java:1583)
=== sample +6946ms ===
"Server thread" #113 [34680] prio=8 os_prio=1 cpu=3109.38ms elapsed=12.03s tid=0x000001e0e16867e0 nid=34680 runnable  [0x000000141bdfe000]
   java.lang.Thread.State: RUNNABLE
	at ca.spottedleaf.moonrise.patches.chunk_system.scheduling.NewChunkHolder.isSafeToUnload(NewChunkHolder.java:708)
	at ca.spottedleaf.moonrise.patches.chunk_system.scheduling.NewChunkHolder.checkUnload(NewChunkHolder.java:776)
	at ca.spottedleaf.moonrise.patches.chunk_system.scheduling.NewChunkHolder.setGenerationTask(NewChunkHolder.java:1574)
	at ca.spottedleaf.moonrise.patches.chunk_system.scheduling.ChunkTaskScheduler.schedule(ChunkTaskScheduler.java:719)
	at ca.spottedleaf.moonrise.patches.chunk_system.scheduling.ChunkTaskScheduler.checkNeighbour(ChunkTaskScheduler.java:814)
	at ca.spottedleaf.moonrise.patches.chunk_system.scheduling.ChunkTaskScheduler.schedule(ChunkTaskScheduler.java:752)
	at ca.spottedleaf.moonrise.patches.chunk_system.scheduling.ChunkTaskScheduler.checkNeighbour(ChunkTaskScheduler.java:814)
	at ca.spottedleaf.moonrise.patches.chunk_system.scheduling.ChunkTaskScheduler.schedule(ChunkTaskScheduler.java:752)
	at ca.spottedleaf.moonrise.patches.chunk_system.scheduling.ChunkTaskScheduler.checkNeighbour(ChunkTaskScheduler.java:814)
	at ca.spottedleaf.moonrise.patches.chunk_system.scheduling.ChunkTaskScheduler.schedule(ChunkTaskScheduler.java:752)
	at ca.spottedleaf.moonrise.patches.chunk_system.scheduling.ChunkTaskScheduler.checkNeighbour(ChunkTaskScheduler.java:814)
	at ca.spottedleaf.moonrise.patches.chunk_system.scheduling.ChunkTaskScheduler.schedule(ChunkTaskScheduler.java:752)
	at ca.spottedleaf.moonrise.patches.chunk_system.scheduling.ChunkTaskScheduler.schedule(ChunkTaskScheduler.java:682)
	at ca.spottedleaf.moonrise.patches.chunk_system.scheduling.NewChunkHolder.processTicketLevelUpdate(NewChunkHolder.java:1027)
	at ca.spottedleaf.moonrise.patches.chunk_system.scheduling.ChunkHolderManager$2.processSchedulingUpdates(ChunkHolderManager.java:407)
	at ca.spottedleaf.moonrise.patches.chunk_system.scheduling.ThreadedTicketLevelPropagator.performUpdate(ThreadedTicketLevelPropagator.java:320)
	at ca.spottedleaf.moonrise.patches.chunk_system.scheduling.ThreadedTicketLevelPropagator.performUpdates(ThreadedTicketLevelPropagator.java:370)
	at ca.spottedleaf.moonrise.patches.chunk_system.scheduling.ChunkHolderManager.processTicketUpdates(ChunkHolderManager.java:1436)
	at net.minecraft.server.level.ServerChunkCache.runDistanceManagerUpdates(ServerChunkCache.java:433)
	at net.minecraft.server.level.ServerChunkCache$MainThreadExecutor.pollTask(ServerChunkCache.java:840)
	at net.minecraft.server.level.ServerChunkCache.pollTask(ServerChunkCache.java:429)
	at net.minecraft.server.MinecraftServer.pollTaskInternal(MinecraftServer.java:1519)
	at net.minecraft.server.MinecraftServer.pollTask(MinecraftServer.java:1506)
	at net.minecraft.server.MinecraftServer.recordTaskExecutionTimeWhileWaiting(MinecraftServer.java:1232)
	at net.minecraft.server.MinecraftServer.runServer(MinecraftServer.java:1348)
	at net.minecraft.server.MinecraftServer.lambda$spin$2(MinecraftServer.java:388)
	at net.minecraft.server.MinecraftServer$$Lambda/0x000001e096f39c18.run(Unknown Source)
	at java.lang.Thread.runWith(java.base@21.0.10/Thread.java:1596)
	at java.lang.Thread.run(java.base@21.0.10/Thread.java:1583)
=== sample +7226ms ===
"Server thread" #113 [34680] prio=8 os_prio=1 cpu=3171.88ms elapsed=12.31s tid=0x000001e0e16867e0 nid=34680 runnable  [0x000000141bdfd000]
   java.lang.Thread.State: RUNNABLE
	at java.lang.ClassLoader.defineClass1(java.base@21.0.10/Native Method)
	at java.lang.ClassLoader.defineClass(java.base@21.0.10/ClassLoader.java:1027)
	at java.security.SecureClassLoader.defineClass(java.base@21.0.10/SecureClassLoader.java:150)
	at java.net.URLClassLoader.defineClass(java.base@21.0.10/URLClassLoader.java:524)
	at java.net.URLClassLoader$1.run(java.base@21.0.10/URLClassLoader.java:427)
	at java.net.URLClassLoader$1.run(java.base@21.0.10/URLClassLoader.java:421)
	at java.security.AccessController.executePrivileged(java.base@21.0.10/AccessController.java:809)
	at java.security.AccessController.doPrivileged(java.base@21.0.10/AccessController.java:714)
	at java.net.URLClassLoader.findClass(java.base@21.0.10/URLClassLoader.java:420)
	at java.lang.ClassLoader.loadClass(java.base@21.0.10/ClassLoader.java:593)
	- locked <0x000000073126bf08> (a java.lang.Object)
	at java.lang.ClassLoader.loadClass(java.base@21.0.10/ClassLoader.java:526)
	at it.unimi.dsi.fastutil.floats.FloatArraySet.<init>(FloatArraySet.java:55)
	at net.minecraft.world.entity.Entity.calculateStepHeights(Entity.java:476)
	at net.minecraft.world.entity.Entity.collide(Entity.java:1611)
	at net.minecraft.world.entity.Entity.move(Entity.java:1179)
	at net.minecraft.world.entity.LivingEntity.handleRelativeFrictionAndCalculateMovement(LivingEntity.java:3318)
	at net.minecraft.world.entity.LivingEntity.travelInAir(LivingEntity.java:3124)
	at net.minecraft.world.entity.LivingEntity.travel(LivingEntity.java:3092)
	at net.minecraft.world.entity.LivingEntity.aiStep(LivingEntity.java:3770)
	at net.minecraft.world.entity.Mob.aiStep(Mob.java:554)
	at net.minecraft.world.entity.LivingEntity.tick(LivingEntity.java:3439)
	at net.minecraft.world.entity.Mob.tick(Mob.java:398)
	at net.minecraft.world.entity.ambient.Bat.tick(Bat.java:118)
	at net.minecraft.server.level.ServerLevel.tickNonPassenger(ServerLevel.java:1368)
	at net.minecraft.server.level.ServerLevel$$Lambda/0x000001e0977be000.accept(Unknown Source)
	at net.minecraft.world.level.Level.guardEntityTick(Level.java:1434)
	at net.minecraft.server.level.ServerLevel.lambda$tick$4(ServerLevel.java:865)
	at net.minecraft.server.level.ServerLevel$$Lambda/0x000001e09726bfa8.accept(Unknown Source)
	at net.minecraft.world.level.entity.EntityTickList.forEach(EntityTickList.java:39)
	at net.minecraft.server.level.ServerLevel.tick(ServerLevel.java:847)
	at net.minecraft.server.MinecraftServer.tickChildren(MinecraftServer.java:1836)
	at net.minecraft.server.MinecraftServer.tickServer(MinecraftServer.java:1619)
	at net.minecraft.server.dedicated.DedicatedServer.tickServer(DedicatedServer.java:427)
	at net.minecraft.server.MinecraftServer.processPacketsAndTick(MinecraftServer.java:1676)
	at net.minecraft.server.MinecraftServer.runServer(MinecraftServer.java:1342)
	at net.minecraft.server.MinecraftServer.lambda$spin$2(MinecraftServer.java:388)
	at net.minecraft.server.MinecraftServer$$Lambda/0x000001e096f39c18.run(Unknown Source)
	at java.lang.Thread.runWith(java.base@21.0.10/Thread.java:1596)
	at java.lang.Thread.run(java.base@21.0.10/Thread.java:1583)
=== sample +7505ms ===
"Server thread" #113 [34680] prio=8 os_prio=1 cpu=3250.00ms elapsed=12.59s tid=0x000001e0e16867e0 nid=34680 runnable  [0x000000141bdfe000]
   java.lang.Thread.State: RUNNABLE
	at jdk.internal.misc.Unsafe.allocateInstance(java.base@21.0.10/Native Method)
	at java.lang.invoke.DirectMethodHandle.allocateInstance(java.base@21.0.10/DirectMethodHandle.java:501)
	at java.lang.invoke.DirectMethodHandle$Holder.newInvokeSpecial(java.base@21.0.10/DirectMethodHandle$Holder)
	at java.lang.invoke.Invokers$Holder.linkToTargetMethod(java.base@21.0.10/Invokers$Holder)
	at net.minecraft.world.level.NaturalSpawner.spawnForChunk(NaturalSpawner.java:190)
	at net.minecraft.server.level.ServerChunkCache.tickSpawningChunk(ServerChunkCache.java:624)
	at net.minecraft.server.level.ServerChunkCache.tickChunks(ServerChunkCache.java:599)
	at net.minecraft.server.level.ServerChunkCache.tickChunks(ServerChunkCache.java:507)
	at net.minecraft.server.level.ServerChunkCache.tick(ServerChunkCache.java:488)
	at net.minecraft.server.level.ServerLevel.tick(ServerLevel.java:815)
	at net.minecraft.server.MinecraftServer.tickChildren(MinecraftServer.java:1836)
	at net.minecraft.server.MinecraftServer.tickServer(MinecraftServer.java:1619)
	at net.minecraft.server.dedicated.DedicatedServer.tickServer(DedicatedServer.java:427)
	at net.minecraft.server.MinecraftServer.processPacketsAndTick(MinecraftServer.java:1676)
	at net.minecraft.server.MinecraftServer.runServer(MinecraftServer.java:1342)
	at net.minecraft.server.MinecraftServer.lambda$spin$2(MinecraftServer.java:388)
	at net.minecraft.server.MinecraftServer$$Lambda/0x000001e096f39c18.run(Unknown Source)
	at java.lang.Thread.runWith(java.base@21.0.10/Thread.java:1596)
	at java.lang.Thread.run(java.base@21.0.10/Thread.java:1583)
=== sample +7787ms ===
"Server thread" #113 [34680] prio=8 os_prio=1 cpu=3312.50ms elapsed=12.86s tid=0x000001e0e16867e0 nid=34680 waiting on condition  [0x000000141bdfe000]
   java.lang.Thread.State: TIMED_WAITING (parking)
	at jdk.internal.misc.Unsafe.park(java.base@21.0.10/Native Method)
	- parking to wait for  <0x000000071224fc18> (a java.lang.String)
	at java.util.concurrent.locks.LockSupport.parkNanos(java.base@21.0.10/LockSupport.java:269)
	at net.minecraft.server.MinecraftServer.recordTaskExecutionTimeWhileWaiting(MinecraftServer.java:1242)
	at net.minecraft.server.MinecraftServer.runServer(MinecraftServer.java:1348)
	at net.minecraft.server.MinecraftServer.lambda$spin$2(MinecraftServer.java:388)
	at net.minecraft.server.MinecraftServer$$Lambda/0x000001e096f39c18.run(Unknown Source)
	at java.lang.Thread.runWith(java.base@21.0.10/Thread.java:1596)
	at java.lang.Thread.run(java.base@21.0.10/Thread.java:1583)
=== sample +8085ms ===
"Server thread" #113 [34680] prio=8 os_prio=1 cpu=3437.50ms elapsed=13.16s tid=0x000001e0e16867e0 nid=34680 waiting on condition  [0x000000141bdfe000]
   java.lang.Thread.State: TIMED_WAITING (parking)
	at jdk.internal.misc.Unsafe.park(java.base@21.0.10/Native Method)
	- parking to wait for  <0x000000071224fc18> (a java.lang.String)
	at java.util.concurrent.locks.LockSupport.parkNanos(java.base@21.0.10/LockSupport.java:269)
	at net.minecraft.server.MinecraftServer.recordTaskExecutionTimeWhileWaiting(MinecraftServer.java:1242)
	at net.minecraft.server.MinecraftServer.runServer(MinecraftServer.java:1348)
	at net.minecraft.server.MinecraftServer.lambda$spin$2(MinecraftServer.java:388)
	at net.minecraft.server.MinecraftServer$$Lambda/0x000001e096f39c18.run(Unknown Source)
	at java.lang.Thread.runWith(java.base@21.0.10/Thread.java:1596)
	at java.lang.Thread.run(java.base@21.0.10/Thread.java:1583)
=== sample +8349ms ===
"Server thread" #113 [34680] prio=8 os_prio=1 cpu=3500.00ms elapsed=13.44s tid=0x000001e0e16867e0 nid=34680 waiting on condition  [0x000000141bdfe000]
   java.lang.Thread.State: TIMED_WAITING (parking)
	at jdk.internal.misc.Unsafe.park(java.base@21.0.10/Native Method)
	- parking to wait for  <0x000000071224fc18> (a java.lang.String)
	at java.util.concurrent.locks.LockSupport.parkNanos(java.base@21.0.10/LockSupport.java:269)
	at net.minecraft.server.MinecraftServer.recordTaskExecutionTimeWhileWaiting(MinecraftServer.java:1242)
	at net.minecraft.server.MinecraftServer.runServer(MinecraftServer.java:1348)
	at net.minecraft.server.MinecraftServer.lambda$spin$2(MinecraftServer.java:388)
	at net.minecraft.server.MinecraftServer$$Lambda/0x000001e096f39c18.run(Unknown Source)
	at java.lang.Thread.runWith(java.base@21.0.10/Thread.java:1596)
	at java.lang.Thread.run(java.base@21.0.10/Thread.java:1583)
=== sample +8614ms ===
"Server thread" #113 [34680] prio=8 os_prio=1 cpu=3546.88ms elapsed=13.71s tid=0x000001e0e16867e0 nid=34680 waiting on condition  [0x000000141bdfe000]
   java.lang.Thread.State: TIMED_WAITING (parking)
	at jdk.internal.misc.Unsafe.park(java.base@21.0.10/Native Method)
	- parking to wait for  <0x000000071224fc18> (a java.lang.String)
	at java.util.concurrent.locks.LockSupport.parkNanos(java.base@21.0.10/LockSupport.java:269)
	at net.minecraft.server.MinecraftServer.recordTaskExecutionTimeWhileWaiting(MinecraftServer.java:1242)
	at net.minecraft.server.MinecraftServer.runServer(MinecraftServer.java:1348)
	at net.minecraft.server.MinecraftServer.lambda$spin$2(MinecraftServer.java:388)
	at net.minecraft.server.MinecraftServer$$Lambda/0x000001e096f39c18.run(Unknown Source)
	at java.lang.Thread.runWith(java.base@21.0.10/Thread.java:1596)
	at java.lang.Thread.run(java.base@21.0.10/Thread.java:1583)
=== sample +8897ms ===
"Server thread" #113 [34680] prio=8 os_prio=1 cpu=3609.38ms elapsed=13.98s tid=0x000001e0e16867e0 nid=34680 runnable  [0x000000141bdfd000]
   java.lang.Thread.State: RUNNABLE
	at java.util.Collections$UnmodifiableCollection$1.<init>(java.base@21.0.10/Collections.java:1075)
	at java.util.Collections$UnmodifiableCollection.iterator(java.base@21.0.10/Collections.java:1074)
	at net.minecraft.server.MinecraftServer.tickMidTickTasks(MinecraftServer.java:420)
	at net.minecraft.server.MinecraftServer.moonrise$executeMidTickTasks(MinecraftServer.java:446)
	at net.minecraft.server.level.ServerLevel.tickFluid(ServerLevel.java:1320)
	at net.minecraft.server.level.ServerLevel$$Lambda/0x000001e09725c0c8.accept(Unknown Source)
	at net.minecraft.world.ticks.LevelTicks.runCollectedTicks(LevelTicks.java:189)
	at net.minecraft.world.ticks.LevelTicks.tick(LevelTicks.java:88)
	at net.minecraft.server.level.ServerLevel.tick(ServerLevel.java:803)
	at net.minecraft.server.MinecraftServer.tickChildren(MinecraftServer.java:1836)
	at net.minecraft.server.MinecraftServer.tickServer(MinecraftServer.java:1619)
	at net.minecraft.server.dedicated.DedicatedServer.tickServer(DedicatedServer.java:427)
	at net.minecraft.server.MinecraftServer.processPacketsAndTick(MinecraftServer.java:1676)
	at net.minecraft.server.MinecraftServer.runServer(MinecraftServer.java:1342)
	at net.minecraft.server.MinecraftServer.lambda$spin$2(MinecraftServer.java:388)
	at net.minecraft.server.MinecraftServer$$Lambda/0x000001e096f39c18.run(Unknown Source)
	at java.lang.Thread.runWith(java.base@21.0.10/Thread.java:1596)
	at java.lang.Thread.run(java.base@21.0.10/Thread.java:1583)
=== sample +9175ms ===
"Server thread" #113 [34680] prio=8 os_prio=1 cpu=3656.25ms elapsed=14.26s tid=0x000001e0e16867e0 nid=34680 waiting on condition  [0x000000141bdfe000]
   java.lang.Thread.State: TIMED_WAITING (parking)
	at jdk.internal.misc.Unsafe.park(java.base@21.0.10/Native Method)
	- parking to wait for  <0x000000071224fc18> (a java.lang.String)
	at java.util.concurrent.locks.LockSupport.parkNanos(java.base@21.0.10/LockSupport.java:269)
	at net.minecraft.server.MinecraftServer.recordTaskExecutionTimeWhileWaiting(MinecraftServer.java:1242)
	at net.minecraft.server.MinecraftServer.runServer(MinecraftServer.java:1348)
	at net.minecraft.server.MinecraftServer.lambda$spin$2(MinecraftServer.java:388)
	at net.minecraft.server.MinecraftServer$$Lambda/0x000001e096f39c18.run(Unknown Source)
	at java.lang.Thread.runWith(java.base@21.0.10/Thread.java:1596)
	at java.lang.Thread.run(java.base@21.0.10/Thread.java:1583)
=== sample +9455ms ===
"Server thread" #113 [34680] prio=8 os_prio=1 cpu=3734.38ms elapsed=14.53s tid=0x000001e0e16867e0 nid=34680 runnable  [0x000000141bdfd000]
   java.lang.Thread.State: RUNNABLE
	at net.minecraft.world.entity.Entity.setBoundingBox(Entity.java:4549)
	at net.minecraft.world.entity.Entity.setPosRaw(Entity.java:5173)
	at net.minecraft.world.entity.Entity.setPos(Entity.java:804)
	at net.minecraft.world.entity.Entity.setPos(Entity.java:800)
	at net.minecraft.world.entity.Entity.move(Entity.java:1195)
	at net.minecraft.world.entity.item.FallingBlockEntity.tick(FallingBlockEntity.java:156)
	at net.minecraft.server.level.ServerLevel.tickNonPassenger(ServerLevel.java:1368)
	at net.minecraft.server.level.ServerLevel$$Lambda/0x000001e0977be000.accept(Unknown Source)
	at net.minecraft.world.level.Level.guardEntityTick(Level.java:1434)
	at net.minecraft.server.level.ServerLevel.lambda$tick$4(ServerLevel.java:865)
	at net.minecraft.server.level.ServerLevel$$Lambda/0x000001e09726bfa8.accept(Unknown Source)
	at net.minecraft.world.level.entity.EntityTickList.forEach(EntityTickList.java:39)
	at net.minecraft.server.level.ServerLevel.tick(ServerLevel.java:847)
	at net.minecraft.server.MinecraftServer.tickChildren(MinecraftServer.java:1836)
	at net.minecraft.server.MinecraftServer.tickServer(MinecraftServer.java:1619)
	at net.minecraft.server.dedicated.DedicatedServer.tickServer(DedicatedServer.java:427)
	at net.minecraft.server.MinecraftServer.processPacketsAndTick(MinecraftServer.java:1676)
	at net.minecraft.server.MinecraftServer.runServer(MinecraftServer.java:1342)
	at net.minecraft.server.MinecraftServer.lambda$spin$2(MinecraftServer.java:388)
	at net.minecraft.server.MinecraftServer$$Lambda/0x000001e096f39c18.run(Unknown Source)
	at java.lang.Thread.runWith(java.base@21.0.10/Thread.java:1596)
	at java.lang.Thread.run(java.base@21.0.10/Thread.java:1583)
=== sample +9719ms ===
"Server thread" #113 [34680] prio=8 os_prio=1 cpu=3796.88ms elapsed=14.81s tid=0x000001e0e16867e0 nid=34680 waiting on condition  [0x000000141bdfe000]
   java.lang.Thread.State: TIMED_WAITING (parking)
	at jdk.internal.misc.Unsafe.park(java.base@21.0.10/Native Method)
	- parking to wait for  <0x000000071224fc18> (a java.lang.String)
	at java.util.concurrent.locks.LockSupport.parkNanos(java.base@21.0.10/LockSupport.java:269)
	at net.minecraft.server.MinecraftServer.recordTaskExecutionTimeWhileWaiting(MinecraftServer.java:1242)
	at net.minecraft.server.MinecraftServer.runServer(MinecraftServer.java:1348)
	at net.minecraft.server.MinecraftServer.lambda$spin$2(MinecraftServer.java:388)
	at net.minecraft.server.MinecraftServer$$Lambda/0x000001e096f39c18.run(Unknown Source)
	at java.lang.Thread.runWith(java.base@21.0.10/Thread.java:1596)
	at java.lang.Thread.run(java.base@21.0.10/Thread.java:1583)
=== sample +9985ms ===
"Server thread" #113 [34680] prio=8 os_prio=1 cpu=3843.75ms elapsed=15.08s tid=0x000001e0e16867e0 nid=34680 runnable  [0x000000141bdfd000]
   java.lang.Thread.State: RUNNABLE
	at ca.spottedleaf.concurrentutil.executor.queue.AreaDependentQueue.add(AreaDependentQueue.java:144)
	at ca.spottedleaf.concurrentutil.executor.queue.AreaDependentQueue$PositionedTask.queue(AreaDependentQueue.java:486)
	- locked <0x0000000728512528> (a ca.spottedleaf.concurrentutil.executor.queue.AreaDependentQueue$PositionedTask)
	at ca.spottedleaf.moonrise.patches.starlight.light.StarLightInterface$ServerLightQueue$ServerChunkTasks.schedule(StarLightInterface.java:905)
	at ca.spottedleaf.moonrise.patches.starlight.light.StarLightInterface$ServerLightQueue.queueBlockChange(StarLightInterface.java:801)
	at ca.spottedleaf.moonrise.patches.starlight.light.StarLightInterface$ServerLightQueue.queueBlockChange(StarLightInterface.java:746)
	at ca.spottedleaf.moonrise.patches.starlight.light.StarLightInterface.blockChange(StarLightInterface.java:422)
	at net.minecraft.server.level.ThreadedLevelLightEngine.lambda$checkBlock$5(ThreadedLevelLightEngine.java:187)
	at net.minecraft.server.level.ThreadedLevelLightEngine$$Lambda/0x000001e09720e8e0.get(Unknown Source)
	at net.minecraft.server.level.ThreadedLevelLightEngine.queueTaskForSection(ThreadedLevelLightEngine.java:47)
	at net.minecraft.server.level.ThreadedLevelLightEngine.checkBlock(ThreadedLevelLightEngine.java:186)
	at net.minecraft.world.level.chunk.LevelChunk.setBlockState(LevelChunk.java:452)
	at net.minecraft.world.level.Level.setBlock(Level.java:1083)
	at net.minecraft.world.level.Level.setBlock(Level.java:1042)
	at net.minecraft.world.level.material.FlowingFluid.spreadTo(FlowingFluid.java:342)
	at net.minecraft.world.level.material.FlowingFluid.spreadToSides(FlowingFluid.java:222)
	at net.minecraft.world.level.material.FlowingFluid.spread(FlowingFluid.java:190)
	at net.minecraft.world.level.material.FlowingFluid.tick(FlowingFluid.java:529)
	at net.minecraft.world.level.material.FluidState.tick(FluidState.java:100)
	at net.minecraft.server.level.ServerLevel.tickFluid(ServerLevel.java:1316)
	at net.minecraft.server.level.ServerLevel$$Lambda/0x000001e09725c0c8.accept(Unknown Source)
	at net.minecraft.world.ticks.LevelTicks.runCollectedTicks(LevelTicks.java:189)
	at net.minecraft.world.ticks.LevelTicks.tick(LevelTicks.java:88)
	at net.minecraft.server.level.ServerLevel.tick(ServerLevel.java:803)
	at net.minecraft.server.MinecraftServer.tickChildren(MinecraftServer.java:1836)
	at net.minecraft.server.MinecraftServer.tickServer(MinecraftServer.java:1619)
	at net.minecraft.server.dedicated.DedicatedServer.tickServer(DedicatedServer.java:427)
	at net.minecraft.server.MinecraftServer.processPacketsAndTick(MinecraftServer.java:1676)
	at net.minecraft.server.MinecraftServer.runServer(MinecraftServer.java:1342)
	at net.minecraft.server.MinecraftServer.lambda$spin$2(MinecraftServer.java:388)
	at net.minecraft.server.MinecraftServer$$Lambda/0x000001e096f39c18.run(Unknown Source)
	at java.lang.Thread.runWith(java.base@21.0.10/Thread.java:1596)
	at java.lang.Thread.run(java.base@21.0.10/Thread.java:1583)
=== sample +10261ms ===
"Server thread" #113 [34680] prio=8 os_prio=1 cpu=3890.62ms elapsed=15.33s tid=0x000001e0e16867e0 nid=34680 waiting on condition  [0x000000141bdfe000]
   java.lang.Thread.State: TIMED_WAITING (parking)
	at jdk.internal.misc.Unsafe.park(java.base@21.0.10/Native Method)
	- parking to wait for  <0x000000071224fc18> (a java.lang.String)
	at java.util.concurrent.locks.LockSupport.parkNanos(java.base@21.0.10/LockSupport.java:269)
	at net.minecraft.server.MinecraftServer.recordTaskExecutionTimeWhileWaiting(MinecraftServer.java:1242)
	at net.minecraft.server.MinecraftServer.runServer(MinecraftServer.java:1348)
	at net.minecraft.server.MinecraftServer.lambda$spin$2(MinecraftServer.java:388)
	at net.minecraft.server.MinecraftServer$$Lambda/0x000001e096f39c18.run(Unknown Source)
	at java.lang.Thread.runWith(java.base@21.0.10/Thread.java:1596)
	at java.lang.Thread.run(java.base@21.0.10/Thread.java:1583)
=== sample +10526ms ===
"Server thread" #113 [34680] prio=8 os_prio=1 cpu=3906.25ms elapsed=15.61s tid=0x000001e0e16867e0 nid=34680 waiting on condition  [0x000000141bdfe000]
   java.lang.Thread.State: TIMED_WAITING (parking)
	at jdk.internal.misc.Unsafe.park(java.base@21.0.10/Native Method)
	- parking to wait for  <0x000000071224fc18> (a java.lang.String)
	at java.util.concurrent.locks.LockSupport.parkNanos(java.base@21.0.10/LockSupport.java:269)
	at net.minecraft.server.MinecraftServer.recordTaskExecutionTimeWhileWaiting(MinecraftServer.java:1242)
	at net.minecraft.server.MinecraftServer.runServer(MinecraftServer.java:1348)
	at net.minecraft.server.MinecraftServer.lambda$spin$2(MinecraftServer.java:388)
	at net.minecraft.server.MinecraftServer$$Lambda/0x000001e096f39c18.run(Unknown Source)
	at java.lang.Thread.runWith(java.base@21.0.10/Thread.java:1596)
	at java.lang.Thread.run(java.base@21.0.10/Thread.java:1583)
=== sample +10778ms ===
"Server thread" #113 [34680] prio=8 os_prio=1 cpu=3937.50ms elapsed=15.88s tid=0x000001e0e16867e0 nid=34680 waiting on condition  [0x000000141bdfe000]
   java.lang.Thread.State: TIMED_WAITING (parking)
	at jdk.internal.misc.Unsafe.park(java.base@21.0.10/Native Method)
	- parking to wait for  <0x000000071224fc18> (a java.lang.String)
	at java.util.concurrent.locks.LockSupport.parkNanos(java.base@21.0.10/LockSupport.java:269)
	at net.minecraft.server.MinecraftServer.recordTaskExecutionTimeWhileWaiting(MinecraftServer.java:1242)
	at net.minecraft.server.MinecraftServer.runServer(MinecraftServer.java:1348)
	at net.minecraft.server.MinecraftServer.lambda$spin$2(MinecraftServer.java:388)
	at net.minecraft.server.MinecraftServer$$Lambda/0x000001e096f39c18.run(Unknown Source)
	at java.lang.Thread.runWith(java.base@21.0.10/Thread.java:1596)
	at java.lang.Thread.run(java.base@21.0.10/Thread.java:1583)
=== sample +11026ms ===
"Server thread" #113 [34680] prio=8 os_prio=1 cpu=3968.75ms elapsed=16.13s tid=0x000001e0e16867e0 nid=34680 waiting on condition  [0x000000141bdfe000]
   java.lang.Thread.State: TIMED_WAITING (parking)
	at jdk.internal.misc.Unsafe.park(java.base@21.0.10/Native Method)
	- parking to wait for  <0x000000071224fc18> (a java.lang.String)
	at java.util.concurrent.locks.LockSupport.parkNanos(java.base@21.0.10/LockSupport.java:269)
	at net.minecraft.server.MinecraftServer.recordTaskExecutionTimeWhileWaiting(MinecraftServer.java:1242)
	at net.minecraft.server.MinecraftServer.runServer(MinecraftServer.java:1348)
	at net.minecraft.server.MinecraftServer.lambda$spin$2(MinecraftServer.java:388)
	at net.minecraft.server.MinecraftServer$$Lambda/0x000001e096f39c18.run(Unknown Source)
	at java.lang.Thread.runWith(java.base@21.0.10/Thread.java:1596)
	at java.lang.Thread.run(java.base@21.0.10/Thread.java:1583)
=== sample +11288ms ===
"Server thread" #113 [34680] prio=8 os_prio=1 cpu=3984.38ms elapsed=16.38s tid=0x000001e0e16867e0 nid=34680 waiting on condition  [0x000000141bdfe000]
   java.lang.Thread.State: TIMED_WAITING (parking)
	at jdk.internal.misc.Unsafe.park(java.base@21.0.10/Native Method)
	- parking to wait for  <0x000000071224fc18> (a java.lang.String)
	at java.util.concurrent.locks.LockSupport.parkNanos(java.base@21.0.10/LockSupport.java:269)
	at net.minecraft.server.MinecraftServer.recordTaskExecutionTimeWhileWaiting(MinecraftServer.java:1242)
	at net.minecraft.server.MinecraftServer.runServer(MinecraftServer.java:1348)
	at net.minecraft.server.MinecraftServer.lambda$spin$2(MinecraftServer.java:388)
	at net.minecraft.server.MinecraftServer$$Lambda/0x000001e096f39c18.run(Unknown Source)
	at java.lang.Thread.runWith(java.base@21.0.10/Thread.java:1596)
	at java.lang.Thread.run(java.base@21.0.10/Thread.java:1583)
=== sample +11539ms ===
"Server thread" #113 [34680] prio=8 os_prio=1 cpu=4015.62ms elapsed=16.64s tid=0x000001e0e16867e0 nid=34680 waiting on condition  [0x000000141bdfe000]
   java.lang.Thread.State: TIMED_WAITING (parking)
	at jdk.internal.misc.Unsafe.park(java.base@21.0.10/Native Method)
	- parking to wait for  <0x000000071224fc18> (a java.lang.String)
	at java.util.concurrent.locks.LockSupport.parkNanos(java.base@21.0.10/LockSupport.java:269)
	at net.minecraft.server.MinecraftServer.recordTaskExecutionTimeWhileWaiting(MinecraftServer.java:1242)
	at net.minecraft.server.MinecraftServer.runServer(MinecraftServer.java:1348)
	at net.minecraft.server.MinecraftServer.lambda$spin$2(MinecraftServer.java:388)
	at net.minecraft.server.MinecraftServer$$Lambda/0x000001e096f39c18.run(Unknown Source)
	at java.lang.Thread.runWith(java.base@21.0.10/Thread.java:1596)
	at java.lang.Thread.run(java.base@21.0.10/Thread.java:1583)
=== sample +11786ms ===
"Server thread" #113 [34680] prio=8 os_prio=1 cpu=4046.88ms elapsed=16.88s tid=0x000001e0e16867e0 nid=34680 waiting on condition  [0x000000141bdfe000]
   java.lang.Thread.State: TIMED_WAITING (parking)
	at jdk.internal.misc.Unsafe.park(java.base@21.0.10/Native Method)
	- parking to wait for  <0x000000071224fc18> (a java.lang.String)
	at java.util.concurrent.locks.LockSupport.parkNanos(java.base@21.0.10/LockSupport.java:269)
	at net.minecraft.server.MinecraftServer.recordTaskExecutionTimeWhileWaiting(MinecraftServer.java:1242)
	at net.minecraft.server.MinecraftServer.runServer(MinecraftServer.java:1348)
	at net.minecraft.server.MinecraftServer.lambda$spin$2(MinecraftServer.java:388)
	at net.minecraft.server.MinecraftServer$$Lambda/0x000001e096f39c18.run(Unknown Source)
	at java.lang.Thread.runWith(java.base@21.0.10/Thread.java:1596)
	at java.lang.Thread.run(java.base@21.0.10/Thread.java:1583)
=== sample +12035ms ===
"Server thread" #113 [34680] prio=8 os_prio=1 cpu=4078.12ms elapsed=17.14s tid=0x000001e0e16867e0 nid=34680 waiting on condition  [0x000000141bdfe000]
   java.lang.Thread.State: TIMED_WAITING (parking)
	at jdk.internal.misc.Unsafe.park(java.base@21.0.10/Native Method)
	- parking to wait for  <0x000000071224fc18> (a java.lang.String)
	at java.util.concurrent.locks.LockSupport.parkNanos(java.base@21.0.10/LockSupport.java:269)
	at net.minecraft.server.MinecraftServer.recordTaskExecutionTimeWhileWaiting(MinecraftServer.java:1242)
	at net.minecraft.server.MinecraftServer.runServer(MinecraftServer.java:1348)
	at net.minecraft.server.MinecraftServer.lambda$spin$2(MinecraftServer.java:388)
	at net.minecraft.server.MinecraftServer$$Lambda/0x000001e096f39c18.run(Unknown Source)
	at java.lang.Thread.runWith(java.base@21.0.10/Thread.java:1596)
	at java.lang.Thread.run(java.base@21.0.10/Thread.java:1583)
=== sample +12298ms ===
"Server thread" #113 [34680] prio=8 os_prio=1 cpu=4093.75ms elapsed=17.39s tid=0x000001e0e16867e0 nid=34680 waiting on condition  [0x000000141bdfe000]
   java.lang.Thread.State: TIMED_WAITING (parking)
	at jdk.internal.misc.Unsafe.park(java.base@21.0.10/Native Method)
	- parking to wait for  <0x000000071224fc18> (a java.lang.String)
	at java.util.concurrent.locks.LockSupport.parkNanos(java.base@21.0.10/LockSupport.java:269)
	at net.minecraft.server.MinecraftServer.recordTaskExecutionTimeWhileWaiting(MinecraftServer.java:1242)
	at net.minecraft.server.MinecraftServer.runServer(MinecraftServer.java:1348)
	at net.minecraft.server.MinecraftServer.lambda$spin$2(MinecraftServer.java:388)
	at net.minecraft.server.MinecraftServer$$Lambda/0x000001e096f39c18.run(Unknown Source)
	at java.lang.Thread.runWith(java.base@21.0.10/Thread.java:1596)
	at java.lang.Thread.run(java.base@21.0.10/Thread.java:1583)
=== sample +12546ms ===
"Server thread" #113 [34680] prio=8 os_prio=1 cpu=4109.38ms elapsed=17.64s tid=0x000001e0e16867e0 nid=34680 waiting on condition  [0x000000141bdfe000]
   java.lang.Thread.State: TIMED_WAITING (parking)
	at jdk.internal.misc.Unsafe.park(java.base@21.0.10/Native Method)
	- parking to wait for  <0x000000071224fc18> (a java.lang.String)
	at java.util.concurrent.locks.LockSupport.parkNanos(java.base@21.0.10/LockSupport.java:269)
	at net.minecraft.server.MinecraftServer.recordTaskExecutionTimeWhileWaiting(MinecraftServer.java:1242)
	at net.minecraft.server.MinecraftServer.runServer(MinecraftServer.java:1348)
	at net.minecraft.server.MinecraftServer.lambda$spin$2(MinecraftServer.java:388)
	at net.minecraft.server.MinecraftServer$$Lambda/0x000001e096f39c18.run(Unknown Source)
	at java.lang.Thread.runWith(java.base@21.0.10/Thread.java:1596)
	at java.lang.Thread.run(java.base@21.0.10/Thread.java:1583)
=== sample +12796ms ===
"Server thread" #113 [34680] prio=8 os_prio=1 cpu=4109.38ms elapsed=17.89s tid=0x000001e0e16867e0 nid=34680 waiting on condition  [0x000000141bdfe000]
   java.lang.Thread.State: TIMED_WAITING (parking)
	at jdk.internal.misc.Unsafe.park(java.base@21.0.10/Native Method)
	- parking to wait for  <0x000000071224fc18> (a java.lang.String)
	at java.util.concurrent.locks.LockSupport.parkNanos(java.base@21.0.10/LockSupport.java:269)
	at net.minecraft.server.MinecraftServer.recordTaskExecutionTimeWhileWaiting(MinecraftServer.java:1242)
	at net.minecraft.server.MinecraftServer.runServer(MinecraftServer.java:1348)
	at net.minecraft.server.MinecraftServer.lambda$spin$2(MinecraftServer.java:388)
	at net.minecraft.server.MinecraftServer$$Lambda/0x000001e096f39c18.run(Unknown Source)
	at java.lang.Thread.runWith(java.base@21.0.10/Thread.java:1596)
	at java.lang.Thread.run(java.base@21.0.10/Thread.java:1583)
=== sample +13044ms ===
"Server thread" #113 [34680] prio=8 os_prio=1 cpu=4125.00ms elapsed=18.14s tid=0x000001e0e16867e0 nid=34680 waiting on condition  [0x000000141bdfe000]
   java.lang.Thread.State: TIMED_WAITING (parking)
	at jdk.internal.misc.Unsafe.park(java.base@21.0.10/Native Method)
	- parking to wait for  <0x000000071224fc18> (a java.lang.String)
	at java.util.concurrent.locks.LockSupport.parkNanos(java.base@21.0.10/LockSupport.java:269)
	at net.minecraft.server.MinecraftServer.recordTaskExecutionTimeWhileWaiting(MinecraftServer.java:1242)
	at net.minecraft.server.MinecraftServer.runServer(MinecraftServer.java:1348)
	at net.minecraft.server.MinecraftServer.lambda$spin$2(MinecraftServer.java:388)
	at net.minecraft.server.MinecraftServer$$Lambda/0x000001e096f39c18.run(Unknown Source)
	at java.lang.Thread.runWith(java.base@21.0.10/Thread.java:1596)
	at java.lang.Thread.run(java.base@21.0.10/Thread.java:1583)
=== sample +13294ms ===
"Server thread" #113 [34680] prio=8 os_prio=1 cpu=4140.62ms elapsed=18.39s tid=0x000001e0e16867e0 nid=34680 waiting on condition  [0x000000141bdfe000]
   java.lang.Thread.State: TIMED_WAITING (parking)
	at jdk.internal.misc.Unsafe.park(java.base@21.0.10/Native Method)
	- parking to wait for  <0x000000071224fc18> (a java.lang.String)
	at java.util.concurrent.locks.LockSupport.parkNanos(java.base@21.0.10/LockSupport.java:269)
	at net.minecraft.server.MinecraftServer.recordTaskExecutionTimeWhileWaiting(MinecraftServer.java:1242)
	at net.minecraft.server.MinecraftServer.runServer(MinecraftServer.java:1348)
	at net.minecraft.server.MinecraftServer.lambda$spin$2(MinecraftServer.java:388)
	at net.minecraft.server.MinecraftServer$$Lambda/0x000001e096f39c18.run(Unknown Source)
	at java.lang.Thread.runWith(java.base@21.0.10/Thread.java:1596)
	at java.lang.Thread.run(java.base@21.0.10/Thread.java:1583)
=== sample +13544ms ===
"Server thread" #113 [34680] prio=8 os_prio=1 cpu=4156.25ms elapsed=18.64s tid=0x000001e0e16867e0 nid=34680 waiting on condition  [0x000000141bdfe000]
   java.lang.Thread.State: TIMED_WAITING (parking)
	at jdk.internal.misc.Unsafe.park(java.base@21.0.10/Native Method)
	- parking to wait for  <0x000000071224fc18> (a java.lang.String)
	at java.util.concurrent.locks.LockSupport.parkNanos(java.base@21.0.10/LockSupport.java:269)
	at net.minecraft.server.MinecraftServer.recordTaskExecutionTimeWhileWaiting(MinecraftServer.java:1242)
	at net.minecraft.server.MinecraftServer.runServer(MinecraftServer.java:1348)
	at net.minecraft.server.MinecraftServer.lambda$spin$2(MinecraftServer.java:388)
	at net.minecraft.server.MinecraftServer$$Lambda/0x000001e096f39c18.run(Unknown Source)
	at java.lang.Thread.runWith(java.base@21.0.10/Thread.java:1596)
	at java.lang.Thread.run(java.base@21.0.10/Thread.java:1583)
=== sample +13810ms ===
"Server thread" #113 [34680] prio=8 os_prio=1 cpu=4187.50ms elapsed=18.90s tid=0x000001e0e16867e0 nid=34680 waiting on condition  [0x000000141bdfe000]
   java.lang.Thread.State: TIMED_WAITING (parking)
	at jdk.internal.misc.Unsafe.park(java.base@21.0.10/Native Method)
	- parking to wait for  <0x000000071224fc18> (a java.lang.String)
	at java.util.concurrent.locks.LockSupport.parkNanos(java.base@21.0.10/LockSupport.java:269)
	at net.minecraft.server.MinecraftServer.recordTaskExecutionTimeWhileWaiting(MinecraftServer.java:1242)
	at net.minecraft.server.MinecraftServer.runServer(MinecraftServer.java:1348)
	at net.minecraft.server.MinecraftServer.lambda$spin$2(MinecraftServer.java:388)
	at net.minecraft.server.MinecraftServer$$Lambda/0x000001e096f39c18.run(Unknown Source)
	at java.lang.Thread.runWith(java.base@21.0.10/Thread.java:1596)
	at java.lang.Thread.run(java.base@21.0.10/Thread.java:1583)
=== sample +14071ms ===
"Server thread" #113 [34680] prio=8 os_prio=1 cpu=4234.38ms elapsed=19.16s tid=0x000001e0e16867e0 nid=34680 waiting on condition  [0x000000141bdfe000]
   java.lang.Thread.State: TIMED_WAITING (parking)
	at jdk.internal.misc.Unsafe.park(java.base@21.0.10/Native Method)
	- parking to wait for  <0x000000071224fc18> (a java.lang.String)
	at java.util.concurrent.locks.LockSupport.parkNanos(java.base@21.0.10/LockSupport.java:269)
	at net.minecraft.server.MinecraftServer.recordTaskExecutionTimeWhileWaiting(MinecraftServer.java:1242)
	at net.minecraft.server.MinecraftServer.runServer(MinecraftServer.java:1348)
	at net.minecraft.server.MinecraftServer.lambda$spin$2(MinecraftServer.java:388)
	at net.minecraft.server.MinecraftServer$$Lambda/0x000001e096f39c18.run(Unknown Source)
	at java.lang.Thread.runWith(java.base@21.0.10/Thread.java:1596)
	at java.lang.Thread.run(java.base@21.0.10/Thread.java:1583)
=== sample +14324ms ===
"Server thread" #113 [34680] prio=8 os_prio=1 cpu=4265.62ms elapsed=19.42s tid=0x000001e0e16867e0 nid=34680 runnable  [0x000000141bdfd000]
   java.lang.Thread.State: RUNNABLE
	at net.minecraft.world.entity.Entity.updateFluidHeightAndDoFluidPushing(Entity.java:4937)
	at net.minecraft.world.entity.Entity.updateInWaterStateAndDoWaterCurrentPushing(Entity.java:2091)
	at net.minecraft.world.entity.Entity.updateInWaterStateAndDoFluidPushing(Entity.java:2082)
	at net.minecraft.world.entity.Entity.baseTick(Entity.java:878)
	at net.minecraft.world.entity.LivingEntity.baseTick(LivingEntity.java:452)
	at net.minecraft.world.entity.Mob.baseTick(Mob.java:338)
	at net.minecraft.world.entity.Entity.tick(Entity.java:845)
	at net.minecraft.world.entity.LivingEntity.tick(LivingEntity.java:3400)
	at net.minecraft.world.entity.Mob.tick(Mob.java:398)
	at net.minecraft.world.entity.ambient.Bat.tick(Bat.java:118)
	at net.minecraft.server.level.ServerLevel.tickNonPassenger(ServerLevel.java:1368)
	at net.minecraft.server.level.ServerLevel$$Lambda/0x000001e0977be000.accept(Unknown Source)
	at net.minecraft.world.level.Level.guardEntityTick(Level.java:1434)
	at net.minecraft.server.level.ServerLevel.lambda$tick$4(ServerLevel.java:865)
	at net.minecraft.server.level.ServerLevel$$Lambda/0x000001e09726bfa8.accept(Unknown Source)
	at net.minecraft.world.level.entity.EntityTickList.forEach(EntityTickList.java:39)
	at net.minecraft.server.level.ServerLevel.tick(ServerLevel.java:847)
	at net.minecraft.server.MinecraftServer.tickChildren(MinecraftServer.java:1836)
	at net.minecraft.server.MinecraftServer.tickServer(MinecraftServer.java:1619)
	at net.minecraft.server.dedicated.DedicatedServer.tickServer(DedicatedServer.java:427)
	at net.minecraft.server.MinecraftServer.processPacketsAndTick(MinecraftServer.java:1676)
	at net.minecraft.server.MinecraftServer.runServer(MinecraftServer.java:1342)
	at net.minecraft.server.MinecraftServer.lambda$spin$2(MinecraftServer.java:388)
	at net.minecraft.server.MinecraftServer$$Lambda/0x000001e096f39c18.run(Unknown Source)
	at java.lang.Thread.runWith(java.base@21.0.10/Thread.java:1596)
	at java.lang.Thread.run(java.base@21.0.10/Thread.java:1583)
=== sample +14573ms ===
"Server thread" #113 [34680] prio=8 os_prio=1 cpu=4312.50ms elapsed=19.67s tid=0x000001e0e16867e0 nid=34680 runnable  [0x000000141bdfd000]
   java.lang.Thread.State: RUNNABLE
	at it.unimi.dsi.fastutil.shorts.Short2ObjectOpenHashMap.get(Short2ObjectOpenHashMap.java:332)
	at net.minecraft.world.level.material.FlowingFluid$SpreadContext.getBlockState(FlowingFluid.java:603)
	at net.minecraft.world.level.material.FlowingFluid$SpreadContext.getBlockStateIfLoaded(FlowingFluid.java:593)
	at net.minecraft.world.level.material.FlowingFluid.getSlopeDistance(FlowingFluid.java:356)
	at net.minecraft.world.level.material.FlowingFluid.getSlopeDistance(FlowingFluid.java:365)
	at net.minecraft.world.level.material.FlowingFluid.getSlopeDistance(FlowingFluid.java:365)
	at net.minecraft.world.level.material.FlowingFluid.getSlopeDistance(FlowingFluid.java:365)
	at net.minecraft.world.level.material.FlowingFluid.getSpread(FlowingFluid.java:438)
	at net.minecraft.world.level.material.FlowingFluid.spreadToSides(FlowingFluid.java:202)
	at net.minecraft.world.level.material.FlowingFluid.spread(FlowingFluid.java:190)
	at net.minecraft.world.level.material.FlowingFluid.tick(FlowingFluid.java:529)
	at net.minecraft.world.level.material.FluidState.tick(FluidState.java:100)
	at net.minecraft.server.level.ServerLevel.tickFluid(ServerLevel.java:1316)
	at net.minecraft.server.level.ServerLevel$$Lambda/0x000001e09725c0c8.accept(Unknown Source)
	at net.minecraft.world.ticks.LevelTicks.runCollectedTicks(LevelTicks.java:189)
	at net.minecraft.world.ticks.LevelTicks.tick(LevelTicks.java:88)
	at net.minecraft.server.level.ServerLevel.tick(ServerLevel.java:803)
	at net.minecraft.server.MinecraftServer.tickChildren(MinecraftServer.java:1836)
	at net.minecraft.server.MinecraftServer.tickServer(MinecraftServer.java:1619)
	at net.minecraft.server.dedicated.DedicatedServer.tickServer(DedicatedServer.java:427)
	at net.minecraft.server.MinecraftServer.processPacketsAndTick(MinecraftServer.java:1676)
	at net.minecraft.server.MinecraftServer.runServer(MinecraftServer.java:1342)
	at net.minecraft.server.MinecraftServer.lambda$spin$2(MinecraftServer.java:388)
	at net.minecraft.server.MinecraftServer$$Lambda/0x000001e096f39c18.run(Unknown Source)
	at java.lang.Thread.runWith(java.base@21.0.10/Thread.java:1596)
	at java.lang.Thread.run(java.base@21.0.10/Thread.java:1583)
=== sample +14836ms ===
"Server thread" #113 [34680] prio=8 os_prio=1 cpu=4312.50ms elapsed=19.92s tid=0x000001e0e16867e0 nid=34680 runnable  [0x000000141bdfd000]
   java.lang.Thread.State: RUNNABLE
	at net.minecraft.world.entity.LivingEntity.getItemBlockingWith(LivingEntity.java:4456)
	at net.minecraft.world.entity.LivingEntity.isBlocking(LivingEntity.java:4452)
	at net.minecraft.world.entity.player.Player.getMaxHeadRotationRelativeToBody(Player.java:315)
	at net.minecraft.world.entity.LivingEntity.tickHeadTurn(LivingEntity.java:3656)
	at net.minecraft.world.entity.LivingEntity.tick(LivingEntity.java:3462)
	at net.minecraft.world.entity.player.Player.tick(Player.java:283)
	at net.minecraft.server.level.ServerPlayer.doTick(ServerPlayer.java:803)
	at net.minecraft.server.network.ServerGamePacketListenerImpl.tickPlayer(ServerGamePacketListenerImpl.java:377)
	at net.minecraft.server.network.ServerGamePacketListenerImpl.tick(ServerGamePacketListenerImpl.java:357)
	at net.minecraft.network.Connection.tick(Connection.java:689)
	at net.minecraft.server.network.ServerConnectionListener.tick(ServerConnectionListener.java:234)
	- locked <0x0000000702473400> (a java.util.Collections$SynchronizedRandomAccessList)
	at net.minecraft.server.MinecraftServer.tickConnection(MinecraftServer.java:1894)
	at net.minecraft.server.dedicated.DedicatedServer.tickConnection(DedicatedServer.java:549)
	at net.minecraft.server.MinecraftServer.tickChildren(MinecraftServer.java:1852)
	at net.minecraft.server.MinecraftServer.tickServer(MinecraftServer.java:1619)
	at net.minecraft.server.dedicated.DedicatedServer.tickServer(DedicatedServer.java:427)
	at net.minecraft.server.MinecraftServer.processPacketsAndTick(MinecraftServer.java:1676)
	at net.minecraft.server.MinecraftServer.runServer(MinecraftServer.java:1342)
	at net.minecraft.server.MinecraftServer.lambda$spin$2(MinecraftServer.java:388)
	at net.minecraft.server.MinecraftServer$$Lambda/0x000001e096f39c18.run(Unknown Source)
	at java.lang.Thread.runWith(java.base@21.0.10/Thread.java:1596)
	at java.lang.Thread.run(java.base@21.0.10/Thread.java:1583)
=== sample +15106ms ===
"Server thread" #113 [34680] prio=8 os_prio=1 cpu=4328.12ms elapsed=20.18s tid=0x000001e0e16867e0 nid=34680 waiting on condition  [0x000000141bdfe000]
   java.lang.Thread.State: TIMED_WAITING (parking)
	at jdk.internal.misc.Unsafe.park(java.base@21.0.10/Native Method)
	- parking to wait for  <0x000000071224fc18> (a java.lang.String)
	at java.util.concurrent.locks.LockSupport.parkNanos(java.base@21.0.10/LockSupport.java:269)
	at net.minecraft.server.MinecraftServer.recordTaskExecutionTimeWhileWaiting(MinecraftServer.java:1242)
	at net.minecraft.server.MinecraftServer.runServer(MinecraftServer.java:1348)
	at net.minecraft.server.MinecraftServer.lambda$spin$2(MinecraftServer.java:388)
	at net.minecraft.server.MinecraftServer$$Lambda/0x000001e096f39c18.run(Unknown Source)
	at java.lang.Thread.runWith(java.base@21.0.10/Thread.java:1596)
	at java.lang.Thread.run(java.base@21.0.10/Thread.java:1583)
=== sample +15350ms ===
"Server thread" #113 [34680] prio=8 os_prio=1 cpu=4343.75ms elapsed=20.45s tid=0x000001e0e16867e0 nid=34680 waiting on condition  [0x000000141bdfe000]
   java.lang.Thread.State: TIMED_WAITING (parking)
	at jdk.internal.misc.Unsafe.park(java.base@21.0.10/Native Method)
	- parking to wait for  <0x000000071224fc18> (a java.lang.String)
	at java.util.concurrent.locks.LockSupport.parkNanos(java.base@21.0.10/LockSupport.java:269)
	at net.minecraft.server.MinecraftServer.recordTaskExecutionTimeWhileWaiting(MinecraftServer.java:1242)
	at net.minecraft.server.MinecraftServer.runServer(MinecraftServer.java:1348)
	at net.minecraft.server.MinecraftServer.lambda$spin$2(MinecraftServer.java:388)
	at net.minecraft.server.MinecraftServer$$Lambda/0x000001e096f39c18.run(Unknown Source)
	at java.lang.Thread.runWith(java.base@21.0.10/Thread.java:1596)
	at java.lang.Thread.run(java.base@21.0.10/Thread.java:1583)
=== sample +15613ms ===
"Server thread" #113 [34680] prio=8 os_prio=1 cpu=4375.00ms elapsed=20.70s tid=0x000001e0e16867e0 nid=34680 waiting on condition  [0x000000141bdfe000]
   java.lang.Thread.State: TIMED_WAITING (parking)
	at jdk.internal.misc.Unsafe.park(java.base@21.0.10/Native Method)
	- parking to wait for  <0x000000071224fc18> (a java.lang.String)
	at java.util.concurrent.locks.LockSupport.parkNanos(java.base@21.0.10/LockSupport.java:269)
	at net.minecraft.server.MinecraftServer.recordTaskExecutionTimeWhileWaiting(MinecraftServer.java:1242)
	at net.minecraft.server.MinecraftServer.runServer(MinecraftServer.java:1348)
	at net.minecraft.server.MinecraftServer.lambda$spin$2(MinecraftServer.java:388)
	at net.minecraft.server.MinecraftServer$$Lambda/0x000001e096f39c18.run(Unknown Source)
	at java.lang.Thread.runWith(java.base@21.0.10/Thread.java:1596)
	at java.lang.Thread.run(java.base@21.0.10/Thread.java:1583)
=== sample +15877ms ===
"Server thread" #113 [34680] prio=8 os_prio=1 cpu=4390.62ms elapsed=20.96s tid=0x000001e0e16867e0 nid=34680 waiting on condition  [0x000000141bdfe000]
   java.lang.Thread.State: TIMED_WAITING (parking)
	at jdk.internal.misc.Unsafe.park(java.base@21.0.10/Native Method)
	- parking to wait for  <0x000000071224fc18> (a java.lang.String)
	at java.util.concurrent.locks.LockSupport.parkNanos(java.base@21.0.10/LockSupport.java:269)
	at net.minecraft.server.MinecraftServer.recordTaskExecutionTimeWhileWaiting(MinecraftServer.java:1242)
	at net.minecraft.server.MinecraftServer.runServer(MinecraftServer.java:1348)
	at net.minecraft.server.MinecraftServer.lambda$spin$2(MinecraftServer.java:388)
	at net.minecraft.server.MinecraftServer$$Lambda/0x000001e096f39c18.run(Unknown Source)
	at java.lang.Thread.runWith(java.base@21.0.10/Thread.java:1596)
	at java.lang.Thread.run(java.base@21.0.10/Thread.java:1583)
=== sample +16126ms ===
"Server thread" #113 [34680] prio=8 os_prio=1 cpu=4421.88ms elapsed=21.22s tid=0x000001e0e16867e0 nid=34680 waiting on condition  [0x000000141bdfe000]
   java.lang.Thread.State: TIMED_WAITING (parking)
	at jdk.internal.misc.Unsafe.park(java.base@21.0.10/Native Method)
	- parking to wait for  <0x000000071224fc18> (a java.lang.String)
	at java.util.concurrent.locks.LockSupport.parkNanos(java.base@21.0.10/LockSupport.java:269)
	at net.minecraft.server.MinecraftServer.recordTaskExecutionTimeWhileWaiting(MinecraftServer.java:1242)
	at net.minecraft.server.MinecraftServer.runServer(MinecraftServer.java:1348)
	at net.minecraft.server.MinecraftServer.lambda$spin$2(MinecraftServer.java:388)
	at net.minecraft.server.MinecraftServer$$Lambda/0x000001e096f39c18.run(Unknown Source)
	at java.lang.Thread.runWith(java.base@21.0.10/Thread.java:1596)
	at java.lang.Thread.run(java.base@21.0.10/Thread.java:1583)
=== sample +16376ms ===
"Server thread" #113 [34680] prio=8 os_prio=1 cpu=4421.88ms elapsed=21.48s tid=0x000001e0e16867e0 nid=34680 waiting on condition  [0x000000141bdfe000]
   java.lang.Thread.State: TIMED_WAITING (parking)
	at jdk.internal.misc.Unsafe.park(java.base@21.0.10/Native Method)
	- parking to wait for  <0x000000071224fc18> (a java.lang.String)
	at java.util.concurrent.locks.LockSupport.parkNanos(java.base@21.0.10/LockSupport.java:269)
	at net.minecraft.server.MinecraftServer.recordTaskExecutionTimeWhileWaiting(MinecraftServer.java:1242)
	at net.minecraft.server.MinecraftServer.runServer(MinecraftServer.java:1348)
	at net.minecraft.server.MinecraftServer.lambda$spin$2(MinecraftServer.java:388)
	at net.minecraft.server.MinecraftServer$$Lambda/0x000001e096f39c18.run(Unknown Source)
	at java.lang.Thread.runWith(java.base@21.0.10/Thread.java:1596)
	at java.lang.Thread.run(java.base@21.0.10/Thread.java:1583)
=== sample +16626ms ===
"Server thread" #113 [34680] prio=8 os_prio=1 cpu=4437.50ms elapsed=21.73s tid=0x000001e0e16867e0 nid=34680 waiting on condition  [0x000000141bdfe000]
   java.lang.Thread.State: TIMED_WAITING (parking)
	at jdk.internal.misc.Unsafe.park(java.base@21.0.10/Native Method)
	- parking to wait for  <0x000000071224fc18> (a java.lang.String)
	at java.util.concurrent.locks.LockSupport.parkNanos(java.base@21.0.10/LockSupport.java:269)
	at net.minecraft.server.MinecraftServer.recordTaskExecutionTimeWhileWaiting(MinecraftServer.java:1242)
	at net.minecraft.server.MinecraftServer.runServer(MinecraftServer.java:1348)
	at net.minecraft.server.MinecraftServer.lambda$spin$2(MinecraftServer.java:388)
	at net.minecraft.server.MinecraftServer$$Lambda/0x000001e096f39c18.run(Unknown Source)
	at java.lang.Thread.runWith(java.base@21.0.10/Thread.java:1596)
	at java.lang.Thread.run(java.base@21.0.10/Thread.java:1583)
=== sample +16876ms ===
"Server thread" #113 [34680] prio=8 os_prio=1 cpu=4453.12ms elapsed=21.98s tid=0x000001e0e16867e0 nid=34680 waiting on condition  [0x000000141bdfe000]
   java.lang.Thread.State: TIMED_WAITING (parking)
	at jdk.internal.misc.Unsafe.park(java.base@21.0.10/Native Method)
	- parking to wait for  <0x000000071224fc18> (a java.lang.String)
	at java.util.concurrent.locks.LockSupport.parkNanos(java.base@21.0.10/LockSupport.java:269)
	at net.minecraft.server.MinecraftServer.recordTaskExecutionTimeWhileWaiting(MinecraftServer.java:1242)
	at net.minecraft.server.MinecraftServer.runServer(MinecraftServer.java:1348)
	at net.minecraft.server.MinecraftServer.lambda$spin$2(MinecraftServer.java:388)
	at net.minecraft.server.MinecraftServer$$Lambda/0x000001e096f39c18.run(Unknown Source)
	at java.lang.Thread.runWith(java.base@21.0.10/Thread.java:1596)
	at java.lang.Thread.run(java.base@21.0.10/Thread.java:1583)
=== sample +17139ms ===
"Server thread" #113 [34680] prio=8 os_prio=1 cpu=4468.75ms elapsed=22.23s tid=0x000001e0e16867e0 nid=34680 waiting on condition  [0x000000141bdfe000]
   java.lang.Thread.State: TIMED_WAITING (parking)
	at jdk.internal.misc.Unsafe.park(java.base@21.0.10/Native Method)
	- parking to wait for  <0x000000071224fc18> (a java.lang.String)
	at java.util.concurrent.locks.LockSupport.parkNanos(java.base@21.0.10/LockSupport.java:269)
	at net.minecraft.server.MinecraftServer.recordTaskExecutionTimeWhileWaiting(MinecraftServer.java:1242)
	at net.minecraft.server.MinecraftServer.runServer(MinecraftServer.java:1348)
	at net.minecraft.server.MinecraftServer.lambda$spin$2(MinecraftServer.java:388)
	at net.minecraft.server.MinecraftServer$$Lambda/0x000001e096f39c18.run(Unknown Source)
	at java.lang.Thread.runWith(java.base@21.0.10/Thread.java:1596)
	at java.lang.Thread.run(java.base@21.0.10/Thread.java:1583)
=== sample +17389ms ===
"Server thread" #113 [34680] prio=8 os_prio=1 cpu=4484.38ms elapsed=22.48s tid=0x000001e0e16867e0 nid=34680 waiting on condition  [0x000000141bdfe000]
   java.lang.Thread.State: TIMED_WAITING (parking)
	at jdk.internal.misc.Unsafe.park(java.base@21.0.10/Native Method)
	- parking to wait for  <0x000000071224fc18> (a java.lang.String)
	at java.util.concurrent.locks.LockSupport.parkNanos(java.base@21.0.10/LockSupport.java:269)
	at net.minecraft.server.MinecraftServer.recordTaskExecutionTimeWhileWaiting(MinecraftServer.java:1242)
	at net.minecraft.server.MinecraftServer.runServer(MinecraftServer.java:1348)
	at net.minecraft.server.MinecraftServer.lambda$spin$2(MinecraftServer.java:388)
	at net.minecraft.server.MinecraftServer$$Lambda/0x000001e096f39c18.run(Unknown Source)
	at java.lang.Thread.runWith(java.base@21.0.10/Thread.java:1596)
	at java.lang.Thread.run(java.base@21.0.10/Thread.java:1583)
=== sample +17638ms ===
"Server thread" #113 [34680] prio=8 os_prio=1 cpu=4500.00ms elapsed=22.73s tid=0x000001e0e16867e0 nid=34680 waiting on condition  [0x000000141bdfe000]
   java.lang.Thread.State: TIMED_WAITING (parking)
	at jdk.internal.misc.Unsafe.park(java.base@21.0.10/Native Method)
	- parking to wait for  <0x000000071224fc18> (a java.lang.String)
	at java.util.concurrent.locks.LockSupport.parkNanos(java.base@21.0.10/LockSupport.java:269)
	at net.minecraft.server.MinecraftServer.recordTaskExecutionTimeWhileWaiting(MinecraftServer.java:1242)
	at net.minecraft.server.MinecraftServer.runServer(MinecraftServer.java:1348)
	at net.minecraft.server.MinecraftServer.lambda$spin$2(MinecraftServer.java:388)
	at net.minecraft.server.MinecraftServer$$Lambda/0x000001e096f39c18.run(Unknown Source)
	at java.lang.Thread.runWith(java.base@21.0.10/Thread.java:1596)
	at java.lang.Thread.run(java.base@21.0.10/Thread.java:1583)
=== sample +17885ms ===
"Server thread" #113 [34680] prio=8 os_prio=1 cpu=4515.62ms elapsed=22.98s tid=0x000001e0e16867e0 nid=34680 waiting on condition  [0x000000141bdfe000]
   java.lang.Thread.State: TIMED_WAITING (parking)
	at jdk.internal.misc.Unsafe.park(java.base@21.0.10/Native Method)
	- parking to wait for  <0x000000071224fc18> (a java.lang.String)
	at java.util.concurrent.locks.LockSupport.parkNanos(java.base@21.0.10/LockSupport.java:269)
	at net.minecraft.server.MinecraftServer.recordTaskExecutionTimeWhileWaiting(MinecraftServer.java:1242)
	at net.minecraft.server.MinecraftServer.runServer(MinecraftServer.java:1348)
	at net.minecraft.server.MinecraftServer.lambda$spin$2(MinecraftServer.java:388)
	at net.minecraft.server.MinecraftServer$$Lambda/0x000001e096f39c18.run(Unknown Source)
	at java.lang.Thread.runWith(java.base@21.0.10/Thread.java:1596)
	at java.lang.Thread.run(java.base@21.0.10/Thread.java:1583)
=== sample +18144ms ===
"Server thread" #113 [34680] prio=8 os_prio=1 cpu=4531.25ms elapsed=23.23s tid=0x000001e0e16867e0 nid=34680 waiting on condition  [0x000000141bdfe000]
   java.lang.Thread.State: TIMED_WAITING (parking)
	at jdk.internal.misc.Unsafe.park(java.base@21.0.10/Native Method)
	- parking to wait for  <0x000000071224fc18> (a java.lang.String)
	at java.util.concurrent.locks.LockSupport.parkNanos(java.base@21.0.10/LockSupport.java:269)
	at net.minecraft.server.MinecraftServer.recordTaskExecutionTimeWhileWaiting(MinecraftServer.java:1242)
	at net.minecraft.server.MinecraftServer.runServer(MinecraftServer.java:1348)
	at net.minecraft.server.MinecraftServer.lambda$spin$2(MinecraftServer.java:388)
	at net.minecraft.server.MinecraftServer$$Lambda/0x000001e096f39c18.run(Unknown Source)
	at java.lang.Thread.runWith(java.base@21.0.10/Thread.java:1596)
	at java.lang.Thread.run(java.base@21.0.10/Thread.java:1583)
botFailures=[] exited=true
======== run 1 ========
boot: [01:40:00 INFO]: Done (17.587s)! For help, type "help"
---- stalls ----
PapoTickProfile.stall tick=83 gapMs=105.4 durMs=3.2 at=01:40:04.651
PapoTickProfile.stall tick=113 gapMs=732.4 durMs=4.9 at=01:40:06.771
PapoTickProfile.stall tick=115 gapMs=396.0 durMs=204.2 at=01:40:07.194
PapoTickProfile.stall tick=132 gapMs=107.4 durMs=46.8 at=01:40:07.846
PapoTickProfile.stall tick=144 gapMs=105.2 durMs=59.0 at=01:40:08.446
---- jstack Server-thread samples ----
=== sample +2680ms ===
"Server thread" #113 [26244] prio=8 os_prio=1 cpu=1968.75ms elapsed=7.76s tid=0x0000027de953e210 nid=26244 waiting on condition  [0x000000f247dff000]
   java.lang.Thread.State: TIMED_WAITING (parking)
	at jdk.internal.misc.Unsafe.park(java.base@21.0.10/Native Method)
	- parking to wait for  <0x000000071d7d9578> (a java.lang.String)
	at java.util.concurrent.locks.LockSupport.parkNanos(java.base@21.0.10/LockSupport.java:269)
	at net.minecraft.server.MinecraftServer.recordTaskExecutionTimeWhileWaiting(MinecraftServer.java:1242)
	at net.minecraft.server.MinecraftServer.runServer(MinecraftServer.java:1348)
	at net.minecraft.server.MinecraftServer.lambda$spin$2(MinecraftServer.java:388)
	at net.minecraft.server.MinecraftServer$$Lambda/0x0000027d9df3aaf0.run(Unknown Source)
	at java.lang.Thread.runWith(java.base@21.0.10/Thread.java:1596)
	at java.lang.Thread.run(java.base@21.0.10/Thread.java:1583)
=== sample +2944ms ===
"Server thread" #113 [26244] prio=8 os_prio=1 cpu=2000.00ms elapsed=8.01s tid=0x0000027de953e210 nid=26244 waiting on condition  [0x000000f247dff000]
   java.lang.Thread.State: TIMED_WAITING (parking)
	at jdk.internal.misc.Unsafe.park(java.base@21.0.10/Native Method)
	- parking to wait for  <0x000000071d7d9578> (a java.lang.String)
	at java.util.concurrent.locks.LockSupport.parkNanos(java.base@21.0.10/LockSupport.java:269)
	at net.minecraft.server.MinecraftServer.recordTaskExecutionTimeWhileWaiting(MinecraftServer.java:1242)
	at net.minecraft.server.MinecraftServer.runServer(MinecraftServer.java:1348)
	at net.minecraft.server.MinecraftServer.lambda$spin$2(MinecraftServer.java:388)
	at net.minecraft.server.MinecraftServer$$Lambda/0x0000027d9df3aaf0.run(Unknown Source)
	at java.lang.Thread.runWith(java.base@21.0.10/Thread.java:1596)
	at java.lang.Thread.run(java.base@21.0.10/Thread.java:1583)
=== sample +3193ms ===
"Server thread" #113 [26244] prio=8 os_prio=1 cpu=2000.00ms elapsed=8.27s tid=0x0000027de953e210 nid=26244 waiting on condition  [0x000000f247dff000]
   java.lang.Thread.State: TIMED_WAITING (parking)
	at jdk.internal.misc.Unsafe.park(java.base@21.0.10/Native Method)
	- parking to wait for  <0x000000071d7d9578> (a java.lang.String)
	at java.util.concurrent.locks.LockSupport.parkNanos(java.base@21.0.10/LockSupport.java:269)
	at net.minecraft.server.MinecraftServer.recordTaskExecutionTimeWhileWaiting(MinecraftServer.java:1242)
	at net.minecraft.server.MinecraftServer.runServer(MinecraftServer.java:1348)
	at net.minecraft.server.MinecraftServer.lambda$spin$2(MinecraftServer.java:388)
	at net.minecraft.server.MinecraftServer$$Lambda/0x0000027d9df3aaf0.run(Unknown Source)
	at java.lang.Thread.runWith(java.base@21.0.10/Thread.java:1596)
	at java.lang.Thread.run(java.base@21.0.10/Thread.java:1583)
=== sample +3446ms ===
"Server thread" #113 [26244] prio=8 os_prio=1 cpu=2000.00ms elapsed=8.52s tid=0x0000027de953e210 nid=26244 waiting on condition  [0x000000f247dff000]
   java.lang.Thread.State: TIMED_WAITING (parking)
	at jdk.internal.misc.Unsafe.park(java.base@21.0.10/Native Method)
	- parking to wait for  <0x000000071d7d9578> (a java.lang.String)
	at java.util.concurrent.locks.LockSupport.parkNanos(java.base@21.0.10/LockSupport.java:269)
	at net.minecraft.server.MinecraftServer.recordTaskExecutionTimeWhileWaiting(MinecraftServer.java:1242)
	at net.minecraft.server.MinecraftServer.runServer(MinecraftServer.java:1348)
	at net.minecraft.server.MinecraftServer.lambda$spin$2(MinecraftServer.java:388)
	at net.minecraft.server.MinecraftServer$$Lambda/0x0000027d9df3aaf0.run(Unknown Source)
	at java.lang.Thread.runWith(java.base@21.0.10/Thread.java:1596)
	at java.lang.Thread.run(java.base@21.0.10/Thread.java:1583)
=== sample +3688ms ===
"Server thread" #113 [26244] prio=8 os_prio=1 cpu=2000.00ms elapsed=8.76s tid=0x0000027de953e210 nid=26244 waiting on condition  [0x000000f247dff000]
   java.lang.Thread.State: TIMED_WAITING (parking)
	at jdk.internal.misc.Unsafe.park(java.base@21.0.10/Native Method)
	- parking to wait for  <0x000000071d7d9578> (a java.lang.String)
	at java.util.concurrent.locks.LockSupport.parkNanos(java.base@21.0.10/LockSupport.java:269)
	at net.minecraft.server.MinecraftServer.recordTaskExecutionTimeWhileWaiting(MinecraftServer.java:1242)
	at net.minecraft.server.MinecraftServer.runServer(MinecraftServer.java:1348)
	at net.minecraft.server.MinecraftServer.lambda$spin$2(MinecraftServer.java:388)
	at net.minecraft.server.MinecraftServer$$Lambda/0x0000027d9df3aaf0.run(Unknown Source)
	at java.lang.Thread.runWith(java.base@21.0.10/Thread.java:1596)
	at java.lang.Thread.run(java.base@21.0.10/Thread.java:1583)
=== sample +3952ms ===
"Server thread" #113 [26244] prio=8 os_prio=1 cpu=2000.00ms elapsed=9.02s tid=0x0000027de953e210 nid=26244 waiting on condition  [0x000000f247dff000]
   java.lang.Thread.State: TIMED_WAITING (parking)
	at jdk.internal.misc.Unsafe.park(java.base@21.0.10/Native Method)
	- parking to wait for  <0x000000071d7d9578> (a java.lang.String)
	at java.util.concurrent.locks.LockSupport.parkNanos(java.base@21.0.10/LockSupport.java:269)
	at net.minecraft.server.MinecraftServer.recordTaskExecutionTimeWhileWaiting(MinecraftServer.java:1242)
	at net.minecraft.server.MinecraftServer.runServer(MinecraftServer.java:1348)
	at net.minecraft.server.MinecraftServer.lambda$spin$2(MinecraftServer.java:388)
	at net.minecraft.server.MinecraftServer$$Lambda/0x0000027d9df3aaf0.run(Unknown Source)
	at java.lang.Thread.runWith(java.base@21.0.10/Thread.java:1596)
	at java.lang.Thread.run(java.base@21.0.10/Thread.java:1583)
=== sample +4218ms ===
"Server thread" #113 [26244] prio=8 os_prio=1 cpu=2046.88ms elapsed=9.28s tid=0x0000027de953e210 nid=26244 runnable  [0x000000f247dfd000]
   java.lang.Thread.State: RUNNABLE
	at java.lang.ClassLoader.defineClass0(java.base@21.0.10/Native Method)
	at java.lang.System$2.defineClass(java.base@21.0.10/System.java:2394)
	at java.lang.invoke.MethodHandles$Lookup$ClassDefiner.defineClass(java.base@21.0.10/MethodHandles.java:2505)
	at java.lang.invoke.InnerClassLambdaMetafactory.generateInnerClass(java.base@21.0.10/InnerClassLambdaMetafactory.java:361)
	at java.lang.invoke.InnerClassLambdaMetafactory.spinInnerClass(java.base@21.0.10/InnerClassLambdaMetafactory.java:286)
	at java.lang.invoke.InnerClassLambdaMetafactory.buildCallSite(java.base@21.0.10/InnerClassLambdaMetafactory.java:221)
	at java.lang.invoke.LambdaMetafactory.metafactory(java.base@21.0.10/LambdaMetafactory.java:341)
	at java.lang.invoke.LambdaForm$DMH/0x0000027d9d110400.invokeStatic(java.base@21.0.10/LambdaForm$DMH)
	at java.lang.invoke.Invokers$Holder.invokeExact_MT(java.base@21.0.10/Invokers$Holder)
	at java.lang.invoke.BootstrapMethodInvoker.invoke(java.base@21.0.10/BootstrapMethodInvoker.java:134)
	at java.lang.invoke.CallSite.makeSite(java.base@21.0.10/CallSite.java:310)
	at java.lang.invoke.MethodHandleNatives.linkCallSiteImpl(java.base@21.0.10/MethodHandleNatives.java:249)
	at java.lang.invoke.MethodHandleNatives.linkCallSite(java.base@21.0.10/MethodHandleNatives.java:239)
	at net.minecraft.server.level.ServerPlayer$SavedPosition.lambda$static$0(ServerPlayer.java:2997)
	at net.minecraft.server.level.ServerPlayer$SavedPosition$$Lambda/0x0000027d9e2dc6f8.apply(Unknown Source)
	at com.mojang.serialization.codecs.RecordCodecBuilder.mapCodec(RecordCodecBuilder.java:76)
	at net.minecraft.server.level.ServerPlayer$SavedPosition.<clinit>(ServerPlayer.java:2995)
	at net.minecraft.server.network.config.PrepareSpawnTask.start(PrepareSpawnTask.java:105)
	at net.minecraft.server.network.ServerConfigurationPacketListenerImpl.startNextTask(ServerConfigurationPacketListenerImpl.java:256)
	at net.minecraft.server.network.ServerConfigurationPacketListenerImpl.finishCurrentTask(ServerConfigurationPacketListenerImpl.java:271)
	at io.papermc.paper.connection.PaperConfigurationTask.start(PaperConfigurationTask.java:32)
	at net.minecraft.server.network.ServerConfigurationPacketListenerImpl.startNextTask(ServerConfigurationPacketListenerImpl.java:256)
	at net.minecraft.server.network.ServerConfigurationPacketListenerImpl.finishCurrentTask(ServerConfigurationPacketListenerImpl.java:271)
	at net.minecraft.server.network.ServerConfigurationPacketListenerImpl.handleSelectKnownPacks(ServerConfigurationPacketListenerImpl.java:192)
	at net.minecraft.network.protocol.configuration.ServerboundSelectKnownPacks.handle(ServerboundSelectKnownPacks.java:23)
	at net.minecraft.network.protocol.configuration.ServerboundSelectKnownPacks.handle(ServerboundSelectKnownPacks.java:11)
	at net.minecraft.network.PacketProcessor$ListenerAndPacket.handle(PacketProcessor.java:110)
	at net.minecraft.network.PacketProcessor.executeSinglePacket(PacketProcessor.java:33)
	at net.minecraft.server.MinecraftServer.pollTask(MinecraftServer.java:1506)
	at net.minecraft.server.MinecraftServer.recordTaskExecutionTimeWhileWaiting(MinecraftServer.java:1232)
	at net.minecraft.server.MinecraftServer.runServer(MinecraftServer.java:1348)
	at net.minecraft.server.MinecraftServer.lambda$spin$2(MinecraftServer.java:388)
	at net.minecraft.server.MinecraftServer$$Lambda/0x0000027d9df3aaf0.run(Unknown Source)
	at java.lang.Thread.runWith(java.base@21.0.10/Thread.java:1596)
	at java.lang.Thread.run(java.base@21.0.10/Thread.java:1583)
=== sample +4501ms ===
"Server thread" #113 [26244] prio=8 os_prio=1 cpu=2078.12ms elapsed=9.56s tid=0x0000027de953e210 nid=26244 waiting on condition  [0x000000f247dff000]
   java.lang.Thread.State: TIMED_WAITING (parking)
	at jdk.internal.misc.Unsafe.park(java.base@21.0.10/Native Method)
	- parking to wait for  <0x000000073ae56778> (a java.lang.String)
	at java.util.concurrent.locks.LockSupport.parkNanos(java.base@21.0.10/LockSupport.java:269)
	at net.minecraft.server.MinecraftServer.recordTaskExecutionTimeWhileWaiting(MinecraftServer.java:1242)
	at net.minecraft.server.MinecraftServer.runServer(MinecraftServer.java:1348)
	at net.minecraft.server.MinecraftServer.lambda$spin$2(MinecraftServer.java:388)
	at net.minecraft.server.MinecraftServer$$Lambda/0x0000027d9df3aaf0.run(Unknown Source)
	at java.lang.Thread.runWith(java.base@21.0.10/Thread.java:1596)
	at java.lang.Thread.run(java.base@21.0.10/Thread.java:1583)
=== sample +4815ms ===
"Server thread" #113 [26244] prio=8 os_prio=1 cpu=2078.12ms elapsed=9.87s tid=0x0000027de953e210 nid=26244 waiting on condition  [0x000000f247dff000]
   java.lang.Thread.State: TIMED_WAITING (parking)
	at jdk.internal.misc.Unsafe.park(java.base@21.0.10/Native Method)
	- parking to wait for  <0x000000073ae56778> (a java.lang.String)
	at java.util.concurrent.locks.LockSupport.parkNanos(java.base@21.0.10/LockSupport.java:269)
	at net.minecraft.server.MinecraftServer.recordTaskExecutionTimeWhileWaiting(MinecraftServer.java:1242)
	at net.minecraft.server.MinecraftServer.runServer(MinecraftServer.java:1348)
	at net.minecraft.server.MinecraftServer.lambda$spin$2(MinecraftServer.java:388)
	at net.minecraft.server.MinecraftServer$$Lambda/0x0000027d9df3aaf0.run(Unknown Source)
	at java.lang.Thread.runWith(java.base@21.0.10/Thread.java:1596)
	at java.lang.Thread.run(java.base@21.0.10/Thread.java:1583)
=== sample +5122ms ===
"Server thread" #113 [26244] prio=8 os_prio=1 cpu=2078.12ms elapsed=10.18s tid=0x0000027de953e210 nid=26244 waiting on condition  [0x000000f247dff000]
   java.lang.Thread.State: TIMED_WAITING (parking)
	at jdk.internal.misc.Unsafe.park(java.base@21.0.10/Native Method)
	- parking to wait for  <0x000000071fa9c988> (a java.lang.String)
	at java.util.concurrent.locks.LockSupport.parkNanos(java.base@21.0.10/LockSupport.java:269)
	at net.minecraft.server.MinecraftServer.recordTaskExecutionTimeWhileWaiting(MinecraftServer.java:1242)
	at net.minecraft.server.MinecraftServer.runServer(MinecraftServer.java:1348)
	at net.minecraft.server.MinecraftServer.lambda$spin$2(MinecraftServer.java:388)
	at net.minecraft.server.MinecraftServer$$Lambda/0x0000027d9df3aaf0.run(Unknown Source)
	at java.lang.Thread.runWith(java.base@21.0.10/Thread.java:1596)
	at java.lang.Thread.run(java.base@21.0.10/Thread.java:1583)
=== sample +5392ms ===
"Server thread" #113 [26244] prio=8 os_prio=1 cpu=2109.38ms elapsed=10.46s tid=0x0000027de953e210 nid=26244 waiting on condition  [0x000000f247dff000]
   java.lang.Thread.State: TIMED_WAITING (parking)
	at jdk.internal.misc.Unsafe.park(java.base@21.0.10/Native Method)
	- parking to wait for  <0x000000071fa9c988> (a java.lang.String)
	at java.util.concurrent.locks.LockSupport.parkNanos(java.base@21.0.10/LockSupport.java:269)
	at net.minecraft.server.MinecraftServer.recordTaskExecutionTimeWhileWaiting(MinecraftServer.java:1242)
	at net.minecraft.server.MinecraftServer.runServer(MinecraftServer.java:1348)
	at net.minecraft.server.MinecraftServer.lambda$spin$2(MinecraftServer.java:388)
	at net.minecraft.server.MinecraftServer$$Lambda/0x0000027d9df3aaf0.run(Unknown Source)
	at java.lang.Thread.runWith(java.base@21.0.10/Thread.java:1596)
	at java.lang.Thread.run(java.base@21.0.10/Thread.java:1583)
=== sample +5658ms ===
"Server thread" #113 [26244] prio=8 os_prio=1 cpu=2125.00ms elapsed=10.73s tid=0x0000027de953e210 nid=26244 waiting on condition  [0x000000f247dff000]
   java.lang.Thread.State: TIMED_WAITING (parking)
	at jdk.internal.misc.Unsafe.park(java.base@21.0.10/Native Method)
	- parking to wait for  <0x000000071fa9c988> (a java.lang.String)
	at java.util.concurrent.locks.LockSupport.parkNanos(java.base@21.0.10/LockSupport.java:269)
	at net.minecraft.server.MinecraftServer.recordTaskExecutionTimeWhileWaiting(MinecraftServer.java:1242)
	at net.minecraft.server.MinecraftServer.runServer(MinecraftServer.java:1348)
	at net.minecraft.server.MinecraftServer.lambda$spin$2(MinecraftServer.java:388)
	at net.minecraft.server.MinecraftServer$$Lambda/0x0000027d9df3aaf0.run(Unknown Source)
	at java.lang.Thread.runWith(java.base@21.0.10/Thread.java:1596)
	at java.lang.Thread.run(java.base@21.0.10/Thread.java:1583)
=== sample +5923ms ===
"Server thread" #113 [26244] prio=8 os_prio=1 cpu=2140.62ms elapsed=10.99s tid=0x0000027de953e210 nid=26244 runnable  [0x000000f247dfc000]
   java.lang.Thread.State: RUNNABLE
	at java.lang.invoke.MethodHandleNatives.resolve(java.base@21.0.10/Native Method)
	at java.lang.invoke.MemberName$Factory.resolve(java.base@21.0.10/MemberName.java:962)
	at java.lang.invoke.MemberName$Factory.resolveOrFail(java.base@21.0.10/MemberName.java:991)
	at java.lang.invoke.MethodHandles$Lookup.resolveOrFail(java.base@21.0.10/MethodHandles.java:3758)
	at java.lang.invoke.MethodHandles$Lookup.linkMethodHandleConstant(java.base@21.0.10/MethodHandles.java:4261)
	at java.lang.invoke.MethodHandleNatives.linkMethodHandleConstant(java.base@21.0.10/MethodHandleNatives.java:602)
	at org.bukkit.craftbukkit.entity.CraftEntityTypes.<clinit>(CraftEntityTypes.java:280)
	at org.bukkit.craftbukkit.entity.CraftEntity.getEntity(CraftEntity.java:138)
	at net.minecraft.world.entity.Entity.getBukkitEntity(Entity.java:199)
	- locked <0x00000007211c9958> (a net.minecraft.world.entity.animal.cow.Cow)
	at net.minecraft.world.entity.Entity.setAirSupply(Entity.java:3773)
	at net.minecraft.world.entity.Entity.load(Entity.java:2762)
	at net.minecraft.world.entity.EntityType.lambda$create$25(EntityType.java:1525)
	at net.minecraft.world.entity.EntityType$$Lambda/0x0000027d9e30d648.accept(Unknown Source)
	at net.minecraft.util.Util.ifElse(Util.java:673)
	at net.minecraft.world.entity.EntityType.create(EntityType.java:1520)
	at net.minecraft.world.entity.EntityType.create(EntityType.java:1515)
	at net.minecraft.world.entity.EntityType.loadStaticEntity(EntityType.java:1637)
	at net.minecraft.world.entity.EntityType.loadEntityRecursive(EntityType.java:1591)
	at net.minecraft.world.entity.EntityType.lambda$loadEntitiesRecursive$31(EntityType.java:1619)
	at net.minecraft.world.entity.EntityType$$Lambda/0x0000027d9e30cb98.accept(Unknown Source)
	at java.util.stream.ReferencePipeline$11$1.accept(java.base@21.0.10/ReferencePipeline.java:450)
	at com.google.common.collect.Streams$1Splitr.tryAdvance(Streams.java:489)
	at java.util.Spliterator.forEachRemaining(java.base@21.0.10/Spliterator.java:332)
	at java.util.stream.AbstractPipeline.copyInto(java.base@21.0.10/AbstractPipeline.java:509)
	at java.util.stream.AbstractPipeline.wrapAndCopyInto(java.base@21.0.10/AbstractPipeline.java:499)
	at java.util.stream.AbstractPipeline.evaluate(java.base@21.0.10/AbstractPipeline.java:575)
	at java.util.stream.AbstractPipeline.evaluateToArrayNode(java.base@21.0.10/AbstractPipeline.java:260)
	at java.util.stream.ReferencePipeline.toArray(java.base@21.0.10/ReferencePipeline.java:616)
	at java.util.stream.ReferencePipeline.toArray(java.base@21.0.10/ReferencePipeline.java:622)
	at java.util.stream.ReferencePipeline.toList(java.base@21.0.10/ReferencePipeline.java:627)
	at net.minecraft.server.level.ServerLevel.addWorldGenChunkEntities(ServerLevel.java:2587)
	at net.minecraft.world.level.chunk.status.ChunkStatusTasks.postLoadProtoChunk(ChunkStatusTasks.java:215)
	at ca.spottedleaf.moonrise.paper.PaperHooks.postLoadProtoChunk(PaperHooks.java:298)
	at ca.spottedleaf.moonrise.patches.chunk_system.scheduling.task.ChunkFullTask.lambda$run$0(ChunkFullTask.java:68)
	at ca.spottedleaf.moonrise.patches.chunk_system.scheduling.task.ChunkFullTask$$Lambda/0x0000027d9e210ac8.run(Unknown Source)
	at net.minecraft.world.level.chunk.LevelChunk.runPostLoad(LevelChunk.java:696)
	at ca.spottedleaf.moonrise.patches.chunk_system.scheduling.task.ChunkFullTask.run(ChunkFullTask.java:80)
	at ca.spottedleaf.concurrentutil.executor.queue.PrioritisedTaskQueue$PrioritisedQueuedTask.execute(PrioritisedTaskQueue.java:345)
	at ca.spottedleaf.concurrentutil.executor.queue.PrioritisedTaskQueue.executeTask(PrioritisedTaskQueue.java:126)
	at ca.spottedleaf.moonrise.patches.chunk_system.scheduling.ChunkTaskScheduler.executeAllRecentlyQueuedMainThreadTasks(ChunkTaskScheduler.java:349)
	at net.minecraft.server.MinecraftServer.runAllTasksAtTickStart(MinecraftServer.java:1202)
	at net.minecraft.server.MinecraftServer.processPacketsAndTick(MinecraftServer.java:1675)
	at net.minecraft.server.MinecraftServer.runServer(MinecraftServer.java:1342)
	at net.minecraft.server.MinecraftServer.lambda$spin$2(MinecraftServer.java:388)
	at net.minecraft.server.MinecraftServer$$Lambda/0x0000027d9df3aaf0.run(Unknown Source)
	at java.lang.Thread.runWith(java.base@21.0.10/Thread.java:1596)
	at java.lang.Thread.run(java.base@21.0.10/Thread.java:1583)
=== sample +6186ms ===
"Server thread" #113 [26244] prio=8 os_prio=1 cpu=2328.12ms elapsed=11.25s tid=0x0000027de953e210 nid=26244 runnable  [0x000000f247dfd000]
   java.lang.Thread.State: RUNNABLE
	at org.bukkit.craftbukkit.entity.CraftEntityTypes.<clinit>(CraftEntityTypes.java:345)
	at org.bukkit.craftbukkit.entity.CraftEntity.getEntity(CraftEntity.java:138)
	at net.minecraft.world.entity.Entity.getBukkitEntity(Entity.java:199)
	- locked <0x00000007211c9958> (a net.minecraft.world.entity.animal.cow.Cow)
	at net.minecraft.world.entity.Entity.setAirSupply(Entity.java:3773)
	at net.minecraft.world.entity.Entity.load(Entity.java:2762)
	at net.minecraft.world.entity.EntityType.lambda$create$25(EntityType.java:1525)
	at net.minecraft.world.entity.EntityType$$Lambda/0x0000027d9e30d648.accept(Unknown Source)
	at net.minecraft.util.Util.ifElse(Util.java:673)
	at net.minecraft.world.entity.EntityType.create(EntityType.java:1520)
	at net.minecraft.world.entity.EntityType.create(EntityType.java:1515)
	at net.minecraft.world.entity.EntityType.loadStaticEntity(EntityType.java:1637)
	at net.minecraft.world.entity.EntityType.loadEntityRecursive(EntityType.java:1591)
	at net.minecraft.world.entity.EntityType.lambda$loadEntitiesRecursive$31(EntityType.java:1619)
	at net.minecraft.world.entity.EntityType$$Lambda/0x0000027d9e30cb98.accept(Unknown Source)
	at java.util.stream.ReferencePipeline$11$1.accept(java.base@21.0.10/ReferencePipeline.java:450)
	at com.google.common.collect.Streams$1Splitr.tryAdvance(Streams.java:489)
	at java.util.Spliterator.forEachRemaining(java.base@21.0.10/Spliterator.java:332)
	at java.util.stream.AbstractPipeline.copyInto(java.base@21.0.10/AbstractPipeline.java:509)
	at java.util.stream.AbstractPipeline.wrapAndCopyInto(java.base@21.0.10/AbstractPipeline.java:499)
	at java.util.stream.AbstractPipeline.evaluate(java.base@21.0.10/AbstractPipeline.java:575)
	at java.util.stream.AbstractPipeline.evaluateToArrayNode(java.base@21.0.10/AbstractPipeline.java:260)
	at java.util.stream.ReferencePipeline.toArray(java.base@21.0.10/ReferencePipeline.java:616)
	at java.util.stream.ReferencePipeline.toArray(java.base@21.0.10/ReferencePipeline.java:622)
	at java.util.stream.ReferencePipeline.toList(java.base@21.0.10/ReferencePipeline.java:627)
	at net.minecraft.server.level.ServerLevel.addWorldGenChunkEntities(ServerLevel.java:2587)
	at net.minecraft.world.level.chunk.status.ChunkStatusTasks.postLoadProtoChunk(ChunkStatusTasks.java:215)
	at ca.spottedleaf.moonrise.paper.PaperHooks.postLoadProtoChunk(PaperHooks.java:298)
	at ca.spottedleaf.moonrise.patches.chunk_system.scheduling.task.ChunkFullTask.lambda$run$0(ChunkFullTask.java:68)
	at ca.spottedleaf.moonrise.patches.chunk_system.scheduling.task.ChunkFullTask$$Lambda/0x0000027d9e210ac8.run(Unknown Source)
	at net.minecraft.world.level.chunk.LevelChunk.runPostLoad(LevelChunk.java:696)
	at ca.spottedleaf.moonrise.patches.chunk_system.scheduling.task.ChunkFullTask.run(ChunkFullTask.java:80)
	at ca.spottedleaf.concurrentutil.executor.queue.PrioritisedTaskQueue$PrioritisedQueuedTask.execute(PrioritisedTaskQueue.java:345)
	at ca.spottedleaf.concurrentutil.executor.queue.PrioritisedTaskQueue.executeTask(PrioritisedTaskQueue.java:126)
	at ca.spottedleaf.moonrise.patches.chunk_system.scheduling.ChunkTaskScheduler.executeAllRecentlyQueuedMainThreadTasks(ChunkTaskScheduler.java:349)
	at net.minecraft.server.MinecraftServer.runAllTasksAtTickStart(MinecraftServer.java:1202)
	at net.minecraft.server.MinecraftServer.processPacketsAndTick(MinecraftServer.java:1675)
	at net.minecraft.server.MinecraftServer.runServer(MinecraftServer.java:1342)
	at net.minecraft.server.MinecraftServer.lambda$spin$2(MinecraftServer.java:388)
	at net.minecraft.server.MinecraftServer$$Lambda/0x0000027d9df3aaf0.run(Unknown Source)
	at java.lang.Thread.runWith(java.base@21.0.10/Thread.java:1596)
	at java.lang.Thread.run(java.base@21.0.10/Thread.java:1583)
=== sample +6437ms ===
"Server thread" #113 [26244] prio=8 os_prio=1 cpu=2531.25ms elapsed=11.52s tid=0x0000027de953e210 nid=26244 runnable  [0x000000f247dfc000]
   java.lang.Thread.State: RUNNABLE
	at java.lang.ClassLoader.defineClass0(java.base@21.0.10/Native Method)
	at java.lang.System$2.defineClass(java.base@21.0.10/System.java:2394)
	at java.lang.invoke.MethodHandles$Lookup$ClassDefiner.defineClass(java.base@21.0.10/MethodHandles.java:2505)
	at java.lang.invoke.InnerClassLambdaMetafactory.generateInnerClass(java.base@21.0.10/InnerClassLambdaMetafactory.java:361)
	at java.lang.invoke.InnerClassLambdaMetafactory.spinInnerClass(java.base@21.0.10/InnerClassLambdaMetafactory.java:286)
	at java.lang.invoke.InnerClassLambdaMetafactory.buildCallSite(java.base@21.0.10/InnerClassLambdaMetafactory.java:221)
	at java.lang.invoke.LambdaMetafactory.metafactory(java.base@21.0.10/LambdaMetafactory.java:341)
	at java.lang.invoke.LambdaForm$DMH/0x0000027d9d110400.invokeStatic(java.base@21.0.10/LambdaForm$DMH)
	at java.lang.invoke.Invokers$Holder.invokeExact_MT(java.base@21.0.10/Invokers$Holder)
	at java.lang.invoke.BootstrapMethodInvoker.invoke(java.base@21.0.10/BootstrapMethodInvoker.java:134)
	at java.lang.invoke.CallSite.makeSite(java.base@21.0.10/CallSite.java:310)
	at java.lang.invoke.MethodHandleNatives.linkCallSiteImpl(java.base@21.0.10/MethodHandleNatives.java:249)
	at java.lang.invoke.MethodHandleNatives.linkCallSite(java.base@21.0.10/MethodHandleNatives.java:239)
	at net.minecraft.network.protocol.game.ClientboundUpdateMobEffectPacket.<clinit>(ClientboundUpdateMobEffectPacket.java:12)
	at net.minecraft.network.protocol.game.GameProtocols.lambda$static$2(GameProtocols.java:265)
	at net.minecraft.network.protocol.game.GameProtocols$$Lambda/0x0000027d9e74baa8.accept(Unknown Source)
	at net.minecraft.network.protocol.ProtocolInfoBuilder.protocol(ProtocolInfoBuilder.java:134)
	at net.minecraft.network.protocol.ProtocolInfoBuilder.clientboundProtocol(ProtocolInfoBuilder.java:147)
	at net.minecraft.network.protocol.game.GameProtocols.<clinit>(GameProtocols.java:132)
	at net.minecraft.server.network.ServerConfigurationPacketListenerImpl.handleConfigurationFinished(ServerConfigurationPacketListenerImpl.java:205)
	at net.minecraft.network.protocol.configuration.ServerboundFinishConfigurationPacket.handle(ServerboundFinishConfigurationPacket.java:22)
	at net.minecraft.network.protocol.configuration.ServerboundFinishConfigurationPacket.handle(ServerboundFinishConfigurationPacket.java:8)
	at net.minecraft.network.PacketProcessor$ListenerAndPacket.handle(PacketProcessor.java:110)
	at net.minecraft.network.PacketProcessor.executeSinglePacket(PacketProcessor.java:33)
	at net.minecraft.server.MinecraftServer.runAllTasksAtTickStart(MinecraftServer.java:1187)
	at net.minecraft.server.MinecraftServer.processPacketsAndTick(MinecraftServer.java:1675)
	at net.minecraft.server.MinecraftServer.runServer(MinecraftServer.java:1342)
	at net.minecraft.server.MinecraftServer.lambda$spin$2(MinecraftServer.java:388)
	at net.minecraft.server.MinecraftServer$$Lambda/0x0000027d9df3aaf0.run(Unknown Source)
	at java.lang.Thread.runWith(java.base@21.0.10/Thread.java:1596)
	at java.lang.Thread.run(java.base@21.0.10/Thread.java:1583)
=== sample +6700ms ===
"Server thread" #113 [26244] prio=8 os_prio=1 cpu=2671.88ms elapsed=11.77s tid=0x0000027de953e210 nid=26244 runnable  [0x000000f247dfe000]
   java.lang.Thread.State: RUNNABLE
	at net.minecraft.server.PlayerAdvancements.award(PlayerAdvancements.java:224)
	at net.minecraft.advancements.CriterionTrigger$Listener.run(CriterionTrigger.java:21)
	at net.minecraft.advancements.criterion.SimpleCriterionTrigger.trigger(SimpleCriterionTrigger.java:72)
	at net.minecraft.advancements.criterion.PlayerTrigger.trigger(PlayerTrigger.java:20)
	at net.minecraft.server.level.ServerPlayer.tick(ServerPlayer.java:757)
	at net.minecraft.server.level.ServerLevel.tickNonPassenger(ServerLevel.java:1368)
	at net.minecraft.server.level.ServerLevel$$Lambda/0x0000027d9e7bd908.accept(Unknown Source)
	at net.minecraft.world.level.Level.guardEntityTick(Level.java:1434)
	at net.minecraft.server.level.ServerLevel.lambda$tick$4(ServerLevel.java:865)
	at net.minecraft.server.level.ServerLevel$$Lambda/0x0000027d9e2726e0.accept(Unknown Source)
	at net.minecraft.world.level.entity.EntityTickList.forEach(EntityTickList.java:39)
	at net.minecraft.server.level.ServerLevel.tick(ServerLevel.java:847)
	at net.minecraft.server.MinecraftServer.tickChildren(MinecraftServer.java:1836)
	at net.minecraft.server.MinecraftServer.tickServer(MinecraftServer.java:1619)
	at net.minecraft.server.dedicated.DedicatedServer.tickServer(DedicatedServer.java:427)
	at net.minecraft.server.MinecraftServer.processPacketsAndTick(MinecraftServer.java:1676)
	at net.minecraft.server.MinecraftServer.runServer(MinecraftServer.java:1342)
	at net.minecraft.server.MinecraftServer.lambda$spin$2(MinecraftServer.java:388)
	at net.minecraft.server.MinecraftServer$$Lambda/0x0000027d9df3aaf0.run(Unknown Source)
	at java.lang.Thread.runWith(java.base@21.0.10/Thread.java:1596)
	at java.lang.Thread.run(java.base@21.0.10/Thread.java:1583)
=== sample +6965ms ===
"Server thread" #113 [26244] prio=8 os_prio=1 cpu=2781.25ms elapsed=12.03s tid=0x0000027de953e210 nid=26244 waiting on condition  [0x000000f247dff000]
   java.lang.Thread.State: TIMED_WAITING (parking)
	at jdk.internal.misc.Unsafe.park(java.base@21.0.10/Native Method)
	- parking to wait for  <0x000000071fa9c988> (a java.lang.String)
	at java.util.concurrent.locks.LockSupport.parkNanos(java.base@21.0.10/LockSupport.java:269)
	at net.minecraft.server.MinecraftServer.recordTaskExecutionTimeWhileWaiting(MinecraftServer.java:1242)
	at net.minecraft.server.MinecraftServer.runServer(MinecraftServer.java:1348)
	at net.minecraft.server.MinecraftServer.lambda$spin$2(MinecraftServer.java:388)
	at net.minecraft.server.MinecraftServer$$Lambda/0x0000027d9df3aaf0.run(Unknown Source)
	at java.lang.Thread.runWith(java.base@21.0.10/Thread.java:1596)
	at java.lang.Thread.run(java.base@21.0.10/Thread.java:1583)
=== sample +7245ms ===
"Server thread" #113 [26244] prio=8 os_prio=1 cpu=2828.12ms elapsed=12.30s tid=0x0000027de953e210 nid=26244 runnable  [0x000000f247dff000]
   java.lang.Thread.State: TIMED_WAITING (parking)
	at jdk.internal.misc.Unsafe.park(java.base@21.0.10/Native Method)
	- parking to wait for  <0x00000007146a0380> (a java.lang.String)
	at java.util.concurrent.locks.LockSupport.parkNanos(java.base@21.0.10/LockSupport.java:269)
	at net.minecraft.server.MinecraftServer.recordTaskExecutionTimeWhileWaiting(MinecraftServer.java:1242)
	at net.minecraft.server.MinecraftServer.runServer(MinecraftServer.java:1348)
	at net.minecraft.server.MinecraftServer.lambda$spin$2(MinecraftServer.java:388)
	at net.minecraft.server.MinecraftServer$$Lambda/0x0000027d9df3aaf0.run(Unknown Source)
	at java.lang.Thread.runWith(java.base@21.0.10/Thread.java:1596)
	at java.lang.Thread.run(java.base@21.0.10/Thread.java:1583)
=== sample +7527ms ===
"Server thread" #113 [26244] prio=8 os_prio=1 cpu=2843.75ms elapsed=12.59s tid=0x0000027de953e210 nid=26244 runnable  [0x000000f247dfd000]
   java.lang.Thread.State: RUNNABLE
	at it.unimi.dsi.fastutil.longs.Long2ByteLinkedOpenHashMap$MapIterator.<init>(Long2ByteLinkedOpenHashMap.java:1208)
	at it.unimi.dsi.fastutil.longs.Long2ByteLinkedOpenHashMap$FastEntryIterator.<init>(Long2ByteLinkedOpenHashMap.java:1407)
	at it.unimi.dsi.fastutil.longs.Long2ByteLinkedOpenHashMap$MapEntrySet.fastIterator(Long2ByteLinkedOpenHashMap.java:1585)
	at it.unimi.dsi.fastutil.longs.Long2ByteLinkedOpenHashMap$MapEntrySet.fastIterator(Long2ByteLinkedOpenHashMap.java:1434)
	at ca.spottedleaf.moonrise.patches.chunk_system.scheduling.ChunkHolderManager$2.processLevelUpdates(ChunkHolderManager.java:363)
	at ca.spottedleaf.moonrise.patches.chunk_system.scheduling.ThreadedTicketLevelPropagator.performUpdate(ThreadedTicketLevelPropagator.java:308)
	at ca.spottedleaf.moonrise.patches.chunk_system.scheduling.ThreadedTicketLevelPropagator.performUpdate(ThreadedTicketLevelPropagator.java:143)
	at ca.spottedleaf.moonrise.patches.chunk_system.scheduling.ChunkHolderManager.processTicketUpdatesNoLock(ChunkHolderManager.java:149)
	at ca.spottedleaf.moonrise.patches.chunk_system.scheduling.ChunkHolderManager.tick(ChunkHolderManager.java:895)
	at net.minecraft.world.level.TicketStorage.purgeStaleTickets(TicketStorage.java:259)
	at net.minecraft.server.level.ServerChunkCache.tick(ServerChunkCache.java:481)
	at net.minecraft.server.level.ServerLevel.tick(ServerLevel.java:815)
	at net.minecraft.server.MinecraftServer.tickChildren(MinecraftServer.java:1836)
	at net.minecraft.server.MinecraftServer.tickServer(MinecraftServer.java:1619)
	at net.minecraft.server.dedicated.DedicatedServer.tickServer(DedicatedServer.java:427)
	at net.minecraft.server.MinecraftServer.processPacketsAndTick(MinecraftServer.java:1676)
	at net.minecraft.server.MinecraftServer.runServer(MinecraftServer.java:1342)
	at net.minecraft.server.MinecraftServer.lambda$spin$2(MinecraftServer.java:388)
	at net.minecraft.server.MinecraftServer$$Lambda/0x0000027d9df3aaf0.run(Unknown Source)
	at java.lang.Thread.runWith(java.base@21.0.10/Thread.java:1596)
	at java.lang.Thread.run(java.base@21.0.10/Thread.java:1583)
=== sample +7823ms ===
"Server thread" #113 [26244] prio=8 os_prio=1 cpu=2890.62ms elapsed=12.88s tid=0x0000027de953e210 nid=26244 waiting on condition  [0x000000f247dff000]
   java.lang.Thread.State: TIMED_WAITING (parking)
	at jdk.internal.misc.Unsafe.park(java.base@21.0.10/Native Method)
	- parking to wait for  <0x0000000700ced820> (a java.lang.String)
	at java.util.concurrent.locks.LockSupport.parkNanos(java.base@21.0.10/LockSupport.java:269)
	at net.minecraft.server.MinecraftServer.recordTaskExecutionTimeWhileWaiting(MinecraftServer.java:1242)
	at net.minecraft.server.MinecraftServer.runServer(MinecraftServer.java:1348)
	at net.minecraft.server.MinecraftServer.lambda$spin$2(MinecraftServer.java:388)
	at net.minecraft.server.MinecraftServer$$Lambda/0x0000027d9df3aaf0.run(Unknown Source)
	at java.lang.Thread.runWith(java.base@21.0.10/Thread.java:1596)
	at java.lang.Thread.run(java.base@21.0.10/Thread.java:1583)
=== sample +8139ms ===
"Server thread" #113 [26244] prio=8 os_prio=1 cpu=3015.62ms elapsed=13.19s tid=0x0000027de953e210 nid=26244 waiting on condition  [0x000000f247dff000]
   java.lang.Thread.State: TIMED_WAITING (parking)
	at jdk.internal.misc.Unsafe.park(java.base@21.0.10/Native Method)
	- parking to wait for  <0x0000000700ced820> (a java.lang.String)
	at java.util.concurrent.locks.LockSupport.parkNanos(java.base@21.0.10/LockSupport.java:269)
	at net.minecraft.server.MinecraftServer.recordTaskExecutionTimeWhileWaiting(MinecraftServer.java:1242)
	at net.minecraft.server.MinecraftServer.runServer(MinecraftServer.java:1348)
	at net.minecraft.server.MinecraftServer.lambda$spin$2(MinecraftServer.java:388)
	at net.minecraft.server.MinecraftServer$$Lambda/0x0000027d9df3aaf0.run(Unknown Source)
	at java.lang.Thread.runWith(java.base@21.0.10/Thread.java:1596)
	at java.lang.Thread.run(java.base@21.0.10/Thread.java:1583)
=== sample +8403ms ===
"Server thread" #113 [26244] prio=8 os_prio=1 cpu=3109.38ms elapsed=13.47s tid=0x0000027de953e210 nid=26244 waiting on condition  [0x000000f247dff000]
   java.lang.Thread.State: TIMED_WAITING (parking)
	at jdk.internal.misc.Unsafe.park(java.base@21.0.10/Native Method)
	- parking to wait for  <0x0000000700ced820> (a java.lang.String)
	at java.util.concurrent.locks.LockSupport.parkNanos(java.base@21.0.10/LockSupport.java:269)
	at net.minecraft.server.MinecraftServer.recordTaskExecutionTimeWhileWaiting(MinecraftServer.java:1242)
	at net.minecraft.server.MinecraftServer.runServer(MinecraftServer.java:1348)
	at net.minecraft.server.MinecraftServer.lambda$spin$2(MinecraftServer.java:388)
	at net.minecraft.server.MinecraftServer$$Lambda/0x0000027d9df3aaf0.run(Unknown Source)
	at java.lang.Thread.runWith(java.base@21.0.10/Thread.java:1596)
	at java.lang.Thread.run(java.base@21.0.10/Thread.java:1583)
=== sample +8679ms ===
"Server thread" #113 [26244] prio=8 os_prio=1 cpu=3171.88ms elapsed=13.74s tid=0x0000027de953e210 nid=26244 waiting on condition  [0x000000f247dff000]
   java.lang.Thread.State: TIMED_WAITING (parking)
	at jdk.internal.misc.Unsafe.park(java.base@21.0.10/Native Method)
	- parking to wait for  <0x0000000700ced820> (a java.lang.String)
	at java.util.concurrent.locks.LockSupport.parkNanos(java.base@21.0.10/LockSupport.java:269)
	at net.minecraft.server.MinecraftServer.recordTaskExecutionTimeWhileWaiting(MinecraftServer.java:1242)
	at net.minecraft.server.MinecraftServer.runServer(MinecraftServer.java:1348)
	at net.minecraft.server.MinecraftServer.lambda$spin$2(MinecraftServer.java:388)
	at net.minecraft.server.MinecraftServer$$Lambda/0x0000027d9df3aaf0.run(Unknown Source)
	at java.lang.Thread.runWith(java.base@21.0.10/Thread.java:1596)
	at java.lang.Thread.run(java.base@21.0.10/Thread.java:1583)
=== sample +8960ms ===
"Server thread" #113 [26244] prio=8 os_prio=1 cpu=3218.75ms elapsed=14.01s tid=0x0000027de953e210 nid=26244 runnable  [0x000000f247dfe000]
   java.lang.Thread.State: RUNNABLE
	at net.minecraft.network.protocol.game.ClientboundSectionBlocksUpdatePacket.runUpdates(ClientboundSectionBlocksUpdatePacket.java:91)
	at net.minecraft.server.level.ChunkHolder.broadcastChanges(ChunkHolder.java:375)
	at net.minecraft.server.level.ServerChunkCache.broadcastChangedChunks(ServerChunkCache.java:522)
	at net.minecraft.server.level.ServerChunkCache.tickChunks(ServerChunkCache.java:511)
	at net.minecraft.server.level.ServerChunkCache.tick(ServerChunkCache.java:488)
	at net.minecraft.server.level.ServerLevel.tick(ServerLevel.java:815)
	at net.minecraft.server.MinecraftServer.tickChildren(MinecraftServer.java:1836)
	at net.minecraft.server.MinecraftServer.tickServer(MinecraftServer.java:1619)
	at net.minecraft.server.dedicated.DedicatedServer.tickServer(DedicatedServer.java:427)
	at net.minecraft.server.MinecraftServer.processPacketsAndTick(MinecraftServer.java:1676)
	at net.minecraft.server.MinecraftServer.runServer(MinecraftServer.java:1342)
	at net.minecraft.server.MinecraftServer.lambda$spin$2(MinecraftServer.java:388)
	at net.minecraft.server.MinecraftServer$$Lambda/0x0000027d9df3aaf0.run(Unknown Source)
	at java.lang.Thread.runWith(java.base@21.0.10/Thread.java:1596)
	at java.lang.Thread.run(java.base@21.0.10/Thread.java:1583)
=== sample +9220ms ===
"Server thread" #113 [26244] prio=8 os_prio=1 cpu=3281.25ms elapsed=14.29s tid=0x0000027de953e210 nid=26244 waiting on condition  [0x000000f247dff000]
   java.lang.Thread.State: TIMED_WAITING (parking)
	at jdk.internal.misc.Unsafe.park(java.base@21.0.10/Native Method)
	- parking to wait for  <0x0000000700ced820> (a java.lang.String)
	at java.util.concurrent.locks.LockSupport.parkNanos(java.base@21.0.10/LockSupport.java:269)
	at net.minecraft.server.MinecraftServer.recordTaskExecutionTimeWhileWaiting(MinecraftServer.java:1242)
	at net.minecraft.server.MinecraftServer.runServer(MinecraftServer.java:1348)
	at net.minecraft.server.MinecraftServer.lambda$spin$2(MinecraftServer.java:388)
	at net.minecraft.server.MinecraftServer$$Lambda/0x0000027d9df3aaf0.run(Unknown Source)
	at java.lang.Thread.runWith(java.base@21.0.10/Thread.java:1596)
	at java.lang.Thread.run(java.base@21.0.10/Thread.java:1583)
=== sample +9485ms ===
"Server thread" #113 [26244] prio=8 os_prio=1 cpu=3328.12ms elapsed=14.55s tid=0x0000027de953e210 nid=26244 waiting on condition  [0x000000f247dff000]
   java.lang.Thread.State: TIMED_WAITING (parking)
	at jdk.internal.misc.Unsafe.park(java.base@21.0.10/Native Method)
	- parking to wait for  <0x0000000700ced820> (a java.lang.String)
	at java.util.concurrent.locks.LockSupport.parkNanos(java.base@21.0.10/LockSupport.java:269)
	at net.minecraft.server.MinecraftServer.recordTaskExecutionTimeWhileWaiting(MinecraftServer.java:1242)
	at net.minecraft.server.MinecraftServer.runServer(MinecraftServer.java:1348)
	at net.minecraft.server.MinecraftServer.lambda$spin$2(MinecraftServer.java:388)
	at net.minecraft.server.MinecraftServer$$Lambda/0x0000027d9df3aaf0.run(Unknown Source)
	at java.lang.Thread.runWith(java.base@21.0.10/Thread.java:1596)
	at java.lang.Thread.run(java.base@21.0.10/Thread.java:1583)
=== sample +9747ms ===
"Server thread" #113 [26244] prio=8 os_prio=1 cpu=3375.00ms elapsed=14.82s tid=0x0000027de953e210 nid=26244 waiting on condition  [0x000000f247dff000]
   java.lang.Thread.State: TIMED_WAITING (parking)
	at jdk.internal.misc.Unsafe.park(java.base@21.0.10/Native Method)
	- parking to wait for  <0x0000000700ced820> (a java.lang.String)
	at java.util.concurrent.locks.LockSupport.parkNanos(java.base@21.0.10/LockSupport.java:269)
	at net.minecraft.server.MinecraftServer.recordTaskExecutionTimeWhileWaiting(MinecraftServer.java:1242)
	at net.minecraft.server.MinecraftServer.runServer(MinecraftServer.java:1348)
	at net.minecraft.server.MinecraftServer.lambda$spin$2(MinecraftServer.java:388)
	at net.minecraft.server.MinecraftServer$$Lambda/0x0000027d9df3aaf0.run(Unknown Source)
	at java.lang.Thread.runWith(java.base@21.0.10/Thread.java:1596)
	at java.lang.Thread.run(java.base@21.0.10/Thread.java:1583)
=== sample +10024ms ===
"Server thread" #113 [26244] prio=8 os_prio=1 cpu=3437.50ms elapsed=15.09s tid=0x0000027de953e210 nid=26244 waiting on condition  [0x000000f247dfe000]
   java.lang.Thread.State: RUNNABLE
	at net.minecraft.world.entity.animal.bee.Bee.<init>(Bee.java:172)
	at net.minecraft.world.entity.EntityType$$Lambda/0x0000027d9d6ac800.create(Unknown Source)
	at net.minecraft.world.entity.EntityType.create(EntityType.java:1510)
	at net.minecraft.world.entity.EntityType.create(EntityType.java:1540)
	at net.minecraft.world.entity.EntityType.loadStaticEntity(EntityType.java:1646)
	at net.minecraft.world.entity.EntityType.loadEntityRecursive(EntityType.java:1600)
	at net.minecraft.world.entity.EntityType.loadEntityRecursive(EntityType.java:1584)
	at net.minecraft.world.level.block.entity.BeehiveBlockEntity$Occupant.createEntity(BeehiveBlockEntity.java:473)
	at net.minecraft.world.level.block.entity.BeehiveBlockEntity.releaseOccupant(BeehiveBlockEntity.java:251)
	at net.minecraft.world.level.block.entity.BeehiveBlockEntity.releaseOccupant(BeehiveBlockEntity.java:229)
	at net.minecraft.world.level.block.entity.BeehiveBlockEntity.tickOccupants(BeehiveBlockEntity.java:328)
	at net.minecraft.world.level.block.entity.BeehiveBlockEntity.serverTick(BeehiveBlockEntity.java:346)
	at net.minecraft.world.level.block.BeehiveBlock$$Lambda/0x0000027d9e806ed0.tick(Unknown Source)
	at net.minecraft.world.level.chunk.LevelChunk$BoundTickingBlockEntity.tick(LevelChunk.java:1024)
	at net.minecraft.world.level.chunk.LevelChunk$RebindableTickingBlockEntityWrapper.tick(LevelChunk.java:1094)
	at net.minecraft.world.level.Level.tickBlockEntities(Level.java:1415)
	at net.minecraft.server.level.ServerLevel.tick(ServerLevel.java:873)
	at net.minecraft.server.MinecraftServer.tickChildren(MinecraftServer.java:1836)
	at net.minecraft.server.MinecraftServer.tickServer(MinecraftServer.java:1619)
	at net.minecraft.server.dedicated.DedicatedServer.tickServer(DedicatedServer.java:427)
	at net.minecraft.server.MinecraftServer.processPacketsAndTick(MinecraftServer.java:1676)
	at net.minecraft.server.MinecraftServer.runServer(MinecraftServer.java:1342)
	at net.minecraft.server.MinecraftServer.lambda$spin$2(MinecraftServer.java:388)
	at net.minecraft.server.MinecraftServer$$Lambda/0x0000027d9df3aaf0.run(Unknown Source)
	at java.lang.Thread.runWith(java.base@21.0.10/Thread.java:1596)
	at java.lang.Thread.run(java.base@21.0.10/Thread.java:1583)
=== sample +10287ms ===
"Server thread" #113 [26244] prio=8 os_prio=1 cpu=3453.12ms elapsed=15.36s tid=0x0000027de953e210 nid=26244 waiting on condition  [0x000000f247dff000]
   java.lang.Thread.State: TIMED_WAITING (parking)
	at jdk.internal.misc.Unsafe.park(java.base@21.0.10/Native Method)
	- parking to wait for  <0x0000000700ced820> (a java.lang.String)
	at java.util.concurrent.locks.LockSupport.parkNanos(java.base@21.0.10/LockSupport.java:269)
	at net.minecraft.server.MinecraftServer.recordTaskExecutionTimeWhileWaiting(MinecraftServer.java:1242)
	at net.minecraft.server.MinecraftServer.runServer(MinecraftServer.java:1348)
	at net.minecraft.server.MinecraftServer.lambda$spin$2(MinecraftServer.java:388)
	at net.minecraft.server.MinecraftServer$$Lambda/0x0000027d9df3aaf0.run(Unknown Source)
	at java.lang.Thread.runWith(java.base@21.0.10/Thread.java:1596)
	at java.lang.Thread.run(java.base@21.0.10/Thread.java:1583)
=== sample +10534ms ===
"Server thread" #113 [26244] prio=8 os_prio=1 cpu=3531.25ms elapsed=15.61s tid=0x0000027de953e210 nid=26244 runnable  [0x000000f247dfd000]
   java.lang.Thread.State: RUNNABLE
	at net.minecraft.world.entity.LivingEntity.isPushable(LivingEntity.java:4118)
	at net.minecraft.world.entity.LivingEntity.pushEntities(LivingEntity.java:3920)
	at net.minecraft.world.entity.LivingEntity.aiStep(LivingEntity.java:3803)
	at net.minecraft.world.entity.Mob.aiStep(Mob.java:554)
	at net.minecraft.world.entity.AgeableMob.aiStep(AgeableMob.java:149)
	at net.minecraft.world.entity.animal.Animal.aiStep(Animal.java:71)
	at net.minecraft.world.entity.LivingEntity.tick(LivingEntity.java:3439)
	at net.minecraft.world.entity.Mob.tick(Mob.java:398)
	at net.minecraft.server.level.ServerLevel.tickNonPassenger(ServerLevel.java:1368)
	at net.minecraft.server.level.ServerLevel$$Lambda/0x0000027d9e7bd908.accept(Unknown Source)
	at net.minecraft.world.level.Level.guardEntityTick(Level.java:1434)
	at net.minecraft.server.level.ServerLevel.lambda$tick$4(ServerLevel.java:865)
	at net.minecraft.server.level.ServerLevel$$Lambda/0x0000027d9e2726e0.accept(Unknown Source)
	at net.minecraft.world.level.entity.EntityTickList.forEach(EntityTickList.java:39)
	at net.minecraft.server.level.ServerLevel.tick(ServerLevel.java:847)
	at net.minecraft.server.MinecraftServer.tickChildren(MinecraftServer.java:1836)
	at net.minecraft.server.MinecraftServer.tickServer(MinecraftServer.java:1619)
	at net.minecraft.server.dedicated.DedicatedServer.tickServer(DedicatedServer.java:427)
	at net.minecraft.server.MinecraftServer.processPacketsAndTick(MinecraftServer.java:1676)
	at net.minecraft.server.MinecraftServer.runServer(MinecraftServer.java:1342)
	at net.minecraft.server.MinecraftServer.lambda$spin$2(MinecraftServer.java:388)
	at net.minecraft.server.MinecraftServer$$Lambda/0x0000027d9df3aaf0.run(Unknown Source)
	at java.lang.Thread.runWith(java.base@21.0.10/Thread.java:1596)
	at java.lang.Thread.run(java.base@21.0.10/Thread.java:1583)
=== sample +10779ms ===
"Server thread" #113 [26244] prio=8 os_prio=1 cpu=3546.88ms elapsed=15.86s tid=0x0000027de953e210 nid=26244 waiting on condition  [0x000000f247dff000]
   java.lang.Thread.State: TIMED_WAITING (parking)
	at jdk.internal.misc.Unsafe.park(java.base@21.0.10/Native Method)
	- parking to wait for  <0x0000000700ced820> (a java.lang.String)
	at java.util.concurrent.locks.LockSupport.parkNanos(java.base@21.0.10/LockSupport.java:269)
	at net.minecraft.server.MinecraftServer.recordTaskExecutionTimeWhileWaiting(MinecraftServer.java:1242)
	at net.minecraft.server.MinecraftServer.runServer(MinecraftServer.java:1348)
	at net.minecraft.server.MinecraftServer.lambda$spin$2(MinecraftServer.java:388)
	at net.minecraft.server.MinecraftServer$$Lambda/0x0000027d9df3aaf0.run(Unknown Source)
	at java.lang.Thread.runWith(java.base@21.0.10/Thread.java:1596)
	at java.lang.Thread.run(java.base@21.0.10/Thread.java:1583)
=== sample +11037ms ===
"Server thread" #113 [26244] prio=8 os_prio=1 cpu=3546.88ms elapsed=16.11s tid=0x0000027de953e210 nid=26244 runnable  [0x000000f247dfe000]
   java.lang.Thread.State: RUNNABLE
	at net.minecraft.world.level.material.FlowingFluid.getSlopeDistance(FlowingFluid.java:365)
	at net.minecraft.world.level.material.FlowingFluid.getSlopeDistance(FlowingFluid.java:365)
	at net.minecraft.world.level.material.FlowingFluid.getSpread(FlowingFluid.java:438)
	at net.minecraft.world.level.material.FlowingFluid.spreadToSides(FlowingFluid.java:202)
	at net.minecraft.world.level.material.FlowingFluid.spread(FlowingFluid.java:190)
	at net.minecraft.world.level.material.FlowingFluid.tick(FlowingFluid.java:529)
	at net.minecraft.world.level.material.FluidState.tick(FluidState.java:100)
	at net.minecraft.server.level.ServerLevel.tickFluid(ServerLevel.java:1316)
	at net.minecraft.server.level.ServerLevel$$Lambda/0x0000027d9e25c0c8.accept(Unknown Source)
	at net.minecraft.world.ticks.LevelTicks.runCollectedTicks(LevelTicks.java:189)
	at net.minecraft.world.ticks.LevelTicks.tick(LevelTicks.java:88)
	at net.minecraft.server.level.ServerLevel.tick(ServerLevel.java:803)
	at net.minecraft.server.MinecraftServer.tickChildren(MinecraftServer.java:1836)
	at net.minecraft.server.MinecraftServer.tickServer(MinecraftServer.java:1619)
	at net.minecraft.server.dedicated.DedicatedServer.tickServer(DedicatedServer.java:427)
	at net.minecraft.server.MinecraftServer.processPacketsAndTick(MinecraftServer.java:1676)
	at net.minecraft.server.MinecraftServer.runServer(MinecraftServer.java:1342)
	at net.minecraft.server.MinecraftServer.lambda$spin$2(MinecraftServer.java:388)
	at net.minecraft.server.MinecraftServer$$Lambda/0x0000027d9df3aaf0.run(Unknown Source)
	at java.lang.Thread.runWith(java.base@21.0.10/Thread.java:1596)
	at java.lang.Thread.run(java.base@21.0.10/Thread.java:1583)
=== sample +11285ms ===
"Server thread" #113 [26244] prio=8 os_prio=1 cpu=3609.38ms elapsed=16.36s tid=0x0000027de953e210 nid=26244 runnable  [0x000000f247dfd000]
   java.lang.Thread.State: RUNNABLE
	at net.minecraft.world.entity.ai.control.LookControl.clampHeadRotationToBody(LookControl.java:75)
	at net.minecraft.world.entity.ai.control.LookControl.tick(LookControl.java:70)
	at net.minecraft.world.entity.Mob.serverAiStep(Mob.java:882)
	at net.minecraft.world.entity.LivingEntity.aiStep(LivingEntity.java:3717)
	at net.minecraft.world.entity.Mob.aiStep(Mob.java:554)
	at net.minecraft.world.entity.AgeableMob.aiStep(AgeableMob.java:149)
	at net.minecraft.world.entity.animal.Animal.aiStep(Animal.java:71)
	at net.minecraft.world.entity.LivingEntity.tick(LivingEntity.java:3439)
	at net.minecraft.world.entity.Mob.tick(Mob.java:398)
	at net.minecraft.server.level.ServerLevel.tickNonPassenger(ServerLevel.java:1368)
	at net.minecraft.server.level.ServerLevel$$Lambda/0x0000027d9e7bd908.accept(Unknown Source)
	at net.minecraft.world.level.Level.guardEntityTick(Level.java:1434)
	at net.minecraft.server.level.ServerLevel.lambda$tick$4(ServerLevel.java:865)
	at net.minecraft.server.level.ServerLevel$$Lambda/0x0000027d9e2726e0.accept(Unknown Source)
	at net.minecraft.world.level.entity.EntityTickList.forEach(EntityTickList.java:39)
	at net.minecraft.server.level.ServerLevel.tick(ServerLevel.java:847)
	at net.minecraft.server.MinecraftServer.tickChildren(MinecraftServer.java:1836)
	at net.minecraft.server.MinecraftServer.tickServer(MinecraftServer.java:1619)
	at net.minecraft.server.dedicated.DedicatedServer.tickServer(DedicatedServer.java:427)
	at net.minecraft.server.MinecraftServer.processPacketsAndTick(MinecraftServer.java:1676)
	at net.minecraft.server.MinecraftServer.runServer(MinecraftServer.java:1342)
	at net.minecraft.server.MinecraftServer.lambda$spin$2(MinecraftServer.java:388)
	at net.minecraft.server.MinecraftServer$$Lambda/0x0000027d9df3aaf0.run(Unknown Source)
	at java.lang.Thread.runWith(java.base@21.0.10/Thread.java:1596)
	at java.lang.Thread.run(java.base@21.0.10/Thread.java:1583)
=== sample +11531ms ===
"Server thread" #113 [26244] prio=8 os_prio=1 cpu=3625.00ms elapsed=16.61s tid=0x0000027de953e210 nid=26244 waiting on condition  [0x000000f247dff000]
   java.lang.Thread.State: TIMED_WAITING (parking)
	at jdk.internal.misc.Unsafe.park(java.base@21.0.10/Native Method)
	- parking to wait for  <0x0000000700ced820> (a java.lang.String)
	at java.util.concurrent.locks.LockSupport.parkNanos(java.base@21.0.10/LockSupport.java:269)
	at net.minecraft.server.MinecraftServer.recordTaskExecutionTimeWhileWaiting(MinecraftServer.java:1242)
	at net.minecraft.server.MinecraftServer.runServer(MinecraftServer.java:1348)
	at net.minecraft.server.MinecraftServer.lambda$spin$2(MinecraftServer.java:388)
	at net.minecraft.server.MinecraftServer$$Lambda/0x0000027d9df3aaf0.run(Unknown Source)
	at java.lang.Thread.runWith(java.base@21.0.10/Thread.java:1596)
	at java.lang.Thread.run(java.base@21.0.10/Thread.java:1583)
=== sample +11779ms ===
"Server thread" #113 [26244] prio=8 os_prio=1 cpu=3625.00ms elapsed=16.86s tid=0x0000027de953e210 nid=26244 waiting on condition  [0x000000f247dff000]
   java.lang.Thread.State: TIMED_WAITING (parking)
	at jdk.internal.misc.Unsafe.park(java.base@21.0.10/Native Method)
	- parking to wait for  <0x0000000700ced820> (a java.lang.String)
	at java.util.concurrent.locks.LockSupport.parkNanos(java.base@21.0.10/LockSupport.java:269)
	at net.minecraft.server.MinecraftServer.recordTaskExecutionTimeWhileWaiting(MinecraftServer.java:1242)
	at net.minecraft.server.MinecraftServer.runServer(MinecraftServer.java:1348)
	at net.minecraft.server.MinecraftServer.lambda$spin$2(MinecraftServer.java:388)
	at net.minecraft.server.MinecraftServer$$Lambda/0x0000027d9df3aaf0.run(Unknown Source)
	at java.lang.Thread.runWith(java.base@21.0.10/Thread.java:1596)
	at java.lang.Thread.run(java.base@21.0.10/Thread.java:1583)
=== sample +12035ms ===
"Server thread" #113 [26244] prio=8 os_prio=1 cpu=3625.00ms elapsed=17.11s tid=0x0000027de953e210 nid=26244 runnable  [0x000000f247dfe000]
   java.lang.Thread.State: RUNNABLE
	at net.minecraft.world.level.material.FlowingFluid.getNewLiquid(FlowingFluid.java:237)
	at net.minecraft.world.level.material.FlowingFluid.tick(FlowingFluid.java:491)
	at net.minecraft.world.level.material.FluidState.tick(FluidState.java:100)
	at net.minecraft.server.level.ServerLevel.tickFluid(ServerLevel.java:1316)
	at net.minecraft.server.level.ServerLevel$$Lambda/0x0000027d9e25c0c8.accept(Unknown Source)
	at net.minecraft.world.ticks.LevelTicks.runCollectedTicks(LevelTicks.java:189)
	at net.minecraft.world.ticks.LevelTicks.tick(LevelTicks.java:88)
	at net.minecraft.server.level.ServerLevel.tick(ServerLevel.java:803)
	at net.minecraft.server.MinecraftServer.tickChildren(MinecraftServer.java:1836)
	at net.minecraft.server.MinecraftServer.tickServer(MinecraftServer.java:1619)
	at net.minecraft.server.dedicated.DedicatedServer.tickServer(DedicatedServer.java:427)
	at net.minecraft.server.MinecraftServer.processPacketsAndTick(MinecraftServer.java:1676)
	at net.minecraft.server.MinecraftServer.runServer(MinecraftServer.java:1342)
	at net.minecraft.server.MinecraftServer.lambda$spin$2(MinecraftServer.java:388)
	at net.minecraft.server.MinecraftServer$$Lambda/0x0000027d9df3aaf0.run(Unknown Source)
	at java.lang.Thread.runWith(java.base@21.0.10/Thread.java:1596)
	at java.lang.Thread.run(java.base@21.0.10/Thread.java:1583)
=== sample +12282ms ===
"Server thread" #113 [26244] prio=8 os_prio=1 cpu=3656.25ms elapsed=17.36s tid=0x0000027de953e210 nid=26244 runnable  [0x000000f247dfd000]
   java.lang.Thread.State: RUNNABLE
	at net.minecraft.world.level.block.SpreadingSnowyDirtBlock.randomTick(SpreadingSnowyDirtBlock.java:85)
	at net.minecraft.world.level.block.state.BlockBehaviour$BlockStateBase.randomTick(BlockBehaviour.java:881)
	at net.minecraft.server.level.ServerLevel.optimiseRandomTick(ServerLevel.java:972)
	at net.minecraft.server.level.ServerLevel.tickChunk(ServerLevel.java:1004)
	at net.minecraft.server.level.ServerChunkCache.iterateTickingChunksFaster(ServerChunkCache.java:175)
	at net.minecraft.server.level.ServerChunkCache.tickChunks(ServerChunkCache.java:606)
	at net.minecraft.server.level.ServerChunkCache.tickChunks(ServerChunkCache.java:507)
	at net.minecraft.server.level.ServerChunkCache.tick(ServerChunkCache.java:488)
	at net.minecraft.server.level.ServerLevel.tick(ServerLevel.java:815)
	at net.minecraft.server.MinecraftServer.tickChildren(MinecraftServer.java:1836)
	at net.minecraft.server.MinecraftServer.tickServer(MinecraftServer.java:1619)
	at net.minecraft.server.dedicated.DedicatedServer.tickServer(DedicatedServer.java:427)
	at net.minecraft.server.MinecraftServer.processPacketsAndTick(MinecraftServer.java:1676)
	at net.minecraft.server.MinecraftServer.runServer(MinecraftServer.java:1342)
	at net.minecraft.server.MinecraftServer.lambda$spin$2(MinecraftServer.java:388)
	at net.minecraft.server.MinecraftServer$$Lambda/0x0000027d9df3aaf0.run(Unknown Source)
	at java.lang.Thread.runWith(java.base@21.0.10/Thread.java:1596)
	at java.lang.Thread.run(java.base@21.0.10/Thread.java:1583)
=== sample +12536ms ===
"Server thread" #113 [26244] prio=8 os_prio=1 cpu=3671.88ms elapsed=17.61s tid=0x0000027de953e210 nid=26244 waiting on condition  [0x000000f247dff000]
   java.lang.Thread.State: TIMED_WAITING (parking)
	at jdk.internal.misc.Unsafe.park(java.base@21.0.10/Native Method)
	- parking to wait for  <0x0000000700ced820> (a java.lang.String)
	at java.util.concurrent.locks.LockSupport.parkNanos(java.base@21.0.10/LockSupport.java:269)
	at net.minecraft.server.MinecraftServer.recordTaskExecutionTimeWhileWaiting(MinecraftServer.java:1242)
	at net.minecraft.server.MinecraftServer.runServer(MinecraftServer.java:1348)
	at net.minecraft.server.MinecraftServer.lambda$spin$2(MinecraftServer.java:388)
	at net.minecraft.server.MinecraftServer$$Lambda/0x0000027d9df3aaf0.run(Unknown Source)
	at java.lang.Thread.runWith(java.base@21.0.10/Thread.java:1596)
	at java.lang.Thread.run(java.base@21.0.10/Thread.java:1583)
=== sample +12774ms ===
"Server thread" #113 [26244] prio=8 os_prio=1 cpu=3671.88ms elapsed=17.85s tid=0x0000027de953e210 nid=26244 runnable  [0x000000f247dff000]
   java.lang.Thread.State: TIMED_WAITING (parking)
	at jdk.internal.misc.Unsafe.park(java.base@21.0.10/Native Method)
	- parking to wait for  <0x0000000700ced820> (a java.lang.String)
	at java.util.concurrent.locks.LockSupport.parkNanos(java.base@21.0.10/LockSupport.java:269)
	at net.minecraft.server.MinecraftServer.recordTaskExecutionTimeWhileWaiting(MinecraftServer.java:1242)
	at net.minecraft.server.MinecraftServer.runServer(MinecraftServer.java:1348)
	at net.minecraft.server.MinecraftServer.lambda$spin$2(MinecraftServer.java:388)
	at net.minecraft.server.MinecraftServer$$Lambda/0x0000027d9df3aaf0.run(Unknown Source)
	at java.lang.Thread.runWith(java.base@21.0.10/Thread.java:1596)
	at java.lang.Thread.run(java.base@21.0.10/Thread.java:1583)
=== sample +13024ms ===
"Server thread" #113 [26244] prio=8 os_prio=1 cpu=3671.88ms elapsed=18.10s tid=0x0000027de953e210 nid=26244 waiting on condition  [0x000000f247dff000]
   java.lang.Thread.State: TIMED_WAITING (parking)
	at jdk.internal.misc.Unsafe.park(java.base@21.0.10/Native Method)
	- parking to wait for  <0x0000000700ced820> (a java.lang.String)
	at java.util.concurrent.locks.LockSupport.parkNanos(java.base@21.0.10/LockSupport.java:269)
	at net.minecraft.server.MinecraftServer.recordTaskExecutionTimeWhileWaiting(MinecraftServer.java:1242)
	at net.minecraft.server.MinecraftServer.runServer(MinecraftServer.java:1348)
	at net.minecraft.server.MinecraftServer.lambda$spin$2(MinecraftServer.java:388)
	at net.minecraft.server.MinecraftServer$$Lambda/0x0000027d9df3aaf0.run(Unknown Source)
	at java.lang.Thread.runWith(java.base@21.0.10/Thread.java:1596)
	at java.lang.Thread.run(java.base@21.0.10/Thread.java:1583)
=== sample +13272ms ===
"Server thread" #113 [26244] prio=8 os_prio=1 cpu=3687.50ms elapsed=18.34s tid=0x0000027de953e210 nid=26244 waiting on condition  [0x000000f247dff000]
   java.lang.Thread.State: TIMED_WAITING (parking)
	at jdk.internal.misc.Unsafe.park(java.base@21.0.10/Native Method)
	- parking to wait for  <0x0000000700ced820> (a java.lang.String)
	at java.util.concurrent.locks.LockSupport.parkNanos(java.base@21.0.10/LockSupport.java:269)
	at net.minecraft.server.MinecraftServer.recordTaskExecutionTimeWhileWaiting(MinecraftServer.java:1242)
	at net.minecraft.server.MinecraftServer.runServer(MinecraftServer.java:1348)
	at net.minecraft.server.MinecraftServer.lambda$spin$2(MinecraftServer.java:388)
	at net.minecraft.server.MinecraftServer$$Lambda/0x0000027d9df3aaf0.run(Unknown Source)
	at java.lang.Thread.runWith(java.base@21.0.10/Thread.java:1596)
	at java.lang.Thread.run(java.base@21.0.10/Thread.java:1583)
=== sample +13518ms ===
"Server thread" #113 [26244] prio=8 os_prio=1 cpu=3750.00ms elapsed=18.60s tid=0x0000027de953e210 nid=26244 waiting on condition  [0x000000f247dff000]
   java.lang.Thread.State: TIMED_WAITING (parking)
	at jdk.internal.misc.Unsafe.park(java.base@21.0.10/Native Method)
	- parking to wait for  <0x0000000700ced820> (a java.lang.String)
	at java.util.concurrent.locks.LockSupport.parkNanos(java.base@21.0.10/LockSupport.java:269)
	at net.minecraft.server.MinecraftServer.recordTaskExecutionTimeWhileWaiting(MinecraftServer.java:1242)
	at net.minecraft.server.MinecraftServer.runServer(MinecraftServer.java:1348)
	at net.minecraft.server.MinecraftServer.lambda$spin$2(MinecraftServer.java:388)
	at net.minecraft.server.MinecraftServer$$Lambda/0x0000027d9df3aaf0.run(Unknown Source)
	at java.lang.Thread.runWith(java.base@21.0.10/Thread.java:1596)
	at java.lang.Thread.run(java.base@21.0.10/Thread.java:1583)
=== sample +13780ms ===
"Server thread" #113 [26244] prio=8 os_prio=1 cpu=3765.62ms elapsed=18.84s tid=0x0000027de953e210 nid=26244 waiting on condition  [0x000000f247dff000]
   java.lang.Thread.State: TIMED_WAITING (parking)
	at jdk.internal.misc.Unsafe.park(java.base@21.0.10/Native Method)
	- parking to wait for  <0x0000000700ced820> (a java.lang.String)
	at java.util.concurrent.locks.LockSupport.parkNanos(java.base@21.0.10/LockSupport.java:269)
	at net.minecraft.server.MinecraftServer.recordTaskExecutionTimeWhileWaiting(MinecraftServer.java:1242)
	at net.minecraft.server.MinecraftServer.runServer(MinecraftServer.java:1348)
	at net.minecraft.server.MinecraftServer.lambda$spin$2(MinecraftServer.java:388)
	at net.minecraft.server.MinecraftServer$$Lambda/0x0000027d9df3aaf0.run(Unknown Source)
	at java.lang.Thread.runWith(java.base@21.0.10/Thread.java:1596)
	at java.lang.Thread.run(java.base@21.0.10/Thread.java:1583)
=== sample +14053ms ===
"Server thread" #113 [26244] prio=8 os_prio=1 cpu=3765.62ms elapsed=19.11s tid=0x0000027de953e210 nid=26244 waiting on condition  [0x000000f247dff000]
   java.lang.Thread.State: TIMED_WAITING (parking)
	at jdk.internal.misc.Unsafe.park(java.base@21.0.10/Native Method)
	- parking to wait for  <0x0000000700ced820> (a java.lang.String)
	at java.util.concurrent.locks.LockSupport.parkNanos(java.base@21.0.10/LockSupport.java:269)
	at net.minecraft.server.MinecraftServer.recordTaskExecutionTimeWhileWaiting(MinecraftServer.java:1242)
	at net.minecraft.server.MinecraftServer.runServer(MinecraftServer.java:1348)
	at net.minecraft.server.MinecraftServer.lambda$spin$2(MinecraftServer.java:388)
	at net.minecraft.server.MinecraftServer$$Lambda/0x0000027d9df3aaf0.run(Unknown Source)
	at java.lang.Thread.runWith(java.base@21.0.10/Thread.java:1596)
	at java.lang.Thread.run(java.base@21.0.10/Thread.java:1583)
=== sample +14292ms ===
"Server thread" #113 [26244] prio=8 os_prio=1 cpu=3765.62ms elapsed=19.37s tid=0x0000027de953e210 nid=26244 waiting on condition  [0x000000f247dff000]
   java.lang.Thread.State: TIMED_WAITING (parking)
	at jdk.internal.misc.Unsafe.park(java.base@21.0.10/Native Method)
	- parking to wait for  <0x0000000700ced820> (a java.lang.String)
	at java.util.concurrent.locks.LockSupport.parkNanos(java.base@21.0.10/LockSupport.java:269)
	at net.minecraft.server.MinecraftServer.recordTaskExecutionTimeWhileWaiting(MinecraftServer.java:1242)
	at net.minecraft.server.MinecraftServer.runServer(MinecraftServer.java:1348)
	at net.minecraft.server.MinecraftServer.lambda$spin$2(MinecraftServer.java:388)
	at net.minecraft.server.MinecraftServer$$Lambda/0x0000027d9df3aaf0.run(Unknown Source)
	at java.lang.Thread.runWith(java.base@21.0.10/Thread.java:1596)
	at java.lang.Thread.run(java.base@21.0.10/Thread.java:1583)
=== sample +14539ms ===
"Server thread" #113 [26244] prio=8 os_prio=1 cpu=3765.62ms elapsed=19.61s tid=0x0000027de953e210 nid=26244 waiting on condition  [0x000000f247dff000]
   java.lang.Thread.State: TIMED_WAITING (parking)
	at jdk.internal.misc.Unsafe.park(java.base@21.0.10/Native Method)
	- parking to wait for  <0x0000000700ced820> (a java.lang.String)
	at java.util.concurrent.locks.LockSupport.parkNanos(java.base@21.0.10/LockSupport.java:269)
	at net.minecraft.server.MinecraftServer.recordTaskExecutionTimeWhileWaiting(MinecraftServer.java:1242)
	at net.minecraft.server.MinecraftServer.runServer(MinecraftServer.java:1348)
	at net.minecraft.server.MinecraftServer.lambda$spin$2(MinecraftServer.java:388)
	at net.minecraft.server.MinecraftServer$$Lambda/0x0000027d9df3aaf0.run(Unknown Source)
	at java.lang.Thread.runWith(java.base@21.0.10/Thread.java:1596)
	at java.lang.Thread.run(java.base@21.0.10/Thread.java:1583)
=== sample +14786ms ===
"Server thread" #113 [26244] prio=8 os_prio=1 cpu=3796.88ms elapsed=19.86s tid=0x0000027de953e210 nid=26244 waiting on condition  [0x000000f247dff000]
   java.lang.Thread.State: TIMED_WAITING (parking)
	at jdk.internal.misc.Unsafe.park(java.base@21.0.10/Native Method)
	- parking to wait for  <0x0000000700ced820> (a java.lang.String)
	at java.util.concurrent.locks.LockSupport.parkNanos(java.base@21.0.10/LockSupport.java:269)
	at net.minecraft.server.MinecraftServer.recordTaskExecutionTimeWhileWaiting(MinecraftServer.java:1242)
	at net.minecraft.server.MinecraftServer.runServer(MinecraftServer.java:1348)
	at net.minecraft.server.MinecraftServer.lambda$spin$2(MinecraftServer.java:388)
	at net.minecraft.server.MinecraftServer$$Lambda/0x0000027d9df3aaf0.run(Unknown Source)
	at java.lang.Thread.runWith(java.base@21.0.10/Thread.java:1596)
	at java.lang.Thread.run(java.base@21.0.10/Thread.java:1583)
=== sample +15048ms ===
"Server thread" #113 [26244] prio=8 os_prio=1 cpu=3812.50ms elapsed=20.12s tid=0x0000027de953e210 nid=26244 waiting on condition  [0x000000f247dff000]
   java.lang.Thread.State: TIMED_WAITING (parking)
	at jdk.internal.misc.Unsafe.park(java.base@21.0.10/Native Method)
	- parking to wait for  <0x0000000700ced820> (a java.lang.String)
	at java.util.concurrent.locks.LockSupport.parkNanos(java.base@21.0.10/LockSupport.java:269)
	at net.minecraft.server.MinecraftServer.recordTaskExecutionTimeWhileWaiting(MinecraftServer.java:1242)
	at net.minecraft.server.MinecraftServer.runServer(MinecraftServer.java:1348)
	at net.minecraft.server.MinecraftServer.lambda$spin$2(MinecraftServer.java:388)
	at net.minecraft.server.MinecraftServer$$Lambda/0x0000027d9df3aaf0.run(Unknown Source)
	at java.lang.Thread.runWith(java.base@21.0.10/Thread.java:1596)
	at java.lang.Thread.run(java.base@21.0.10/Thread.java:1583)
=== sample +15294ms ===
"Server thread" #113 [26244] prio=8 os_prio=1 cpu=3812.50ms elapsed=20.37s tid=0x0000027de953e210 nid=26244 waiting on condition  [0x000000f247dff000]
   java.lang.Thread.State: TIMED_WAITING (parking)
	at jdk.internal.misc.Unsafe.park(java.base@21.0.10/Native Method)
	- parking to wait for  <0x0000000700ced820> (a java.lang.String)
	at java.util.concurrent.locks.LockSupport.parkNanos(java.base@21.0.10/LockSupport.java:269)
	at net.minecraft.server.MinecraftServer.recordTaskExecutionTimeWhileWaiting(MinecraftServer.java:1242)
	at net.minecraft.server.MinecraftServer.runServer(MinecraftServer.java:1348)
	at net.minecraft.server.MinecraftServer.lambda$spin$2(MinecraftServer.java:388)
	at net.minecraft.server.MinecraftServer$$Lambda/0x0000027d9df3aaf0.run(Unknown Source)
	at java.lang.Thread.runWith(java.base@21.0.10/Thread.java:1596)
	at java.lang.Thread.run(java.base@21.0.10/Thread.java:1583)
=== sample +15541ms ===
"Server thread" #113 [26244] prio=8 os_prio=1 cpu=3812.50ms elapsed=20.61s tid=0x0000027de953e210 nid=26244 waiting on condition  [0x000000f247dff000]
   java.lang.Thread.State: TIMED_WAITING (parking)
	at jdk.internal.misc.Unsafe.park(java.base@21.0.10/Native Method)
	- parking to wait for  <0x0000000700ced820> (a java.lang.String)
	at java.util.concurrent.locks.LockSupport.parkNanos(java.base@21.0.10/LockSupport.java:269)
	at net.minecraft.server.MinecraftServer.recordTaskExecutionTimeWhileWaiting(MinecraftServer.java:1242)
	at net.minecraft.server.MinecraftServer.runServer(MinecraftServer.java:1348)
	at net.minecraft.server.MinecraftServer.lambda$spin$2(MinecraftServer.java:388)
	at net.minecraft.server.MinecraftServer$$Lambda/0x0000027d9df3aaf0.run(Unknown Source)
	at java.lang.Thread.runWith(java.base@21.0.10/Thread.java:1596)
	at java.lang.Thread.run(java.base@21.0.10/Thread.java:1583)
=== sample +15787ms ===
"Server thread" #113 [26244] prio=8 os_prio=1 cpu=3843.75ms elapsed=20.87s tid=0x0000027de953e210 nid=26244 waiting on condition  [0x000000f247dff000]
   java.lang.Thread.State: TIMED_WAITING (parking)
	at jdk.internal.misc.Unsafe.park(java.base@21.0.10/Native Method)
	- parking to wait for  <0x0000000700ced820> (a java.lang.String)
	at java.util.concurrent.locks.LockSupport.parkNanos(java.base@21.0.10/LockSupport.java:269)
	at net.minecraft.server.MinecraftServer.recordTaskExecutionTimeWhileWaiting(MinecraftServer.java:1242)
	at net.minecraft.server.MinecraftServer.runServer(MinecraftServer.java:1348)
	at net.minecraft.server.MinecraftServer.lambda$spin$2(MinecraftServer.java:388)
	at net.minecraft.server.MinecraftServer$$Lambda/0x0000027d9df3aaf0.run(Unknown Source)
	at java.lang.Thread.runWith(java.base@21.0.10/Thread.java:1596)
	at java.lang.Thread.run(java.base@21.0.10/Thread.java:1583)
=== sample +16051ms ===
"Server thread" #113 [26244] prio=8 os_prio=1 cpu=3906.25ms elapsed=21.12s tid=0x0000027de953e210 nid=26244 waiting on condition  [0x000000f247dff000]
   java.lang.Thread.State: TIMED_WAITING (parking)
	at jdk.internal.misc.Unsafe.park(java.base@21.0.10/Native Method)
	- parking to wait for  <0x0000000700ced820> (a java.lang.String)
	at java.util.concurrent.locks.LockSupport.parkNanos(java.base@21.0.10/LockSupport.java:269)
	at net.minecraft.server.MinecraftServer.recordTaskExecutionTimeWhileWaiting(MinecraftServer.java:1242)
	at net.minecraft.server.MinecraftServer.runServer(MinecraftServer.java:1348)
	at net.minecraft.server.MinecraftServer.lambda$spin$2(MinecraftServer.java:388)
	at net.minecraft.server.MinecraftServer$$Lambda/0x0000027d9df3aaf0.run(Unknown Source)
	at java.lang.Thread.runWith(java.base@21.0.10/Thread.java:1596)
	at java.lang.Thread.run(java.base@21.0.10/Thread.java:1583)
=== sample +16311ms ===
"Server thread" #113 [26244] prio=8 os_prio=1 cpu=3921.88ms elapsed=21.38s tid=0x0000027de953e210 nid=26244 waiting on condition  [0x000000f247dff000]
   java.lang.Thread.State: TIMED_WAITING (parking)
	at jdk.internal.misc.Unsafe.park(java.base@21.0.10/Native Method)
	- parking to wait for  <0x0000000700ced820> (a java.lang.String)
	at java.util.concurrent.locks.LockSupport.parkNanos(java.base@21.0.10/LockSupport.java:269)
	at net.minecraft.server.MinecraftServer.recordTaskExecutionTimeWhileWaiting(MinecraftServer.java:1242)
	at net.minecraft.server.MinecraftServer.runServer(MinecraftServer.java:1348)
	at net.minecraft.server.MinecraftServer.lambda$spin$2(MinecraftServer.java:388)
	at net.minecraft.server.MinecraftServer$$Lambda/0x0000027d9df3aaf0.run(Unknown Source)
	at java.lang.Thread.runWith(java.base@21.0.10/Thread.java:1596)
	at java.lang.Thread.run(java.base@21.0.10/Thread.java:1583)
=== sample +16557ms ===
"Server thread" #113 [26244] prio=8 os_prio=1 cpu=3921.88ms elapsed=21.64s tid=0x0000027de953e210 nid=26244 waiting on condition  [0x000000f247dff000]
   java.lang.Thread.State: TIMED_WAITING (parking)
	at jdk.internal.misc.Unsafe.park(java.base@21.0.10/Native Method)
	- parking to wait for  <0x0000000700ced820> (a java.lang.String)
	at java.util.concurrent.locks.LockSupport.parkNanos(java.base@21.0.10/LockSupport.java:269)
	at net.minecraft.server.MinecraftServer.recordTaskExecutionTimeWhileWaiting(MinecraftServer.java:1242)
	at net.minecraft.server.MinecraftServer.runServer(MinecraftServer.java:1348)
	at net.minecraft.server.MinecraftServer.lambda$spin$2(MinecraftServer.java:388)
	at net.minecraft.server.MinecraftServer$$Lambda/0x0000027d9df3aaf0.run(Unknown Source)
	at java.lang.Thread.runWith(java.base@21.0.10/Thread.java:1596)
	at java.lang.Thread.run(java.base@21.0.10/Thread.java:1583)
=== sample +16803ms ===
"Server thread" #113 [26244] prio=8 os_prio=1 cpu=3921.88ms elapsed=21.88s tid=0x0000027de953e210 nid=26244 waiting on condition  [0x000000f247dff000]
   java.lang.Thread.State: TIMED_WAITING (parking)
	at jdk.internal.misc.Unsafe.park(java.base@21.0.10/Native Method)
	- parking to wait for  <0x0000000700ced820> (a java.lang.String)
	at java.util.concurrent.locks.LockSupport.parkNanos(java.base@21.0.10/LockSupport.java:269)
	at net.minecraft.server.MinecraftServer.recordTaskExecutionTimeWhileWaiting(MinecraftServer.java:1242)
	at net.minecraft.server.MinecraftServer.runServer(MinecraftServer.java:1348)
	at net.minecraft.server.MinecraftServer.lambda$spin$2(MinecraftServer.java:388)
	at net.minecraft.server.MinecraftServer$$Lambda/0x0000027d9df3aaf0.run(Unknown Source)
	at java.lang.Thread.runWith(java.base@21.0.10/Thread.java:1596)
	at java.lang.Thread.run(java.base@21.0.10/Thread.java:1583)
=== sample +17053ms ===
"Server thread" #113 [26244] prio=8 os_prio=1 cpu=4000.00ms elapsed=22.13s tid=0x0000027de953e210 nid=26244 waiting on condition  [0x000000f247dff000]
   java.lang.Thread.State: TIMED_WAITING (parking)
	at jdk.internal.misc.Unsafe.park(java.base@21.0.10/Native Method)
	- parking to wait for  <0x0000000700ced820> (a java.lang.String)
	at java.util.concurrent.locks.LockSupport.parkNanos(java.base@21.0.10/LockSupport.java:269)
	at net.minecraft.server.MinecraftServer.recordTaskExecutionTimeWhileWaiting(MinecraftServer.java:1242)
	at net.minecraft.server.MinecraftServer.runServer(MinecraftServer.java:1348)
	at net.minecraft.server.MinecraftServer.lambda$spin$2(MinecraftServer.java:388)
	at net.minecraft.server.MinecraftServer$$Lambda/0x0000027d9df3aaf0.run(Unknown Source)
	at java.lang.Thread.runWith(java.base@21.0.10/Thread.java:1596)
	at java.lang.Thread.run(java.base@21.0.10/Thread.java:1583)
=== sample +17301ms ===
"Server thread" #113 [26244] prio=8 os_prio=1 cpu=4046.88ms elapsed=22.38s tid=0x0000027de953e210 nid=26244 waiting on condition  [0x000000f247dff000]
   java.lang.Thread.State: TIMED_WAITING (parking)
	at jdk.internal.misc.Unsafe.park(java.base@21.0.10/Native Method)
	- parking to wait for  <0x0000000700ced820> (a java.lang.String)
	at java.util.concurrent.locks.LockSupport.parkNanos(java.base@21.0.10/LockSupport.java:269)
	at net.minecraft.server.MinecraftServer.recordTaskExecutionTimeWhileWaiting(MinecraftServer.java:1242)
	at net.minecraft.server.MinecraftServer.runServer(MinecraftServer.java:1348)
	at net.minecraft.server.MinecraftServer.lambda$spin$2(MinecraftServer.java:388)
	at net.minecraft.server.MinecraftServer$$Lambda/0x0000027d9df3aaf0.run(Unknown Source)
	at java.lang.Thread.runWith(java.base@21.0.10/Thread.java:1596)
	at java.lang.Thread.run(java.base@21.0.10/Thread.java:1583)
=== sample +17563ms ===
"Server thread" #113 [26244] prio=8 os_prio=1 cpu=4046.88ms elapsed=22.63s tid=0x0000027de953e210 nid=26244 waiting on condition  [0x000000f247dff000]
   java.lang.Thread.State: TIMED_WAITING (parking)
	at jdk.internal.misc.Unsafe.park(java.base@21.0.10/Native Method)
	- parking to wait for  <0x0000000700ced820> (a java.lang.String)
	at java.util.concurrent.locks.LockSupport.parkNanos(java.base@21.0.10/LockSupport.java:269)
	at net.minecraft.server.MinecraftServer.recordTaskExecutionTimeWhileWaiting(MinecraftServer.java:1242)
	at net.minecraft.server.MinecraftServer.runServer(MinecraftServer.java:1348)
	at net.minecraft.server.MinecraftServer.lambda$spin$2(MinecraftServer.java:388)
	at net.minecraft.server.MinecraftServer$$Lambda/0x0000027d9df3aaf0.run(Unknown Source)
	at java.lang.Thread.runWith(java.base@21.0.10/Thread.java:1596)
	at java.lang.Thread.run(java.base@21.0.10/Thread.java:1583)
=== sample +17810ms ===
"Server thread" #113 [26244] prio=8 os_prio=1 cpu=4046.88ms elapsed=22.89s tid=0x0000027de953e210 nid=26244 waiting on condition  [0x000000f247dff000]
   java.lang.Thread.State: TIMED_WAITING (parking)
	at jdk.internal.misc.Unsafe.park(java.base@21.0.10/Native Method)
	- parking to wait for  <0x0000000700ced820> (a java.lang.String)
	at java.util.concurrent.locks.LockSupport.parkNanos(java.base@21.0.10/LockSupport.java:269)
	at net.minecraft.server.MinecraftServer.recordTaskExecutionTimeWhileWaiting(MinecraftServer.java:1242)
	at net.minecraft.server.MinecraftServer.runServer(MinecraftServer.java:1348)
	at net.minecraft.server.MinecraftServer.lambda$spin$2(MinecraftServer.java:388)
	at net.minecraft.server.MinecraftServer$$Lambda/0x0000027d9df3aaf0.run(Unknown Source)
	at java.lang.Thread.runWith(java.base@21.0.10/Thread.java:1596)
	at java.lang.Thread.run(java.base@21.0.10/Thread.java:1583)
=== sample +18058ms ===
"Server thread" #113 [26244] prio=8 os_prio=1 cpu=4046.88ms elapsed=23.14s tid=0x0000027de953e210 nid=26244 waiting on condition  [0x000000f247dff000]
   java.lang.Thread.State: TIMED_WAITING (parking)
	at jdk.internal.misc.Unsafe.park(java.base@21.0.10/Native Method)
	- parking to wait for  <0x0000000700ced820> (a java.lang.String)
	at java.util.concurrent.locks.LockSupport.parkNanos(java.base@21.0.10/LockSupport.java:269)
	at net.minecraft.server.MinecraftServer.recordTaskExecutionTimeWhileWaiting(MinecraftServer.java:1242)
	at net.minecraft.server.MinecraftServer.runServer(MinecraftServer.java:1348)
	at net.minecraft.server.MinecraftServer.lambda$spin$2(MinecraftServer.java:388)
	at net.minecraft.server.MinecraftServer$$Lambda/0x0000027d9df3aaf0.run(Unknown Source)
	at java.lang.Thread.runWith(java.base@21.0.10/Thread.java:1596)
	at java.lang.Thread.run(java.base@21.0.10/Thread.java:1583)
botFailures=[] exited=true
======== run 2 ========
boot: [01:40:55 INFO]: Done (17.612s)! For help, type "help"
---- stalls ----
PapoTickProfile.stall tick=83 gapMs=112.7 durMs=3.5 at=01:40:59.484
PapoTickProfile.stall tick=117 gapMs=827.4 durMs=5.8 at=01:41:01.907
PapoTickProfile.stall tick=119 gapMs=486.9 durMs=181.4 at=01:41:02.432
PapoTickProfile.stall tick=166 gapMs=126.4 durMs=85.4 at=01:41:04.618
PapoTickProfile.stall tick=172 gapMs=100.1 durMs=69.3 at=01:41:04.894
---- jstack Server-thread samples ----
=== sample +2706ms ===
"Server thread" #113 [37988] prio=8 os_prio=1 cpu=1953.12ms elapsed=7.90s tid=0x00000223784bae90 nid=37988 waiting on condition  [0x000000cc1eaff000]
   java.lang.Thread.State: TIMED_WAITING (parking)
	at jdk.internal.misc.Unsafe.park(java.base@21.0.10/Native Method)
	- parking to wait for  <0x0000000703c4be28> (a java.lang.String)
	at java.util.concurrent.locks.LockSupport.parkNanos(java.base@21.0.10/LockSupport.java:269)
	at net.minecraft.server.MinecraftServer.recordTaskExecutionTimeWhileWaiting(MinecraftServer.java:1242)
	at net.minecraft.server.MinecraftServer.runServer(MinecraftServer.java:1348)
	at net.minecraft.server.MinecraftServer.lambda$spin$2(MinecraftServer.java:388)
	at net.minecraft.server.MinecraftServer$$Lambda/0x0000022329f3a248.run(Unknown Source)
	at java.lang.Thread.runWith(java.base@21.0.10/Thread.java:1596)
	at java.lang.Thread.run(java.base@21.0.10/Thread.java:1583)
=== sample +2956ms ===
"Server thread" #113 [37988] prio=8 os_prio=1 cpu=2015.62ms elapsed=8.15s tid=0x00000223784bae90 nid=37988 waiting on condition  [0x000000cc1eaff000]
   java.lang.Thread.State: TIMED_WAITING (parking)
	at jdk.internal.misc.Unsafe.park(java.base@21.0.10/Native Method)
	- parking to wait for  <0x0000000703c4be28> (a java.lang.String)
	at java.util.concurrent.locks.LockSupport.parkNanos(java.base@21.0.10/LockSupport.java:269)
	at net.minecraft.server.MinecraftServer.recordTaskExecutionTimeWhileWaiting(MinecraftServer.java:1242)
	at net.minecraft.server.MinecraftServer.runServer(MinecraftServer.java:1348)
	at net.minecraft.server.MinecraftServer.lambda$spin$2(MinecraftServer.java:388)
	at net.minecraft.server.MinecraftServer$$Lambda/0x0000022329f3a248.run(Unknown Source)
	at java.lang.Thread.runWith(java.base@21.0.10/Thread.java:1596)
	at java.lang.Thread.run(java.base@21.0.10/Thread.java:1583)
=== sample +3216ms ===
"Server thread" #113 [37988] prio=8 os_prio=1 cpu=2015.62ms elapsed=8.41s tid=0x00000223784bae90 nid=37988 waiting on condition  [0x000000cc1eaff000]
   java.lang.Thread.State: TIMED_WAITING (parking)
	at jdk.internal.misc.Unsafe.park(java.base@21.0.10/Native Method)
	- parking to wait for  <0x0000000703c4be28> (a java.lang.String)
	at java.util.concurrent.locks.LockSupport.parkNanos(java.base@21.0.10/LockSupport.java:269)
	at net.minecraft.server.MinecraftServer.recordTaskExecutionTimeWhileWaiting(MinecraftServer.java:1242)
	at net.minecraft.server.MinecraftServer.runServer(MinecraftServer.java:1348)
	at net.minecraft.server.MinecraftServer.lambda$spin$2(MinecraftServer.java:388)
	at net.minecraft.server.MinecraftServer$$Lambda/0x0000022329f3a248.run(Unknown Source)
	at java.lang.Thread.runWith(java.base@21.0.10/Thread.java:1596)
	at java.lang.Thread.run(java.base@21.0.10/Thread.java:1583)
=== sample +3463ms ===
"Server thread" #113 [37988] prio=8 os_prio=1 cpu=2015.62ms elapsed=8.66s tid=0x00000223784bae90 nid=37988 waiting on condition  [0x000000cc1eaff000]
   java.lang.Thread.State: TIMED_WAITING (parking)
	at jdk.internal.misc.Unsafe.park(java.base@21.0.10/Native Method)
	- parking to wait for  <0x0000000703c4be28> (a java.lang.String)
	at java.util.concurrent.locks.LockSupport.parkNanos(java.base@21.0.10/LockSupport.java:269)
	at net.minecraft.server.MinecraftServer.recordTaskExecutionTimeWhileWaiting(MinecraftServer.java:1242)
	at net.minecraft.server.MinecraftServer.runServer(MinecraftServer.java:1348)
	at net.minecraft.server.MinecraftServer.lambda$spin$2(MinecraftServer.java:388)
	at net.minecraft.server.MinecraftServer$$Lambda/0x0000022329f3a248.run(Unknown Source)
	at java.lang.Thread.runWith(java.base@21.0.10/Thread.java:1596)
	at java.lang.Thread.run(java.base@21.0.10/Thread.java:1583)
=== sample +3723ms ===
"Server thread" #113 [37988] prio=8 os_prio=1 cpu=2015.62ms elapsed=8.91s tid=0x00000223784bae90 nid=37988 waiting on condition  [0x000000cc1eaff000]
   java.lang.Thread.State: TIMED_WAITING (parking)
	at jdk.internal.misc.Unsafe.park(java.base@21.0.10/Native Method)
	- parking to wait for  <0x0000000703c4be28> (a java.lang.String)
	at java.util.concurrent.locks.LockSupport.parkNanos(java.base@21.0.10/LockSupport.java:269)
	at net.minecraft.server.MinecraftServer.recordTaskExecutionTimeWhileWaiting(MinecraftServer.java:1242)
	at net.minecraft.server.MinecraftServer.runServer(MinecraftServer.java:1348)
	at net.minecraft.server.MinecraftServer.lambda$spin$2(MinecraftServer.java:388)
	at net.minecraft.server.MinecraftServer$$Lambda/0x0000022329f3a248.run(Unknown Source)
	at java.lang.Thread.runWith(java.base@21.0.10/Thread.java:1596)
	at java.lang.Thread.run(java.base@21.0.10/Thread.java:1583)
=== sample +3992ms ===
"Server thread" #113 [37988] prio=8 os_prio=1 cpu=2031.25ms elapsed=9.18s tid=0x00000223784bae90 nid=37988 waiting on condition  [0x000000cc1eaff000]
   java.lang.Thread.State: TIMED_WAITING (parking)
	at jdk.internal.misc.Unsafe.park(java.base@21.0.10/Native Method)
	- parking to wait for  <0x0000000703c4be28> (a java.lang.String)
	at java.util.concurrent.locks.LockSupport.parkNanos(java.base@21.0.10/LockSupport.java:269)
	at net.minecraft.server.MinecraftServer.recordTaskExecutionTimeWhileWaiting(MinecraftServer.java:1242)
	at net.minecraft.server.MinecraftServer.runServer(MinecraftServer.java:1348)
	at net.minecraft.server.MinecraftServer.lambda$spin$2(MinecraftServer.java:388)
	at net.minecraft.server.MinecraftServer$$Lambda/0x0000022329f3a248.run(Unknown Source)
	at java.lang.Thread.runWith(java.base@21.0.10/Thread.java:1596)
	at java.lang.Thread.run(java.base@21.0.10/Thread.java:1583)
=== sample +4254ms ===
"Server thread" #113 [37988] prio=8 os_prio=1 cpu=2125.00ms elapsed=9.44s tid=0x00000223784bae90 nid=37988 waiting on condition  [0x000000cc1eaff000]
   java.lang.Thread.State: TIMED_WAITING (parking)
	at jdk.internal.misc.Unsafe.park(java.base@21.0.10/Native Method)
	- parking to wait for  <0x0000000703c4be28> (a java.lang.String)
	at java.util.concurrent.locks.LockSupport.parkNanos(java.base@21.0.10/LockSupport.java:269)
	at net.minecraft.server.MinecraftServer.recordTaskExecutionTimeWhileWaiting(MinecraftServer.java:1242)
	at net.minecraft.server.MinecraftServer.runServer(MinecraftServer.java:1348)
	at net.minecraft.server.MinecraftServer.lambda$spin$2(MinecraftServer.java:388)
	at net.minecraft.server.MinecraftServer$$Lambda/0x0000022329f3a248.run(Unknown Source)
	at java.lang.Thread.runWith(java.base@21.0.10/Thread.java:1596)
	at java.lang.Thread.run(java.base@21.0.10/Thread.java:1583)
=== sample +4546ms ===
"Server thread" #113 [37988] prio=8 os_prio=1 cpu=2125.00ms elapsed=9.73s tid=0x00000223784bae90 nid=37988 runnable  [0x000000cc1eafe000]
   java.lang.Thread.State: RUNNABLE
	at java.math.BigDecimal.add(java.base@21.0.10/BigDecimal.java:5340)
	at java.math.BigDecimal.add(java.base@21.0.10/BigDecimal.java:1394)
	at me.lucko.spark.paper.common.util.RollingAverage.add(RollingAverage.java:50)
	- locked <0x000000070168aeb0> (a me.lucko.spark.paper.common.util.RollingAverage)
	at me.lucko.spark.paper.common.monitor.tick.SparkTickStatistics.onTick(SparkTickStatistics.java:104)
	at me.lucko.spark.paper.common.tick.AbstractTickReporter.onTick(AbstractTickReporter.java:31)
	at me.lucko.spark.paper.PaperTickReporter.onTick(PaperTickReporter.java:43)
	at me.lucko.spark.paper.PaperSparkPlugin.onServerTickEnd(PaperSparkPlugin.java:110)
	at io.papermc.paper.SparksFly.tickEnd(SparksFly.java:162)
	at net.minecraft.server.MinecraftServer.tickServer(MinecraftServer.java:1657)
	at net.minecraft.server.dedicated.DedicatedServer.tickServer(DedicatedServer.java:427)
	at net.minecraft.server.MinecraftServer.processPacketsAndTick(MinecraftServer.java:1676)
	at net.minecraft.server.MinecraftServer.runServer(MinecraftServer.java:1342)
	at net.minecraft.server.MinecraftServer.lambda$spin$2(MinecraftServer.java:388)
	at net.minecraft.server.MinecraftServer$$Lambda/0x0000022329f3a248.run(Unknown Source)
	at java.lang.Thread.runWith(java.base@21.0.10/Thread.java:1596)
	at java.lang.Thread.run(java.base@21.0.10/Thread.java:1583)
=== sample +4821ms ===
"Server thread" #113 [37988] prio=8 os_prio=1 cpu=2125.00ms elapsed=10.01s tid=0x00000223784bae90 nid=37988 waiting on condition  [0x000000cc1eaff000]
   java.lang.Thread.State: TIMED_WAITING (parking)
	at jdk.internal.misc.Unsafe.park(java.base@21.0.10/Native Method)
	- parking to wait for  <0x0000000703c4be28> (a java.lang.String)
	at java.util.concurrent.locks.LockSupport.parkNanos(java.base@21.0.10/LockSupport.java:269)
	at net.minecraft.server.MinecraftServer.recordTaskExecutionTimeWhileWaiting(MinecraftServer.java:1242)
	at net.minecraft.server.MinecraftServer.runServer(MinecraftServer.java:1348)
	at net.minecraft.server.MinecraftServer.lambda$spin$2(MinecraftServer.java:388)
	at net.minecraft.server.MinecraftServer$$Lambda/0x0000022329f3a248.run(Unknown Source)
	at java.lang.Thread.runWith(java.base@21.0.10/Thread.java:1596)
	at java.lang.Thread.run(java.base@21.0.10/Thread.java:1583)
=== sample +5111ms ===
"Server thread" #113 [37988] prio=8 os_prio=1 cpu=2140.62ms elapsed=10.30s tid=0x00000223784bae90 nid=37988 waiting on condition  [0x000000cc1eaff000]
   java.lang.Thread.State: TIMED_WAITING (parking)
	at jdk.internal.misc.Unsafe.park(java.base@21.0.10/Native Method)
	- parking to wait for  <0x0000000703c4be28> (a java.lang.String)
	at java.util.concurrent.locks.LockSupport.parkNanos(java.base@21.0.10/LockSupport.java:269)
	at net.minecraft.server.MinecraftServer.recordTaskExecutionTimeWhileWaiting(MinecraftServer.java:1242)
	at net.minecraft.server.MinecraftServer.runServer(MinecraftServer.java:1348)
	at net.minecraft.server.MinecraftServer.lambda$spin$2(MinecraftServer.java:388)
	at net.minecraft.server.MinecraftServer$$Lambda/0x0000022329f3a248.run(Unknown Source)
	at java.lang.Thread.runWith(java.base@21.0.10/Thread.java:1596)
	at java.lang.Thread.run(java.base@21.0.10/Thread.java:1583)
=== sample +5418ms ===
"Server thread" #113 [37988] prio=8 os_prio=1 cpu=2156.25ms elapsed=10.60s tid=0x00000223784bae90 nid=37988 runnable  [0x000000cc1eafe000]
   java.lang.Thread.State: RUNNABLE
	at ca.spottedleaf.moonrise.patches.chunk_system.scheduling.ChunkHolderManager.tick(ChunkHolderManager.java:819)
	at net.minecraft.world.level.TicketStorage.purgeStaleTickets(TicketStorage.java:259)
	at net.minecraft.server.level.ServerChunkCache.tick(ServerChunkCache.java:481)
	at net.minecraft.server.level.ServerLevel.tick(ServerLevel.java:815)
	at net.minecraft.server.MinecraftServer.tickChildren(MinecraftServer.java:1836)
	at net.minecraft.server.MinecraftServer.tickServer(MinecraftServer.java:1619)
	at net.minecraft.server.dedicated.DedicatedServer.tickServer(DedicatedServer.java:427)
	at net.minecraft.server.MinecraftServer.processPacketsAndTick(MinecraftServer.java:1676)
	at net.minecraft.server.MinecraftServer.runServer(MinecraftServer.java:1342)
	at net.minecraft.server.MinecraftServer.lambda$spin$2(MinecraftServer.java:388)
	at net.minecraft.server.MinecraftServer$$Lambda/0x0000022329f3a248.run(Unknown Source)
	at java.lang.Thread.runWith(java.base@21.0.10/Thread.java:1596)
	at java.lang.Thread.run(java.base@21.0.10/Thread.java:1583)
=== sample +5698ms ===
"Server thread" #113 [37988] prio=8 os_prio=1 cpu=2156.25ms elapsed=10.88s tid=0x00000223784bae90 nid=37988 waiting on condition  [0x000000cc1eaff000]
   java.lang.Thread.State: TIMED_WAITING (parking)
	at jdk.internal.misc.Unsafe.park(java.base@21.0.10/Native Method)
	- parking to wait for  <0x0000000703c4be28> (a java.lang.String)
	at java.util.concurrent.locks.LockSupport.parkNanos(java.base@21.0.10/LockSupport.java:269)
	at net.minecraft.server.MinecraftServer.recordTaskExecutionTimeWhileWaiting(MinecraftServer.java:1242)
	at net.minecraft.server.MinecraftServer.runServer(MinecraftServer.java:1348)
	at net.minecraft.server.MinecraftServer.lambda$spin$2(MinecraftServer.java:388)
	at net.minecraft.server.MinecraftServer$$Lambda/0x0000022329f3a248.run(Unknown Source)
	at java.lang.Thread.runWith(java.base@21.0.10/Thread.java:1596)
	at java.lang.Thread.run(java.base@21.0.10/Thread.java:1583)
=== sample +5976ms ===
"Server thread" #113 [37988] prio=8 os_prio=1 cpu=2203.12ms elapsed=11.16s tid=0x00000223784bae90 nid=37988 runnable  [0x000000cc1eaf5000]
   java.lang.Thread.State: RUNNABLE
	at java.lang.Class.initClassName(java.base@21.0.10/Native Method)
	at java.lang.Class.getName(java.base@21.0.10/Class.java:950)
	at java.lang.Class.getPackageName(java.base@21.0.10/Class.java:1169)
	at java.lang.ClassLoader.postDefineClass(java.base@21.0.10/ClassLoader.java:934)
	at java.lang.ClassLoader.defineClass(java.base@21.0.10/ClassLoader.java:1028)
	at java.security.SecureClassLoader.defineClass(java.base@21.0.10/SecureClassLoader.java:150)
	at java.net.URLClassLoader.defineClass(java.base@21.0.10/URLClassLoader.java:524)
	at java.net.URLClassLoader$1.run(java.base@21.0.10/URLClassLoader.java:427)
	at java.net.URLClassLoader$1.run(java.base@21.0.10/URLClassLoader.java:421)
	at java.security.AccessController.executePrivileged(java.base@21.0.10/AccessController.java:809)
	at java.security.AccessController.doPrivileged(java.base@21.0.10/AccessController.java:714)
	at java.net.URLClassLoader.findClass(java.base@21.0.10/URLClassLoader.java:420)
	at java.lang.ClassLoader.loadClass(java.base@21.0.10/ClassLoader.java:593)
	- locked <0x0000000724565790> (a java.lang.Object)
	at java.lang.ClassLoader.loadClass(java.base@21.0.10/ClassLoader.java:526)
	at java.lang.ClassLoader.defineClass1(java.base@21.0.10/Native Method)
	at java.lang.ClassLoader.defineClass(java.base@21.0.10/ClassLoader.java:1027)
	at java.security.SecureClassLoader.defineClass(java.base@21.0.10/SecureClassLoader.java:150)
	at java.net.URLClassLoader.defineClass(java.base@21.0.10/URLClassLoader.java:524)
	at java.net.URLClassLoader$1.run(java.base@21.0.10/URLClassLoader.java:427)
	at java.net.URLClassLoader$1.run(java.base@21.0.10/URLClassLoader.java:421)
	at java.security.AccessController.executePrivileged(java.base@21.0.10/AccessController.java:809)
	at java.security.AccessController.doPrivileged(java.base@21.0.10/AccessController.java:714)
	at java.net.URLClassLoader.findClass(java.base@21.0.10/URLClassLoader.java:420)
	at java.lang.ClassLoader.loadClass(java.base@21.0.10/ClassLoader.java:593)
	- locked <0x000000072455d798> (a java.lang.Object)
	at java.lang.ClassLoader.loadClass(java.base@21.0.10/ClassLoader.java:526)
	at java.lang.ClassLoader.defineClass1(java.base@21.0.10/Native Method)
	at java.lang.ClassLoader.defineClass(java.base@21.0.10/ClassLoader.java:1027)
	at java.security.SecureClassLoader.defineClass(java.base@21.0.10/SecureClassLoader.java:150)
	at java.net.URLClassLoader.defineClass(java.base@21.0.10/URLClassLoader.java:524)
	at java.net.URLClassLoader$1.run(java.base@21.0.10/URLClassLoader.java:427)
	at java.net.URLClassLoader$1.run(java.base@21.0.10/URLClassLoader.java:421)
	at java.security.AccessController.executePrivileged(java.base@21.0.10/AccessController.java:809)
	at java.security.AccessController.doPrivileged(java.base@21.0.10/AccessController.java:714)
	at java.net.URLClassLoader.findClass(java.base@21.0.10/URLClassLoader.java:420)
	at java.lang.ClassLoader.loadClass(java.base@21.0.10/ClassLoader.java:593)
	- locked <0x000000072455b7a0> (a java.lang.Object)
	at java.lang.ClassLoader.loadClass(java.base@21.0.10/ClassLoader.java:526)
	at java.lang.ClassLoader.defineClass1(java.base@21.0.10/Native Method)
	at java.lang.ClassLoader.defineClass(java.base@21.0.10/ClassLoader.java:1027)
	at java.security.SecureClassLoader.defineClass(java.base@21.0.10/SecureClassLoader.java:150)
	at java.net.URLClassLoader.defineClass(java.base@21.0.10/URLClassLoader.java:524)
	at java.net.URLClassLoader$1.run(java.base@21.0.10/URLClassLoader.java:427)
	at java.net.URLClassLoader$1.run(java.base@21.0.10/URLClassLoader.java:421)
	at java.security.AccessController.executePrivileged(java.base@21.0.10/AccessController.java:809)
	at java.security.AccessController.doPrivileged(java.base@21.0.10/AccessController.java:714)
	at java.net.URLClassLoader.findClass(java.base@21.0.10/URLClassLoader.java:420)
	at java.lang.ClassLoader.loadClass(java.base@21.0.10/ClassLoader.java:593)
	- locked <0x00000007245583f0> (a java.lang.Object)
	at java.lang.ClassLoader.loadClass(java.base@21.0.10/ClassLoader.java:526)
	at java.lang.ClassLoader.defineClass1(java.base@21.0.10/Native Method)
	at java.lang.ClassLoader.defineClass(java.base@21.0.10/ClassLoader.java:1027)
	at java.security.SecureClassLoader.defineClass(java.base@21.0.10/SecureClassLoader.java:150)
	at java.net.URLClassLoader.defineClass(java.base@21.0.10/URLClassLoader.java:524)
	at java.net.URLClassLoader$1.run(java.base@21.0.10/URLClassLoader.java:427)
	at java.net.URLClassLoader$1.run(java.base@21.0.10/URLClassLoader.java:421)
	at java.security.AccessController.executePrivileged(java.base@21.0.10/AccessController.java:809)
	at java.security.AccessController.doPrivileged(java.base@21.0.10/AccessController.java:714)
	at java.net.URLClassLoader.findClass(java.base@21.0.10/URLClassLoader.java:420)
	at java.lang.ClassLoader.loadClass(java.base@21.0.10/ClassLoader.java:593)
	- locked <0x00000007245548b8> (a java.lang.Object)
	at java.lang.ClassLoader.loadClass(java.base@21.0.10/ClassLoader.java:526)
	at java.lang.ClassLoader.defineClass1(java.base@21.0.10/Native Method)
	at java.lang.ClassLoader.defineClass(java.base@21.0.10/ClassLoader.java:1027)
	at java.security.SecureClassLoader.defineClass(java.base@21.0.10/SecureClassLoader.java:150)
	at java.net.URLClassLoader.defineClass(java.base@21.0.10/URLClassLoader.java:524)
	at java.net.URLClassLoader$1.run(java.base@21.0.10/URLClassLoader.java:427)
	at java.net.URLClassLoader$1.run(java.base@21.0.10/URLClassLoader.java:421)
	at java.security.AccessController.executePrivileged(java.base@21.0.10/AccessController.java:809)
	at java.security.AccessController.doPrivileged(java.base@21.0.10/AccessController.java:714)
	at java.net.URLClassLoader.findClass(java.base@21.0.10/URLClassLoader.java:420)
	at java.lang.ClassLoader.loadClass(java.base@21.0.10/ClassLoader.java:593)
	- locked <0x00000007245533d0> (a java.lang.Object)
	at java.lang.ClassLoader.loadClass(java.base@21.0.10/ClassLoader.java:526)
	at org.bukkit.craftbukkit.entity.CraftEntityTypes.<clinit>(CraftEntityTypes.java:279)
	at org.bukkit.craftbukkit.entity.CraftEntity.getEntity(CraftEntity.java:138)
	at net.minecraft.world.entity.Entity.getBukkitEntity(Entity.java:199)
	- locked <0x00000007244cc298> (a net.minecraft.world.entity.animal.cow.Cow)
	at net.minecraft.world.entity.Entity.setAirSupply(Entity.java:3773)
	at net.minecraft.world.entity.Entity.load(Entity.java:2762)
	at net.minecraft.world.entity.EntityType.lambda$create$25(EntityType.java:1525)
	at net.minecraft.world.entity.EntityType$$Lambda/0x000002232a30bb40.accept(Unknown Source)
	at net.minecraft.util.Util.ifElse(Util.java:673)
	at net.minecraft.world.entity.EntityType.create(EntityType.java:1520)
	at net.minecraft.world.entity.EntityType.create(EntityType.java:1515)
	at net.minecraft.world.entity.EntityType.loadStaticEntity(EntityType.java:1637)
	at net.minecraft.world.entity.EntityType.loadEntityRecursive(EntityType.java:1591)
	at net.minecraft.world.entity.EntityType.lambda$loadEntitiesRecursive$31(EntityType.java:1619)
	at net.minecraft.world.entity.EntityType$$Lambda/0x000002232a30b090.accept(Unknown Source)
	at java.util.stream.ReferencePipeline$11$1.accept(java.base@21.0.10/ReferencePipeline.java:450)
	at com.google.common.collect.Streams$1Splitr.tryAdvance(Streams.java:489)
	at java.util.Spliterator.forEachRemaining(java.base@21.0.10/Spliterator.java:332)
	at java.util.stream.AbstractPipeline.copyInto(java.base@21.0.10/AbstractPipeline.java:509)
	at java.util.stream.AbstractPipeline.wrapAndCopyInto(java.base@21.0.10/AbstractPipeline.java:499)
	at java.util.stream.AbstractPipeline.evaluate(java.base@21.0.10/AbstractPipeline.java:575)
	at java.util.stream.AbstractPipeline.evaluateToArrayNode(java.base@21.0.10/AbstractPipeline.java:260)
	at java.util.stream.ReferencePipeline.toArray(java.base@21.0.10/ReferencePipeline.java:616)
	at java.util.stream.ReferencePipeline.toArray(java.base@21.0.10/ReferencePipeline.java:622)
	at java.util.stream.ReferencePipeline.toList(java.base@21.0.10/ReferencePipeline.java:627)
	at net.minecraft.server.level.ServerLevel.addWorldGenChunkEntities(ServerLevel.java:2587)
	at net.minecraft.world.level.chunk.status.ChunkStatusTasks.postLoadProtoChunk(ChunkStatusTasks.java:215)
	at ca.spottedleaf.moonrise.paper.PaperHooks.postLoadProtoChunk(PaperHooks.java:298)
	at ca.spottedleaf.moonrise.patches.chunk_system.scheduling.task.ChunkFullTask.lambda$run$0(ChunkFullTask.java:68)
	at ca.spottedleaf.moonrise.patches.chunk_system.scheduling.task.ChunkFullTask$$Lambda/0x000002232a2150e8.run(Unknown Source)
	at net.minecraft.world.level.chunk.LevelChunk.runPostLoad(LevelChunk.java:696)
	at ca.spottedleaf.moonrise.patches.chunk_system.scheduling.task.ChunkFullTask.run(ChunkFullTask.java:80)
	at ca.spottedleaf.concurrentutil.executor.queue.PrioritisedTaskQueue$PrioritisedQueuedTask.execute(PrioritisedTaskQueue.java:345)
	at ca.spottedleaf.concurrentutil.executor.queue.PrioritisedTaskQueue.executeTask(PrioritisedTaskQueue.java:126)
	at ca.spottedleaf.moonrise.patches.chunk_system.scheduling.ChunkTaskScheduler.executeAllRecentlyQueuedMainThreadTasks(ChunkTaskScheduler.java:349)
	at net.minecraft.server.MinecraftServer.runAllTasksAtTickStart(MinecraftServer.java:1202)
	at net.minecraft.server.MinecraftServer.processPacketsAndTick(MinecraftServer.java:1675)
	at net.minecraft.server.MinecraftServer.runServer(MinecraftServer.java:1342)
	at net.minecraft.server.MinecraftServer.lambda$spin$2(MinecraftServer.java:388)
	at net.minecraft.server.MinecraftServer$$Lambda/0x0000022329f3a248.run(Unknown Source)
	at java.lang.Thread.runWith(java.base@21.0.10/Thread.java:1596)
	at java.lang.Thread.run(java.base@21.0.10/Thread.java:1583)
=== sample +6256ms ===
"Server thread" #113 [37988] prio=8 os_prio=1 cpu=2265.62ms elapsed=11.44s tid=0x00000223784bae90 nid=37988 runnable  [0x000000cc1eafb000]
   java.lang.Thread.State: RUNNABLE
	at java.lang.ClassLoader.defineClass1(java.base@21.0.10/Native Method)
	at java.lang.ClassLoader.defineClass(java.base@21.0.10/ClassLoader.java:1027)
	at java.security.SecureClassLoader.defineClass(java.base@21.0.10/SecureClassLoader.java:150)
	at java.net.URLClassLoader.defineClass(java.base@21.0.10/URLClassLoader.java:524)
	at java.net.URLClassLoader$1.run(java.base@21.0.10/URLClassLoader.java:427)
	at java.net.URLClassLoader$1.run(java.base@21.0.10/URLClassLoader.java:421)
	at java.security.AccessController.executePrivileged(java.base@21.0.10/AccessController.java:809)
	at java.security.AccessController.doPrivileged(java.base@21.0.10/AccessController.java:714)
	at java.net.URLClassLoader.findClass(java.base@21.0.10/URLClassLoader.java:420)
	at java.lang.ClassLoader.loadClass(java.base@21.0.10/ClassLoader.java:593)
	- locked <0x000000072423d190> (a java.lang.Object)
	at java.lang.ClassLoader.loadClass(java.base@21.0.10/ClassLoader.java:526)
	at java.lang.ClassLoader.defineClass1(java.base@21.0.10/Native Method)
	at java.lang.ClassLoader.defineClass(java.base@21.0.10/ClassLoader.java:1027)
	at java.security.SecureClassLoader.defineClass(java.base@21.0.10/SecureClassLoader.java:150)
	at java.net.URLClassLoader.defineClass(java.base@21.0.10/URLClassLoader.java:524)
	at java.net.URLClassLoader$1.run(java.base@21.0.10/URLClassLoader.java:427)
	at java.net.URLClassLoader$1.run(java.base@21.0.10/URLClassLoader.java:421)
	at java.security.AccessController.executePrivileged(java.base@21.0.10/AccessController.java:809)
	at java.security.AccessController.doPrivileged(java.base@21.0.10/AccessController.java:714)
	at java.net.URLClassLoader.findClass(java.base@21.0.10/URLClassLoader.java:420)
	at java.lang.ClassLoader.loadClass(java.base@21.0.10/ClassLoader.java:593)
	- locked <0x000000072423bb38> (a java.lang.Object)
	at java.lang.ClassLoader.loadClass(java.base@21.0.10/ClassLoader.java:526)
	at org.bukkit.craftbukkit.entity.CraftEntityTypes.<clinit>(CraftEntityTypes.java:288)
	at org.bukkit.craftbukkit.entity.CraftEntity.getEntity(CraftEntity.java:138)
	at net.minecraft.world.entity.Entity.getBukkitEntity(Entity.java:199)
	- locked <0x00000007244cc298> (a net.minecraft.world.entity.animal.cow.Cow)
	at net.minecraft.world.entity.Entity.setAirSupply(Entity.java:3773)
	at net.minecraft.world.entity.Entity.load(Entity.java:2762)
	at net.minecraft.world.entity.EntityType.lambda$create$25(EntityType.java:1525)
	at net.minecraft.world.entity.EntityType$$Lambda/0x000002232a30bb40.accept(Unknown Source)
	at net.minecraft.util.Util.ifElse(Util.java:673)
	at net.minecraft.world.entity.EntityType.create(EntityType.java:1520)
	at net.minecraft.world.entity.EntityType.create(EntityType.java:1515)
	at net.minecraft.world.entity.EntityType.loadStaticEntity(EntityType.java:1637)
	at net.minecraft.world.entity.EntityType.loadEntityRecursive(EntityType.java:1591)
	at net.minecraft.world.entity.EntityType.lambda$loadEntitiesRecursive$31(EntityType.java:1619)
	at net.minecraft.world.entity.EntityType$$Lambda/0x000002232a30b090.accept(Unknown Source)
	at java.util.stream.ReferencePipeline$11$1.accept(java.base@21.0.10/ReferencePipeline.java:450)
	at com.google.common.collect.Streams$1Splitr.tryAdvance(Streams.java:489)
	at java.util.Spliterator.forEachRemaining(java.base@21.0.10/Spliterator.java:332)
	at java.util.stream.AbstractPipeline.copyInto(java.base@21.0.10/AbstractPipeline.java:509)
	at java.util.stream.AbstractPipeline.wrapAndCopyInto(java.base@21.0.10/AbstractPipeline.java:499)
	at java.util.stream.AbstractPipeline.evaluate(java.base@21.0.10/AbstractPipeline.java:575)
	at java.util.stream.AbstractPipeline.evaluateToArrayNode(java.base@21.0.10/AbstractPipeline.java:260)
	at java.util.stream.ReferencePipeline.toArray(java.base@21.0.10/ReferencePipeline.java:616)
	at java.util.stream.ReferencePipeline.toArray(java.base@21.0.10/ReferencePipeline.java:622)
	at java.util.stream.ReferencePipeline.toList(java.base@21.0.10/ReferencePipeline.java:627)
	at net.minecraft.server.level.ServerLevel.addWorldGenChunkEntities(ServerLevel.java:2587)
	at net.minecraft.world.level.chunk.status.ChunkStatusTasks.postLoadProtoChunk(ChunkStatusTasks.java:215)
	at ca.spottedleaf.moonrise.paper.PaperHooks.postLoadProtoChunk(PaperHooks.java:298)
	at ca.spottedleaf.moonrise.patches.chunk_system.scheduling.task.ChunkFullTask.lambda$run$0(ChunkFullTask.java:68)
	at ca.spottedleaf.moonrise.patches.chunk_system.scheduling.task.ChunkFullTask$$Lambda/0x000002232a2150e8.run(Unknown Source)
	at net.minecraft.world.level.chunk.LevelChunk.runPostLoad(LevelChunk.java:696)
	at ca.spottedleaf.moonrise.patches.chunk_system.scheduling.task.ChunkFullTask.run(ChunkFullTask.java:80)
	at ca.spottedleaf.concurrentutil.executor.queue.PrioritisedTaskQueue$PrioritisedQueuedTask.execute(PrioritisedTaskQueue.java:345)
	at ca.spottedleaf.concurrentutil.executor.queue.PrioritisedTaskQueue.executeTask(PrioritisedTaskQueue.java:126)
	at ca.spottedleaf.moonrise.patches.chunk_system.scheduling.ChunkTaskScheduler.executeAllRecentlyQueuedMainThreadTasks(ChunkTaskScheduler.java:349)
	at net.minecraft.server.MinecraftServer.runAllTasksAtTickStart(MinecraftServer.java:1202)
	at net.minecraft.server.MinecraftServer.processPacketsAndTick(MinecraftServer.java:1675)
	at net.minecraft.server.MinecraftServer.runServer(MinecraftServer.java:1342)
	at net.minecraft.server.MinecraftServer.lambda$spin$2(MinecraftServer.java:388)
	at net.minecraft.server.MinecraftServer$$Lambda/0x0000022329f3a248.run(Unknown Source)
	at java.lang.Thread.runWith(java.base@21.0.10/Thread.java:1596)
	at java.lang.Thread.run(java.base@21.0.10/Thread.java:1583)
=== sample +6521ms ===
"Server thread" #113 [37988] prio=8 os_prio=1 cpu=2437.50ms elapsed=11.71s tid=0x00000223784bae90 nid=37988 runnable  [0x000000cc1eafc000]
   java.lang.Thread.State: RUNNABLE
	at java.lang.ClassLoader.defineClass1(java.base@21.0.10/Native Method)
	at java.lang.ClassLoader.defineClass(java.base@21.0.10/ClassLoader.java:1027)
	at java.security.SecureClassLoader.defineClass(java.base@21.0.10/SecureClassLoader.java:150)
	at java.net.URLClassLoader.defineClass(java.base@21.0.10/URLClassLoader.java:524)
	at java.net.URLClassLoader$1.run(java.base@21.0.10/URLClassLoader.java:427)
	at java.net.URLClassLoader$1.run(java.base@21.0.10/URLClassLoader.java:421)
	at java.security.AccessController.executePrivileged(java.base@21.0.10/AccessController.java:809)
	at java.security.AccessController.doPrivileged(java.base@21.0.10/AccessController.java:714)
	at java.net.URLClassLoader.findClass(java.base@21.0.10/URLClassLoader.java:420)
	at java.lang.ClassLoader.loadClass(java.base@21.0.10/ClassLoader.java:593)
	- locked <0x0000000724069188> (a java.lang.Object)
	at java.lang.ClassLoader.loadClass(java.base@21.0.10/ClassLoader.java:526)
	at org.bukkit.craftbukkit.entity.CraftEntityTypes.<clinit>(CraftEntityTypes.java:355)
	at org.bukkit.craftbukkit.entity.CraftEntity.getEntity(CraftEntity.java:138)
	at net.minecraft.world.entity.Entity.getBukkitEntity(Entity.java:199)
	- locked <0x00000007244cc298> (a net.minecraft.world.entity.animal.cow.Cow)
	at net.minecraft.world.entity.Entity.setAirSupply(Entity.java:3773)
	at net.minecraft.world.entity.Entity.load(Entity.java:2762)
	at net.minecraft.world.entity.EntityType.lambda$create$25(EntityType.java:1525)
	at net.minecraft.world.entity.EntityType$$Lambda/0x000002232a30bb40.accept(Unknown Source)
	at net.minecraft.util.Util.ifElse(Util.java:673)
	at net.minecraft.world.entity.EntityType.create(EntityType.java:1520)
	at net.minecraft.world.entity.EntityType.create(EntityType.java:1515)
	at net.minecraft.world.entity.EntityType.loadStaticEntity(EntityType.java:1637)
	at net.minecraft.world.entity.EntityType.loadEntityRecursive(EntityType.java:1591)
	at net.minecraft.world.entity.EntityType.lambda$loadEntitiesRecursive$31(EntityType.java:1619)
	at net.minecraft.world.entity.EntityType$$Lambda/0x000002232a30b090.accept(Unknown Source)
	at java.util.stream.ReferencePipeline$11$1.accept(java.base@21.0.10/ReferencePipeline.java:450)
	at com.google.common.collect.Streams$1Splitr.tryAdvance(Streams.java:489)
	at java.util.Spliterator.forEachRemaining(java.base@21.0.10/Spliterator.java:332)
	at java.util.stream.AbstractPipeline.copyInto(java.base@21.0.10/AbstractPipeline.java:509)
	at java.util.stream.AbstractPipeline.wrapAndCopyInto(java.base@21.0.10/AbstractPipeline.java:499)
	at java.util.stream.AbstractPipeline.evaluate(java.base@21.0.10/AbstractPipeline.java:575)
	at java.util.stream.AbstractPipeline.evaluateToArrayNode(java.base@21.0.10/AbstractPipeline.java:260)
	at java.util.stream.ReferencePipeline.toArray(java.base@21.0.10/ReferencePipeline.java:616)
	at java.util.stream.ReferencePipeline.toArray(java.base@21.0.10/ReferencePipeline.java:622)
	at java.util.stream.ReferencePipeline.toList(java.base@21.0.10/ReferencePipeline.java:627)
	at net.minecraft.server.level.ServerLevel.addWorldGenChunkEntities(ServerLevel.java:2587)
	at net.minecraft.world.level.chunk.status.ChunkStatusTasks.postLoadProtoChunk(ChunkStatusTasks.java:215)
	at ca.spottedleaf.moonrise.paper.PaperHooks.postLoadProtoChunk(PaperHooks.java:298)
	at ca.spottedleaf.moonrise.patches.chunk_system.scheduling.task.ChunkFullTask.lambda$run$0(ChunkFullTask.java:68)
	at ca.spottedleaf.moonrise.patches.chunk_system.scheduling.task.ChunkFullTask$$Lambda/0x000002232a2150e8.run(Unknown Source)
	at net.minecraft.world.level.chunk.LevelChunk.runPostLoad(LevelChunk.java:696)
	at ca.spottedleaf.moonrise.patches.chunk_system.scheduling.task.ChunkFullTask.run(ChunkFullTask.java:80)
	at ca.spottedleaf.concurrentutil.executor.queue.PrioritisedTaskQueue$PrioritisedQueuedTask.execute(PrioritisedTaskQueue.java:345)
	at ca.spottedleaf.concurrentutil.executor.queue.PrioritisedTaskQueue.executeTask(PrioritisedTaskQueue.java:126)
	at ca.spottedleaf.moonrise.patches.chunk_system.scheduling.ChunkTaskScheduler.executeAllRecentlyQueuedMainThreadTasks(ChunkTaskScheduler.java:349)
	at net.minecraft.server.MinecraftServer.runAllTasksAtTickStart(MinecraftServer.java:1202)
	at net.minecraft.server.MinecraftServer.processPacketsAndTick(MinecraftServer.java:1675)
	at net.minecraft.server.MinecraftServer.runServer(MinecraftServer.java:1342)
	at net.minecraft.server.MinecraftServer.lambda$spin$2(MinecraftServer.java:388)
	at net.minecraft.server.MinecraftServer$$Lambda/0x0000022329f3a248.run(Unknown Source)
	at java.lang.Thread.runWith(java.base@21.0.10/Thread.java:1596)
	at java.lang.Thread.run(java.base@21.0.10/Thread.java:1583)
=== sample +6798ms ===
"Server thread" #113 [37988] prio=8 os_prio=1 cpu=2656.25ms elapsed=11.99s tid=0x00000223784bae90 nid=37988 runnable  [0x000000cc1eafc000]
   java.lang.Thread.State: RUNNABLE
	at jdk.internal.perf.PerfCounter.addTime(java.base@21.0.10/PerfCounter.java:113)
	at java.lang.ClassLoader.loadClass(java.base@21.0.10/ClassLoader.java:596)
	- locked <0x000000072374cbe8> (a java.lang.Object)
	at java.lang.ClassLoader.loadClass(java.base@21.0.10/ClassLoader.java:526)
	at java.lang.ClassLoader.defineClass1(java.base@21.0.10/Native Method)
	at java.lang.ClassLoader.defineClass(java.base@21.0.10/ClassLoader.java:1027)
	at java.security.SecureClassLoader.defineClass(java.base@21.0.10/SecureClassLoader.java:150)
	at java.net.URLClassLoader.defineClass(java.base@21.0.10/URLClassLoader.java:524)
	at java.net.URLClassLoader$1.run(java.base@21.0.10/URLClassLoader.java:427)
	at java.net.URLClassLoader$1.run(java.base@21.0.10/URLClassLoader.java:421)
	at java.security.AccessController.executePrivileged(java.base@21.0.10/AccessController.java:809)
	at java.security.AccessController.doPrivileged(java.base@21.0.10/AccessController.java:714)
	at java.net.URLClassLoader.findClass(java.base@21.0.10/URLClassLoader.java:420)
	at java.lang.ClassLoader.loadClass(java.base@21.0.10/ClassLoader.java:593)
	- locked <0x000000072374a5c0> (a java.lang.Object)
	at java.lang.ClassLoader.loadClass(java.base@21.0.10/ClassLoader.java:526)
	at net.minecraft.network.Connection.setupOutboundProtocol(Connection.java:353)
	at net.minecraft.server.network.ServerConfigurationPacketListenerImpl.handleConfigurationFinished(ServerConfigurationPacketListenerImpl.java:205)
	at net.minecraft.network.protocol.configuration.ServerboundFinishConfigurationPacket.handle(ServerboundFinishConfigurationPacket.java:22)
	at net.minecraft.network.protocol.configuration.ServerboundFinishConfigurationPacket.handle(ServerboundFinishConfigurationPacket.java:8)
	at net.minecraft.network.PacketProcessor$ListenerAndPacket.handle(PacketProcessor.java:110)
	at net.minecraft.network.PacketProcessor.executeSinglePacket(PacketProcessor.java:33)
	at net.minecraft.server.MinecraftServer.runAllTasksAtTickStart(MinecraftServer.java:1187)
	at net.minecraft.server.MinecraftServer.processPacketsAndTick(MinecraftServer.java:1675)
	at net.minecraft.server.MinecraftServer.runServer(MinecraftServer.java:1342)
	at net.minecraft.server.MinecraftServer.lambda$spin$2(MinecraftServer.java:388)
	at net.minecraft.server.MinecraftServer$$Lambda/0x0000022329f3a248.run(Unknown Source)
	at java.lang.Thread.runWith(java.base@21.0.10/Thread.java:1596)
	at java.lang.Thread.run(java.base@21.0.10/Thread.java:1583)
=== sample +7059ms ===
"Server thread" #113 [37988] prio=8 os_prio=1 cpu=2812.50ms elapsed=12.25s tid=0x00000223784bae90 nid=37988 runnable  [0x000000cc1eafd000]
   java.lang.Thread.State: RUNNABLE
	at net.minecraft.world.level.Level.getFluidIfLoaded(Level.java:1004)
	at net.minecraft.world.level.block.LiquidBlock.isLava(LiquidBlock.java:162)
	at net.minecraft.world.level.block.LiquidBlock.getFlowSpeed(LiquidBlock.java:151)
	at net.minecraft.world.level.block.LiquidBlock.neighborChanged(LiquidBlock.java:188)
	at net.minecraft.world.level.block.state.BlockBehaviour$BlockStateBase.handleNeighborChanged(BlockBehaviour.java:834)
	at net.minecraft.world.level.redstone.NeighborUpdater.executeUpdate(NeighborUpdater.java:66)
	at net.minecraft.world.level.redstone.CollectingNeighborUpdater$MultiNeighborUpdate.runNext(CollectingNeighborUpdater.java:148)
	at net.minecraft.world.level.redstone.CollectingNeighborUpdater.runUpdates(CollectingNeighborUpdater.java:88)
	at net.minecraft.world.level.redstone.CollectingNeighborUpdater.addAndRun(CollectingNeighborUpdater.java:70)
	at net.minecraft.world.level.redstone.CollectingNeighborUpdater.updateNeighborsAtExceptFromFacing(CollectingNeighborUpdater.java:52)
	at net.minecraft.server.level.ServerLevel.updateNeighborsAt(ServerLevel.java:1895)
	at net.minecraft.server.level.ServerLevel.updateNeighborsAt(ServerLevel.java:1889)
	at net.minecraft.world.level.Level.notifyAndUpdatePhysics(Level.java:1158)
	at net.minecraft.world.level.Level.setBlock(Level.java:1130)
	at net.minecraft.world.level.Level.setBlock(Level.java:1042)
	at net.minecraft.world.level.material.FlowingFluid.spreadTo(FlowingFluid.java:342)
	at net.minecraft.world.level.material.FlowingFluid.spreadToSides(FlowingFluid.java:222)
	at net.minecraft.world.level.material.FlowingFluid.spread(FlowingFluid.java:190)
	at net.minecraft.world.level.material.FlowingFluid.tick(FlowingFluid.java:529)
	at net.minecraft.world.level.material.FluidState.tick(FluidState.java:100)
	at net.minecraft.server.level.ServerLevel.tickFluid(ServerLevel.java:1316)
	at net.minecraft.server.level.ServerLevel$$Lambda/0x000002232a25cf08.accept(Unknown Source)
	at net.minecraft.world.ticks.LevelTicks.runCollectedTicks(LevelTicks.java:189)
	at net.minecraft.world.ticks.LevelTicks.tick(LevelTicks.java:88)
	at net.minecraft.server.level.ServerLevel.tick(ServerLevel.java:803)
	at net.minecraft.server.MinecraftServer.tickChildren(MinecraftServer.java:1836)
	at net.minecraft.server.MinecraftServer.tickServer(MinecraftServer.java:1619)
	at net.minecraft.server.dedicated.DedicatedServer.tickServer(DedicatedServer.java:427)
	at net.minecraft.server.MinecraftServer.processPacketsAndTick(MinecraftServer.java:1676)
	at net.minecraft.server.MinecraftServer.runServer(MinecraftServer.java:1342)
	at net.minecraft.server.MinecraftServer.lambda$spin$2(MinecraftServer.java:388)
	at net.minecraft.server.MinecraftServer$$Lambda/0x0000022329f3a248.run(Unknown Source)
	at java.lang.Thread.runWith(java.base@21.0.10/Thread.java:1596)
	at java.lang.Thread.run(java.base@21.0.10/Thread.java:1583)
=== sample +7325ms ===
"Server thread" #113 [37988] prio=8 os_prio=1 cpu=2937.50ms elapsed=12.52s tid=0x00000223784bae90 nid=37988 runnable  [0x000000cc1eafd000]
   java.lang.Thread.State: RUNNABLE
	at java.lang.ClassLoader.defineClass1(java.base@21.0.10/Native Method)
	at java.lang.ClassLoader.defineClass(java.base@21.0.10/ClassLoader.java:1027)
	at java.security.SecureClassLoader.defineClass(java.base@21.0.10/SecureClassLoader.java:150)
	at java.net.URLClassLoader.defineClass(java.base@21.0.10/URLClassLoader.java:524)
	at java.net.URLClassLoader$1.run(java.base@21.0.10/URLClassLoader.java:427)
	at java.net.URLClassLoader$1.run(java.base@21.0.10/URLClassLoader.java:421)
	at java.security.AccessController.executePrivileged(java.base@21.0.10/AccessController.java:809)
	at java.security.AccessController.doPrivileged(java.base@21.0.10/AccessController.java:714)
	at java.net.URLClassLoader.findClass(java.base@21.0.10/URLClassLoader.java:420)
	at java.lang.ClassLoader.loadClass(java.base@21.0.10/ClassLoader.java:593)
	- locked <0x0000000722520ab8> (a java.lang.Object)
	at java.lang.ClassLoader.loadClass(java.base@21.0.10/ClassLoader.java:526)
	at net.minecraft.server.level.ChunkMap$TrackedEntity.updatePlayer(ChunkMap.java:1518)
	at net.minecraft.server.level.ChunkMap$TrackedEntity.updatePlayers(ChunkMap.java:1570)
	at net.minecraft.server.level.ChunkMap.addEntity(ChunkMap.java:1054)
	at net.minecraft.server.level.ServerChunkCache.addEntity(ServerChunkCache.java:733)
	at net.minecraft.server.level.ServerLevel$EntityCallbacks.onTrackingStart(ServerLevel.java:2845)
	at net.minecraft.server.level.ServerLevel$EntityCallbacks.onTrackingStart(ServerLevel.java:2774)
	at ca.spottedleaf.moonrise.patches.chunk_system.level.entity.EntityLookup.entityStatusChange(EntityLookup.java:279)
	at ca.spottedleaf.moonrise.patches.chunk_system.level.entity.EntityLookup.addEntity(EntityLookup.java:451)
	at ca.spottedleaf.moonrise.patches.chunk_system.level.entity.EntityLookup.addNewEntity(EntityLookup.java:393)
	at ca.spottedleaf.moonrise.patches.chunk_system.level.entity.EntityLookup.addNewEntity(EntityLookup.java:389)
	at net.minecraft.server.level.ServerLevel.addEntity(ServerLevel.java:1655)
	at net.minecraft.server.level.ServerLevel.addFreshEntity(ServerLevel.java:1564)
	at net.minecraft.world.level.ServerLevelAccessor.lambda$addFreshEntityWithPassengers$0(ServerLevelAccessor.java:19)
	at net.minecraft.world.level.ServerLevelAccessor$$Lambda/0x000002232a306e28.accept(Unknown Source)
	at java.util.stream.Streams$StreamBuilderImpl.forEachRemaining(java.base@21.0.10/Streams.java:411)
	at java.util.stream.ReferencePipeline$Head.forEach(java.base@21.0.10/ReferencePipeline.java:762)
	at net.minecraft.world.level.ServerLevelAccessor.addFreshEntityWithPassengers(ServerLevelAccessor.java:19)
	at net.minecraft.world.level.NaturalSpawner.spawnCategoryForPosition(NaturalSpawner.java:308)
	at net.minecraft.world.level.NaturalSpawner.spawnCategoryForChunk(NaturalSpawner.java:221)
	at net.minecraft.world.level.NaturalSpawner.spawnForChunk(NaturalSpawner.java:190)
	at net.minecraft.server.level.ServerChunkCache.tickSpawningChunk(ServerChunkCache.java:624)
	at net.minecraft.server.level.ServerChunkCache.tickChunks(ServerChunkCache.java:599)
	at net.minecraft.server.level.ServerChunkCache.tickChunks(ServerChunkCache.java:507)
	at net.minecraft.server.level.ServerChunkCache.tick(ServerChunkCache.java:488)
	at net.minecraft.server.level.ServerLevel.tick(ServerLevel.java:815)
	at net.minecraft.server.MinecraftServer.tickChildren(MinecraftServer.java:1836)
	at net.minecraft.server.MinecraftServer.tickServer(MinecraftServer.java:1619)
	at net.minecraft.server.dedicated.DedicatedServer.tickServer(DedicatedServer.java:427)
	at net.minecraft.server.MinecraftServer.processPacketsAndTick(MinecraftServer.java:1676)
	at net.minecraft.server.MinecraftServer.runServer(MinecraftServer.java:1342)
	at net.minecraft.server.MinecraftServer.lambda$spin$2(MinecraftServer.java:388)
	at net.minecraft.server.MinecraftServer$$Lambda/0x0000022329f3a248.run(Unknown Source)
	at java.lang.Thread.runWith(java.base@21.0.10/Thread.java:1596)
	at java.lang.Thread.run(java.base@21.0.10/Thread.java:1583)
=== sample +7622ms ===
"Server thread" #113 [37988] prio=8 os_prio=1 cpu=2968.75ms elapsed=12.79s tid=0x00000223784bae90 nid=37988 runnable  [0x000000cc1eaff000]
   java.lang.Thread.State: TIMED_WAITING (parking)
	at jdk.internal.misc.Unsafe.park(java.base@21.0.10/Native Method)
	- parking to wait for  <0x0000000703c4be28> (a java.lang.String)
	at java.util.concurrent.locks.LockSupport.parkNanos(java.base@21.0.10/LockSupport.java:269)
	at net.minecraft.server.MinecraftServer.recordTaskExecutionTimeWhileWaiting(MinecraftServer.java:1242)
	at net.minecraft.server.MinecraftServer.runServer(MinecraftServer.java:1348)
	at net.minecraft.server.MinecraftServer.lambda$spin$2(MinecraftServer.java:388)
	at net.minecraft.server.MinecraftServer$$Lambda/0x0000022329f3a248.run(Unknown Source)
	at java.lang.Thread.runWith(java.base@21.0.10/Thread.java:1596)
	at java.lang.Thread.run(java.base@21.0.10/Thread.java:1583)
=== sample +7894ms ===
"Server thread" #113 [37988] prio=8 os_prio=1 cpu=3000.00ms elapsed=13.08s tid=0x00000223784bae90 nid=37988 runnable  [0x000000cc1eafe000]
   java.lang.Thread.State: RUNNABLE
	at net.minecraft.world.level.redstone.CollectingNeighborUpdater.shapeUpdate(CollectingNeighborUpdater.java:37)
	at net.minecraft.world.level.Level.neighborShapeChanged(Level.java:1265)
	at net.minecraft.world.level.block.state.BlockBehaviour$BlockStateBase.updateNeighbourShapes(BlockBehaviour.java:846)
	at net.minecraft.world.level.Level.notifyAndUpdatePhysics(Level.java:1176)
	at net.minecraft.world.level.Level.setBlock(Level.java:1130)
	at net.minecraft.world.level.Level.setBlock(Level.java:1042)
	at net.minecraft.world.level.block.BubbleColumnBlock.updateColumn(BubbleColumnBlock.java:85)
	at net.minecraft.world.level.block.BubbleColumnBlock.updateColumn(BubbleColumnBlock.java:75)
	at net.minecraft.world.level.block.MagmaBlock.tick(MagmaBlock.java:40)
	at net.minecraft.world.level.block.state.BlockBehaviour$BlockStateBase.tick(BlockBehaviour.java:877)
	at net.minecraft.server.level.ServerLevel.tickBlock(ServerLevel.java:1330)
	at net.minecraft.server.level.ServerLevel$$Lambda/0x000002232a25aae0.accept(Unknown Source)
	at net.minecraft.world.ticks.LevelTicks.runCollectedTicks(LevelTicks.java:189)
	at net.minecraft.world.ticks.LevelTicks.tick(LevelTicks.java:88)
	at net.minecraft.server.level.ServerLevel.tick(ServerLevel.java:799)
	at net.minecraft.server.MinecraftServer.tickChildren(MinecraftServer.java:1836)
	at net.minecraft.server.MinecraftServer.tickServer(MinecraftServer.java:1619)
	at net.minecraft.server.dedicated.DedicatedServer.tickServer(DedicatedServer.java:427)
	at net.minecraft.server.MinecraftServer.processPacketsAndTick(MinecraftServer.java:1676)
	at net.minecraft.server.MinecraftServer.runServer(MinecraftServer.java:1342)
	at net.minecraft.server.MinecraftServer.lambda$spin$2(MinecraftServer.java:388)
	at net.minecraft.server.MinecraftServer$$Lambda/0x0000022329f3a248.run(Unknown Source)
	at java.lang.Thread.runWith(java.base@21.0.10/Thread.java:1596)
	at java.lang.Thread.run(java.base@21.0.10/Thread.java:1583)
=== sample +8190ms ===
"Server thread" #113 [37988] prio=8 os_prio=1 cpu=3046.88ms elapsed=13.36s tid=0x00000223784bae90 nid=37988 waiting on condition  [0x000000cc1eaff000]
   java.lang.Thread.State: TIMED_WAITING (parking)
	at jdk.internal.misc.Unsafe.park(java.base@21.0.10/Native Method)
	- parking to wait for  <0x0000000703c4be28> (a java.lang.String)
	at java.util.concurrent.locks.LockSupport.parkNanos(java.base@21.0.10/LockSupport.java:269)
	at net.minecraft.server.MinecraftServer.recordTaskExecutionTimeWhileWaiting(MinecraftServer.java:1242)
	at net.minecraft.server.MinecraftServer.runServer(MinecraftServer.java:1348)
	at net.minecraft.server.MinecraftServer.lambda$spin$2(MinecraftServer.java:388)
	at net.minecraft.server.MinecraftServer$$Lambda/0x0000022329f3a248.run(Unknown Source)
	at java.lang.Thread.runWith(java.base@21.0.10/Thread.java:1596)
	at java.lang.Thread.run(java.base@21.0.10/Thread.java:1583)
=== sample +8469ms ===
"Server thread" #113 [37988] prio=8 os_prio=1 cpu=3171.88ms elapsed=13.65s tid=0x00000223784bae90 nid=37988 runnable  [0x000000cc1eafe000]
   java.lang.Thread.State: RUNNABLE
	at com.destroystokyo.paper.event.server.ServerTickEndEvent.getHandlers(ServerTickEndEvent.java:56)
	at io.papermc.paper.plugin.manager.PaperEventManager.callEvent(PaperEventManager.java:45)
	at io.papermc.paper.plugin.manager.PaperPluginManagerImpl.callEvent(PaperPluginManagerImpl.java:131)
	at org.bukkit.plugin.SimplePluginManager.callEvent(SimplePluginManager.java:627)
	at org.bukkit.event.Event.callEvent(Event.java:46)
	at net.minecraft.server.MinecraftServer.tickServer(MinecraftServer.java:1655)
	at net.minecraft.server.dedicated.DedicatedServer.tickServer(DedicatedServer.java:427)
	at net.minecraft.server.MinecraftServer.processPacketsAndTick(MinecraftServer.java:1676)
	at net.minecraft.server.MinecraftServer.runServer(MinecraftServer.java:1342)
	at net.minecraft.server.MinecraftServer.lambda$spin$2(MinecraftServer.java:388)
	at net.minecraft.server.MinecraftServer$$Lambda/0x0000022329f3a248.run(Unknown Source)
	at java.lang.Thread.runWith(java.base@21.0.10/Thread.java:1596)
	at java.lang.Thread.run(java.base@21.0.10/Thread.java:1583)
=== sample +8749ms ===
"Server thread" #113 [37988] prio=8 os_prio=1 cpu=3250.00ms elapsed=13.93s tid=0x00000223784bae90 nid=37988 runnable  [0x000000cc1eafd000]
   java.lang.Thread.State: RUNNABLE
	at net.minecraft.core.Registry$1.getId(Registry.java:149)
	at net.minecraft.core.Registry$1.getId(Registry.java:146)
	at net.minecraft.world.level.chunk.SingleValuePalette.getSerializedSize(SingleValuePalette.java:94)
	at net.minecraft.world.level.chunk.PalettedContainer$Data.getSerializedSize(PalettedContainer.java:482)
	at net.minecraft.world.level.chunk.PalettedContainer.getSerializedSize(PalettedContainer.java:395)
	at net.minecraft.world.level.chunk.LevelChunkSection.getSerializedSize(LevelChunkSection.java:291)
	at net.minecraft.network.protocol.game.ClientboundLevelChunkPacketData.calculateChunkSize(ClientboundLevelChunkPacketData.java:129)
	at net.minecraft.network.protocol.game.ClientboundLevelChunkPacketData.<init>(ClientboundLevelChunkPacketData.java:62)
	at net.minecraft.server.level.ChunkHolder.papoGetSharedChunkPacket(ChunkHolder.java:321)
	at net.minecraft.network.protocol.game.ClientboundLevelChunkWithLightPacket.papoCreateCached(ClientboundLevelChunkWithLightPacket.java:70)
	at net.minecraft.server.network.PlayerChunkSender.sendChunk(PlayerChunkSender.java:88)
	at ca.spottedleaf.moonrise.patches.chunk_system.player.RegionizedPlayerChunkLoader$PlayerChunkLoaderData.sendChunk(RegionizedPlayerChunkLoader.java:424)
	at ca.spottedleaf.moonrise.patches.chunk_system.player.RegionizedPlayerChunkLoader$PlayerChunkLoaderData.updateQueues(RegionizedPlayerChunkLoader.java:844)
	at ca.spottedleaf.moonrise.patches.chunk_system.player.RegionizedPlayerChunkLoader.tick(RegionizedPlayerChunkLoader.java:316)
	at net.minecraft.server.level.ServerChunkCache.tick(ServerChunkCache.java:487)
	at net.minecraft.server.level.ServerLevel.tick(ServerLevel.java:815)
	at net.minecraft.server.MinecraftServer.tickChildren(MinecraftServer.java:1836)
	at net.minecraft.server.MinecraftServer.tickServer(MinecraftServer.java:1619)
	at net.minecraft.server.dedicated.DedicatedServer.tickServer(DedicatedServer.java:427)
	at net.minecraft.server.MinecraftServer.processPacketsAndTick(MinecraftServer.java:1676)
	at net.minecraft.server.MinecraftServer.runServer(MinecraftServer.java:1342)
	at net.minecraft.server.MinecraftServer.lambda$spin$2(MinecraftServer.java:388)
	at net.minecraft.server.MinecraftServer$$Lambda/0x0000022329f3a248.run(Unknown Source)
	at java.lang.Thread.runWith(java.base@21.0.10/Thread.java:1596)
	at java.lang.Thread.run(java.base@21.0.10/Thread.java:1583)
=== sample +9025ms ===
"Server thread" #113 [37988] prio=8 os_prio=1 cpu=3312.50ms elapsed=14.21s tid=0x00000223784bae90 nid=37988 waiting on condition  [0x000000cc1eaff000]
   java.lang.Thread.State: TIMED_WAITING (parking)
	at jdk.internal.misc.Unsafe.park(java.base@21.0.10/Native Method)
	- parking to wait for  <0x0000000703c4be28> (a java.lang.String)
	at java.util.concurrent.locks.LockSupport.parkNanos(java.base@21.0.10/LockSupport.java:269)
	at net.minecraft.server.MinecraftServer.recordTaskExecutionTimeWhileWaiting(MinecraftServer.java:1242)
	at net.minecraft.server.MinecraftServer.runServer(MinecraftServer.java:1348)
	at net.minecraft.server.MinecraftServer.lambda$spin$2(MinecraftServer.java:388)
	at net.minecraft.server.MinecraftServer$$Lambda/0x0000022329f3a248.run(Unknown Source)
	at java.lang.Thread.runWith(java.base@21.0.10/Thread.java:1596)
	at java.lang.Thread.run(java.base@21.0.10/Thread.java:1583)
=== sample +9336ms ===
"Server thread" #113 [37988] prio=8 os_prio=1 cpu=3375.00ms elapsed=14.52s tid=0x00000223784bae90 nid=37988 runnable  [0x000000cc1eafc000]
   java.lang.Thread.State: RUNNABLE
	at java.lang.ClassLoader.findBootstrapClass(java.base@21.0.10/Native Method)
	at java.lang.ClassLoader.findBootstrapClassOrNull(java.base@21.0.10/ClassLoader.java:1277)
	at java.lang.System$2.findBootstrapClassOrNull(java.base@21.0.10/System.java:2397)
	at jdk.internal.loader.ClassLoaders$BootClassLoader.loadClassOrNull(java.base@21.0.10/ClassLoaders.java:140)
	at jdk.internal.loader.BuiltinClassLoader.loadClassOrNull(java.base@21.0.10/BuiltinClassLoader.java:700)
	at jdk.internal.loader.BuiltinClassLoader.loadClassOrNull(java.base@21.0.10/BuiltinClassLoader.java:676)
	- locked <0x0000000726b5bab8> (a java.lang.Object)
	at jdk.internal.loader.BuiltinClassLoader.loadClass(java.base@21.0.10/BuiltinClassLoader.java:639)
	at java.lang.ClassLoader.loadClass(java.base@21.0.10/ClassLoader.java:580)
	- locked <0x0000000726b5ba88> (a java.lang.Object)
	at java.lang.ClassLoader.loadClass(java.base@21.0.10/ClassLoader.java:526)
	at java.lang.ClassLoader.defineClass1(java.base@21.0.10/Native Method)
	at java.lang.ClassLoader.defineClass(java.base@21.0.10/ClassLoader.java:1027)
	at java.security.SecureClassLoader.defineClass(java.base@21.0.10/SecureClassLoader.java:150)
	at java.net.URLClassLoader.defineClass(java.base@21.0.10/URLClassLoader.java:524)
	at java.net.URLClassLoader$1.run(java.base@21.0.10/URLClassLoader.java:427)
	at java.net.URLClassLoader$1.run(java.base@21.0.10/URLClassLoader.java:421)
	at java.security.AccessController.executePrivileged(java.base@21.0.10/AccessController.java:809)
	at java.security.AccessController.doPrivileged(java.base@21.0.10/AccessController.java:714)
	at java.net.URLClassLoader.findClass(java.base@21.0.10/URLClassLoader.java:420)
	at java.lang.ClassLoader.loadClass(java.base@21.0.10/ClassLoader.java:593)
	- locked <0x0000000726b55878> (a java.lang.Object)
	at java.lang.ClassLoader.loadClass(java.base@21.0.10/ClassLoader.java:526)
	at net.minecraft.world.entity.Entity.calculateStepHeights(Entity.java:476)
	at net.minecraft.world.entity.Entity.collide(Entity.java:1611)
	at net.minecraft.world.entity.Entity.move(Entity.java:1179)
	at net.minecraft.world.entity.LivingEntity.handleRelativeFrictionAndCalculateMovement(LivingEntity.java:3318)
	at net.minecraft.world.entity.LivingEntity.travelInAir(LivingEntity.java:3124)
	at net.minecraft.world.entity.LivingEntity.travel(LivingEntity.java:3092)
	at net.minecraft.world.entity.LivingEntity.aiStep(LivingEntity.java:3770)
	at net.minecraft.world.entity.Mob.aiStep(Mob.java:554)
	at net.minecraft.world.entity.LivingEntity.tick(LivingEntity.java:3439)
	at net.minecraft.world.entity.Mob.tick(Mob.java:398)
	at net.minecraft.world.entity.ambient.Bat.tick(Bat.java:118)
	at net.minecraft.server.level.ServerLevel.tickNonPassenger(ServerLevel.java:1368)
	at net.minecraft.server.level.ServerLevel$$Lambda/0x000002232a7bf340.accept(Unknown Source)
	at net.minecraft.world.level.Level.guardEntityTick(Level.java:1434)
	at net.minecraft.server.level.ServerLevel.lambda$tick$4(ServerLevel.java:865)
	at net.minecraft.server.level.ServerLevel$$Lambda/0x000002232a26c750.accept(Unknown Source)
	at net.minecraft.world.level.entity.EntityTickList.forEach(EntityTickList.java:39)
	at net.minecraft.server.level.ServerLevel.tick(ServerLevel.java:847)
	at net.minecraft.server.MinecraftServer.tickChildren(MinecraftServer.java:1836)
	at net.minecraft.server.MinecraftServer.tickServer(MinecraftServer.java:1619)
	at net.minecraft.server.dedicated.DedicatedServer.tickServer(DedicatedServer.java:427)
	at net.minecraft.server.MinecraftServer.processPacketsAndTick(MinecraftServer.java:1676)
	at net.minecraft.server.MinecraftServer.runServer(MinecraftServer.java:1342)
	at net.minecraft.server.MinecraftServer.lambda$spin$2(MinecraftServer.java:388)
	at net.minecraft.server.MinecraftServer$$Lambda/0x0000022329f3a248.run(Unknown Source)
	at java.lang.Thread.runWith(java.base@21.0.10/Thread.java:1596)
	at java.lang.Thread.run(java.base@21.0.10/Thread.java:1583)
=== sample +9614ms ===
"Server thread" #113 [37988] prio=8 os_prio=1 cpu=3453.12ms elapsed=14.81s tid=0x00000223784bae90 nid=37988 runnable  [0x000000cc1eafd000]
   java.lang.Thread.State: RUNNABLE
	at java.lang.ClassLoader.defineClass1(java.base@21.0.10/Native Method)
	at java.lang.ClassLoader.defineClass(java.base@21.0.10/ClassLoader.java:1027)
	at java.security.SecureClassLoader.defineClass(java.base@21.0.10/SecureClassLoader.java:150)
	at java.net.URLClassLoader.defineClass(java.base@21.0.10/URLClassLoader.java:524)
	at java.net.URLClassLoader$1.run(java.base@21.0.10/URLClassLoader.java:427)
	at java.net.URLClassLoader$1.run(java.base@21.0.10/URLClassLoader.java:421)
	at java.security.AccessController.executePrivileged(java.base@21.0.10/AccessController.java:809)
	at java.security.AccessController.doPrivileged(java.base@21.0.10/AccessController.java:714)
	at java.net.URLClassLoader.findClass(java.base@21.0.10/URLClassLoader.java:420)
	at java.lang.ClassLoader.loadClass(java.base@21.0.10/ClassLoader.java:593)
	- locked <0x0000000728d0a840> (a java.lang.Object)
	at java.lang.ClassLoader.loadClass(java.base@21.0.10/ClassLoader.java:526)
	at net.minecraft.world.entity.ai.util.LandRandomPos.getPos(LandRandomPos.java:15)
	at net.minecraft.world.entity.ai.util.LandRandomPos.getPos(LandRandomPos.java:11)
	at net.minecraft.world.entity.ai.goal.WaterAvoidingRandomStrollGoal.getPosition(WaterAvoidingRandomStrollGoal.java:27)
	at net.minecraft.world.entity.ai.goal.RandomStrollGoal.canUse(RandomStrollGoal.java:51)
	at net.minecraft.world.entity.ai.goal.WrappedGoal.canUse(WrappedGoal.java:22)
	at net.minecraft.world.entity.ai.goal.GoalSelector.tick(GoalSelector.java:100)
	at net.minecraft.world.entity.Mob.serverAiStep(Mob.java:868)
	at net.minecraft.world.entity.LivingEntity.aiStep(LivingEntity.java:3717)
	at net.minecraft.world.entity.Mob.aiStep(Mob.java:554)
	at net.minecraft.world.entity.AgeableMob.aiStep(AgeableMob.java:149)
	at net.minecraft.world.entity.animal.Animal.aiStep(Animal.java:71)
	at net.minecraft.world.entity.LivingEntity.tick(LivingEntity.java:3439)
	at net.minecraft.world.entity.Mob.tick(Mob.java:398)
	at net.minecraft.server.level.ServerLevel.tickNonPassenger(ServerLevel.java:1368)
	at net.minecraft.server.level.ServerLevel$$Lambda/0x000002232a7bf340.accept(Unknown Source)
	at net.minecraft.world.level.Level.guardEntityTick(Level.java:1434)
	at net.minecraft.server.level.ServerLevel.lambda$tick$4(ServerLevel.java:865)
	at net.minecraft.server.level.ServerLevel$$Lambda/0x000002232a26c750.accept(Unknown Source)
	at net.minecraft.world.level.entity.EntityTickList.forEach(EntityTickList.java:39)
	at net.minecraft.server.level.ServerLevel.tick(ServerLevel.java:847)
	at net.minecraft.server.MinecraftServer.tickChildren(MinecraftServer.java:1836)
	at net.minecraft.server.MinecraftServer.tickServer(MinecraftServer.java:1619)
	at net.minecraft.server.dedicated.DedicatedServer.tickServer(DedicatedServer.java:427)
	at net.minecraft.server.MinecraftServer.processPacketsAndTick(MinecraftServer.java:1676)
	at net.minecraft.server.MinecraftServer.runServer(MinecraftServer.java:1342)
	at net.minecraft.server.MinecraftServer.lambda$spin$2(MinecraftServer.java:388)
	at net.minecraft.server.MinecraftServer$$Lambda/0x0000022329f3a248.run(Unknown Source)
	at java.lang.Thread.runWith(java.base@21.0.10/Thread.java:1596)
	at java.lang.Thread.run(java.base@21.0.10/Thread.java:1583)
=== sample +9889ms ===
"Server thread" #113 [37988] prio=8 os_prio=1 cpu=3531.25ms elapsed=15.07s tid=0x00000223784bae90 nid=37988 waiting on condition  [0x000000cc1eaff000]
   java.lang.Thread.State: TIMED_WAITING (parking)
	at jdk.internal.misc.Unsafe.park(java.base@21.0.10/Native Method)
	- parking to wait for  <0x0000000703c4be28> (a java.lang.String)
	at java.util.concurrent.locks.LockSupport.parkNanos(java.base@21.0.10/LockSupport.java:269)
	at net.minecraft.server.MinecraftServer.recordTaskExecutionTimeWhileWaiting(MinecraftServer.java:1242)
	at net.minecraft.server.MinecraftServer.runServer(MinecraftServer.java:1348)
	at net.minecraft.server.MinecraftServer.lambda$spin$2(MinecraftServer.java:388)
	at net.minecraft.server.MinecraftServer$$Lambda/0x0000022329f3a248.run(Unknown Source)
	at java.lang.Thread.runWith(java.base@21.0.10/Thread.java:1596)
	at java.lang.Thread.run(java.base@21.0.10/Thread.java:1583)
=== sample +10155ms ===
"Server thread" #113 [37988] prio=8 os_prio=1 cpu=3609.38ms elapsed=15.35s tid=0x00000223784bae90 nid=37988 runnable  [0x000000cc1eafd000]
   java.lang.Thread.State: RUNNABLE
	at ca.spottedleaf.concurrentutil.map.SWMRLong2ObjectHashTable.get(SWMRLong2ObjectHashTable.java:356)
	at ca.spottedleaf.moonrise.patches.chunk_system.level.entity.EntityLookup.getRegion(EntityLookup.java:947)
	at ca.spottedleaf.moonrise.patches.chunk_system.level.entity.EntityLookup.getHardCollidingEntities(EntityLookup.java:673)
	at net.minecraft.world.level.Level.moonrise$getHardCollidingEntities(Level.java:231)
	at ca.spottedleaf.moonrise.patches.collisions.CollisionUtil.getEntityHardCollisions(CollisionUtil.java:2093)
	at net.minecraft.world.entity.Entity.collide(Entity.java:1574)
	at net.minecraft.world.entity.Entity.move(Entity.java:1179)
	at net.minecraft.world.entity.item.FallingBlockEntity.tick(FallingBlockEntity.java:156)
	at net.minecraft.server.level.ServerLevel.tickNonPassenger(ServerLevel.java:1368)
	at net.minecraft.server.level.ServerLevel$$Lambda/0x000002232a7bf340.accept(Unknown Source)
	at net.minecraft.world.level.Level.guardEntityTick(Level.java:1434)
	at net.minecraft.server.level.ServerLevel.lambda$tick$4(ServerLevel.java:865)
	at net.minecraft.server.level.ServerLevel$$Lambda/0x000002232a26c750.accept(Unknown Source)
	at net.minecraft.world.level.entity.EntityTickList.forEach(EntityTickList.java:39)
	at net.minecraft.server.level.ServerLevel.tick(ServerLevel.java:847)
	at net.minecraft.server.MinecraftServer.tickChildren(MinecraftServer.java:1836)
	at net.minecraft.server.MinecraftServer.tickServer(MinecraftServer.java:1619)
	at net.minecraft.server.dedicated.DedicatedServer.tickServer(DedicatedServer.java:427)
	at net.minecraft.server.MinecraftServer.processPacketsAndTick(MinecraftServer.java:1676)
	at net.minecraft.server.MinecraftServer.runServer(MinecraftServer.java:1342)
	at net.minecraft.server.MinecraftServer.lambda$spin$2(MinecraftServer.java:388)
	at net.minecraft.server.MinecraftServer$$Lambda/0x0000022329f3a248.run(Unknown Source)
	at java.lang.Thread.runWith(java.base@21.0.10/Thread.java:1596)
	at java.lang.Thread.run(java.base@21.0.10/Thread.java:1583)
=== sample +10418ms ===
"Server thread" #113 [37988] prio=8 os_prio=1 cpu=3687.50ms elapsed=15.61s tid=0x00000223784bae90 nid=37988 waiting on condition  [0x000000cc1eaff000]
   java.lang.Thread.State: TIMED_WAITING (parking)
	at jdk.internal.misc.Unsafe.park(java.base@21.0.10/Native Method)
	- parking to wait for  <0x0000000703c4be28> (a java.lang.String)
	at java.util.concurrent.locks.LockSupport.parkNanos(java.base@21.0.10/LockSupport.java:269)
	at net.minecraft.server.MinecraftServer.recordTaskExecutionTimeWhileWaiting(MinecraftServer.java:1242)
	at net.minecraft.server.MinecraftServer.runServer(MinecraftServer.java:1348)
	at net.minecraft.server.MinecraftServer.lambda$spin$2(MinecraftServer.java:388)
	at net.minecraft.server.MinecraftServer$$Lambda/0x0000022329f3a248.run(Unknown Source)
	at java.lang.Thread.runWith(java.base@21.0.10/Thread.java:1596)
	at java.lang.Thread.run(java.base@21.0.10/Thread.java:1583)
=== sample +10688ms ===
"Server thread" #113 [37988] prio=8 os_prio=1 cpu=3734.38ms elapsed=15.88s tid=0x00000223784bae90 nid=37988 runnable  [0x000000cc1eafd000]
   java.lang.Thread.State: RUNNABLE
	at it.unimi.dsi.fastutil.objects.ReferenceOpenHashSet.contains(ReferenceOpenHashSet.java:450)
	at it.unimi.dsi.fastutil.objects.ReferenceCollections$UnmodifiableCollection.contains(ReferenceCollections.java:344)
	at it.unimi.dsi.fastutil.objects.ReferenceSets$UnmodifiableSet.contains(ReferenceSets.java:221)
	at net.minecraft.core.Holder$Reference.is(Holder.java:175)
	at net.minecraft.world.level.block.state.BlockBehaviour$BlockStateBase.is(BlockBehaviour.java:958)
	at net.minecraft.world.entity.Entity.getOnPos(Entity.java:1469)
	at net.minecraft.world.entity.Entity.getBlockPosBelowThatAffectsMyMovement(Entity.java:1454)
	at net.minecraft.world.entity.LivingEntity.travelInAir(LivingEntity.java:3121)
	at net.minecraft.world.entity.LivingEntity.travel(LivingEntity.java:3092)
	at net.minecraft.world.entity.LivingEntity.aiStep(LivingEntity.java:3770)
	at net.minecraft.world.entity.Mob.aiStep(Mob.java:554)
	at net.minecraft.world.entity.AgeableMob.aiStep(AgeableMob.java:149)
	at net.minecraft.world.entity.animal.Animal.aiStep(Animal.java:71)
	at net.minecraft.world.entity.animal.chicken.Chicken.aiStep(Chicken.java:99)
	at net.minecraft.world.entity.LivingEntity.tick(LivingEntity.java:3439)
	at net.minecraft.world.entity.Mob.tick(Mob.java:398)
	at net.minecraft.server.level.ServerLevel.tickNonPassenger(ServerLevel.java:1368)
	at net.minecraft.server.level.ServerLevel$$Lambda/0x000002232a7bf340.accept(Unknown Source)
	at net.minecraft.world.level.Level.guardEntityTick(Level.java:1434)
	at net.minecraft.server.level.ServerLevel.lambda$tick$4(ServerLevel.java:865)
	at net.minecraft.server.level.ServerLevel$$Lambda/0x000002232a26c750.accept(Unknown Source)
	at net.minecraft.world.level.entity.EntityTickList.forEach(EntityTickList.java:39)
	at net.minecraft.server.level.ServerLevel.tick(ServerLevel.java:847)
	at net.minecraft.server.MinecraftServer.tickChildren(MinecraftServer.java:1836)
	at net.minecraft.server.MinecraftServer.tickServer(MinecraftServer.java:1619)
	at net.minecraft.server.dedicated.DedicatedServer.tickServer(DedicatedServer.java:427)
	at net.minecraft.server.MinecraftServer.processPacketsAndTick(MinecraftServer.java:1676)
	at net.minecraft.server.MinecraftServer.runServer(MinecraftServer.java:1342)
	at net.minecraft.server.MinecraftServer.lambda$spin$2(MinecraftServer.java:388)
	at net.minecraft.server.MinecraftServer$$Lambda/0x0000022329f3a248.run(Unknown Source)
	at java.lang.Thread.runWith(java.base@21.0.10/Thread.java:1596)
	at java.lang.Thread.run(java.base@21.0.10/Thread.java:1583)
=== sample +10945ms ===
"Server thread" #113 [37988] prio=8 os_prio=1 cpu=3750.00ms elapsed=16.14s tid=0x00000223784bae90 nid=37988 waiting on condition  [0x000000cc1eaff000]
   java.lang.Thread.State: TIMED_WAITING (parking)
	at jdk.internal.misc.Unsafe.park(java.base@21.0.10/Native Method)
	- parking to wait for  <0x0000000703c4be28> (a java.lang.String)
	at java.util.concurrent.locks.LockSupport.parkNanos(java.base@21.0.10/LockSupport.java:269)
	at net.minecraft.server.MinecraftServer.recordTaskExecutionTimeWhileWaiting(MinecraftServer.java:1242)
	at net.minecraft.server.MinecraftServer.runServer(MinecraftServer.java:1348)
	at net.minecraft.server.MinecraftServer.lambda$spin$2(MinecraftServer.java:388)
	at net.minecraft.server.MinecraftServer$$Lambda/0x0000022329f3a248.run(Unknown Source)
	at java.lang.Thread.runWith(java.base@21.0.10/Thread.java:1596)
	at java.lang.Thread.run(java.base@21.0.10/Thread.java:1583)
=== sample +11211ms ===
"Server thread" #113 [37988] prio=8 os_prio=1 cpu=3750.00ms elapsed=16.41s tid=0x00000223784bae90 nid=37988 waiting on condition  [0x000000cc1eaff000]
   java.lang.Thread.State: TIMED_WAITING (parking)
	at jdk.internal.misc.Unsafe.park(java.base@21.0.10/Native Method)
	- parking to wait for  <0x0000000703c4be28> (a java.lang.String)
	at java.util.concurrent.locks.LockSupport.parkNanos(java.base@21.0.10/LockSupport.java:269)
	at net.minecraft.server.MinecraftServer.recordTaskExecutionTimeWhileWaiting(MinecraftServer.java:1242)
	at net.minecraft.server.MinecraftServer.runServer(MinecraftServer.java:1348)
	at net.minecraft.server.MinecraftServer.lambda$spin$2(MinecraftServer.java:388)
	at net.minecraft.server.MinecraftServer$$Lambda/0x0000022329f3a248.run(Unknown Source)
	at java.lang.Thread.runWith(java.base@21.0.10/Thread.java:1596)
	at java.lang.Thread.run(java.base@21.0.10/Thread.java:1583)
=== sample +11474ms ===
"Server thread" #113 [37988] prio=8 os_prio=1 cpu=3750.00ms elapsed=16.67s tid=0x00000223784bae90 nid=37988 waiting on condition  [0x000000cc1eaff000]
   java.lang.Thread.State: TIMED_WAITING (parking)
	at jdk.internal.misc.Unsafe.park(java.base@21.0.10/Native Method)
	- parking to wait for  <0x0000000703c4be28> (a java.lang.String)
	at java.util.concurrent.locks.LockSupport.parkNanos(java.base@21.0.10/LockSupport.java:269)
	at net.minecraft.server.MinecraftServer.recordTaskExecutionTimeWhileWaiting(MinecraftServer.java:1242)
	at net.minecraft.server.MinecraftServer.runServer(MinecraftServer.java:1348)
	at net.minecraft.server.MinecraftServer.lambda$spin$2(MinecraftServer.java:388)
	at net.minecraft.server.MinecraftServer$$Lambda/0x0000022329f3a248.run(Unknown Source)
	at java.lang.Thread.runWith(java.base@21.0.10/Thread.java:1596)
	at java.lang.Thread.run(java.base@21.0.10/Thread.java:1583)
=== sample +11737ms ===
"Server thread" #113 [37988] prio=8 os_prio=1 cpu=3765.62ms elapsed=16.93s tid=0x00000223784bae90 nid=37988 waiting on condition  [0x000000cc1eaff000]
   java.lang.Thread.State: TIMED_WAITING (parking)
	at jdk.internal.misc.Unsafe.park(java.base@21.0.10/Native Method)
	- parking to wait for  <0x0000000703c4be28> (a java.lang.String)
	at java.util.concurrent.locks.LockSupport.parkNanos(java.base@21.0.10/LockSupport.java:269)
	at net.minecraft.server.MinecraftServer.recordTaskExecutionTimeWhileWaiting(MinecraftServer.java:1242)
	at net.minecraft.server.MinecraftServer.runServer(MinecraftServer.java:1348)
	at net.minecraft.server.MinecraftServer.lambda$spin$2(MinecraftServer.java:388)
	at net.minecraft.server.MinecraftServer$$Lambda/0x0000022329f3a248.run(Unknown Source)
	at java.lang.Thread.runWith(java.base@21.0.10/Thread.java:1596)
	at java.lang.Thread.run(java.base@21.0.10/Thread.java:1583)
=== sample +12004ms ===
"Server thread" #113 [37988] prio=8 os_prio=1 cpu=3812.50ms elapsed=17.20s tid=0x00000223784bae90 nid=37988 waiting on condition  [0x000000cc1eaff000]
   java.lang.Thread.State: TIMED_WAITING (parking)
	at jdk.internal.misc.Unsafe.park(java.base@21.0.10/Native Method)
	- parking to wait for  <0x0000000703c4be28> (a java.lang.String)
	at java.util.concurrent.locks.LockSupport.parkNanos(java.base@21.0.10/LockSupport.java:269)
	at net.minecraft.server.MinecraftServer.recordTaskExecutionTimeWhileWaiting(MinecraftServer.java:1242)
	at net.minecraft.server.MinecraftServer.runServer(MinecraftServer.java:1348)
	at net.minecraft.server.MinecraftServer.lambda$spin$2(MinecraftServer.java:388)
	at net.minecraft.server.MinecraftServer$$Lambda/0x0000022329f3a248.run(Unknown Source)
	at java.lang.Thread.runWith(java.base@21.0.10/Thread.java:1596)
	at java.lang.Thread.run(java.base@21.0.10/Thread.java:1583)
=== sample +12256ms ===
"Server thread" #113 [37988] prio=8 os_prio=1 cpu=3828.12ms elapsed=17.46s tid=0x00000223784bae90 nid=37988 waiting on condition  [0x000000cc1eaff000]
   java.lang.Thread.State: TIMED_WAITING (parking)
	at jdk.internal.misc.Unsafe.park(java.base@21.0.10/Native Method)
	- parking to wait for  <0x0000000703c4be28> (a java.lang.String)
	at java.util.concurrent.locks.LockSupport.parkNanos(java.base@21.0.10/LockSupport.java:269)
	at net.minecraft.server.MinecraftServer.recordTaskExecutionTimeWhileWaiting(MinecraftServer.java:1242)
	at net.minecraft.server.MinecraftServer.runServer(MinecraftServer.java:1348)
	at net.minecraft.server.MinecraftServer.lambda$spin$2(MinecraftServer.java:388)
	at net.minecraft.server.MinecraftServer$$Lambda/0x0000022329f3a248.run(Unknown Source)
	at java.lang.Thread.runWith(java.base@21.0.10/Thread.java:1596)
	at java.lang.Thread.run(java.base@21.0.10/Thread.java:1583)
=== sample +12517ms ===
"Server thread" #113 [37988] prio=8 os_prio=1 cpu=3843.75ms elapsed=17.71s tid=0x00000223784bae90 nid=37988 waiting on condition  [0x000000cc1eaff000]
   java.lang.Thread.State: TIMED_WAITING (parking)
	at jdk.internal.misc.Unsafe.park(java.base@21.0.10/Native Method)
	- parking to wait for  <0x0000000703c4be28> (a java.lang.String)
	at java.util.concurrent.locks.LockSupport.parkNanos(java.base@21.0.10/LockSupport.java:269)
	at net.minecraft.server.MinecraftServer.recordTaskExecutionTimeWhileWaiting(MinecraftServer.java:1242)
	at net.minecraft.server.MinecraftServer.runServer(MinecraftServer.java:1348)
	at net.minecraft.server.MinecraftServer.lambda$spin$2(MinecraftServer.java:388)
	at net.minecraft.server.MinecraftServer$$Lambda/0x0000022329f3a248.run(Unknown Source)
	at java.lang.Thread.runWith(java.base@21.0.10/Thread.java:1596)
	at java.lang.Thread.run(java.base@21.0.10/Thread.java:1583)
=== sample +12779ms ===
"Server thread" #113 [37988] prio=8 os_prio=1 cpu=3875.00ms elapsed=17.97s tid=0x00000223784bae90 nid=37988 waiting on condition  [0x000000cc1eaff000]
   java.lang.Thread.State: TIMED_WAITING (parking)
	at jdk.internal.misc.Unsafe.park(java.base@21.0.10/Native Method)
	- parking to wait for  <0x0000000703c4be28> (a java.lang.String)
	at java.util.concurrent.locks.LockSupport.parkNanos(java.base@21.0.10/LockSupport.java:269)
	at net.minecraft.server.MinecraftServer.recordTaskExecutionTimeWhileWaiting(MinecraftServer.java:1242)
	at net.minecraft.server.MinecraftServer.runServer(MinecraftServer.java:1348)
	at net.minecraft.server.MinecraftServer.lambda$spin$2(MinecraftServer.java:388)
	at net.minecraft.server.MinecraftServer$$Lambda/0x0000022329f3a248.run(Unknown Source)
	at java.lang.Thread.runWith(java.base@21.0.10/Thread.java:1596)
	at java.lang.Thread.run(java.base@21.0.10/Thread.java:1583)
=== sample +13041ms ===
"Server thread" #113 [37988] prio=8 os_prio=1 cpu=3875.00ms elapsed=18.23s tid=0x00000223784bae90 nid=37988 runnable  [0x000000cc1eafd000]
   java.lang.Thread.State: RUNNABLE
	at ca.spottedleaf.moonrise.patches.starlight.light.StarLightInterface$LightQueue$ChunkTasks.addChangedPosition(StarLightInterface.java:585)
	at ca.spottedleaf.moonrise.patches.starlight.light.StarLightInterface$ServerLightQueue.lambda$queueBlockChange$0(StarLightInterface.java:797)
	at ca.spottedleaf.moonrise.patches.starlight.light.StarLightInterface$ServerLightQueue$$Lambda/0x000002232a49f0e8.apply(Unknown Source)
	at ca.spottedleaf.concurrentutil.map.ConcurrentLong2ReferenceChainedHashTable.compute(ConcurrentLong2ReferenceChainedHashTable.java:940)
	- locked <0x00000007fd4ad648> (a ca.spottedleaf.concurrentutil.map.ConcurrentLong2ReferenceChainedHashTable$TableEntry)
	at ca.spottedleaf.moonrise.patches.starlight.light.StarLightInterface$ServerLightQueue.queueBlockChange(StarLightInterface.java:791)
	at ca.spottedleaf.moonrise.patches.starlight.light.StarLightInterface$ServerLightQueue.queueBlockChange(StarLightInterface.java:746)
	at ca.spottedleaf.moonrise.patches.starlight.light.StarLightInterface.blockChange(StarLightInterface.java:422)
	at net.minecraft.server.level.ThreadedLevelLightEngine.lambda$checkBlock$5(ThreadedLevelLightEngine.java:187)
	at net.minecraft.server.level.ThreadedLevelLightEngine$$Lambda/0x000002232a20f338.get(Unknown Source)
	at net.minecraft.server.level.ThreadedLevelLightEngine.queueTaskForSection(ThreadedLevelLightEngine.java:47)
	at net.minecraft.server.level.ThreadedLevelLightEngine.checkBlock(ThreadedLevelLightEngine.java:186)
	at net.minecraft.world.level.chunk.LevelChunk.setBlockState(LevelChunk.java:452)
	at net.minecraft.world.level.Level.setBlock(Level.java:1083)
	at net.minecraft.world.level.Level.setBlock(Level.java:1042)
	at net.minecraft.world.level.material.FlowingFluid.spreadTo(FlowingFluid.java:342)
	at net.minecraft.world.level.material.FlowingFluid.spread(FlowingFluid.java:180)
	at net.minecraft.world.level.material.FlowingFluid.tick(FlowingFluid.java:529)
	at net.minecraft.world.level.material.FluidState.tick(FluidState.java:100)
	at net.minecraft.server.level.ServerLevel.tickFluid(ServerLevel.java:1316)
	at net.minecraft.server.level.ServerLevel$$Lambda/0x000002232a25cf08.accept(Unknown Source)
	at net.minecraft.world.ticks.LevelTicks.runCollectedTicks(LevelTicks.java:189)
	at net.minecraft.world.ticks.LevelTicks.tick(LevelTicks.java:88)
	at net.minecraft.server.level.ServerLevel.tick(ServerLevel.java:803)
	at net.minecraft.server.MinecraftServer.tickChildren(MinecraftServer.java:1836)
	at net.minecraft.server.MinecraftServer.tickServer(MinecraftServer.java:1619)
	at net.minecraft.server.dedicated.DedicatedServer.tickServer(DedicatedServer.java:427)
	at net.minecraft.server.MinecraftServer.processPacketsAndTick(MinecraftServer.java:1676)
	at net.minecraft.server.MinecraftServer.runServer(MinecraftServer.java:1342)
	at net.minecraft.server.MinecraftServer.lambda$spin$2(MinecraftServer.java:388)
	at net.minecraft.server.MinecraftServer$$Lambda/0x0000022329f3a248.run(Unknown Source)
	at java.lang.Thread.runWith(java.base@21.0.10/Thread.java:1596)
	at java.lang.Thread.run(java.base@21.0.10/Thread.java:1583)
=== sample +13317ms ===
"Server thread" #113 [37988] prio=8 os_prio=1 cpu=3875.00ms elapsed=18.50s tid=0x00000223784bae90 nid=37988 waiting on condition  [0x000000cc1eaff000]
   java.lang.Thread.State: TIMED_WAITING (parking)
	at jdk.internal.misc.Unsafe.park(java.base@21.0.10/Native Method)
	- parking to wait for  <0x0000000703c4be28> (a java.lang.String)
	at java.util.concurrent.locks.LockSupport.parkNanos(java.base@21.0.10/LockSupport.java:269)
	at net.minecraft.server.MinecraftServer.recordTaskExecutionTimeWhileWaiting(MinecraftServer.java:1242)
	at net.minecraft.server.MinecraftServer.runServer(MinecraftServer.java:1348)
	at net.minecraft.server.MinecraftServer.lambda$spin$2(MinecraftServer.java:388)
	at net.minecraft.server.MinecraftServer$$Lambda/0x0000022329f3a248.run(Unknown Source)
	at java.lang.Thread.runWith(java.base@21.0.10/Thread.java:1596)
	at java.lang.Thread.run(java.base@21.0.10/Thread.java:1583)
=== sample +13578ms ===
"Server thread" #113 [37988] prio=8 os_prio=1 cpu=3921.88ms elapsed=18.78s tid=0x00000223784bae90 nid=37988 waiting on condition  [0x000000cc1eaff000]
   java.lang.Thread.State: TIMED_WAITING (parking)
	at jdk.internal.misc.Unsafe.park(java.base@21.0.10/Native Method)
	- parking to wait for  <0x0000000703c4be28> (a java.lang.String)
	at java.util.concurrent.locks.LockSupport.parkNanos(java.base@21.0.10/LockSupport.java:269)
	at net.minecraft.server.MinecraftServer.recordTaskExecutionTimeWhileWaiting(MinecraftServer.java:1242)
	at net.minecraft.server.MinecraftServer.runServer(MinecraftServer.java:1348)
	at net.minecraft.server.MinecraftServer.lambda$spin$2(MinecraftServer.java:388)
	at net.minecraft.server.MinecraftServer$$Lambda/0x0000022329f3a248.run(Unknown Source)
	at java.lang.Thread.runWith(java.base@21.0.10/Thread.java:1596)
	at java.lang.Thread.run(java.base@21.0.10/Thread.java:1583)
=== sample +13838ms ===
"Server thread" #113 [37988] prio=8 os_prio=1 cpu=3953.12ms elapsed=19.03s tid=0x00000223784bae90 nid=37988 runnable  [0x000000cc1eafd000]
   java.lang.Thread.State: RUNNABLE
	at net.minecraft.world.entity.LivingEntity.aiStep(LivingEntity.java:3819)
	at net.minecraft.world.entity.Mob.aiStep(Mob.java:554)
	at net.minecraft.world.entity.LivingEntity.tick(LivingEntity.java:3439)
	at net.minecraft.world.entity.Mob.tick(Mob.java:398)
	at net.minecraft.world.entity.ambient.Bat.tick(Bat.java:118)
	at net.minecraft.server.level.ServerLevel.tickNonPassenger(ServerLevel.java:1368)
	at net.minecraft.server.level.ServerLevel$$Lambda/0x000002232a7bf340.accept(Unknown Source)
	at net.minecraft.world.level.Level.guardEntityTick(Level.java:1434)
	at net.minecraft.server.level.ServerLevel.lambda$tick$4(ServerLevel.java:865)
	at net.minecraft.server.level.ServerLevel$$Lambda/0x000002232a26c750.accept(Unknown Source)
	at net.minecraft.world.level.entity.EntityTickList.forEach(EntityTickList.java:39)
	at net.minecraft.server.level.ServerLevel.tick(ServerLevel.java:847)
	at net.minecraft.server.MinecraftServer.tickChildren(MinecraftServer.java:1836)
	at net.minecraft.server.MinecraftServer.tickServer(MinecraftServer.java:1619)
	at net.minecraft.server.dedicated.DedicatedServer.tickServer(DedicatedServer.java:427)
	at net.minecraft.server.MinecraftServer.processPacketsAndTick(MinecraftServer.java:1676)
	at net.minecraft.server.MinecraftServer.runServer(MinecraftServer.java:1342)
	at net.minecraft.server.MinecraftServer.lambda$spin$2(MinecraftServer.java:388)
	at net.minecraft.server.MinecraftServer$$Lambda/0x0000022329f3a248.run(Unknown Source)
	at java.lang.Thread.runWith(java.base@21.0.10/Thread.java:1596)
	at java.lang.Thread.run(java.base@21.0.10/Thread.java:1583)
=== sample +14100ms ===
"Server thread" #113 [37988] prio=8 os_prio=1 cpu=3953.12ms elapsed=19.30s tid=0x00000223784bae90 nid=37988 waiting on condition  [0x000000cc1eaff000]
   java.lang.Thread.State: TIMED_WAITING (parking)
	at jdk.internal.misc.Unsafe.park(java.base@21.0.10/Native Method)
	- parking to wait for  <0x0000000703c4be28> (a java.lang.String)
	at java.util.concurrent.locks.LockSupport.parkNanos(java.base@21.0.10/LockSupport.java:269)
	at net.minecraft.server.MinecraftServer.recordTaskExecutionTimeWhileWaiting(MinecraftServer.java:1242)
	at net.minecraft.server.MinecraftServer.runServer(MinecraftServer.java:1348)
	at net.minecraft.server.MinecraftServer.lambda$spin$2(MinecraftServer.java:388)
	at net.minecraft.server.MinecraftServer$$Lambda/0x0000022329f3a248.run(Unknown Source)
	at java.lang.Thread.runWith(java.base@21.0.10/Thread.java:1596)
	at java.lang.Thread.run(java.base@21.0.10/Thread.java:1583)
=== sample +14362ms ===
"Server thread" #113 [37988] prio=8 os_prio=1 cpu=3968.75ms elapsed=19.56s tid=0x00000223784bae90 nid=37988 waiting on condition  [0x000000cc1eaff000]
   java.lang.Thread.State: TIMED_WAITING (parking)
	at jdk.internal.misc.Unsafe.park(java.base@21.0.10/Native Method)
	- parking to wait for  <0x0000000703c4be28> (a java.lang.String)
	at java.util.concurrent.locks.LockSupport.parkNanos(java.base@21.0.10/LockSupport.java:269)
	at net.minecraft.server.MinecraftServer.recordTaskExecutionTimeWhileWaiting(MinecraftServer.java:1242)
	at net.minecraft.server.MinecraftServer.runServer(MinecraftServer.java:1348)
	at net.minecraft.server.MinecraftServer.lambda$spin$2(MinecraftServer.java:388)
	at net.minecraft.server.MinecraftServer$$Lambda/0x0000022329f3a248.run(Unknown Source)
	at java.lang.Thread.runWith(java.base@21.0.10/Thread.java:1596)
	at java.lang.Thread.run(java.base@21.0.10/Thread.java:1583)
=== sample +14631ms ===
"Server thread" #113 [37988] prio=8 os_prio=1 cpu=4046.88ms elapsed=19.82s tid=0x00000223784bae90 nid=37988 waiting on condition  [0x000000cc1eaff000]
   java.lang.Thread.State: TIMED_WAITING (parking)
	at jdk.internal.misc.Unsafe.park(java.base@21.0.10/Native Method)
	- parking to wait for  <0x0000000703c4be28> (a java.lang.String)
	at java.util.concurrent.locks.LockSupport.parkNanos(java.base@21.0.10/LockSupport.java:269)
	at net.minecraft.server.MinecraftServer.recordTaskExecutionTimeWhileWaiting(MinecraftServer.java:1242)
	at net.minecraft.server.MinecraftServer.runServer(MinecraftServer.java:1348)
	at net.minecraft.server.MinecraftServer.lambda$spin$2(MinecraftServer.java:388)
	at net.minecraft.server.MinecraftServer$$Lambda/0x0000022329f3a248.run(Unknown Source)
	at java.lang.Thread.runWith(java.base@21.0.10/Thread.java:1596)
	at java.lang.Thread.run(java.base@21.0.10/Thread.java:1583)
=== sample +14888ms ===
"Server thread" #113 [37988] prio=8 os_prio=1 cpu=4046.88ms elapsed=20.08s tid=0x00000223784bae90 nid=37988 runnable  [0x000000cc1eafd000]
   java.lang.Thread.State: RUNNABLE
	at it.unimi.dsi.fastutil.longs.Long2ReferenceOpenHashMap.get(Long2ReferenceOpenHashMap.java:332)
	at ca.spottedleaf.moonrise.common.misc.NearbyPlayers.getPlayers(NearbyPlayers.java:146)
	at net.minecraft.world.level.NaturalSpawner.spawnForChunk(NaturalSpawner.java:176)
	at net.minecraft.server.level.ServerChunkCache.tickSpawningChunk(ServerChunkCache.java:624)
	at net.minecraft.server.level.ServerChunkCache.tickChunks(ServerChunkCache.java:599)
	at net.minecraft.server.level.ServerChunkCache.tickChunks(ServerChunkCache.java:507)
	at net.minecraft.server.level.ServerChunkCache.tick(ServerChunkCache.java:488)
	at net.minecraft.server.level.ServerLevel.tick(ServerLevel.java:815)
	at net.minecraft.server.MinecraftServer.tickChildren(MinecraftServer.java:1836)
	at net.minecraft.server.MinecraftServer.tickServer(MinecraftServer.java:1619)
	at net.minecraft.server.dedicated.DedicatedServer.tickServer(DedicatedServer.java:427)
	at net.minecraft.server.MinecraftServer.processPacketsAndTick(MinecraftServer.java:1676)
	at net.minecraft.server.MinecraftServer.runServer(MinecraftServer.java:1342)
	at net.minecraft.server.MinecraftServer.lambda$spin$2(MinecraftServer.java:388)
	at net.minecraft.server.MinecraftServer$$Lambda/0x0000022329f3a248.run(Unknown Source)
	at java.lang.Thread.runWith(java.base@21.0.10/Thread.java:1596)
	at java.lang.Thread.run(java.base@21.0.10/Thread.java:1583)
=== sample +15151ms ===
"Server thread" #113 [37988] prio=8 os_prio=1 cpu=4046.88ms elapsed=20.35s tid=0x00000223784bae90 nid=37988 waiting on condition  [0x000000cc1eaff000]
   java.lang.Thread.State: TIMED_WAITING (parking)
	at jdk.internal.misc.Unsafe.park(java.base@21.0.10/Native Method)
	- parking to wait for  <0x0000000703c4be28> (a java.lang.String)
	at java.util.concurrent.locks.LockSupport.parkNanos(java.base@21.0.10/LockSupport.java:269)
	at net.minecraft.server.MinecraftServer.recordTaskExecutionTimeWhileWaiting(MinecraftServer.java:1242)
	at net.minecraft.server.MinecraftServer.runServer(MinecraftServer.java:1348)
	at net.minecraft.server.MinecraftServer.lambda$spin$2(MinecraftServer.java:388)
	at net.minecraft.server.MinecraftServer$$Lambda/0x0000022329f3a248.run(Unknown Source)
	at java.lang.Thread.runWith(java.base@21.0.10/Thread.java:1596)
	at java.lang.Thread.run(java.base@21.0.10/Thread.java:1583)
=== sample +15414ms ===
"Server thread" #113 [37988] prio=8 os_prio=1 cpu=4046.88ms elapsed=20.61s tid=0x00000223784bae90 nid=37988 waiting on condition  [0x000000cc1eaff000]
   java.lang.Thread.State: TIMED_WAITING (parking)
	at jdk.internal.misc.Unsafe.park(java.base@21.0.10/Native Method)
	- parking to wait for  <0x0000000703c4be28> (a java.lang.String)
	at java.util.concurrent.locks.LockSupport.parkNanos(java.base@21.0.10/LockSupport.java:269)
	at net.minecraft.server.MinecraftServer.recordTaskExecutionTimeWhileWaiting(MinecraftServer.java:1242)
	at net.minecraft.server.MinecraftServer.runServer(MinecraftServer.java:1348)
	at net.minecraft.server.MinecraftServer.lambda$spin$2(MinecraftServer.java:388)
	at net.minecraft.server.MinecraftServer$$Lambda/0x0000022329f3a248.run(Unknown Source)
	at java.lang.Thread.runWith(java.base@21.0.10/Thread.java:1596)
	at java.lang.Thread.run(java.base@21.0.10/Thread.java:1583)
=== sample +15676ms ===
"Server thread" #113 [37988] prio=8 os_prio=1 cpu=4046.88ms elapsed=20.87s tid=0x00000223784bae90 nid=37988 waiting on condition  [0x000000cc1eaff000]
   java.lang.Thread.State: TIMED_WAITING (parking)
	at jdk.internal.misc.Unsafe.park(java.base@21.0.10/Native Method)
	- parking to wait for  <0x0000000703c4be28> (a java.lang.String)
	at java.util.concurrent.locks.LockSupport.parkNanos(java.base@21.0.10/LockSupport.java:269)
	at net.minecraft.server.MinecraftServer.recordTaskExecutionTimeWhileWaiting(MinecraftServer.java:1242)
	at net.minecraft.server.MinecraftServer.runServer(MinecraftServer.java:1348)
	at net.minecraft.server.MinecraftServer.lambda$spin$2(MinecraftServer.java:388)
	at net.minecraft.server.MinecraftServer$$Lambda/0x0000022329f3a248.run(Unknown Source)
	at java.lang.Thread.runWith(java.base@21.0.10/Thread.java:1596)
	at java.lang.Thread.run(java.base@21.0.10/Thread.java:1583)
=== sample +15948ms ===
"Server thread" #113 [37988] prio=8 os_prio=1 cpu=4093.75ms elapsed=21.12s tid=0x00000223784bae90 nid=37988 waiting on condition  [0x000000cc1eaff000]
   java.lang.Thread.State: TIMED_WAITING (parking)
	at jdk.internal.misc.Unsafe.park(java.base@21.0.10/Native Method)
	- parking to wait for  <0x0000000703c4be28> (a java.lang.String)
	at java.util.concurrent.locks.LockSupport.parkNanos(java.base@21.0.10/LockSupport.java:269)
	at net.minecraft.server.MinecraftServer.recordTaskExecutionTimeWhileWaiting(MinecraftServer.java:1242)
	at net.minecraft.server.MinecraftServer.runServer(MinecraftServer.java:1348)
	at net.minecraft.server.MinecraftServer.lambda$spin$2(MinecraftServer.java:388)
	at net.minecraft.server.MinecraftServer$$Lambda/0x0000022329f3a248.run(Unknown Source)
	at java.lang.Thread.runWith(java.base@21.0.10/Thread.java:1596)
	at java.lang.Thread.run(java.base@21.0.10/Thread.java:1583)
=== sample +16200ms ===
"Server thread" #113 [37988] prio=8 os_prio=1 cpu=4093.75ms elapsed=21.39s tid=0x00000223784bae90 nid=37988 waiting on condition  [0x000000cc1eaff000]
   java.lang.Thread.State: TIMED_WAITING (parking)
	at jdk.internal.misc.Unsafe.park(java.base@21.0.10/Native Method)
	- parking to wait for  <0x0000000703c4be28> (a java.lang.String)
	at java.util.concurrent.locks.LockSupport.parkNanos(java.base@21.0.10/LockSupport.java:269)
	at net.minecraft.server.MinecraftServer.recordTaskExecutionTimeWhileWaiting(MinecraftServer.java:1242)
	at net.minecraft.server.MinecraftServer.runServer(MinecraftServer.java:1348)
	at net.minecraft.server.MinecraftServer.lambda$spin$2(MinecraftServer.java:388)
	at net.minecraft.server.MinecraftServer$$Lambda/0x0000022329f3a248.run(Unknown Source)
	at java.lang.Thread.runWith(java.base@21.0.10/Thread.java:1596)
	at java.lang.Thread.run(java.base@21.0.10/Thread.java:1583)
=== sample +16466ms ===
"Server thread" #113 [37988] prio=8 os_prio=1 cpu=4093.75ms elapsed=21.66s tid=0x00000223784bae90 nid=37988 waiting on condition  [0x000000cc1eaff000]
   java.lang.Thread.State: TIMED_WAITING (parking)
	at jdk.internal.misc.Unsafe.park(java.base@21.0.10/Native Method)
	- parking to wait for  <0x0000000703c4be28> (a java.lang.String)
	at java.util.concurrent.locks.LockSupport.parkNanos(java.base@21.0.10/LockSupport.java:269)
	at net.minecraft.server.MinecraftServer.recordTaskExecutionTimeWhileWaiting(MinecraftServer.java:1242)
	at net.minecraft.server.MinecraftServer.runServer(MinecraftServer.java:1348)
	at net.minecraft.server.MinecraftServer.lambda$spin$2(MinecraftServer.java:388)
	at net.minecraft.server.MinecraftServer$$Lambda/0x0000022329f3a248.run(Unknown Source)
	at java.lang.Thread.runWith(java.base@21.0.10/Thread.java:1596)
	at java.lang.Thread.run(java.base@21.0.10/Thread.java:1583)
=== sample +16729ms ===
"Server thread" #113 [37988] prio=8 os_prio=1 cpu=4093.75ms elapsed=21.92s tid=0x00000223784bae90 nid=37988 runnable  [0x000000cc1eaff000]
   java.lang.Thread.State: TIMED_WAITING (parking)
	at jdk.internal.misc.Unsafe.park(java.base@21.0.10/Native Method)
	- parking to wait for  <0x0000000703c4be28> (a java.lang.String)
	at java.util.concurrent.locks.LockSupport.parkNanos(java.base@21.0.10/LockSupport.java:269)
	at net.minecraft.server.MinecraftServer.recordTaskExecutionTimeWhileWaiting(MinecraftServer.java:1242)
	at net.minecraft.server.MinecraftServer.runServer(MinecraftServer.java:1348)
	at net.minecraft.server.MinecraftServer.lambda$spin$2(MinecraftServer.java:388)
	at net.minecraft.server.MinecraftServer$$Lambda/0x0000022329f3a248.run(Unknown Source)
	at java.lang.Thread.runWith(java.base@21.0.10/Thread.java:1596)
	at java.lang.Thread.run(java.base@21.0.10/Thread.java:1583)
=== sample +16992ms ===
"Server thread" #113 [37988] prio=8 os_prio=1 cpu=4093.75ms elapsed=22.18s tid=0x00000223784bae90 nid=37988 waiting on condition  [0x000000cc1eaff000]
   java.lang.Thread.State: TIMED_WAITING (parking)
	at jdk.internal.misc.Unsafe.park(java.base@21.0.10/Native Method)
	- parking to wait for  <0x0000000703c4be28> (a java.lang.String)
	at java.util.concurrent.locks.LockSupport.parkNanos(java.base@21.0.10/LockSupport.java:269)
	at net.minecraft.server.MinecraftServer.recordTaskExecutionTimeWhileWaiting(MinecraftServer.java:1242)
	at net.minecraft.server.MinecraftServer.runServer(MinecraftServer.java:1348)
	at net.minecraft.server.MinecraftServer.lambda$spin$2(MinecraftServer.java:388)
	at net.minecraft.server.MinecraftServer$$Lambda/0x0000022329f3a248.run(Unknown Source)
	at java.lang.Thread.runWith(java.base@21.0.10/Thread.java:1596)
	at java.lang.Thread.run(java.base@21.0.10/Thread.java:1583)
=== sample +17261ms ===
"Server thread" #113 [37988] prio=8 os_prio=1 cpu=4093.75ms elapsed=22.45s tid=0x00000223784bae90 nid=37988 waiting on condition  [0x000000cc1eaff000]
   java.lang.Thread.State: TIMED_WAITING (parking)
	at jdk.internal.misc.Unsafe.park(java.base@21.0.10/Native Method)
	- parking to wait for  <0x0000000703c4be28> (a java.lang.String)
	at java.util.concurrent.locks.LockSupport.parkNanos(java.base@21.0.10/LockSupport.java:269)
	at net.minecraft.server.MinecraftServer.recordTaskExecutionTimeWhileWaiting(MinecraftServer.java:1242)
	at net.minecraft.server.MinecraftServer.runServer(MinecraftServer.java:1348)
	at net.minecraft.server.MinecraftServer.lambda$spin$2(MinecraftServer.java:388)
	at net.minecraft.server.MinecraftServer$$Lambda/0x0000022329f3a248.run(Unknown Source)
	at java.lang.Thread.runWith(java.base@21.0.10/Thread.java:1596)
	at java.lang.Thread.run(java.base@21.0.10/Thread.java:1583)
=== sample +17517ms ===
"Server thread" #113 [37988] prio=8 os_prio=1 cpu=4109.38ms elapsed=22.71s tid=0x00000223784bae90 nid=37988 waiting on condition  [0x000000cc1eaff000]
   java.lang.Thread.State: TIMED_WAITING (parking)
	at jdk.internal.misc.Unsafe.park(java.base@21.0.10/Native Method)
	- parking to wait for  <0x0000000703c4be28> (a java.lang.String)
	at java.util.concurrent.locks.LockSupport.parkNanos(java.base@21.0.10/LockSupport.java:269)
	at net.minecraft.server.MinecraftServer.recordTaskExecutionTimeWhileWaiting(MinecraftServer.java:1242)
	at net.minecraft.server.MinecraftServer.runServer(MinecraftServer.java:1348)
	at net.minecraft.server.MinecraftServer.lambda$spin$2(MinecraftServer.java:388)
	at net.minecraft.server.MinecraftServer$$Lambda/0x0000022329f3a248.run(Unknown Source)
	at java.lang.Thread.runWith(java.base@21.0.10/Thread.java:1596)
	at java.lang.Thread.run(java.base@21.0.10/Thread.java:1583)
=== sample +17784ms ===
"Server thread" #113 [37988] prio=8 os_prio=1 cpu=4187.50ms elapsed=22.98s tid=0x00000223784bae90 nid=37988 waiting on condition  [0x000000cc1eaff000]
   java.lang.Thread.State: TIMED_WAITING (parking)
	at jdk.internal.misc.Unsafe.park(java.base@21.0.10/Native Method)
	- parking to wait for  <0x0000000703c4be28> (a java.lang.String)
	at java.util.concurrent.locks.LockSupport.parkNanos(java.base@21.0.10/LockSupport.java:269)
	at net.minecraft.server.MinecraftServer.recordTaskExecutionTimeWhileWaiting(MinecraftServer.java:1242)
	at net.minecraft.server.MinecraftServer.runServer(MinecraftServer.java:1348)
	at net.minecraft.server.MinecraftServer.lambda$spin$2(MinecraftServer.java:388)
	at net.minecraft.server.MinecraftServer$$Lambda/0x0000022329f3a248.run(Unknown Source)
	at java.lang.Thread.runWith(java.base@21.0.10/Thread.java:1596)
	at java.lang.Thread.run(java.base@21.0.10/Thread.java:1583)
=== sample +18045ms ===
"Server thread" #113 [37988] prio=8 os_prio=1 cpu=4218.75ms elapsed=23.23s tid=0x00000223784bae90 nid=37988 waiting on condition  [0x000000cc1eaff000]
   java.lang.Thread.State: TIMED_WAITING (parking)
	at jdk.internal.misc.Unsafe.park(java.base@21.0.10/Native Method)
	- parking to wait for  <0x0000000703c4be28> (a java.lang.String)
	at java.util.concurrent.locks.LockSupport.parkNanos(java.base@21.0.10/LockSupport.java:269)
	at net.minecraft.server.MinecraftServer.recordTaskExecutionTimeWhileWaiting(MinecraftServer.java:1242)
	at net.minecraft.server.MinecraftServer.runServer(MinecraftServer.java:1348)
	at net.minecraft.server.MinecraftServer.lambda$spin$2(MinecraftServer.java:388)
	at net.minecraft.server.MinecraftServer$$Lambda/0x0000022329f3a248.run(Unknown Source)
	at java.lang.Thread.runWith(java.base@21.0.10/Thread.java:1596)
	at java.lang.Thread.run(java.base@21.0.10/Thread.java:1583)
=== sample +18310ms ===
"Server thread" #113 [37988] prio=8 os_prio=1 cpu=4218.75ms elapsed=23.50s tid=0x00000223784bae90 nid=37988 waiting on condition  [0x000000cc1eaff000]
   java.lang.Thread.State: TIMED_WAITING (parking)
	at jdk.internal.misc.Unsafe.park(java.base@21.0.10/Native Method)
	- parking to wait for  <0x0000000703c4be28> (a java.lang.String)
	at java.util.concurrent.locks.LockSupport.parkNanos(java.base@21.0.10/LockSupport.java:269)
	at net.minecraft.server.MinecraftServer.recordTaskExecutionTimeWhileWaiting(MinecraftServer.java:1242)
	at net.minecraft.server.MinecraftServer.runServer(MinecraftServer.java:1348)
	at net.minecraft.server.MinecraftServer.lambda$spin$2(MinecraftServer.java:388)
	at net.minecraft.server.MinecraftServer$$Lambda/0x0000022329f3a248.run(Unknown Source)
	at java.lang.Thread.runWith(java.base@21.0.10/Thread.java:1596)
	at java.lang.Thread.run(java.base@21.0.10/Thread.java:1583)
=== sample +18571ms ===
"Server thread" #113 [37988] prio=8 os_prio=1 cpu=4218.75ms elapsed=23.76s tid=0x00000223784bae90 nid=37988 waiting on condition  [0x000000cc1eaff000]
   java.lang.Thread.State: TIMED_WAITING (parking)
	at jdk.internal.misc.Unsafe.park(java.base@21.0.10/Native Method)
	- parking to wait for  <0x0000000703c4be28> (a java.lang.String)
	at java.util.concurrent.locks.LockSupport.parkNanos(java.base@21.0.10/LockSupport.java:269)
	at net.minecraft.server.MinecraftServer.recordTaskExecutionTimeWhileWaiting(MinecraftServer.java:1242)
	at net.minecraft.server.MinecraftServer.runServer(MinecraftServer.java:1348)
	at net.minecraft.server.MinecraftServer.lambda$spin$2(MinecraftServer.java:388)
	at net.minecraft.server.MinecraftServer$$Lambda/0x0000022329f3a248.run(Unknown Source)
	at java.lang.Thread.runWith(java.base@21.0.10/Thread.java:1596)
	at java.lang.Thread.run(java.base@21.0.10/Thread.java:1583)
botFailures=[] exited=true
