boot: [01:56:37 INFO]: Done (17.118s)! For help, type "help"
churn cycles done=120 (target~110) joinFails=0
churn gate PASS
---- PapoTickProfile windows ----
[01:56:37] [Server thread/INFO]: [STDOUT] [io.papermc.paper.util.PapoTickProfile] PapoTickProfile window=400ticks totalWallMs=0 measuredMs=0 gcMs=0
[01:56:57] [Server thread/INFO]: [STDOUT] [io.papermc.paper.util.PapoTickProfile] PapoTickProfile window=400ticks totalWallMs=20502 measuredMs=7224 gcMs=130
[01:56:57] [Server thread/INFO]: [STDOUT] [io.papermc.paper.util.PapoTickProfile] PapoTickProfile.phase worlds                     total= 2320.4ms avg/tick= 5801.1us share= 32.1% n=400
[01:56:57] [Server thread/INFO]: [STDOUT] [io.papermc.paper.util.PapoTickProfile] PapoTickProfile.phase level.tickPending+misc     total= 1493.5ms avg/tick= 3733.6us share= 20.7% n=1200
[01:56:57] [Server thread/INFO]: [STDOUT] [io.papermc.paper.util.PapoTickProfile] PapoTickProfile.phase level.chunkSource          total= 1120.3ms avg/tick= 2800.9us share= 15.5% n=1200
[01:56:57] [Server thread/INFO]: [STDOUT] [io.papermc.paper.util.PapoTickProfile] PapoTickProfile.phase level.entities             total=  765.9ms avg/tick= 1914.8us share= 10.6% n=1200
[01:56:57] [Server thread/INFO]: [STDOUT] [io.papermc.paper.util.PapoTickProfile] PapoTickProfile.phase connection                 total=  438.8ms avg/tick= 1097.0us share=  6.1% n=400
[01:56:57] [Server thread/INFO]: [STDOUT] [io.papermc.paper.util.PapoTickProfile] PapoTickProfile.phase server.taskDrain           total=  364.4ms avg/tick=  910.9us share=  5.0% n=400
[01:56:57] [Server thread/INFO]: [STDOUT] [io.papermc.paper.util.PapoTickProfile] PapoTickProfile.phase level.blockTicks           total=  241.1ms avg/tick=  602.9us share=  3.3% n=1200
[01:56:57] [Server thread/INFO]: [STDOUT] [io.papermc.paper.util.PapoTickProfile] PapoTickProfile.phase conn.listenerTick          total=  148.0ms avg/tick=  370.0us share=  2.0% n=440
[01:56:57] [Server thread/INFO]: [STDOUT] [io.papermc.paper.util.PapoTickProfile] PapoTickProfile.phase level.fluidTicks           total=  124.9ms avg/tick=  312.3us share=  1.7% n=1200
[01:56:57] [Server thread/INFO]: [STDOUT] [io.papermc.paper.util.PapoTickProfile] PapoTickProfile.phase ent.serverAiStep           total=   94.9ms avg/tick=  237.3us share=  1.3% n=10171
[01:56:57] [Server thread/INFO]: [STDOUT] [io.papermc.paper.util.PapoTickProfile] PapoTickProfile.phase player.superTick           total=   40.4ms avg/tick=  101.0us share=  0.6% n=404
[01:56:57] [Server thread/INFO]: [STDOUT] [io.papermc.paper.util.PapoTickProfile] PapoTickProfile.phase chunkMap.tracker.sendChanges total=   20.4ms avg/tick=   50.9us share=  0.3% n=1200
[01:56:57] [Server thread/INFO]: [STDOUT] [io.papermc.paper.util.PapoTickProfile] PapoTickProfile.phase chunkMap.tracker.maintain  total=   17.7ms avg/tick=   44.4us share=  0.2% n=1200
[01:56:57] [Server thread/INFO]: [STDOUT] [io.papermc.paper.util.PapoTickProfile] PapoTickProfile.phase sendChunks                 total=   13.0ms avg/tick=   32.6us share=  0.2% n=400
[01:56:57] [Server thread/INFO]: [STDOUT] [io.papermc.paper.util.PapoTickProfile] PapoTickProfile.phase player.pushEntities        total=    9.5ms avg/tick=   23.8us share=  0.1% n=5880
[01:56:57] [Server thread/INFO]: [STDOUT] [io.papermc.paper.util.PapoTickProfile] PapoTickProfile.phase chunkMap.tracker.fanout    total=    3.4ms avg/tick=    8.6us share=  0.0% n=1200
[01:56:57] [Server thread/INFO]: [STDOUT] [io.papermc.paper.util.PapoTickProfile] PapoTickProfile.phase level.blockEvents          total=    2.6ms avg/tick=    6.5us share=  0.0% n=1200
[01:56:57] [Server thread/INFO]: [STDOUT] [io.papermc.paper.util.PapoTickProfile] PapoTickProfile.phase player.aiStepTouchScan     total=    2.3ms avg/tick=    5.8us share=  0.0% n=404
[01:56:57] [Server thread/INFO]: [STDOUT] [io.papermc.paper.util.PapoTickProfile] PapoTickProfile.phase functions                  total=    1.9ms avg/tick=    4.7us share=  0.0% n=400
[01:56:57] [Server thread/INFO]: [STDOUT] [io.papermc.paper.util.PapoTickProfile] PapoTickProfile.phase conn.flushQueue            total=    1.0ms avg/tick=    2.5us share=  0.0% n=440
[01:56:57] [Server thread/INFO]: [STDOUT] [io.papermc.paper.util.PapoTickProfile] PapoTickProfile.phase players                    total=    0.3ms avg/tick=    0.8us share=  0.0% n=400
[01:56:57] [Server thread/INFO]: [STDOUT] [io.papermc.paper.util.PapoTickProfile] PapoTickProfile.count rs.blockTickRuns           total=    66287 avg/tick=    165.7 n=66287
[01:56:57] [Server thread/INFO]: [STDOUT] [io.papermc.paper.util.PapoTickProfile] PapoTickProfile.count rs.fluidTickRuns           total=     7055 avg/tick=     17.6 n=7055
[01:56:57] [Server thread/INFO]: [STDOUT] [io.papermc.paper.util.PapoTickProfile] PapoTickProfile.count fanout.sends               total=     3984 avg/tick=     10.0 n=1200
[01:56:57] [Server thread/INFO]: [STDOUT] [io.papermc.paper.util.PapoTickProfile] PapoTickProfile.count fanout.pkt.headRot         total=     1509 avg/tick=      3.8 n=316
[01:56:57] [Server thread/INFO]: [STDOUT] [io.papermc.paper.util.PapoTickProfile] PapoTickProfile.count fanout.pkt.movePosRot      total=     1245 avg/tick=      3.1 n=304
[01:56:57] [Server thread/INFO]: [STDOUT] [io.papermc.paper.util.PapoTickProfile] PapoTickProfile.count fanout.pkt.posSync         total=      183 avg/tick=      0.5 n=124
[01:56:57] [Server thread/INFO]: [STDOUT] [io.papermc.paper.util.PapoTickProfile] PapoTickProfile.count fanout.pkt.movePos         total=      171 avg/tick=      0.4 n=126
[01:56:57] [Server thread/INFO]: [STDOUT] [io.papermc.paper.util.PapoTickProfile] PapoTickProfile.count fanout.pkt.other           total=      157 avg/tick=      0.4 n=70
[01:56:57] [Server thread/INFO]: [STDOUT] [io.papermc.paper.util.PapoTickProfile] PapoTickProfile.count fanout.pkt.velocity        total=      119 avg/tick=      0.3 n=44
[01:56:57] [Server thread/INFO]: [STDOUT] [io.papermc.paper.util.PapoTickProfile] PapoTickProfile.count fanout.pkt.entityData      total=      119 avg/tick=      0.3 n=91
[01:56:57] [Server thread/INFO]: [STDOUT] [io.papermc.paper.util.PapoTickProfile] PapoTickProfile.count fanout.pkt.moveRot         total=       67 avg/tick=      0.2 n=31
[01:56:57] [Server thread/INFO]: [STDOUT] [io.papermc.paper.util.PapoTickProfile] PapoTickProfile.tickdist n=400 durMs[p50=2.76 p95=21.53 p99=93.47 max=455.65] over45=2 over50=6 | gapMs[p95=65.32 p99=95.90 max=421.62] stalls100ms=3 | tps=19.51
[01:56:57] [Server thread/INFO]: [STDOUT] [io.papermc.paper.util.PapoTickProfile] PapoTickProfile.stall tick=68 gapMs=116.8 durMs=6.3 at=01:56:41.027
[01:56:57] [Server thread/INFO]: [STDOUT] [io.papermc.paper.util.PapoTickProfile] PapoTickProfile.stall tick=69 gapMs=143.7 durMs=142.4 at=01:56:41.171
[01:56:57] [Server thread/INFO]: [STDOUT] [io.papermc.paper.util.PapoTickProfile] PapoTickProfile.stall tick=70 gapMs=421.6 durMs=159.1 at=01:56:41.592
[01:57:17] [Server thread/INFO]: [STDOUT] [io.papermc.paper.util.PapoTickProfile] PapoTickProfile window=400ticks totalWallMs=19989 measuredMs=2576 gcMs=4
[01:57:17] [Server thread/INFO]: [STDOUT] [io.papermc.paper.util.PapoTickProfile] PapoTickProfile.phase worlds                     total=  855.7ms avg/tick= 2139.2us share= 33.2% n=400
[01:57:17] [Server thread/INFO]: [STDOUT] [io.papermc.paper.util.PapoTickProfile] PapoTickProfile.phase level.tickPending+misc     total=  464.8ms avg/tick= 1162.0us share= 18.0% n=1200
[01:57:17] [Server thread/INFO]: [STDOUT] [io.papermc.paper.util.PapoTickProfile] PapoTickProfile.phase level.chunkSource          total=  405.4ms avg/tick= 1013.5us share= 15.7% n=1200
[01:57:17] [Server thread/INFO]: [STDOUT] [io.papermc.paper.util.PapoTickProfile] PapoTickProfile.phase level.entities             total=  369.7ms avg/tick=  924.4us share= 14.4% n=1200
[01:57:17] [Server thread/INFO]: [STDOUT] [io.papermc.paper.util.PapoTickProfile] PapoTickProfile.phase ent.serverAiStep           total=  120.3ms avg/tick=  300.7us share=  4.7% n=14297
[01:57:17] [Server thread/INFO]: [STDOUT] [io.papermc.paper.util.PapoTickProfile] PapoTickProfile.phase server.taskDrain           total=   68.9ms avg/tick=  172.3us share=  2.7% n=400
[01:57:17] [Server thread/INFO]: [STDOUT] [io.papermc.paper.util.PapoTickProfile] PapoTickProfile.phase connection                 total=   64.1ms avg/tick=  160.3us share=  2.5% n=400
[01:57:17] [Server thread/INFO]: [STDOUT] [io.papermc.paper.util.PapoTickProfile] PapoTickProfile.phase conn.listenerTick          total=   61.0ms avg/tick=  152.6us share=  2.4% n=2393
[01:57:17] [Server thread/INFO]: [STDOUT] [io.papermc.paper.util.PapoTickProfile] PapoTickProfile.phase level.fluidTicks           total=   39.3ms avg/tick=   98.3us share=  1.5% n=1200
[01:57:17] [Server thread/INFO]: [STDOUT] [io.papermc.paper.util.PapoTickProfile] PapoTickProfile.phase player.superTick           total=   33.9ms avg/tick=   84.8us share=  1.3% n=2383
[01:57:17] [Server thread/INFO]: [STDOUT] [io.papermc.paper.util.PapoTickProfile] PapoTickProfile.phase sendChunks                 total=   30.1ms avg/tick=   75.3us share=  1.2% n=400
[01:57:17] [Server thread/INFO]: [STDOUT] [io.papermc.paper.util.PapoTickProfile] PapoTickProfile.phase chunkMap.tracker.maintain  total=   21.3ms avg/tick=   53.3us share=  0.8% n=1200
[01:57:17] [Server thread/INFO]: [STDOUT] [io.papermc.paper.util.PapoTickProfile] PapoTickProfile.phase level.blockTicks           total=   16.5ms avg/tick=   41.3us share=  0.6% n=1200
[01:57:17] [Server thread/INFO]: [STDOUT] [io.papermc.paper.util.PapoTickProfile] PapoTickProfile.phase chunkMap.tracker.sendChanges total=   13.7ms avg/tick=   34.3us share=  0.5% n=1200
[01:57:17] [Server thread/INFO]: [STDOUT] [io.papermc.paper.util.PapoTickProfile] PapoTickProfile.phase player.pushEntities        total=    3.9ms avg/tick=    9.8us share=  0.2% n=8299
[01:57:17] [Server thread/INFO]: [STDOUT] [io.papermc.paper.util.PapoTickProfile] PapoTickProfile.phase chunkMap.tracker.fanout    total=    3.0ms avg/tick=    7.5us share=  0.1% n=1200
[01:57:17] [Server thread/INFO]: [STDOUT] [io.papermc.paper.util.PapoTickProfile] PapoTickProfile.phase player.aiStepTouchScan     total=    1.5ms avg/tick=    3.7us share=  0.1% n=2383
[01:57:17] [Server thread/INFO]: [STDOUT] [io.papermc.paper.util.PapoTickProfile] PapoTickProfile.phase level.blockEvents          total=    1.1ms avg/tick=    2.8us share=  0.0% n=1200
[01:57:17] [Server thread/INFO]: [STDOUT] [io.papermc.paper.util.PapoTickProfile] PapoTickProfile.phase players                    total=    0.8ms avg/tick=    2.1us share=  0.0% n=400
[01:57:17] [Server thread/INFO]: [STDOUT] [io.papermc.paper.util.PapoTickProfile] PapoTickProfile.phase conn.flushQueue            total=    0.5ms avg/tick=    1.3us share=  0.0% n=2393
[01:57:17] [Server thread/INFO]: [STDOUT] [io.papermc.paper.util.PapoTickProfile] PapoTickProfile.phase functions                  total=    0.5ms avg/tick=    1.2us share=  0.0% n=400
[01:57:17] [Server thread/INFO]: [STDOUT] [io.papermc.paper.util.PapoTickProfile] PapoTickProfile.count fanout.sends               total=    20668 avg/tick=     51.7 n=1200
[01:57:17] [Server thread/INFO]: [STDOUT] [io.papermc.paper.util.PapoTickProfile] PapoTickProfile.count rs.blockTickRuns           total=     2097 avg/tick=      5.2 n=2097
[01:57:17] [Server thread/INFO]: [STDOUT] [io.papermc.paper.util.PapoTickProfile] PapoTickProfile.count fanout.pkt.headRot         total=     1818 avg/tick=      4.5 n=400
[01:57:17] [Server thread/INFO]: [STDOUT] [io.papermc.paper.util.PapoTickProfile] PapoTickProfile.count rs.fluidTickRuns           total=     1662 avg/tick=      4.2 n=1662
[01:57:17] [Server thread/INFO]: [STDOUT] [io.papermc.paper.util.PapoTickProfile] PapoTickProfile.count fanout.pkt.movePosRot      total=     1531 avg/tick=      3.8 n=399
[01:57:17] [Server thread/INFO]: [STDOUT] [io.papermc.paper.util.PapoTickProfile] PapoTickProfile.count fanout.pkt.posSync         total=      319 avg/tick=      0.8 n=181
[01:57:17] [Server thread/INFO]: [STDOUT] [io.papermc.paper.util.PapoTickProfile] PapoTickProfile.count fanout.pkt.movePos         total=      204 avg/tick=      0.5 n=138
[01:57:17] [Server thread/INFO]: [STDOUT] [io.papermc.paper.util.PapoTickProfile] PapoTickProfile.count fanout.pkt.entityData      total=       71 avg/tick=      0.2 n=68
[01:57:17] [Server thread/INFO]: [STDOUT] [io.papermc.paper.util.PapoTickProfile] PapoTickProfile.count fanout.pkt.other           total=       51 avg/tick=      0.1 n=50
[01:57:17] [Server thread/INFO]: [STDOUT] [io.papermc.paper.util.PapoTickProfile] PapoTickProfile.count fanout.pkt.moveRot         total=       10 avg/tick=      0.0 n=10
[01:57:17] [Server thread/INFO]: [STDOUT] [io.papermc.paper.util.PapoTickProfile] PapoTickProfile.count fanout.pkt.velocity        total=        4 avg/tick=      0.0 n=4
[01:57:17] [Server thread/INFO]: [STDOUT] [io.papermc.paper.util.PapoTickProfile] PapoTickProfile.tickdist n=400 durMs[p50=2.30 p95=3.29 p99=4.60 max=38.38] over45=0 over50=0 | gapMs[p95=62.91 p99=63.97 max=81.37] stalls100ms=0 | tps=20.01
[01:57:37] [Server thread/INFO]: [STDOUT] [io.papermc.paper.util.PapoTickProfile] PapoTickProfile window=400ticks totalWallMs=19999 measuredMs=2620 gcMs=13
[01:57:37] [Server thread/INFO]: [STDOUT] [io.papermc.paper.util.PapoTickProfile] PapoTickProfile.phase worlds                     total=  828.3ms avg/tick= 2070.7us share= 31.6% n=400
[01:57:37] [Server thread/INFO]: [STDOUT] [io.papermc.paper.util.PapoTickProfile] PapoTickProfile.phase level.tickPending+misc     total=  459.3ms avg/tick= 1148.2us share= 17.5% n=1200
[01:57:37] [Server thread/INFO]: [STDOUT] [io.papermc.paper.util.PapoTickProfile] PapoTickProfile.phase level.chunkSource          total=  439.3ms avg/tick= 1098.3us share= 16.8% n=1200
[01:57:37] [Server thread/INFO]: [STDOUT] [io.papermc.paper.util.PapoTickProfile] PapoTickProfile.phase level.entities             total=  346.8ms avg/tick=  867.1us share= 13.2% n=1200
[01:57:37] [Server thread/INFO]: [STDOUT] [io.papermc.paper.util.PapoTickProfile] PapoTickProfile.phase server.taskDrain           total=  127.6ms avg/tick=  318.9us share=  4.9% n=400
[01:57:37] [Server thread/INFO]: [STDOUT] [io.papermc.paper.util.PapoTickProfile] PapoTickProfile.phase connection                 total=  101.3ms avg/tick=  253.4us share=  3.9% n=400
[01:57:37] [Server thread/INFO]: [STDOUT] [io.papermc.paper.util.PapoTickProfile] PapoTickProfile.phase ent.serverAiStep           total=   83.1ms avg/tick=  207.6us share=  3.2% n=14646
[01:57:37] [Server thread/INFO]: [STDOUT] [io.papermc.paper.util.PapoTickProfile] PapoTickProfile.phase conn.listenerTick          total=   79.5ms avg/tick=  198.8us share=  3.0% n=4315
[01:57:37] [Server thread/INFO]: [STDOUT] [io.papermc.paper.util.PapoTickProfile] PapoTickProfile.phase player.superTick           total=   50.1ms avg/tick=  125.1us share=  1.9% n=4311
[01:57:37] [Server thread/INFO]: [STDOUT] [io.papermc.paper.util.PapoTickProfile] PapoTickProfile.phase sendChunks                 total=   39.4ms avg/tick=   98.4us share=  1.5% n=400
[01:57:37] [Server thread/INFO]: [STDOUT] [io.papermc.paper.util.PapoTickProfile] PapoTickProfile.phase chunkMap.tracker.maintain  total=   21.2ms avg/tick=   53.0us share=  0.8% n=1200
[01:57:37] [Server thread/INFO]: [STDOUT] [io.papermc.paper.util.PapoTickProfile] PapoTickProfile.phase chunkMap.tracker.sendChanges total=   15.3ms avg/tick=   38.3us share=  0.6% n=1200
[01:57:37] [Server thread/INFO]: [STDOUT] [io.papermc.paper.util.PapoTickProfile] PapoTickProfile.phase level.blockTicks           total=    9.5ms avg/tick=   23.8us share=  0.4% n=1200
[01:57:37] [Server thread/INFO]: [STDOUT] [io.papermc.paper.util.PapoTickProfile] PapoTickProfile.phase level.fluidTicks           total=    6.6ms avg/tick=   16.4us share=  0.3% n=1200
[01:57:37] [Server thread/INFO]: [STDOUT] [io.papermc.paper.util.PapoTickProfile] PapoTickProfile.phase player.pushEntities        total=    4.3ms avg/tick=   10.8us share=  0.2% n=8690
[01:57:37] [Server thread/INFO]: [STDOUT] [io.papermc.paper.util.PapoTickProfile] PapoTickProfile.phase chunkMap.tracker.fanout    total=    4.1ms avg/tick=   10.4us share=  0.2% n=1200
[01:57:37] [Server thread/INFO]: [STDOUT] [io.papermc.paper.util.PapoTickProfile] PapoTickProfile.phase player.aiStepTouchScan     total=    2.2ms avg/tick=    5.6us share=  0.1% n=4311
[01:57:37] [Server thread/INFO]: [STDOUT] [io.papermc.paper.util.PapoTickProfile] PapoTickProfile.phase level.blockEvents          total=    1.3ms avg/tick=    3.3us share=  0.1% n=1200
[01:57:37] [Server thread/INFO]: [STDOUT] [io.papermc.paper.util.PapoTickProfile] PapoTickProfile.phase conn.flushQueue            total=    0.6ms avg/tick=    1.4us share=  0.0% n=4315
[01:57:37] [Server thread/INFO]: [STDOUT] [io.papermc.paper.util.PapoTickProfile] PapoTickProfile.phase functions                  total=    0.5ms avg/tick=    1.3us share=  0.0% n=400
[01:57:37] [Server thread/INFO]: [STDOUT] [io.papermc.paper.util.PapoTickProfile] PapoTickProfile.phase players                    total=    0.1ms avg/tick=    0.3us share=  0.0% n=400
[01:57:37] [Server thread/INFO]: [STDOUT] [io.papermc.paper.util.PapoTickProfile] PapoTickProfile.count fanout.sends               total=    30104 avg/tick=     75.3 n=1200
[01:57:37] [Server thread/INFO]: [STDOUT] [io.papermc.paper.util.PapoTickProfile] PapoTickProfile.count fanout.pkt.headRot         total=     1428 avg/tick=      3.6 n=399
[01:57:37] [Server thread/INFO]: [STDOUT] [io.papermc.paper.util.PapoTickProfile] PapoTickProfile.count fanout.pkt.movePosRot      total=     1203 avg/tick=      3.0 n=399
[01:57:37] [Server thread/INFO]: [STDOUT] [io.papermc.paper.util.PapoTickProfile] PapoTickProfile.count fanout.pkt.posSync         total=      280 avg/tick=      0.7 n=151
[01:57:37] [Server thread/INFO]: [STDOUT] [io.papermc.paper.util.PapoTickProfile] PapoTickProfile.count fanout.pkt.movePos         total=      222 avg/tick=      0.6 n=141
[01:57:37] [Server thread/INFO]: [STDOUT] [io.papermc.paper.util.PapoTickProfile] PapoTickProfile.count rs.fluidTickRuns           total=      153 avg/tick=      0.4 n=153
[01:57:37] [Server thread/INFO]: [STDOUT] [io.papermc.paper.util.PapoTickProfile] PapoTickProfile.count fanout.pkt.other           total=       59 avg/tick=      0.1 n=57
[01:57:37] [Server thread/INFO]: [STDOUT] [io.papermc.paper.util.PapoTickProfile] PapoTickProfile.count fanout.pkt.velocity        total=       24 avg/tick=      0.1 n=24
[01:57:37] [Server thread/INFO]: [STDOUT] [io.papermc.paper.util.PapoTickProfile] PapoTickProfile.count fanout.pkt.entityData      total=       21 avg/tick=      0.1 n=20
[01:57:37] [Server thread/INFO]: [STDOUT] [io.papermc.paper.util.PapoTickProfile] PapoTickProfile.count fanout.pkt.moveRot         total=       15 avg/tick=      0.0 n=15
[01:57:37] [Server thread/INFO]: [STDOUT] [io.papermc.paper.util.PapoTickProfile] PapoTickProfile.count rs.blockTickRuns           total=       11 avg/tick=      0.0 n=11
[01:57:37] [Server thread/INFO]: [STDOUT] [io.papermc.paper.util.PapoTickProfile] PapoTickProfile.tickdist n=400 durMs[p50=2.37 p95=3.56 p99=8.56 max=11.85] over45=0 over50=0 | gapMs[p95=62.95 p99=65.39 max=70.13] stalls100ms=0 | tps=20.00
[01:57:57] [Server thread/INFO]: [STDOUT] [io.papermc.paper.util.PapoTickProfile] PapoTickProfile window=400ticks totalWallMs=20001 measuredMs=2192 gcMs=0
[01:57:57] [Server thread/INFO]: [STDOUT] [io.papermc.paper.util.PapoTickProfile] PapoTickProfile.phase worlds                     total=  695.2ms avg/tick= 1738.1us share= 31.7% n=400
[01:57:57] [Server thread/INFO]: [STDOUT] [io.papermc.paper.util.PapoTickProfile] PapoTickProfile.phase level.tickPending+misc     total=  428.8ms avg/tick= 1072.0us share= 19.6% n=1200
[01:57:57] [Server thread/INFO]: [STDOUT] [io.papermc.paper.util.PapoTickProfile] PapoTickProfile.phase level.chunkSource          total=  415.6ms avg/tick= 1039.1us share= 19.0% n=1200
[01:57:57] [Server thread/INFO]: [STDOUT] [io.papermc.paper.util.PapoTickProfile] PapoTickProfile.phase level.entities             total=  251.5ms avg/tick=  628.6us share= 11.5% n=1200
[01:57:57] [Server thread/INFO]: [STDOUT] [io.papermc.paper.util.PapoTickProfile] PapoTickProfile.phase server.taskDrain           total=  104.7ms avg/tick=  261.7us share=  4.8% n=400
[01:57:57] [Server thread/INFO]: [STDOUT] [io.papermc.paper.util.PapoTickProfile] PapoTickProfile.phase connection                 total=   62.1ms avg/tick=  155.4us share=  2.8% n=400
[01:57:57] [Server thread/INFO]: [STDOUT] [io.papermc.paper.util.PapoTickProfile] PapoTickProfile.phase ent.serverAiStep           total=   60.7ms avg/tick=  151.9us share=  2.8% n=14456
[01:57:57] [Server thread/INFO]: [STDOUT] [io.papermc.paper.util.PapoTickProfile] PapoTickProfile.phase conn.listenerTick          total=   55.6ms avg/tick=  139.0us share=  2.5% n=4399
[01:57:57] [Server thread/INFO]: [STDOUT] [io.papermc.paper.util.PapoTickProfile] PapoTickProfile.phase sendChunks                 total=   35.8ms avg/tick=   89.4us share=  1.6% n=400
[01:57:57] [Server thread/INFO]: [STDOUT] [io.papermc.paper.util.PapoTickProfile] PapoTickProfile.phase player.superTick           total=   34.5ms avg/tick=   86.2us share=  1.6% n=4395
[01:57:57] [Server thread/INFO]: [STDOUT] [io.papermc.paper.util.PapoTickProfile] PapoTickProfile.phase chunkMap.tracker.maintain  total=   17.8ms avg/tick=   44.4us share=  0.8% n=1200
[01:57:57] [Server thread/INFO]: [STDOUT] [io.papermc.paper.util.PapoTickProfile] PapoTickProfile.phase chunkMap.tracker.sendChanges total=   11.1ms avg/tick=   27.8us share=  0.5% n=1200
[01:57:57] [Server thread/INFO]: [STDOUT] [io.papermc.paper.util.PapoTickProfile] PapoTickProfile.phase level.blockTicks           total=    6.3ms avg/tick=   15.8us share=  0.3% n=1200
[01:57:57] [Server thread/INFO]: [STDOUT] [io.papermc.paper.util.PapoTickProfile] PapoTickProfile.phase chunkMap.tracker.fanout    total=    3.3ms avg/tick=    8.3us share=  0.2% n=1200
[01:57:57] [Server thread/INFO]: [STDOUT] [io.papermc.paper.util.PapoTickProfile] PapoTickProfile.phase level.fluidTicks           total=    3.0ms avg/tick=    7.5us share=  0.1% n=1200
[01:57:57] [Server thread/INFO]: [STDOUT] [io.papermc.paper.util.PapoTickProfile] PapoTickProfile.phase player.pushEntities        total=    2.7ms avg/tick=    6.7us share=  0.1% n=8480
[01:57:57] [Server thread/INFO]: [STDOUT] [io.papermc.paper.util.PapoTickProfile] PapoTickProfile.phase player.aiStepTouchScan     total=    1.3ms avg/tick=    3.3us share=  0.1% n=4395
[01:57:57] [Server thread/INFO]: [STDOUT] [io.papermc.paper.util.PapoTickProfile] PapoTickProfile.phase level.blockEvents          total=    1.2ms avg/tick=    3.0us share=  0.1% n=1200
[01:57:57] [Server thread/INFO]: [STDOUT] [io.papermc.paper.util.PapoTickProfile] PapoTickProfile.phase players                    total=    0.5ms avg/tick=    1.2us share=  0.0% n=400
[01:57:57] [Server thread/INFO]: [STDOUT] [io.papermc.paper.util.PapoTickProfile] PapoTickProfile.phase functions                  total=    0.3ms avg/tick=    0.7us share=  0.0% n=400
[01:57:57] [Server thread/INFO]: [STDOUT] [io.papermc.paper.util.PapoTickProfile] PapoTickProfile.phase conn.flushQueue            total=    0.2ms avg/tick=    0.5us share=  0.0% n=4399
[01:57:57] [Server thread/INFO]: [STDOUT] [io.papermc.paper.util.PapoTickProfile] PapoTickProfile.count fanout.sends               total=    27314 avg/tick=     68.3 n=1200
[01:57:57] [Server thread/INFO]: [STDOUT] [io.papermc.paper.util.PapoTickProfile] PapoTickProfile.count fanout.pkt.headRot         total=     1251 avg/tick=      3.1 n=390
[01:57:57] [Server thread/INFO]: [STDOUT] [io.papermc.paper.util.PapoTickProfile] PapoTickProfile.count fanout.pkt.movePosRot      total=     1040 avg/tick=      2.6 n=382
[01:57:57] [Server thread/INFO]: [STDOUT] [io.papermc.paper.util.PapoTickProfile] PapoTickProfile.count fanout.pkt.posSync         total=      261 avg/tick=      0.7 n=146
[01:57:57] [Server thread/INFO]: [STDOUT] [io.papermc.paper.util.PapoTickProfile] PapoTickProfile.count fanout.pkt.movePos         total=      182 avg/tick=      0.5 n=117
[01:57:57] [Server thread/INFO]: [STDOUT] [io.papermc.paper.util.PapoTickProfile] PapoTickProfile.count rs.fluidTickRuns           total=       64 avg/tick=      0.2 n=64
[01:57:57] [Server thread/INFO]: [STDOUT] [io.papermc.paper.util.PapoTickProfile] PapoTickProfile.count fanout.pkt.other           total=       58 avg/tick=      0.1 n=57
[01:57:57] [Server thread/INFO]: [STDOUT] [io.papermc.paper.util.PapoTickProfile] PapoTickProfile.count fanout.pkt.entityData      total=       27 avg/tick=      0.1 n=27
[01:57:57] [Server thread/INFO]: [STDOUT] [io.papermc.paper.util.PapoTickProfile] PapoTickProfile.tickdist n=400 durMs[p50=2.03 p95=2.66 p99=3.31 max=6.27] over45=0 over50=0 | gapMs[p95=62.65 p99=63.46 max=63.79] stalls100ms=0 | tps=20.00
[01:58:17] [Server thread/INFO]: [STDOUT] [io.papermc.paper.util.PapoTickProfile] PapoTickProfile window=400ticks totalWallMs=19996 measuredMs=2189 gcMs=5
[01:58:17] [Server thread/INFO]: [STDOUT] [io.papermc.paper.util.PapoTickProfile] PapoTickProfile.phase worlds                     total=  715.8ms avg/tick= 1789.6us share= 32.7% n=400
[01:58:17] [Server thread/INFO]: [STDOUT] [io.papermc.paper.util.PapoTickProfile] PapoTickProfile.phase level.tickPending+misc     total=  403.5ms avg/tick= 1008.6us share= 18.4% n=1200
[01:58:17] [Server thread/INFO]: [STDOUT] [io.papermc.paper.util.PapoTickProfile] PapoTickProfile.phase level.chunkSource          total=  391.5ms avg/tick=  978.8us share= 17.9% n=1200
[01:58:17] [Server thread/INFO]: [STDOUT] [io.papermc.paper.util.PapoTickProfile] PapoTickProfile.phase level.entities             total=  293.7ms avg/tick=  734.2us share= 13.4% n=1200
[01:58:17] [Server thread/INFO]: [STDOUT] [io.papermc.paper.util.PapoTickProfile] PapoTickProfile.phase ent.serverAiStep           total=   81.8ms avg/tick=  204.4us share=  3.7% n=16855
[01:58:17] [Server thread/INFO]: [STDOUT] [io.papermc.paper.util.PapoTickProfile] PapoTickProfile.phase connection                 total=   68.0ms avg/tick=  170.1us share=  3.1% n=400
[01:58:17] [Server thread/INFO]: [STDOUT] [io.papermc.paper.util.PapoTickProfile] PapoTickProfile.phase server.taskDrain           total=   67.7ms avg/tick=  169.3us share=  3.1% n=400
[01:58:17] [Server thread/INFO]: [STDOUT] [io.papermc.paper.util.PapoTickProfile] PapoTickProfile.phase conn.listenerTick          total=   52.3ms avg/tick=  130.8us share=  2.4% n=4399
[01:58:17] [Server thread/INFO]: [STDOUT] [io.papermc.paper.util.PapoTickProfile] PapoTickProfile.phase sendChunks                 total=   37.1ms avg/tick=   92.8us share=  1.7% n=400
[01:58:17] [Server thread/INFO]: [STDOUT] [io.papermc.paper.util.PapoTickProfile] PapoTickProfile.phase player.superTick           total=   32.7ms avg/tick=   81.7us share=  1.5% n=4400
[01:58:17] [Server thread/INFO]: [STDOUT] [io.papermc.paper.util.PapoTickProfile] PapoTickProfile.phase chunkMap.tracker.maintain  total=   16.4ms avg/tick=   40.9us share=  0.7% n=1200
[01:58:17] [Server thread/INFO]: [STDOUT] [io.papermc.paper.util.PapoTickProfile] PapoTickProfile.phase chunkMap.tracker.sendChanges total=   11.1ms avg/tick=   27.7us share=  0.5% n=1200
[01:58:17] [Server thread/INFO]: [STDOUT] [io.papermc.paper.util.PapoTickProfile] PapoTickProfile.phase level.blockTicks           total=    5.8ms avg/tick=   14.5us share=  0.3% n=1200
[01:58:17] [Server thread/INFO]: [STDOUT] [io.papermc.paper.util.PapoTickProfile] PapoTickProfile.phase player.pushEntities        total=    3.6ms avg/tick=    8.9us share=  0.2% n=10945
[01:58:17] [Server thread/INFO]: [STDOUT] [io.papermc.paper.util.PapoTickProfile] PapoTickProfile.phase chunkMap.tracker.fanout    total=    3.0ms avg/tick=    7.4us share=  0.1% n=1200
[01:58:17] [Server thread/INFO]: [STDOUT] [io.papermc.paper.util.PapoTickProfile] PapoTickProfile.phase level.fluidTicks           total=    2.8ms avg/tick=    7.1us share=  0.1% n=1200
[01:58:17] [Server thread/INFO]: [STDOUT] [io.papermc.paper.util.PapoTickProfile] PapoTickProfile.phase player.aiStepTouchScan     total=    1.2ms avg/tick=    2.9us share=  0.1% n=4400
[01:58:17] [Server thread/INFO]: [STDOUT] [io.papermc.paper.util.PapoTickProfile] PapoTickProfile.phase level.blockEvents          total=    1.0ms avg/tick=    2.6us share=  0.0% n=1200
[01:58:17] [Server thread/INFO]: [STDOUT] [io.papermc.paper.util.PapoTickProfile] PapoTickProfile.phase functions                  total=    0.4ms avg/tick=    1.0us share=  0.0% n=400
[01:58:17] [Server thread/INFO]: [STDOUT] [io.papermc.paper.util.PapoTickProfile] PapoTickProfile.phase players                    total=    0.3ms avg/tick=    0.8us share=  0.0% n=400
[01:58:17] [Server thread/INFO]: [STDOUT] [io.papermc.paper.util.PapoTickProfile] PapoTickProfile.phase conn.flushQueue            total=    0.2ms avg/tick=    0.4us share=  0.0% n=4399
[01:58:17] [Server thread/INFO]: [STDOUT] [io.papermc.paper.util.PapoTickProfile] PapoTickProfile.count fanout.sends               total=    18342 avg/tick=     45.9 n=1200
[01:58:17] [Server thread/INFO]: [STDOUT] [io.papermc.paper.util.PapoTickProfile] PapoTickProfile.count fanout.pkt.headRot         total=      804 avg/tick=      2.0 n=390
[01:58:17] [Server thread/INFO]: [STDOUT] [io.papermc.paper.util.PapoTickProfile] PapoTickProfile.count fanout.pkt.movePosRot      total=      654 avg/tick=      1.6 n=374
[01:58:17] [Server thread/INFO]: [STDOUT] [io.papermc.paper.util.PapoTickProfile] PapoTickProfile.count fanout.pkt.posSync         total=      213 avg/tick=      0.5 n=111
[01:58:17] [Server thread/INFO]: [STDOUT] [io.papermc.paper.util.PapoTickProfile] PapoTickProfile.count fanout.pkt.movePos         total=      157 avg/tick=      0.4 n=110
[01:58:17] [Server thread/INFO]: [STDOUT] [io.papermc.paper.util.PapoTickProfile] PapoTickProfile.count rs.fluidTickRuns           total=       64 avg/tick=      0.2 n=64
[01:58:17] [Server thread/INFO]: [STDOUT] [io.papermc.paper.util.PapoTickProfile] PapoTickProfile.count fanout.pkt.other           total=       49 avg/tick=      0.1 n=46
[01:58:17] [Server thread/INFO]: [STDOUT] [io.papermc.paper.util.PapoTickProfile] PapoTickProfile.count fanout.pkt.velocity        total=       48 avg/tick=      0.1 n=48
[01:58:17] [Server thread/INFO]: [STDOUT] [io.papermc.paper.util.PapoTickProfile] PapoTickProfile.count fanout.pkt.moveRot         total=       23 avg/tick=      0.1 n=23
[01:58:17] [Server thread/INFO]: [STDOUT] [io.papermc.paper.util.PapoTickProfile] PapoTickProfile.count fanout.pkt.entityData      total=       10 avg/tick=      0.0 n=10
[01:58:17] [Server thread/INFO]: [STDOUT] [io.papermc.paper.util.PapoTickProfile] PapoTickProfile.count rs.blockTickRuns           total=        2 avg/tick=      0.0 n=2
[01:58:17] [Server thread/INFO]: [STDOUT] [io.papermc.paper.util.PapoTickProfile] PapoTickProfile.tickdist n=400 durMs[p50=2.10 p95=2.85 p99=3.59 max=7.07] over45=0 over50=0 | gapMs[p95=62.73 p99=63.31 max=64.38] stalls100ms=0 | tps=20.00
[01:58:37] [Server thread/INFO]: [STDOUT] [io.papermc.paper.util.PapoTickProfile] PapoTickProfile window=400ticks totalWallMs=20003 measuredMs=2063 gcMs=0
[01:58:37] [Server thread/INFO]: [STDOUT] [io.papermc.paper.util.PapoTickProfile] PapoTickProfile.phase worlds                     total=  660.6ms avg/tick= 1651.6us share= 32.0% n=400
[01:58:37] [Server thread/INFO]: [STDOUT] [io.papermc.paper.util.PapoTickProfile] PapoTickProfile.phase level.tickPending+misc     total=  411.4ms avg/tick= 1028.6us share= 19.9% n=1200
[01:58:37] [Server thread/INFO]: [STDOUT] [io.papermc.paper.util.PapoTickProfile] PapoTickProfile.phase level.chunkSource          total=  402.5ms avg/tick= 1006.3us share= 19.5% n=1200
[01:58:37] [Server thread/INFO]: [STDOUT] [io.papermc.paper.util.PapoTickProfile] PapoTickProfile.phase level.entities             total=  237.1ms avg/tick=  592.8us share= 11.5% n=1200
[01:58:37] [Server thread/INFO]: [STDOUT] [io.papermc.paper.util.PapoTickProfile] PapoTickProfile.phase server.taskDrain           total=   77.1ms avg/tick=  192.7us share=  3.7% n=400
[01:58:37] [Server thread/INFO]: [STDOUT] [io.papermc.paper.util.PapoTickProfile] PapoTickProfile.phase connection                 total=   59.1ms avg/tick=  147.8us share=  2.9% n=400
[01:58:37] [Server thread/INFO]: [STDOUT] [io.papermc.paper.util.PapoTickProfile] PapoTickProfile.phase ent.serverAiStep           total=   58.6ms avg/tick=  146.5us share=  2.8% n=15028
[01:58:37] [Server thread/INFO]: [STDOUT] [io.papermc.paper.util.PapoTickProfile] PapoTickProfile.phase conn.listenerTick          total=   50.4ms avg/tick=  126.0us share=  2.4% n=4398
[01:58:37] [Server thread/INFO]: [STDOUT] [io.papermc.paper.util.PapoTickProfile] PapoTickProfile.phase sendChunks                 total=   33.8ms avg/tick=   84.5us share=  1.6% n=400
[01:58:37] [Server thread/INFO]: [STDOUT] [io.papermc.paper.util.PapoTickProfile] PapoTickProfile.phase player.superTick           total=   32.2ms avg/tick=   80.6us share=  1.6% n=4400
[01:58:37] [Server thread/INFO]: [STDOUT] [io.papermc.paper.util.PapoTickProfile] PapoTickProfile.phase chunkMap.tracker.maintain  total=   15.1ms avg/tick=   37.7us share=  0.7% n=1200
[01:58:37] [Server thread/INFO]: [STDOUT] [io.papermc.paper.util.PapoTickProfile] PapoTickProfile.phase chunkMap.tracker.sendChanges total=    9.8ms avg/tick=   24.6us share=  0.5% n=1200
[01:58:37] [Server thread/INFO]: [STDOUT] [io.papermc.paper.util.PapoTickProfile] PapoTickProfile.phase level.blockTicks           total=    5.3ms avg/tick=   13.2us share=  0.3% n=1200
[01:58:37] [Server thread/INFO]: [STDOUT] [io.papermc.paper.util.PapoTickProfile] PapoTickProfile.phase player.pushEntities        total=    3.3ms avg/tick=    8.2us share=  0.2% n=9081
[01:58:37] [Server thread/INFO]: [STDOUT] [io.papermc.paper.util.PapoTickProfile] PapoTickProfile.phase chunkMap.tracker.fanout    total=    2.4ms avg/tick=    6.1us share=  0.1% n=1200
[01:58:37] [Server thread/INFO]: [STDOUT] [io.papermc.paper.util.PapoTickProfile] PapoTickProfile.phase level.fluidTicks           total=    1.9ms avg/tick=    4.9us share=  0.1% n=1200
[01:58:37] [Server thread/INFO]: [STDOUT] [io.papermc.paper.util.PapoTickProfile] PapoTickProfile.phase player.aiStepTouchScan     total=    1.3ms avg/tick=    3.2us share=  0.1% n=4400
[01:58:37] [Server thread/INFO]: [STDOUT] [io.papermc.paper.util.PapoTickProfile] PapoTickProfile.phase functions                  total=    0.4ms avg/tick=    1.0us share=  0.0% n=400
[01:58:37] [Server thread/INFO]: [STDOUT] [io.papermc.paper.util.PapoTickProfile] PapoTickProfile.phase level.blockEvents          total=    0.3ms avg/tick=    0.8us share=  0.0% n=1200
[01:58:37] [Server thread/INFO]: [STDOUT] [io.papermc.paper.util.PapoTickProfile] PapoTickProfile.phase conn.flushQueue            total=    0.2ms avg/tick=    0.4us share=  0.0% n=4398
[01:58:37] [Server thread/INFO]: [STDOUT] [io.papermc.paper.util.PapoTickProfile] PapoTickProfile.phase players                    total=    0.1ms avg/tick=    0.2us share=  0.0% n=400
[01:58:37] [Server thread/INFO]: [STDOUT] [io.papermc.paper.util.PapoTickProfile] PapoTickProfile.count fanout.sends               total=    17035 avg/tick=     42.6 n=1200
[01:58:37] [Server thread/INFO]: [STDOUT] [io.papermc.paper.util.PapoTickProfile] PapoTickProfile.count fanout.pkt.headRot         total=      775 avg/tick=      1.9 n=397
[01:58:37] [Server thread/INFO]: [STDOUT] [io.papermc.paper.util.PapoTickProfile] PapoTickProfile.count fanout.pkt.movePosRot      total=      670 avg/tick=      1.7 n=385
[01:58:37] [Server thread/INFO]: [STDOUT] [io.papermc.paper.util.PapoTickProfile] PapoTickProfile.count fanout.pkt.posSync         total=      170 avg/tick=      0.4 n=80
[01:58:37] [Server thread/INFO]: [STDOUT] [io.papermc.paper.util.PapoTickProfile] PapoTickProfile.count fanout.pkt.movePos         total=      138 avg/tick=      0.3 n=89
[01:58:37] [Server thread/INFO]: [STDOUT] [io.papermc.paper.util.PapoTickProfile] PapoTickProfile.count fanout.pkt.other           total=       53 avg/tick=      0.1 n=51
[01:58:37] [Server thread/INFO]: [STDOUT] [io.papermc.paper.util.PapoTickProfile] PapoTickProfile.count rs.fluidTickRuns           total=       40 avg/tick=      0.1 n=40
[01:58:37] [Server thread/INFO]: [STDOUT] [io.papermc.paper.util.PapoTickProfile] PapoTickProfile.count fanout.pkt.entityData      total=       13 avg/tick=      0.0 n=12
[01:58:37] [Server thread/INFO]: [STDOUT] [io.papermc.paper.util.PapoTickProfile] PapoTickProfile.tickdist n=400 durMs[p50=1.94 p95=2.53 p99=3.96 max=5.44] over45=0 over50=0 | gapMs[p95=63.12 p99=63.81 max=66.23] stalls100ms=0 | tps=20.00
[01:58:57] [Server thread/INFO]: [STDOUT] [io.papermc.paper.util.PapoTickProfile] PapoTickProfile window=400ticks totalWallMs=20000 measuredMs=1918 gcMs=7
[01:58:57] [Server thread/INFO]: [STDOUT] [io.papermc.paper.util.PapoTickProfile] PapoTickProfile.phase worlds                     total=  615.4ms avg/tick= 1538.5us share= 32.1% n=400
[01:58:57] [Server thread/INFO]: [STDOUT] [io.papermc.paper.util.PapoTickProfile] PapoTickProfile.phase level.tickPending+misc     total=  378.4ms avg/tick=  946.1us share= 19.7% n=1200
[01:58:57] [Server thread/INFO]: [STDOUT] [io.papermc.paper.util.PapoTickProfile] PapoTickProfile.phase level.chunkSource          total=  370.8ms avg/tick=  927.0us share= 19.3% n=1200
[01:58:57] [Server thread/INFO]: [STDOUT] [io.papermc.paper.util.PapoTickProfile] PapoTickProfile.phase level.entities             total=  229.5ms avg/tick=  573.8us share= 12.0% n=1200
[01:58:57] [Server thread/INFO]: [STDOUT] [io.papermc.paper.util.PapoTickProfile] PapoTickProfile.phase server.taskDrain           total=   70.2ms avg/tick=  175.5us share=  3.7% n=400
[01:58:57] [Server thread/INFO]: [STDOUT] [io.papermc.paper.util.PapoTickProfile] PapoTickProfile.phase connection                 total=   57.1ms avg/tick=  142.8us share=  3.0% n=400
[01:58:57] [Server thread/INFO]: [STDOUT] [io.papermc.paper.util.PapoTickProfile] PapoTickProfile.phase ent.serverAiStep           total=   51.0ms avg/tick=  127.4us share=  2.7% n=15294
[01:58:57] [Server thread/INFO]: [STDOUT] [io.papermc.paper.util.PapoTickProfile] PapoTickProfile.phase conn.listenerTick          total=   45.5ms avg/tick=  113.7us share=  2.4% n=4398
[01:58:57] [Server thread/INFO]: [STDOUT] [io.papermc.paper.util.PapoTickProfile] PapoTickProfile.phase sendChunks                 total=   32.9ms avg/tick=   82.4us share=  1.7% n=400
[01:58:57] [Server thread/INFO]: [STDOUT] [io.papermc.paper.util.PapoTickProfile] PapoTickProfile.phase player.superTick           total=   29.2ms avg/tick=   73.1us share=  1.5% n=4400
[01:58:57] [Server thread/INFO]: [STDOUT] [io.papermc.paper.util.PapoTickProfile] PapoTickProfile.phase chunkMap.tracker.maintain  total=   14.6ms avg/tick=   36.4us share=  0.8% n=1200
[01:58:57] [Server thread/INFO]: [STDOUT] [io.papermc.paper.util.PapoTickProfile] PapoTickProfile.phase chunkMap.tracker.sendChanges total=   10.2ms avg/tick=   25.5us share=  0.5% n=1200
[01:58:57] [Server thread/INFO]: [STDOUT] [io.papermc.paper.util.PapoTickProfile] PapoTickProfile.phase level.blockTicks           total=    3.9ms avg/tick=    9.7us share=  0.2% n=1200
[01:58:57] [Server thread/INFO]: [STDOUT] [io.papermc.paper.util.PapoTickProfile] PapoTickProfile.phase player.pushEntities        total=    2.8ms avg/tick=    7.1us share=  0.1% n=9374
[01:58:57] [Server thread/INFO]: [STDOUT] [io.papermc.paper.util.PapoTickProfile] PapoTickProfile.phase chunkMap.tracker.fanout    total=    2.6ms avg/tick=    6.5us share=  0.1% n=1200
[01:58:57] [Server thread/INFO]: [STDOUT] [io.papermc.paper.util.PapoTickProfile] PapoTickProfile.phase level.fluidTicks           total=    2.2ms avg/tick=    5.5us share=  0.1% n=1200
[01:58:57] [Server thread/INFO]: [STDOUT] [io.papermc.paper.util.PapoTickProfile] PapoTickProfile.phase player.aiStepTouchScan     total=    1.2ms avg/tick=    3.0us share=  0.1% n=4400
[01:58:57] [Server thread/INFO]: [STDOUT] [io.papermc.paper.util.PapoTickProfile] PapoTickProfile.phase level.blockEvents          total=    0.2ms avg/tick=    0.6us share=  0.0% n=1200
[01:58:57] [Server thread/INFO]: [STDOUT] [io.papermc.paper.util.PapoTickProfile] PapoTickProfile.phase functions                  total=    0.2ms avg/tick=    0.4us share=  0.0% n=400
[01:58:57] [Server thread/INFO]: [STDOUT] [io.papermc.paper.util.PapoTickProfile] PapoTickProfile.phase players                    total=    0.2ms avg/tick=    0.4us share=  0.0% n=400
[01:58:57] [Server thread/INFO]: [STDOUT] [io.papermc.paper.util.PapoTickProfile] PapoTickProfile.phase conn.flushQueue            total=    0.2ms avg/tick=    0.4us share=  0.0% n=4398
[01:58:57] [Server thread/INFO]: [STDOUT] [io.papermc.paper.util.PapoTickProfile] PapoTickProfile.count fanout.sends               total=    22781 avg/tick=     57.0 n=1200
[01:58:57] [Server thread/INFO]: [STDOUT] [io.papermc.paper.util.PapoTickProfile] PapoTickProfile.count fanout.pkt.headRot         total=      996 avg/tick=      2.5 n=400
[01:58:57] [Server thread/INFO]: [STDOUT] [io.papermc.paper.util.PapoTickProfile] PapoTickProfile.count fanout.pkt.movePosRot      total=      821 avg/tick=      2.1 n=396
[01:58:57] [Server thread/INFO]: [STDOUT] [io.papermc.paper.util.PapoTickProfile] PapoTickProfile.count fanout.pkt.posSync         total=      201 avg/tick=      0.5 n=116
[01:58:57] [Server thread/INFO]: [STDOUT] [io.papermc.paper.util.PapoTickProfile] PapoTickProfile.count fanout.pkt.movePos         total=      157 avg/tick=      0.4 n=109
[01:58:57] [Server thread/INFO]: [STDOUT] [io.papermc.paper.util.PapoTickProfile] PapoTickProfile.count rs.fluidTickRuns           total=       91 avg/tick=      0.2 n=91
[01:58:57] [Server thread/INFO]: [STDOUT] [io.papermc.paper.util.PapoTickProfile] PapoTickProfile.count fanout.pkt.other           total=       57 avg/tick=      0.1 n=53
[01:58:57] [Server thread/INFO]: [STDOUT] [io.papermc.paper.util.PapoTickProfile] PapoTickProfile.count fanout.pkt.entityData      total=       42 avg/tick=      0.1 n=39
[01:58:57] [Server thread/INFO]: [STDOUT] [io.papermc.paper.util.PapoTickProfile] PapoTickProfile.count fanout.pkt.velocity        total=       24 avg/tick=      0.1 n=24
[01:58:57] [Server thread/INFO]: [STDOUT] [io.papermc.paper.util.PapoTickProfile] PapoTickProfile.count fanout.pkt.moveRot         total=       16 avg/tick=      0.0 n=16
[01:58:57] [Server thread/INFO]: [STDOUT] [io.papermc.paper.util.PapoTickProfile] PapoTickProfile.tickdist n=400 durMs[p50=1.79 p95=2.39 p99=3.80 max=5.73] over45=0 over50=0 | gapMs[p95=62.91 p99=63.44 max=64.53] stalls100ms=0 | tps=20.00
[01:59:17] [Server thread/INFO]: [STDOUT] [io.papermc.paper.util.PapoTickProfile] PapoTickProfile window=400ticks totalWallMs=20003 measuredMs=1905 gcMs=0
[01:59:17] [Server thread/INFO]: [STDOUT] [io.papermc.paper.util.PapoTickProfile] PapoTickProfile.phase worlds                     total=  612.3ms avg/tick= 1530.9us share= 32.1% n=400
[01:59:17] [Server thread/INFO]: [STDOUT] [io.papermc.paper.util.PapoTickProfile] PapoTickProfile.phase level.tickPending+misc     total=  386.6ms avg/tick=  966.6us share= 20.3% n=1200
[01:59:17] [Server thread/INFO]: [STDOUT] [io.papermc.paper.util.PapoTickProfile] PapoTickProfile.phase level.chunkSource          total=  378.6ms avg/tick=  946.6us share= 19.9% n=1200
[01:59:17] [Server thread/INFO]: [STDOUT] [io.papermc.paper.util.PapoTickProfile] PapoTickProfile.phase level.entities             total=  219.1ms avg/tick=  547.8us share= 11.5% n=1200
[01:59:17] [Server thread/INFO]: [STDOUT] [io.papermc.paper.util.PapoTickProfile] PapoTickProfile.phase server.taskDrain           total=   63.1ms avg/tick=  157.8us share=  3.3% n=400
[01:59:17] [Server thread/INFO]: [STDOUT] [io.papermc.paper.util.PapoTickProfile] PapoTickProfile.phase ent.serverAiStep           total=   49.9ms avg/tick=  124.7us share=  2.6% n=16430
[01:59:17] [Server thread/INFO]: [STDOUT] [io.papermc.paper.util.PapoTickProfile] PapoTickProfile.phase connection                 total=   49.6ms avg/tick=  124.0us share=  2.6% n=400
[01:59:17] [Server thread/INFO]: [STDOUT] [io.papermc.paper.util.PapoTickProfile] PapoTickProfile.phase conn.listenerTick          total=   44.5ms avg/tick=  111.2us share=  2.3% n=4399
[01:59:17] [Server thread/INFO]: [STDOUT] [io.papermc.paper.util.PapoTickProfile] PapoTickProfile.phase sendChunks                 total=   32.8ms avg/tick=   82.0us share=  1.7% n=400
[01:59:17] [Server thread/INFO]: [STDOUT] [io.papermc.paper.util.PapoTickProfile] PapoTickProfile.phase player.superTick           total=   28.3ms avg/tick=   70.8us share=  1.5% n=4400
[01:59:17] [Server thread/INFO]: [STDOUT] [io.papermc.paper.util.PapoTickProfile] PapoTickProfile.phase chunkMap.tracker.maintain  total=   14.9ms avg/tick=   37.3us share=  0.8% n=1200
[01:59:17] [Server thread/INFO]: [STDOUT] [io.papermc.paper.util.PapoTickProfile] PapoTickProfile.phase chunkMap.tracker.sendChanges total=   11.1ms avg/tick=   27.9us share=  0.6% n=1200
[01:59:17] [Server thread/INFO]: [STDOUT] [io.papermc.paper.util.PapoTickProfile] PapoTickProfile.phase level.blockTicks           total=    4.2ms avg/tick=   10.4us share=  0.2% n=1200
[01:59:17] [Server thread/INFO]: [STDOUT] [io.papermc.paper.util.PapoTickProfile] PapoTickProfile.phase player.pushEntities        total=    3.4ms avg/tick=    8.4us share=  0.2% n=10595
[01:59:17] [Server thread/INFO]: [STDOUT] [io.papermc.paper.util.PapoTickProfile] PapoTickProfile.phase chunkMap.tracker.fanout    total=    2.5ms avg/tick=    6.3us share=  0.1% n=1200
[01:59:17] [Server thread/INFO]: [STDOUT] [io.papermc.paper.util.PapoTickProfile] PapoTickProfile.phase level.fluidTicks           total=    2.5ms avg/tick=    6.2us share=  0.1% n=1200
[01:59:17] [Server thread/INFO]: [STDOUT] [io.papermc.paper.util.PapoTickProfile] PapoTickProfile.phase player.aiStepTouchScan     total=    1.2ms avg/tick=    3.0us share=  0.1% n=4400
[01:59:17] [Server thread/INFO]: [STDOUT] [io.papermc.paper.util.PapoTickProfile] PapoTickProfile.phase level.blockEvents          total=    0.2ms avg/tick=    0.6us share=  0.0% n=1200
[01:59:17] [Server thread/INFO]: [STDOUT] [io.papermc.paper.util.PapoTickProfile] PapoTickProfile.phase conn.flushQueue            total=    0.2ms avg/tick=    0.4us share=  0.0% n=4399
[01:59:17] [Server thread/INFO]: [STDOUT] [io.papermc.paper.util.PapoTickProfile] PapoTickProfile.phase players                    total=    0.1ms avg/tick=    0.3us share=  0.0% n=400
[01:59:17] [Server thread/INFO]: [STDOUT] [io.papermc.paper.util.PapoTickProfile] PapoTickProfile.phase functions                  total=    0.1ms avg/tick=    0.2us share=  0.0% n=400
[01:59:17] [Server thread/INFO]: [STDOUT] [io.papermc.paper.util.PapoTickProfile] PapoTickProfile.count fanout.sends               total=    22957 avg/tick=     57.4 n=1200
[01:59:17] [Server thread/INFO]: [STDOUT] [io.papermc.paper.util.PapoTickProfile] PapoTickProfile.count fanout.pkt.headRot         total=      989 avg/tick=      2.5 n=399
[01:59:17] [Server thread/INFO]: [STDOUT] [io.papermc.paper.util.PapoTickProfile] PapoTickProfile.count fanout.pkt.movePosRot      total=      856 avg/tick=      2.1 n=393
[01:59:17] [Server thread/INFO]: [STDOUT] [io.papermc.paper.util.PapoTickProfile] PapoTickProfile.count fanout.pkt.posSync         total=      199 avg/tick=      0.5 n=110
[01:59:17] [Server thread/INFO]: [STDOUT] [io.papermc.paper.util.PapoTickProfile] PapoTickProfile.count fanout.pkt.movePos         total=      137 avg/tick=      0.3 n=97
[01:59:17] [Server thread/INFO]: [STDOUT] [io.papermc.paper.util.PapoTickProfile] PapoTickProfile.count rs.fluidTickRuns           total=       82 avg/tick=      0.2 n=82
[01:59:17] [Server thread/INFO]: [STDOUT] [io.papermc.paper.util.PapoTickProfile] PapoTickProfile.count fanout.pkt.other           total=       51 avg/tick=      0.1 n=49
[01:59:17] [Server thread/INFO]: [STDOUT] [io.papermc.paper.util.PapoTickProfile] PapoTickProfile.count fanout.pkt.entityData      total=       37 avg/tick=      0.1 n=34
[01:59:17] [Server thread/INFO]: [STDOUT] [io.papermc.paper.util.PapoTickProfile] PapoTickProfile.count fanout.pkt.velocity        total=       22 avg/tick=      0.1 n=22
[01:59:17] [Server thread/INFO]: [STDOUT] [io.papermc.paper.util.PapoTickProfile] PapoTickProfile.count fanout.pkt.moveRot         total=       20 avg/tick=      0.1 n=20
[01:59:17] [Server thread/INFO]: [STDOUT] [io.papermc.paper.util.PapoTickProfile] PapoTickProfile.count rs.blockTickRuns           total=        1 avg/tick=      0.0 n=1
[01:59:17] [Server thread/INFO]: [STDOUT] [io.papermc.paper.util.PapoTickProfile] PapoTickProfile.tickdist n=400 durMs[p50=1.77 p95=2.32 p99=2.84 max=4.95] over45=0 over50=0 | gapMs[p95=62.86 p99=63.71 max=64.21] stalls100ms=0 | tps=20.00
[01:59:37] [Server thread/INFO]: [STDOUT] [io.papermc.paper.util.PapoTickProfile] PapoTickProfile window=400ticks totalWallMs=19993 measuredMs=1856 gcMs=20
[01:59:37] [Server thread/INFO]: [STDOUT] [io.papermc.paper.util.PapoTickProfile] PapoTickProfile.phase worlds                     total=  585.0ms avg/tick= 1462.6us share= 31.5% n=400
[01:59:37] [Server thread/INFO]: [STDOUT] [io.papermc.paper.util.PapoTickProfile] PapoTickProfile.phase level.tickPending+misc     total=  392.3ms avg/tick=  980.8us share= 21.1% n=1200
[01:59:37] [Server thread/INFO]: [STDOUT] [io.papermc.paper.util.PapoTickProfile] PapoTickProfile.phase level.chunkSource          total=  384.5ms avg/tick=  961.2us share= 20.7% n=1200
[01:59:37] [Server thread/INFO]: [STDOUT] [io.papermc.paper.util.PapoTickProfile] PapoTickProfile.phase level.entities             total=  185.3ms avg/tick=  463.4us share= 10.0% n=1200
[01:59:37] [Server thread/INFO]: [STDOUT] [io.papermc.paper.util.PapoTickProfile] PapoTickProfile.phase server.taskDrain           total=   79.2ms avg/tick=  197.9us share=  4.3% n=400
[01:59:37] [Server thread/INFO]: [STDOUT] [io.papermc.paper.util.PapoTickProfile] PapoTickProfile.phase connection                 total=   54.0ms avg/tick=  135.1us share=  2.9% n=400
[01:59:37] [Server thread/INFO]: [STDOUT] [io.papermc.paper.util.PapoTickProfile] PapoTickProfile.phase conn.listenerTick          total=   43.0ms avg/tick=  107.6us share=  2.3% n=4397
[01:59:37] [Server thread/INFO]: [STDOUT] [io.papermc.paper.util.PapoTickProfile] PapoTickProfile.phase ent.serverAiStep           total=   35.1ms avg/tick=   87.7us share=  1.9% n=14372
[01:59:37] [Server thread/INFO]: [STDOUT] [io.papermc.paper.util.PapoTickProfile] PapoTickProfile.phase sendChunks                 total=   32.6ms avg/tick=   81.6us share=  1.8% n=400
[01:59:37] [Server thread/INFO]: [STDOUT] [io.papermc.paper.util.PapoTickProfile] PapoTickProfile.phase player.superTick           total=   27.3ms avg/tick=   68.2us share=  1.5% n=4400
[01:59:37] [Server thread/INFO]: [STDOUT] [io.papermc.paper.util.PapoTickProfile] PapoTickProfile.phase chunkMap.tracker.maintain  total=   15.6ms avg/tick=   39.0us share=  0.8% n=1200
[01:59:37] [Server thread/INFO]: [STDOUT] [io.papermc.paper.util.PapoTickProfile] PapoTickProfile.phase chunkMap.tracker.sendChanges total=    9.2ms avg/tick=   23.0us share=  0.5% n=1200
[01:59:37] [Server thread/INFO]: [STDOUT] [io.papermc.paper.util.PapoTickProfile] PapoTickProfile.phase level.blockTicks           total=    4.5ms avg/tick=   11.3us share=  0.2% n=1200
[01:59:37] [Server thread/INFO]: [STDOUT] [io.papermc.paper.util.PapoTickProfile] PapoTickProfile.phase player.pushEntities        total=    2.8ms avg/tick=    7.1us share=  0.2% n=8695
[01:59:37] [Server thread/INFO]: [STDOUT] [io.papermc.paper.util.PapoTickProfile] PapoTickProfile.phase chunkMap.tracker.fanout    total=    2.3ms avg/tick=    5.8us share=  0.1% n=1200
[01:59:37] [Server thread/INFO]: [STDOUT] [io.papermc.paper.util.PapoTickProfile] PapoTickProfile.phase level.fluidTicks           total=    2.0ms avg/tick=    5.0us share=  0.1% n=1200
[01:59:37] [Server thread/INFO]: [STDOUT] [io.papermc.paper.util.PapoTickProfile] PapoTickProfile.phase player.aiStepTouchScan     total=    1.2ms avg/tick=    3.0us share=  0.1% n=4400
[01:59:37] [Server thread/INFO]: [STDOUT] [io.papermc.paper.util.PapoTickProfile] PapoTickProfile.phase level.blockEvents          total=    0.2ms avg/tick=    0.6us share=  0.0% n=1200
[01:59:37] [Server thread/INFO]: [STDOUT] [io.papermc.paper.util.PapoTickProfile] PapoTickProfile.phase conn.flushQueue            total=    0.2ms avg/tick=    0.4us share=  0.0% n=4397
[01:59:37] [Server thread/INFO]: [STDOUT] [io.papermc.paper.util.PapoTickProfile] PapoTickProfile.phase functions                  total=    0.1ms avg/tick=    0.2us share=  0.0% n=400
[01:59:37] [Server thread/INFO]: [STDOUT] [io.papermc.paper.util.PapoTickProfile] PapoTickProfile.phase players                    total=    0.1ms avg/tick=    0.2us share=  0.0% n=400
[01:59:37] [Server thread/INFO]: [STDOUT] [io.papermc.paper.util.PapoTickProfile] PapoTickProfile.count fanout.sends               total=    21420 avg/tick=     53.6 n=1200
[01:59:37] [Server thread/INFO]: [STDOUT] [io.papermc.paper.util.PapoTickProfile] PapoTickProfile.count fanout.pkt.headRot         total=      975 avg/tick=      2.4 n=396
[01:59:37] [Server thread/INFO]: [STDOUT] [io.papermc.paper.util.PapoTickProfile] PapoTickProfile.count fanout.pkt.movePosRot      total=      812 avg/tick=      2.0 n=387
[01:59:37] [Server thread/INFO]: [STDOUT] [io.papermc.paper.util.PapoTickProfile] PapoTickProfile.count fanout.pkt.posSync         total=      234 avg/tick=      0.6 n=129
[01:59:37] [Server thread/INFO]: [STDOUT] [io.papermc.paper.util.PapoTickProfile] PapoTickProfile.count fanout.pkt.movePos         total=      195 avg/tick=      0.5 n=133
[01:59:37] [Server thread/INFO]: [STDOUT] [io.papermc.paper.util.PapoTickProfile] PapoTickProfile.count rs.fluidTickRuns           total=       92 avg/tick=      0.2 n=92
[01:59:37] [Server thread/INFO]: [STDOUT] [io.papermc.paper.util.PapoTickProfile] PapoTickProfile.count fanout.pkt.other           total=       52 avg/tick=      0.1 n=47
[01:59:37] [Server thread/INFO]: [STDOUT] [io.papermc.paper.util.PapoTickProfile] PapoTickProfile.count fanout.pkt.entityData      total=       29 avg/tick=      0.1 n=29
[01:59:37] [Server thread/INFO]: [STDOUT] [io.papermc.paper.util.PapoTickProfile] PapoTickProfile.count fanout.pkt.velocity        total=       24 avg/tick=      0.1 n=24
[01:59:37] [Server thread/INFO]: [STDOUT] [io.papermc.paper.util.PapoTickProfile] PapoTickProfile.count fanout.pkt.moveRot         total=        7 avg/tick=      0.0 n=7
[01:59:37] [Server thread/INFO]: [STDOUT] [io.papermc.paper.util.PapoTickProfile] PapoTickProfile.tickdist n=400 durMs[p50=1.70 p95=2.31 p99=3.95 max=5.17] over45=0 over50=0 | gapMs[p95=62.73 p99=63.72 max=65.83] stalls100ms=0 | tps=20.01
[01:59:57] [Server thread/INFO]: [STDOUT] [io.papermc.paper.util.PapoTickProfile] PapoTickProfile window=400ticks totalWallMs=20003 measuredMs=1793 gcMs=0
[01:59:57] [Server thread/INFO]: [STDOUT] [io.papermc.paper.util.PapoTickProfile] PapoTickProfile.phase worlds                     total=  567.0ms avg/tick= 1417.4us share= 31.6% n=400
[01:59:57] [Server thread/INFO]: [STDOUT] [io.papermc.paper.util.PapoTickProfile] PapoTickProfile.phase level.tickPending+misc     total=  386.4ms avg/tick=  966.1us share= 21.5% n=1200
[01:59:57] [Server thread/INFO]: [STDOUT] [io.papermc.paper.util.PapoTickProfile] PapoTickProfile.phase level.chunkSource          total=  378.8ms avg/tick=  947.1us share= 21.1% n=1200
[01:59:57] [Server thread/INFO]: [STDOUT] [io.papermc.paper.util.PapoTickProfile] PapoTickProfile.phase level.entities             total=  174.0ms avg/tick=  435.1us share=  9.7% n=1200
[01:59:57] [Server thread/INFO]: [STDOUT] [io.papermc.paper.util.PapoTickProfile] PapoTickProfile.phase server.taskDrain           total=   60.5ms avg/tick=  151.2us share=  3.4% n=400
[01:59:57] [Server thread/INFO]: [STDOUT] [io.papermc.paper.util.PapoTickProfile] PapoTickProfile.phase connection                 total=   57.9ms avg/tick=  144.6us share=  3.2% n=400
[01:59:57] [Server thread/INFO]: [STDOUT] [io.papermc.paper.util.PapoTickProfile] PapoTickProfile.phase conn.listenerTick          total=   43.5ms avg/tick=  108.9us share=  2.4% n=4398
[01:59:57] [Server thread/INFO]: [STDOUT] [io.papermc.paper.util.PapoTickProfile] PapoTickProfile.phase sendChunks                 total=   32.0ms avg/tick=   79.9us share=  1.8% n=400
[01:59:57] [Server thread/INFO]: [STDOUT] [io.papermc.paper.util.PapoTickProfile] PapoTickProfile.phase ent.serverAiStep           total=   29.6ms avg/tick=   73.9us share=  1.6% n=13752
[01:59:57] [Server thread/INFO]: [STDOUT] [io.papermc.paper.util.PapoTickProfile] PapoTickProfile.phase player.superTick           total=   27.7ms avg/tick=   69.2us share=  1.5% n=4400
[01:59:57] [Server thread/INFO]: [STDOUT] [io.papermc.paper.util.PapoTickProfile] PapoTickProfile.phase chunkMap.tracker.maintain  total=   14.6ms avg/tick=   36.5us share=  0.8% n=1200
[01:59:57] [Server thread/INFO]: [STDOUT] [io.papermc.paper.util.PapoTickProfile] PapoTickProfile.phase chunkMap.tracker.sendChanges total=    9.0ms avg/tick=   22.6us share=  0.5% n=1200
[01:59:57] [Server thread/INFO]: [STDOUT] [io.papermc.paper.util.PapoTickProfile] PapoTickProfile.phase level.blockTicks           total=    4.3ms avg/tick=   10.9us share=  0.2% n=1200
[01:59:57] [Server thread/INFO]: [STDOUT] [io.papermc.paper.util.PapoTickProfile] PapoTickProfile.phase chunkMap.tracker.fanout    total=    2.5ms avg/tick=    6.3us share=  0.1% n=1200
[01:59:57] [Server thread/INFO]: [STDOUT] [io.papermc.paper.util.PapoTickProfile] PapoTickProfile.phase player.pushEntities        total=    2.4ms avg/tick=    6.1us share=  0.1% n=7832
[01:59:57] [Server thread/INFO]: [STDOUT] [io.papermc.paper.util.PapoTickProfile] PapoTickProfile.phase level.fluidTicks           total=    1.7ms avg/tick=    4.1us share=  0.1% n=1200
[01:59:57] [Server thread/INFO]: [STDOUT] [io.papermc.paper.util.PapoTickProfile] PapoTickProfile.phase player.aiStepTouchScan     total=    1.2ms avg/tick=    3.1us share=  0.1% n=4400
[01:59:57] [Server thread/INFO]: [STDOUT] [io.papermc.paper.util.PapoTickProfile] PapoTickProfile.phase level.blockEvents          total=    0.2ms avg/tick=    0.6us share=  0.0% n=1200
[01:59:57] [Server thread/INFO]: [STDOUT] [io.papermc.paper.util.PapoTickProfile] PapoTickProfile.phase players                    total=    0.2ms avg/tick=    0.5us share=  0.0% n=400
[01:59:57] [Server thread/INFO]: [STDOUT] [io.papermc.paper.util.PapoTickProfile] PapoTickProfile.phase conn.flushQueue            total=    0.1ms avg/tick=    0.4us share=  0.0% n=4398
[01:59:57] [Server thread/INFO]: [STDOUT] [io.papermc.paper.util.PapoTickProfile] PapoTickProfile.phase functions                  total=    0.1ms avg/tick=    0.2us share=  0.0% n=400
[01:59:57] [Server thread/INFO]: [STDOUT] [io.papermc.paper.util.PapoTickProfile] PapoTickProfile.count fanout.sends               total=    28749 avg/tick=     71.9 n=1200
[01:59:57] [Server thread/INFO]: [STDOUT] [io.papermc.paper.util.PapoTickProfile] PapoTickProfile.count fanout.pkt.headRot         total=     1211 avg/tick=      3.0 n=399
[01:59:57] [Server thread/INFO]: [STDOUT] [io.papermc.paper.util.PapoTickProfile] PapoTickProfile.count fanout.pkt.movePosRot      total=     1061 avg/tick=      2.7 n=397
[01:59:57] [Server thread/INFO]: [STDOUT] [io.papermc.paper.util.PapoTickProfile] PapoTickProfile.count fanout.pkt.movePos         total=      212 avg/tick=      0.5 n=144
[01:59:57] [Server thread/INFO]: [STDOUT] [io.papermc.paper.util.PapoTickProfile] PapoTickProfile.count fanout.pkt.posSync         total=      201 avg/tick=      0.5 n=103
[01:59:57] [Server thread/INFO]: [STDOUT] [io.papermc.paper.util.PapoTickProfile] PapoTickProfile.count fanout.pkt.entityData      total=      123 avg/tick=      0.3 n=119
[01:59:57] [Server thread/INFO]: [STDOUT] [io.papermc.paper.util.PapoTickProfile] PapoTickProfile.count fanout.pkt.other           total=       60 avg/tick=      0.2 n=54
[01:59:57] [Server thread/INFO]: [STDOUT] [io.papermc.paper.util.PapoTickProfile] PapoTickProfile.count rs.fluidTickRuns           total=       58 avg/tick=      0.1 n=58
[01:59:57] [Server thread/INFO]: [STDOUT] [io.papermc.paper.util.PapoTickProfile] PapoTickProfile.count fanout.pkt.velocity        total=       40 avg/tick=      0.1 n=34
[01:59:57] [Server thread/INFO]: [STDOUT] [io.papermc.paper.util.PapoTickProfile] PapoTickProfile.count fanout.pkt.moveRot         total=        6 avg/tick=      0.0 n=6
[01:59:57] [Server thread/INFO]: [STDOUT] [io.papermc.paper.util.PapoTickProfile] PapoTickProfile.tickdist n=400 durMs[p50=1.67 p95=2.22 p99=4.77 max=5.63] over45=0 over50=0 | gapMs[p95=62.62 p99=63.39 max=64.41] stalls100ms=0 | tps=20.00
[02:00:17] [Server thread/INFO]: [STDOUT] [io.papermc.paper.util.PapoTickProfile] PapoTickProfile window=400ticks totalWallMs=20001 measuredMs=1826 gcMs=4
[02:00:17] [Server thread/INFO]: [STDOUT] [io.papermc.paper.util.PapoTickProfile] PapoTickProfile.phase worlds                     total=  584.0ms avg/tick= 1459.9us share= 32.0% n=400
[02:00:17] [Server thread/INFO]: [STDOUT] [io.papermc.paper.util.PapoTickProfile] PapoTickProfile.phase level.tickPending+misc     total=  386.5ms avg/tick=  966.1us share= 21.2% n=1200
[02:00:17] [Server thread/INFO]: [STDOUT] [io.papermc.paper.util.PapoTickProfile] PapoTickProfile.phase level.chunkSource          total=  378.5ms avg/tick=  946.4us share= 20.7% n=1200
[02:00:17] [Server thread/INFO]: [STDOUT] [io.papermc.paper.util.PapoTickProfile] PapoTickProfile.phase level.entities             total=  190.7ms avg/tick=  476.8us share= 10.4% n=1200
[02:00:17] [Server thread/INFO]: [STDOUT] [io.papermc.paper.util.PapoTickProfile] PapoTickProfile.phase server.taskDrain           total=   57.1ms avg/tick=  142.6us share=  3.1% n=400
[02:00:17] [Server thread/INFO]: [STDOUT] [io.papermc.paper.util.PapoTickProfile] PapoTickProfile.phase connection                 total=   52.4ms avg/tick=  130.9us share=  2.9% n=400
[02:00:17] [Server thread/INFO]: [STDOUT] [io.papermc.paper.util.PapoTickProfile] PapoTickProfile.phase conn.listenerTick          total=   43.7ms avg/tick=  109.3us share=  2.4% n=4398
[02:00:17] [Server thread/INFO]: [STDOUT] [io.papermc.paper.util.PapoTickProfile] PapoTickProfile.phase ent.serverAiStep           total=   37.1ms avg/tick=   92.7us share=  2.0% n=15857
[02:00:17] [Server thread/INFO]: [STDOUT] [io.papermc.paper.util.PapoTickProfile] PapoTickProfile.phase sendChunks                 total=   32.0ms avg/tick=   80.1us share=  1.8% n=400
[02:00:17] [Server thread/INFO]: [STDOUT] [io.papermc.paper.util.PapoTickProfile] PapoTickProfile.phase player.superTick           total=   27.5ms avg/tick=   68.7us share=  1.5% n=4400
[02:00:17] [Server thread/INFO]: [STDOUT] [io.papermc.paper.util.PapoTickProfile] PapoTickProfile.phase chunkMap.tracker.maintain  total=   14.5ms avg/tick=   36.2us share=  0.8% n=1200
[02:00:17] [Server thread/INFO]: [STDOUT] [io.papermc.paper.util.PapoTickProfile] PapoTickProfile.phase chunkMap.tracker.sendChanges total=    9.2ms avg/tick=   23.0us share=  0.5% n=1200
[02:00:17] [Server thread/INFO]: [STDOUT] [io.papermc.paper.util.PapoTickProfile] PapoTickProfile.phase level.blockTicks           total=    4.0ms avg/tick=    9.9us share=  0.2% n=1200
[02:00:17] [Server thread/INFO]: [STDOUT] [io.papermc.paper.util.PapoTickProfile] PapoTickProfile.phase player.pushEntities        total=    3.0ms avg/tick=    7.6us share=  0.2% n=9917
[02:00:17] [Server thread/INFO]: [STDOUT] [io.papermc.paper.util.PapoTickProfile] PapoTickProfile.phase chunkMap.tracker.fanout    total=    2.6ms avg/tick=    6.4us share=  0.1% n=1200
[02:00:17] [Server thread/INFO]: [STDOUT] [io.papermc.paper.util.PapoTickProfile] PapoTickProfile.phase level.fluidTicks           total=    2.5ms avg/tick=    6.4us share=  0.1% n=1200
[02:00:17] [Server thread/INFO]: [STDOUT] [io.papermc.paper.util.PapoTickProfile] PapoTickProfile.phase player.aiStepTouchScan     total=    1.2ms avg/tick=    3.0us share=  0.1% n=4400
[02:00:17] [Server thread/INFO]: [STDOUT] [io.papermc.paper.util.PapoTickProfile] PapoTickProfile.phase level.blockEvents          total=    0.2ms avg/tick=    0.6us share=  0.0% n=1200
[02:00:17] [Server thread/INFO]: [STDOUT] [io.papermc.paper.util.PapoTickProfile] PapoTickProfile.phase conn.flushQueue            total=    0.2ms avg/tick=    0.4us share=  0.0% n=4398
[02:00:17] [Server thread/INFO]: [STDOUT] [io.papermc.paper.util.PapoTickProfile] PapoTickProfile.phase players                    total=    0.1ms avg/tick=    0.3us share=  0.0% n=400
[02:00:17] [Server thread/INFO]: [STDOUT] [io.papermc.paper.util.PapoTickProfile] PapoTickProfile.phase functions                  total=    0.1ms avg/tick=    0.2us share=  0.0% n=400
[02:00:17] [Server thread/INFO]: [STDOUT] [io.papermc.paper.util.PapoTickProfile] PapoTickProfile.count fanout.sends               total=    26861 avg/tick=     67.2 n=1200
[02:00:17] [Server thread/INFO]: [STDOUT] [io.papermc.paper.util.PapoTickProfile] PapoTickProfile.count fanout.pkt.headRot         total=     1181 avg/tick=      3.0 n=400
[02:00:17] [Server thread/INFO]: [STDOUT] [io.papermc.paper.util.PapoTickProfile] PapoTickProfile.count fanout.pkt.movePosRot      total=      983 avg/tick=      2.5 n=395
[02:00:17] [Server thread/INFO]: [STDOUT] [io.papermc.paper.util.PapoTickProfile] PapoTickProfile.count fanout.pkt.posSync         total=      197 avg/tick=      0.5 n=102
[02:00:17] [Server thread/INFO]: [STDOUT] [io.papermc.paper.util.PapoTickProfile] PapoTickProfile.count fanout.pkt.movePos         total=      181 avg/tick=      0.5 n=136
[02:00:17] [Server thread/INFO]: [STDOUT] [io.papermc.paper.util.PapoTickProfile] PapoTickProfile.count rs.fluidTickRuns           total=       80 avg/tick=      0.2 n=80
[02:00:17] [Server thread/INFO]: [STDOUT] [io.papermc.paper.util.PapoTickProfile] PapoTickProfile.count fanout.pkt.other           total=       60 avg/tick=      0.2 n=57
[02:00:17] [Server thread/INFO]: [STDOUT] [io.papermc.paper.util.PapoTickProfile] PapoTickProfile.count fanout.pkt.entityData      total=       55 avg/tick=      0.1 n=51
[02:00:17] [Server thread/INFO]: [STDOUT] [io.papermc.paper.util.PapoTickProfile] PapoTickProfile.count fanout.pkt.velocity        total=       47 avg/tick=      0.1 n=45
[02:00:17] [Server thread/INFO]: [STDOUT] [io.papermc.paper.util.PapoTickProfile] PapoTickProfile.count fanout.pkt.moveRot         total=       40 avg/tick=      0.1 n=40
[02:00:17] [Server thread/INFO]: [STDOUT] [io.papermc.paper.util.PapoTickProfile] PapoTickProfile.tickdist n=400 durMs[p50=1.70 p95=2.24 p99=3.05 max=6.72] over45=0 over50=0 | gapMs[p95=62.54 p99=64.06 max=66.45] stalls100ms=0 | tps=20.00
[02:00:37] [Server thread/INFO]: [STDOUT] [io.papermc.paper.util.PapoTickProfile] PapoTickProfile window=400ticks totalWallMs=20000 measuredMs=1876 gcMs=0
[02:00:37] [Server thread/INFO]: [STDOUT] [io.papermc.paper.util.PapoTickProfile] PapoTickProfile.phase worlds                     total=  600.9ms avg/tick= 1502.4us share= 32.0% n=400
[02:00:37] [Server thread/INFO]: [STDOUT] [io.papermc.paper.util.PapoTickProfile] PapoTickProfile.phase level.tickPending+misc     total=  389.1ms avg/tick=  972.7us share= 20.7% n=1200
[02:00:37] [Server thread/INFO]: [STDOUT] [io.papermc.paper.util.PapoTickProfile] PapoTickProfile.phase level.chunkSource          total=  380.7ms avg/tick=  951.6us share= 20.3% n=1200
[02:00:37] [Server thread/INFO]: [STDOUT] [io.papermc.paper.util.PapoTickProfile] PapoTickProfile.phase level.entities             total=  204.7ms avg/tick=  511.8us share= 10.9% n=1200
[02:00:37] [Server thread/INFO]: [STDOUT] [io.papermc.paper.util.PapoTickProfile] PapoTickProfile.phase server.taskDrain           total=   60.4ms avg/tick=  151.0us share=  3.2% n=400
[02:00:37] [Server thread/INFO]: [STDOUT] [io.papermc.paper.util.PapoTickProfile] PapoTickProfile.phase connection                 total=   52.6ms avg/tick=  131.5us share=  2.8% n=400
[02:00:37] [Server thread/INFO]: [STDOUT] [io.papermc.paper.util.PapoTickProfile] PapoTickProfile.phase ent.serverAiStep           total=   46.3ms avg/tick=  115.7us share=  2.5% n=15727
[02:00:37] [Server thread/INFO]: [STDOUT] [io.papermc.paper.util.PapoTickProfile] PapoTickProfile.phase conn.listenerTick          total=   44.1ms avg/tick=  110.2us share=  2.3% n=4399
[02:00:37] [Server thread/INFO]: [STDOUT] [io.papermc.paper.util.PapoTickProfile] PapoTickProfile.phase sendChunks                 total=   32.3ms avg/tick=   80.7us share=  1.7% n=400
[02:00:37] [Server thread/INFO]: [STDOUT] [io.papermc.paper.util.PapoTickProfile] PapoTickProfile.phase player.superTick           total=   27.6ms avg/tick=   69.1us share=  1.5% n=4400
[02:00:37] [Server thread/INFO]: [STDOUT] [io.papermc.paper.util.PapoTickProfile] PapoTickProfile.phase chunkMap.tracker.maintain  total=   14.0ms avg/tick=   35.0us share=  0.7% n=1200
[02:00:37] [Server thread/INFO]: [STDOUT] [io.papermc.paper.util.PapoTickProfile] PapoTickProfile.phase chunkMap.tracker.sendChanges total=    9.7ms avg/tick=   24.3us share=  0.5% n=1200
[02:00:37] [Server thread/INFO]: [STDOUT] [io.papermc.paper.util.PapoTickProfile] PapoTickProfile.phase level.blockTicks           total=    5.1ms avg/tick=   12.7us share=  0.3% n=1200
[02:00:37] [Server thread/INFO]: [STDOUT] [io.papermc.paper.util.PapoTickProfile] PapoTickProfile.phase player.pushEntities        total=    3.0ms avg/tick=    7.4us share=  0.2% n=9765
[02:00:37] [Server thread/INFO]: [STDOUT] [io.papermc.paper.util.PapoTickProfile] PapoTickProfile.phase chunkMap.tracker.fanout    total=    2.5ms avg/tick=    6.1us share=  0.1% n=1200
[02:00:37] [Server thread/INFO]: [STDOUT] [io.papermc.paper.util.PapoTickProfile] PapoTickProfile.phase level.fluidTicks           total=    1.8ms avg/tick=    4.6us share=  0.1% n=1200
[02:00:37] [Server thread/INFO]: [STDOUT] [io.papermc.paper.util.PapoTickProfile] PapoTickProfile.phase player.aiStepTouchScan     total=    1.1ms avg/tick=    2.8us share=  0.1% n=4400
[02:00:37] [Server thread/INFO]: [STDOUT] [io.papermc.paper.util.PapoTickProfile] PapoTickProfile.phase level.blockEvents          total=    0.2ms avg/tick=    0.6us share=  0.0% n=1200
[02:00:37] [Server thread/INFO]: [STDOUT] [io.papermc.paper.util.PapoTickProfile] PapoTickProfile.phase conn.flushQueue            total=    0.2ms avg/tick=    0.4us share=  0.0% n=4399
[02:00:37] [Server thread/INFO]: [STDOUT] [io.papermc.paper.util.PapoTickProfile] PapoTickProfile.phase functions                  total=    0.1ms avg/tick=    0.2us share=  0.0% n=400
[02:00:37] [Server thread/INFO]: [STDOUT] [io.papermc.paper.util.PapoTickProfile] PapoTickProfile.phase players                    total=    0.1ms avg/tick=    0.2us share=  0.0% n=400
[02:00:37] [Server thread/INFO]: [STDOUT] [io.papermc.paper.util.PapoTickProfile] PapoTickProfile.count fanout.sends               total=    22287 avg/tick=     55.7 n=1200
[02:00:37] [Server thread/INFO]: [STDOUT] [io.papermc.paper.util.PapoTickProfile] PapoTickProfile.count fanout.pkt.headRot         total=      911 avg/tick=      2.3 n=400
[02:00:37] [Server thread/INFO]: [STDOUT] [io.papermc.paper.util.PapoTickProfile] PapoTickProfile.count fanout.pkt.movePosRot      total=      802 avg/tick=      2.0 n=395
[02:00:37] [Server thread/INFO]: [STDOUT] [io.papermc.paper.util.PapoTickProfile] PapoTickProfile.count fanout.pkt.movePos         total=      168 avg/tick=      0.4 n=123
[02:00:37] [Server thread/INFO]: [STDOUT] [io.papermc.paper.util.PapoTickProfile] PapoTickProfile.count fanout.pkt.posSync         total=      165 avg/tick=      0.4 n=76
[02:00:37] [Server thread/INFO]: [STDOUT] [io.papermc.paper.util.PapoTickProfile] PapoTickProfile.count fanout.pkt.other           total=       61 avg/tick=      0.2 n=59
[02:00:37] [Server thread/INFO]: [STDOUT] [io.papermc.paper.util.PapoTickProfile] PapoTickProfile.count fanout.pkt.entityData      total=       60 avg/tick=      0.2 n=53
[02:00:37] [Server thread/INFO]: [STDOUT] [io.papermc.paper.util.PapoTickProfile] PapoTickProfile.count rs.fluidTickRuns           total=       46 avg/tick=      0.1 n=46
[02:00:37] [Server thread/INFO]: [STDOUT] [io.papermc.paper.util.PapoTickProfile] PapoTickProfile.count fanout.pkt.velocity        total=       19 avg/tick=      0.0 n=19
[02:00:37] [Server thread/INFO]: [STDOUT] [io.papermc.paper.util.PapoTickProfile] PapoTickProfile.count fanout.pkt.moveRot         total=       10 avg/tick=      0.0 n=10
[02:00:37] [Server thread/INFO]: [STDOUT] [io.papermc.paper.util.PapoTickProfile] PapoTickProfile.tickdist n=400 durMs[p50=1.75 p95=2.31 p99=2.72 max=6.02] over45=0 over50=0 | gapMs[p95=62.73 p99=63.41 max=64.53] stalls100ms=0 | tps=20.00
[02:00:57] [Server thread/INFO]: [STDOUT] [io.papermc.paper.util.PapoTickProfile] PapoTickProfile window=400ticks totalWallMs=19996 measuredMs=1882 gcMs=6
[02:00:57] [Server thread/INFO]: [STDOUT] [io.papermc.paper.util.PapoTickProfile] PapoTickProfile.phase worlds                     total=  601.9ms avg/tick= 1504.7us share= 32.0% n=400
[02:00:57] [Server thread/INFO]: [STDOUT] [io.papermc.paper.util.PapoTickProfile] PapoTickProfile.phase level.tickPending+misc     total=  379.8ms avg/tick=  949.6us share= 20.2% n=1200
[02:00:57] [Server thread/INFO]: [STDOUT] [io.papermc.paper.util.PapoTickProfile] PapoTickProfile.phase level.chunkSource          total=  372.4ms avg/tick=  930.9us share= 19.8% n=1200
[02:00:57] [Server thread/INFO]: [STDOUT] [io.papermc.paper.util.PapoTickProfile] PapoTickProfile.phase level.entities             total=  213.9ms avg/tick=  534.6us share= 11.4% n=1200
[02:00:57] [Server thread/INFO]: [STDOUT] [io.papermc.paper.util.PapoTickProfile] PapoTickProfile.phase server.taskDrain           total=   62.3ms avg/tick=  155.8us share=  3.3% n=400
[02:00:57] [Server thread/INFO]: [STDOUT] [io.papermc.paper.util.PapoTickProfile] PapoTickProfile.phase connection                 total=   57.4ms avg/tick=  143.4us share=  3.0% n=400
[02:00:57] [Server thread/INFO]: [STDOUT] [io.papermc.paper.util.PapoTickProfile] PapoTickProfile.phase ent.serverAiStep           total=   47.7ms avg/tick=  119.3us share=  2.5% n=15227
[02:00:57] [Server thread/INFO]: [STDOUT] [io.papermc.paper.util.PapoTickProfile] PapoTickProfile.phase conn.listenerTick          total=   46.4ms avg/tick=  115.9us share=  2.5% n=4398
[02:00:57] [Server thread/INFO]: [STDOUT] [io.papermc.paper.util.PapoTickProfile] PapoTickProfile.phase sendChunks                 total=   32.9ms avg/tick=   82.2us share=  1.7% n=400
[02:00:57] [Server thread/INFO]: [STDOUT] [io.papermc.paper.util.PapoTickProfile] PapoTickProfile.phase player.superTick           total=   30.0ms avg/tick=   75.0us share=  1.6% n=4400
[02:00:57] [Server thread/INFO]: [STDOUT] [io.papermc.paper.util.PapoTickProfile] PapoTickProfile.phase chunkMap.tracker.maintain  total=   14.5ms avg/tick=   36.3us share=  0.8% n=1200
[02:00:57] [Server thread/INFO]: [STDOUT] [io.papermc.paper.util.PapoTickProfile] PapoTickProfile.phase chunkMap.tracker.sendChanges total=    9.8ms avg/tick=   24.4us share=  0.5% n=1200
[02:00:57] [Server thread/INFO]: [STDOUT] [io.papermc.paper.util.PapoTickProfile] PapoTickProfile.phase level.blockTicks           total=    3.8ms avg/tick=    9.6us share=  0.2% n=1200
[02:00:57] [Server thread/INFO]: [STDOUT] [io.papermc.paper.util.PapoTickProfile] PapoTickProfile.phase player.pushEntities        total=    3.3ms avg/tick=    8.2us share=  0.2% n=9267
[02:00:57] [Server thread/INFO]: [STDOUT] [io.papermc.paper.util.PapoTickProfile] PapoTickProfile.phase chunkMap.tracker.fanout    total=    2.7ms avg/tick=    6.9us share=  0.1% n=1200
[02:00:57] [Server thread/INFO]: [STDOUT] [io.papermc.paper.util.PapoTickProfile] PapoTickProfile.phase level.fluidTicks           total=    2.1ms avg/tick=    5.1us share=  0.1% n=1200
[02:00:57] [Server thread/INFO]: [STDOUT] [io.papermc.paper.util.PapoTickProfile] PapoTickProfile.phase player.aiStepTouchScan     total=    1.3ms avg/tick=    3.2us share=  0.1% n=4400
[02:00:57] [Server thread/INFO]: [STDOUT] [io.papermc.paper.util.PapoTickProfile] PapoTickProfile.phase level.blockEvents          total=    0.2ms avg/tick=    0.6us share=  0.0% n=1200
[02:00:57] [Server thread/INFO]: [STDOUT] [io.papermc.paper.util.PapoTickProfile] PapoTickProfile.phase conn.flushQueue            total=    0.2ms avg/tick=    0.4us share=  0.0% n=4398
[02:00:57] [Server thread/INFO]: [STDOUT] [io.papermc.paper.util.PapoTickProfile] PapoTickProfile.phase players                    total=    0.1ms avg/tick=    0.3us share=  0.0% n=400
[02:00:57] [Server thread/INFO]: [STDOUT] [io.papermc.paper.util.PapoTickProfile] PapoTickProfile.phase functions                  total=    0.1ms avg/tick=    0.2us share=  0.0% n=400
[02:00:57] [Server thread/INFO]: [STDOUT] [io.papermc.paper.util.PapoTickProfile] PapoTickProfile.count fanout.sends               total=    24598 avg/tick=     61.5 n=1200
[02:00:57] [Server thread/INFO]: [STDOUT] [io.papermc.paper.util.PapoTickProfile] PapoTickProfile.count fanout.pkt.headRot         total=     1000 avg/tick=      2.5 n=391
[02:00:57] [Server thread/INFO]: [STDOUT] [io.papermc.paper.util.PapoTickProfile] PapoTickProfile.count fanout.pkt.movePosRot      total=      873 avg/tick=      2.2 n=389
[02:00:57] [Server thread/INFO]: [STDOUT] [io.papermc.paper.util.PapoTickProfile] PapoTickProfile.count fanout.pkt.posSync         total=      172 avg/tick=      0.4 n=86
[02:00:57] [Server thread/INFO]: [STDOUT] [io.papermc.paper.util.PapoTickProfile] PapoTickProfile.count fanout.pkt.movePos         total=      168 avg/tick=      0.4 n=127
[02:00:57] [Server thread/INFO]: [STDOUT] [io.papermc.paper.util.PapoTickProfile] PapoTickProfile.count fanout.pkt.entityData      total=      111 avg/tick=      0.3 n=110
[02:00:57] [Server thread/INFO]: [STDOUT] [io.papermc.paper.util.PapoTickProfile] PapoTickProfile.count rs.fluidTickRuns           total=       72 avg/tick=      0.2 n=72
[02:00:57] [Server thread/INFO]: [STDOUT] [io.papermc.paper.util.PapoTickProfile] PapoTickProfile.count fanout.pkt.other           total=       71 avg/tick=      0.2 n=69
[02:00:57] [Server thread/INFO]: [STDOUT] [io.papermc.paper.util.PapoTickProfile] PapoTickProfile.count fanout.pkt.moveRot         total=        4 avg/tick=      0.0 n=4
[02:00:57] [Server thread/INFO]: [STDOUT] [io.papermc.paper.util.PapoTickProfile] PapoTickProfile.tickdist n=400 durMs[p50=1.74 p95=2.32 p99=3.54 max=5.74] over45=0 over50=0 | gapMs[p95=62.83 p99=64.04 max=67.43] stalls100ms=0 | tps=20.00
[02:01:17] [Server thread/INFO]: [STDOUT] [io.papermc.paper.util.PapoTickProfile] PapoTickProfile window=400ticks totalWallMs=20009 measuredMs=1810 gcMs=0
[02:01:17] [Server thread/INFO]: [STDOUT] [io.papermc.paper.util.PapoTickProfile] PapoTickProfile.phase worlds                     total=  579.3ms avg/tick= 1448.4us share= 32.0% n=400
[02:01:17] [Server thread/INFO]: [STDOUT] [io.papermc.paper.util.PapoTickProfile] PapoTickProfile.phase level.tickPending+misc     total=  387.8ms avg/tick=  969.4us share= 21.4% n=1200
[02:01:17] [Server thread/INFO]: [STDOUT] [io.papermc.paper.util.PapoTickProfile] PapoTickProfile.phase level.chunkSource          total=  381.1ms avg/tick=  952.7us share= 21.1% n=1200
[02:01:17] [Server thread/INFO]: [STDOUT] [io.papermc.paper.util.PapoTickProfile] PapoTickProfile.phase level.entities             total=  183.6ms avg/tick=  459.1us share= 10.1% n=1200
[02:01:17] [Server thread/INFO]: [STDOUT] [io.papermc.paper.util.PapoTickProfile] PapoTickProfile.phase server.taskDrain           total=   61.0ms avg/tick=  152.6us share=  3.4% n=400
[02:01:17] [Server thread/INFO]: [STDOUT] [io.papermc.paper.util.PapoTickProfile] PapoTickProfile.phase connection                 total=   45.0ms avg/tick=  112.4us share=  2.5% n=400
[02:01:17] [Server thread/INFO]: [STDOUT] [io.papermc.paper.util.PapoTickProfile] PapoTickProfile.phase conn.listenerTick          total=   43.2ms avg/tick=  107.9us share=  2.4% n=4400
[02:01:17] [Server thread/INFO]: [STDOUT] [io.papermc.paper.util.PapoTickProfile] PapoTickProfile.phase sendChunks                 total=   33.1ms avg/tick=   82.7us share=  1.8% n=400
[02:01:17] [Server thread/INFO]: [STDOUT] [io.papermc.paper.util.PapoTickProfile] PapoTickProfile.phase ent.serverAiStep           total=   32.6ms avg/tick=   81.6us share=  1.8% n=14581
[02:01:17] [Server thread/INFO]: [STDOUT] [io.papermc.paper.util.PapoTickProfile] PapoTickProfile.phase player.superTick           total=   27.7ms avg/tick=   69.3us share=  1.5% n=4400
[02:01:17] [Server thread/INFO]: [STDOUT] [io.papermc.paper.util.PapoTickProfile] PapoTickProfile.phase chunkMap.tracker.maintain  total=   14.1ms avg/tick=   35.2us share=  0.8% n=1200
[02:01:17] [Server thread/INFO]: [STDOUT] [io.papermc.paper.util.PapoTickProfile] PapoTickProfile.phase chunkMap.tracker.sendChanges total=    9.0ms avg/tick=   22.4us share=  0.5% n=1200
[02:01:17] [Server thread/INFO]: [STDOUT] [io.papermc.paper.util.PapoTickProfile] PapoTickProfile.phase level.blockTicks           total=    4.0ms avg/tick=   10.1us share=  0.2% n=1200
[02:01:17] [Server thread/INFO]: [STDOUT] [io.papermc.paper.util.PapoTickProfile] PapoTickProfile.phase player.pushEntities        total=    3.0ms avg/tick=    7.5us share=  0.2% n=8614
[02:01:17] [Server thread/INFO]: [STDOUT] [io.papermc.paper.util.PapoTickProfile] PapoTickProfile.phase chunkMap.tracker.fanout    total=    2.5ms avg/tick=    6.3us share=  0.1% n=1200
[02:01:17] [Server thread/INFO]: [STDOUT] [io.papermc.paper.util.PapoTickProfile] PapoTickProfile.phase level.fluidTicks           total=    1.3ms avg/tick=    3.2us share=  0.1% n=1200
[02:01:17] [Server thread/INFO]: [STDOUT] [io.papermc.paper.util.PapoTickProfile] PapoTickProfile.phase player.aiStepTouchScan     total=    1.2ms avg/tick=    2.9us share=  0.1% n=4400
[02:01:17] [Server thread/INFO]: [STDOUT] [io.papermc.paper.util.PapoTickProfile] PapoTickProfile.phase level.blockEvents          total=    0.2ms avg/tick=    0.6us share=  0.0% n=1200
[02:01:17] [Server thread/INFO]: [STDOUT] [io.papermc.paper.util.PapoTickProfile] PapoTickProfile.phase conn.flushQueue            total=    0.2ms avg/tick=    0.4us share=  0.0% n=4400
[02:01:17] [Server thread/INFO]: [STDOUT] [io.papermc.paper.util.PapoTickProfile] PapoTickProfile.phase players                    total=    0.1ms avg/tick=    0.4us share=  0.0% n=400
[02:01:17] [Server thread/INFO]: [STDOUT] [io.papermc.paper.util.PapoTickProfile] PapoTickProfile.phase functions                  total=    0.1ms avg/tick=    0.2us share=  0.0% n=400
[02:01:17] [Server thread/INFO]: [STDOUT] [io.papermc.paper.util.PapoTickProfile] PapoTickProfile.count fanout.sends               total=    23596 avg/tick=     59.0 n=1200
[02:01:17] [Server thread/INFO]: [STDOUT] [io.papermc.paper.util.PapoTickProfile] PapoTickProfile.count fanout.pkt.headRot         total=     1102 avg/tick=      2.8 n=394
[02:01:17] [Server thread/INFO]: [STDOUT] [io.papermc.paper.util.PapoTickProfile] PapoTickProfile.count fanout.pkt.movePosRot      total=      918 avg/tick=      2.3 n=388
[02:01:17] [Server thread/INFO]: [STDOUT] [io.papermc.paper.util.PapoTickProfile] PapoTickProfile.count fanout.pkt.posSync         total=      227 avg/tick=      0.6 n=125
[02:01:17] [Server thread/INFO]: [STDOUT] [io.papermc.paper.util.PapoTickProfile] PapoTickProfile.count fanout.pkt.movePos         total=      144 avg/tick=      0.4 n=105
[02:01:17] [Server thread/INFO]: [STDOUT] [io.papermc.paper.util.PapoTickProfile] PapoTickProfile.count fanout.pkt.other           total=       57 avg/tick=      0.1 n=55
[02:01:17] [Server thread/INFO]: [STDOUT] [io.papermc.paper.util.PapoTickProfile] PapoTickProfile.count rs.fluidTickRuns           total=       55 avg/tick=      0.1 n=55
[02:01:17] [Server thread/INFO]: [STDOUT] [io.papermc.paper.util.PapoTickProfile] PapoTickProfile.count fanout.pkt.velocity        total=       38 avg/tick=      0.1 n=38
[02:01:17] [Server thread/INFO]: [STDOUT] [io.papermc.paper.util.PapoTickProfile] PapoTickProfile.count fanout.pkt.moveRot         total=       22 avg/tick=      0.1 n=22
[02:01:17] [Server thread/INFO]: [STDOUT] [io.papermc.paper.util.PapoTickProfile] PapoTickProfile.count fanout.pkt.entityData      total=       16 avg/tick=      0.0 n=15
[02:01:17] [Server thread/INFO]: [STDOUT] [io.papermc.paper.util.PapoTickProfile] PapoTickProfile.tickdist n=400 durMs[p50=1.70 p95=2.16 p99=2.62 max=3.63] over45=0 over50=0 | gapMs[p95=62.73 p99=63.77 max=64.06] stalls100ms=0 | tps=19.99
[02:01:37] [Server thread/INFO]: [STDOUT] [io.papermc.paper.util.PapoTickProfile] PapoTickProfile window=400ticks totalWallMs=19986 measuredMs=1896 gcMs=10
[02:01:37] [Server thread/INFO]: [STDOUT] [io.papermc.paper.util.PapoTickProfile] PapoTickProfile.phase worlds                     total=  606.3ms avg/tick= 1515.8us share= 32.0% n=400
[02:01:37] [Server thread/INFO]: [STDOUT] [io.papermc.paper.util.PapoTickProfile] PapoTickProfile.phase level.tickPending+misc     total=  395.4ms avg/tick=  988.6us share= 20.9% n=1200
[02:01:37] [Server thread/INFO]: [STDOUT] [io.papermc.paper.util.PapoTickProfile] PapoTickProfile.phase level.chunkSource          total=  387.0ms avg/tick=  967.5us share= 20.4% n=1200
[02:01:37] [Server thread/INFO]: [STDOUT] [io.papermc.paper.util.PapoTickProfile] PapoTickProfile.phase level.entities             total=  202.2ms avg/tick=  505.6us share= 10.7% n=1200
[02:01:37] [Server thread/INFO]: [STDOUT] [io.papermc.paper.util.PapoTickProfile] PapoTickProfile.phase server.taskDrain           total=   67.1ms avg/tick=  167.7us share=  3.5% n=400
[02:01:37] [Server thread/INFO]: [STDOUT] [io.papermc.paper.util.PapoTickProfile] PapoTickProfile.phase connection                 total=   53.4ms avg/tick=  133.6us share=  2.8% n=400
[02:01:37] [Server thread/INFO]: [STDOUT] [io.papermc.paper.util.PapoTickProfile] PapoTickProfile.phase conn.listenerTick          total=   44.3ms avg/tick=  110.7us share=  2.3% n=4398
[02:01:37] [Server thread/INFO]: [STDOUT] [io.papermc.paper.util.PapoTickProfile] PapoTickProfile.phase ent.serverAiStep           total=   42.0ms avg/tick=  105.0us share=  2.2% n=15611
[02:01:37] [Server thread/INFO]: [STDOUT] [io.papermc.paper.util.PapoTickProfile] PapoTickProfile.phase sendChunks                 total=   32.4ms avg/tick=   81.0us share=  1.7% n=400
[02:01:37] [Server thread/INFO]: [STDOUT] [io.papermc.paper.util.PapoTickProfile] PapoTickProfile.phase player.superTick           total=   27.9ms avg/tick=   69.8us share=  1.5% n=4400
[02:01:37] [Server thread/INFO]: [STDOUT] [io.papermc.paper.util.PapoTickProfile] PapoTickProfile.phase chunkMap.tracker.maintain  total=   14.0ms avg/tick=   35.0us share=  0.7% n=1200
[02:01:37] [Server thread/INFO]: [STDOUT] [io.papermc.paper.util.PapoTickProfile] PapoTickProfile.phase chunkMap.tracker.sendChanges total=    9.2ms avg/tick=   23.0us share=  0.5% n=1200
[02:01:37] [Server thread/INFO]: [STDOUT] [io.papermc.paper.util.PapoTickProfile] PapoTickProfile.phase level.blockTicks           total=    4.2ms avg/tick=   10.5us share=  0.2% n=1200
[02:01:37] [Server thread/INFO]: [STDOUT] [io.papermc.paper.util.PapoTickProfile] PapoTickProfile.phase player.pushEntities        total=    3.4ms avg/tick=    8.5us share=  0.2% n=9643
[02:01:37] [Server thread/INFO]: [STDOUT] [io.papermc.paper.util.PapoTickProfile] PapoTickProfile.phase level.fluidTicks           total=    2.7ms avg/tick=    6.8us share=  0.1% n=1200
[02:01:37] [Server thread/INFO]: [STDOUT] [io.papermc.paper.util.PapoTickProfile] PapoTickProfile.phase chunkMap.tracker.fanout    total=    2.7ms avg/tick=    6.7us share=  0.1% n=1200
[02:01:37] [Server thread/INFO]: [STDOUT] [io.papermc.paper.util.PapoTickProfile] PapoTickProfile.phase player.aiStepTouchScan     total=    1.2ms avg/tick=    3.0us share=  0.1% n=4400
[02:01:37] [Server thread/INFO]: [STDOUT] [io.papermc.paper.util.PapoTickProfile] PapoTickProfile.phase level.blockEvents          total=    0.2ms avg/tick=    0.6us share=  0.0% n=1200
[02:01:37] [Server thread/INFO]: [STDOUT] [io.papermc.paper.util.PapoTickProfile] PapoTickProfile.phase conn.flushQueue            total=    0.2ms avg/tick=    0.4us share=  0.0% n=4398
[02:01:37] [Server thread/INFO]: [STDOUT] [io.papermc.paper.util.PapoTickProfile] PapoTickProfile.phase players                    total=    0.1ms avg/tick=    0.3us share=  0.0% n=400
[02:01:37] [Server thread/INFO]: [STDOUT] [io.papermc.paper.util.PapoTickProfile] PapoTickProfile.phase functions                  total=    0.1ms avg/tick=    0.2us share=  0.0% n=400
[02:01:37] [Server thread/INFO]: [STDOUT] [io.papermc.paper.util.PapoTickProfile] PapoTickProfile.count fanout.sends               total=    24946 avg/tick=     62.4 n=1200
[02:01:37] [Server thread/INFO]: [STDOUT] [io.papermc.paper.util.PapoTickProfile] PapoTickProfile.count fanout.pkt.headRot         total=     1185 avg/tick=      3.0 n=400
[02:01:37] [Server thread/INFO]: [STDOUT] [io.papermc.paper.util.PapoTickProfile] PapoTickProfile.count fanout.pkt.movePosRot      total=      994 avg/tick=      2.5 n=399
[02:01:37] [Server thread/INFO]: [STDOUT] [io.papermc.paper.util.PapoTickProfile] PapoTickProfile.count fanout.pkt.posSync         total=      210 avg/tick=      0.5 n=114
[02:01:37] [Server thread/INFO]: [STDOUT] [io.papermc.paper.util.PapoTickProfile] PapoTickProfile.count fanout.pkt.movePos         total=      168 avg/tick=      0.4 n=121
[02:01:37] [Server thread/INFO]: [STDOUT] [io.papermc.paper.util.PapoTickProfile] PapoTickProfile.count fanout.pkt.other           total=       57 avg/tick=      0.1 n=57
[02:01:37] [Server thread/INFO]: [STDOUT] [io.papermc.paper.util.PapoTickProfile] PapoTickProfile.count fanout.pkt.moveRot         total=       33 avg/tick=      0.1 n=33
[02:01:37] [Server thread/INFO]: [STDOUT] [io.papermc.paper.util.PapoTickProfile] PapoTickProfile.count fanout.pkt.velocity        total=       31 avg/tick=      0.1 n=31
[02:01:37] [Server thread/INFO]: [STDOUT] [io.papermc.paper.util.PapoTickProfile] PapoTickProfile.count rs.fluidTickRuns           total=       24 avg/tick=      0.1 n=24
[02:01:37] [Server thread/INFO]: [STDOUT] [io.papermc.paper.util.PapoTickProfile] PapoTickProfile.count fanout.pkt.entityData      total=       23 avg/tick=      0.1 n=23
[02:01:37] [Server thread/INFO]: [STDOUT] [io.papermc.paper.util.PapoTickProfile] PapoTickProfile.tickdist n=400 durMs[p50=1.74 p95=2.45 p99=3.50 max=17.90] over45=0 over50=0 | gapMs[p95=62.98 p99=63.88 max=66.43] stalls100ms=0 | tps=20.01
[02:01:57] [Server thread/INFO]: [STDOUT] [io.papermc.paper.util.PapoTickProfile] PapoTickProfile window=400ticks totalWallMs=20001 measuredMs=1968 gcMs=4
[02:01:57] [Server thread/INFO]: [STDOUT] [io.papermc.paper.util.PapoTickProfile] PapoTickProfile.phase worlds                     total=  641.1ms avg/tick= 1602.7us share= 32.6% n=400
[02:01:57] [Server thread/INFO]: [STDOUT] [io.papermc.paper.util.PapoTickProfile] PapoTickProfile.phase level.tickPending+misc     total=  416.2ms avg/tick= 1040.5us share= 21.1% n=1200
[02:01:57] [Server thread/INFO]: [STDOUT] [io.papermc.paper.util.PapoTickProfile] PapoTickProfile.phase level.chunkSource          total=  404.6ms avg/tick= 1011.4us share= 20.6% n=1200
[02:01:57] [Server thread/INFO]: [STDOUT] [io.papermc.paper.util.PapoTickProfile] PapoTickProfile.phase level.entities             total=  213.2ms avg/tick=  533.0us share= 10.8% n=1200
[02:01:57] [Server thread/INFO]: [STDOUT] [io.papermc.paper.util.PapoTickProfile] PapoTickProfile.phase connection                 total=   54.2ms avg/tick=  135.5us share=  2.8% n=400
[02:01:57] [Server thread/INFO]: [STDOUT] [io.papermc.paper.util.PapoTickProfile] PapoTickProfile.phase ent.serverAiStep           total=   49.4ms avg/tick=  123.6us share=  2.5% n=15305
[02:01:57] [Server thread/INFO]: [STDOUT] [io.papermc.paper.util.PapoTickProfile] PapoTickProfile.phase server.taskDrain           total=   49.0ms avg/tick=  122.4us share=  2.5% n=400
[02:01:57] [Server thread/INFO]: [STDOUT] [io.papermc.paper.util.PapoTickProfile] PapoTickProfile.phase conn.listenerTick          total=   42.9ms avg/tick=  107.3us share=  2.2% n=4397
[02:01:57] [Server thread/INFO]: [STDOUT] [io.papermc.paper.util.PapoTickProfile] PapoTickProfile.phase sendChunks                 total=   32.1ms avg/tick=   80.3us share=  1.6% n=400
[02:01:57] [Server thread/INFO]: [STDOUT] [io.papermc.paper.util.PapoTickProfile] PapoTickProfile.phase player.superTick           total=   27.5ms avg/tick=   68.7us share=  1.4% n=4401
[02:01:57] [Server thread/INFO]: [STDOUT] [io.papermc.paper.util.PapoTickProfile] PapoTickProfile.phase chunkMap.tracker.maintain  total=   12.9ms avg/tick=   32.2us share=  0.7% n=1200
[02:01:57] [Server thread/INFO]: [STDOUT] [io.papermc.paper.util.PapoTickProfile] PapoTickProfile.phase chunkMap.tracker.sendChanges total=    8.8ms avg/tick=   21.9us share=  0.4% n=1200
[02:01:57] [Server thread/INFO]: [STDOUT] [io.papermc.paper.util.PapoTickProfile] PapoTickProfile.phase level.blockTicks           total=    6.0ms avg/tick=   15.0us share=  0.3% n=1200
[02:01:57] [Server thread/INFO]: [STDOUT] [io.papermc.paper.util.PapoTickProfile] PapoTickProfile.phase level.fluidTicks           total=    3.4ms avg/tick=    8.4us share=  0.2% n=1200
[02:01:57] [Server thread/INFO]: [STDOUT] [io.papermc.paper.util.PapoTickProfile] PapoTickProfile.phase player.pushEntities        total=    3.2ms avg/tick=    7.9us share=  0.2% n=9399
[02:01:57] [Server thread/INFO]: [STDOUT] [io.papermc.paper.util.PapoTickProfile] PapoTickProfile.phase chunkMap.tracker.fanout    total=    2.5ms avg/tick=    6.2us share=  0.1% n=1200
[02:01:57] [Server thread/INFO]: [STDOUT] [io.papermc.paper.util.PapoTickProfile] PapoTickProfile.phase player.aiStepTouchScan     total=    1.2ms avg/tick=    3.0us share=  0.1% n=4401
[02:01:57] [Server thread/INFO]: [STDOUT] [io.papermc.paper.util.PapoTickProfile] PapoTickProfile.phase level.blockEvents          total=    0.3ms avg/tick=    0.8us share=  0.0% n=1200
[02:01:57] [Server thread/INFO]: [STDOUT] [io.papermc.paper.util.PapoTickProfile] PapoTickProfile.phase conn.flushQueue            total=    0.2ms avg/tick=    0.4us share=  0.0% n=4397
[02:01:57] [Server thread/INFO]: [STDOUT] [io.papermc.paper.util.PapoTickProfile] PapoTickProfile.phase players                    total=    0.1ms avg/tick=    0.3us share=  0.0% n=400
[02:01:57] [Server thread/INFO]: [STDOUT] [io.papermc.paper.util.PapoTickProfile] PapoTickProfile.phase functions                  total=    0.1ms avg/tick=    0.2us share=  0.0% n=400
[02:01:57] [Server thread/INFO]: [STDOUT] [io.papermc.paper.util.PapoTickProfile] PapoTickProfile.count fanout.sends               total=    24383 avg/tick=     61.0 n=1200
[02:01:57] [Server thread/INFO]: [STDOUT] [io.papermc.paper.util.PapoTickProfile] PapoTickProfile.count fanout.pkt.headRot         total=     1061 avg/tick=      2.7 n=400
[02:01:57] [Server thread/INFO]: [STDOUT] [io.papermc.paper.util.PapoTickProfile] PapoTickProfile.count fanout.pkt.movePosRot      total=      935 avg/tick=      2.3 n=399
[02:01:57] [Server thread/INFO]: [STDOUT] [io.papermc.paper.util.PapoTickProfile] PapoTickProfile.count fanout.pkt.posSync         total=      177 avg/tick=      0.4 n=96
[02:01:57] [Server thread/INFO]: [STDOUT] [io.papermc.paper.util.PapoTickProfile] PapoTickProfile.count fanout.pkt.movePos         total=      150 avg/tick=      0.4 n=112
[02:01:57] [Server thread/INFO]: [STDOUT] [io.papermc.paper.util.PapoTickProfile] PapoTickProfile.count rs.fluidTickRuns           total=      100 avg/tick=      0.3 n=100
[02:01:57] [Server thread/INFO]: [STDOUT] [io.papermc.paper.util.PapoTickProfile] PapoTickProfile.count fanout.pkt.other           total=       54 avg/tick=      0.1 n=51
[02:01:57] [Server thread/INFO]: [STDOUT] [io.papermc.paper.util.PapoTickProfile] PapoTickProfile.count fanout.pkt.velocity        total=       26 avg/tick=      0.1 n=26
[02:01:57] [Server thread/INFO]: [STDOUT] [io.papermc.paper.util.PapoTickProfile] PapoTickProfile.count fanout.pkt.entityData      total=       21 avg/tick=      0.1 n=20
[02:01:57] [Server thread/INFO]: [STDOUT] [io.papermc.paper.util.PapoTickProfile] PapoTickProfile.count fanout.pkt.moveRot         total=        3 avg/tick=      0.0 n=3
[02:01:57] [Server thread/INFO]: [STDOUT] [io.papermc.paper.util.PapoTickProfile] PapoTickProfile.tickdist n=400 durMs[p50=1.73 p95=3.00 p99=5.17 max=5.80] over45=0 over50=0 | gapMs[p95=62.79 p99=63.63 max=64.21] stalls100ms=0 | tps=20.00
[02:02:17] [Server thread/INFO]: [STDOUT] [io.papermc.paper.util.PapoTickProfile] PapoTickProfile window=400ticks totalWallMs=20007 measuredMs=1808 gcMs=5
[02:02:17] [Server thread/INFO]: [STDOUT] [io.papermc.paper.util.PapoTickProfile] PapoTickProfile.phase worlds                     total=  579.2ms avg/tick= 1448.0us share= 32.0% n=400
[02:02:17] [Server thread/INFO]: [STDOUT] [io.papermc.paper.util.PapoTickProfile] PapoTickProfile.phase level.tickPending+misc     total=  378.0ms avg/tick=  944.9us share= 20.9% n=1200
[02:02:17] [Server thread/INFO]: [STDOUT] [io.papermc.paper.util.PapoTickProfile] PapoTickProfile.phase level.chunkSource          total=  365.0ms avg/tick=  912.4us share= 20.2% n=1200
[02:02:17] [Server thread/INFO]: [STDOUT] [io.papermc.paper.util.PapoTickProfile] PapoTickProfile.phase level.entities             total=  190.9ms avg/tick=  477.2us share= 10.6% n=1200
[02:02:17] [Server thread/INFO]: [STDOUT] [io.papermc.paper.util.PapoTickProfile] PapoTickProfile.phase server.taskDrain           total=   62.7ms avg/tick=  156.7us share=  3.5% n=400
[02:02:17] [Server thread/INFO]: [STDOUT] [io.papermc.paper.util.PapoTickProfile] PapoTickProfile.phase connection                 total=   47.0ms avg/tick=  117.4us share=  2.6% n=400
[02:02:17] [Server thread/INFO]: [STDOUT] [io.papermc.paper.util.PapoTickProfile] PapoTickProfile.phase ent.serverAiStep           total=   45.9ms avg/tick=  114.7us share=  2.5% n=15426
[02:02:17] [Server thread/INFO]: [STDOUT] [io.papermc.paper.util.PapoTickProfile] PapoTickProfile.phase conn.listenerTick          total=   42.2ms avg/tick=  105.5us share=  2.3% n=4400
[02:02:17] [Server thread/INFO]: [STDOUT] [io.papermc.paper.util.PapoTickProfile] PapoTickProfile.phase sendChunks                 total=   32.6ms avg/tick=   81.5us share=  1.8% n=400
[02:02:17] [Server thread/INFO]: [STDOUT] [io.papermc.paper.util.PapoTickProfile] PapoTickProfile.phase player.superTick           total=   27.3ms avg/tick=   68.3us share=  1.5% n=4399
[02:02:17] [Server thread/INFO]: [STDOUT] [io.papermc.paper.util.PapoTickProfile] PapoTickProfile.phase chunkMap.tracker.maintain  total=   12.3ms avg/tick=   30.6us share=  0.7% n=1200
[02:02:17] [Server thread/INFO]: [STDOUT] [io.papermc.paper.util.PapoTickProfile] PapoTickProfile.phase level.blockTicks           total=    7.8ms avg/tick=   19.6us share=  0.4% n=1200
[02:02:17] [Server thread/INFO]: [STDOUT] [io.papermc.paper.util.PapoTickProfile] PapoTickProfile.phase chunkMap.tracker.sendChanges total=    7.7ms avg/tick=   19.2us share=  0.4% n=1200
[02:02:17] [Server thread/INFO]: [STDOUT] [io.papermc.paper.util.PapoTickProfile] PapoTickProfile.phase level.fluidTicks           total=    3.2ms avg/tick=    8.0us share=  0.2% n=1200
[02:02:17] [Server thread/INFO]: [STDOUT] [io.papermc.paper.util.PapoTickProfile] PapoTickProfile.phase player.pushEntities        total=    3.1ms avg/tick=    7.7us share=  0.2% n=9452
[02:02:17] [Server thread/INFO]: [STDOUT] [io.papermc.paper.util.PapoTickProfile] PapoTickProfile.phase chunkMap.tracker.fanout    total=    2.0ms avg/tick=    5.1us share=  0.1% n=1200
[02:02:17] [Server thread/INFO]: [STDOUT] [io.papermc.paper.util.PapoTickProfile] PapoTickProfile.phase player.aiStepTouchScan     total=    1.1ms avg/tick=    2.8us share=  0.1% n=4399
[02:02:17] [Server thread/INFO]: [STDOUT] [io.papermc.paper.util.PapoTickProfile] PapoTickProfile.phase level.blockEvents          total=    0.3ms avg/tick=    0.7us share=  0.0% n=1200
[02:02:17] [Server thread/INFO]: [STDOUT] [io.papermc.paper.util.PapoTickProfile] PapoTickProfile.phase conn.flushQueue            total=    0.1ms avg/tick=    0.4us share=  0.0% n=4400
[02:02:17] [Server thread/INFO]: [STDOUT] [io.papermc.paper.util.PapoTickProfile] PapoTickProfile.phase functions                  total=    0.1ms avg/tick=    0.2us share=  0.0% n=400
[02:02:17] [Server thread/INFO]: [STDOUT] [io.papermc.paper.util.PapoTickProfile] PapoTickProfile.phase players                    total=    0.1ms avg/tick=    0.2us share=  0.0% n=400
[02:02:17] [Server thread/INFO]: [STDOUT] [io.papermc.paper.util.PapoTickProfile] PapoTickProfile.count fanout.sends               total=    16741 avg/tick=     41.9 n=1200
[02:02:17] [Server thread/INFO]: [STDOUT] [io.papermc.paper.util.PapoTickProfile] PapoTickProfile.count fanout.pkt.headRot         total=      692 avg/tick=      1.7 n=395
[02:02:17] [Server thread/INFO]: [STDOUT] [io.papermc.paper.util.PapoTickProfile] PapoTickProfile.count fanout.pkt.movePosRot      total=      579 avg/tick=      1.4 n=369
[02:02:17] [Server thread/INFO]: [STDOUT] [io.papermc.paper.util.PapoTickProfile] PapoTickProfile.count fanout.pkt.posSync         total=      178 avg/tick=      0.4 n=92
[02:02:17] [Server thread/INFO]: [STDOUT] [io.papermc.paper.util.PapoTickProfile] PapoTickProfile.count fanout.pkt.movePos         total=      148 avg/tick=      0.4 n=104
[02:02:17] [Server thread/INFO]: [STDOUT] [io.papermc.paper.util.PapoTickProfile] PapoTickProfile.count rs.fluidTickRuns           total=       69 avg/tick=      0.2 n=69
[02:02:17] [Server thread/INFO]: [STDOUT] [io.papermc.paper.util.PapoTickProfile] PapoTickProfile.count fanout.pkt.other           total=       54 avg/tick=      0.1 n=50
[02:02:17] [Server thread/INFO]: [STDOUT] [io.papermc.paper.util.PapoTickProfile] PapoTickProfile.count fanout.pkt.entityData      total=        9 avg/tick=      0.0 n=9
[02:02:17] [Server thread/INFO]: [STDOUT] [io.papermc.paper.util.PapoTickProfile] PapoTickProfile.tickdist n=400 durMs[p50=1.72 p95=2.18 p99=2.71 max=6.62] over45=0 over50=0 | gapMs[p95=62.75 p99=63.40 max=63.96] stalls100ms=0 | tps=19.99
[02:02:37] [Server thread/INFO]: [STDOUT] [io.papermc.paper.util.PapoTickProfile] PapoTickProfile window=400ticks totalWallMs=20001 measuredMs=1841 gcMs=0
[02:02:37] [Server thread/INFO]: [STDOUT] [io.papermc.paper.util.PapoTickProfile] PapoTickProfile.phase worlds                     total=  592.2ms avg/tick= 1480.5us share= 32.1% n=400
[02:02:37] [Server thread/INFO]: [STDOUT] [io.papermc.paper.util.PapoTickProfile] PapoTickProfile.phase level.tickPending+misc     total=  380.6ms avg/tick=  951.5us share= 20.7% n=1200
[02:02:37] [Server thread/INFO]: [STDOUT] [io.papermc.paper.util.PapoTickProfile] PapoTickProfile.phase level.chunkSource          total=  369.8ms avg/tick=  924.5us share= 20.1% n=1200
[02:02:37] [Server thread/INFO]: [STDOUT] [io.papermc.paper.util.PapoTickProfile] PapoTickProfile.phase level.entities             total=  201.8ms avg/tick=  504.5us share= 11.0% n=1200
[02:02:37] [Server thread/INFO]: [STDOUT] [io.papermc.paper.util.PapoTickProfile] PapoTickProfile.phase connection                 total=   56.7ms avg/tick=  141.6us share=  3.1% n=400
[02:02:37] [Server thread/INFO]: [STDOUT] [io.papermc.paper.util.PapoTickProfile] PapoTickProfile.phase server.taskDrain           total=   51.7ms avg/tick=  129.2us share=  2.8% n=400
[02:02:37] [Server thread/INFO]: [STDOUT] [io.papermc.paper.util.PapoTickProfile] PapoTickProfile.phase ent.serverAiStep           total=   48.7ms avg/tick=  121.8us share=  2.6% n=16862
[02:02:37] [Server thread/INFO]: [STDOUT] [io.papermc.paper.util.PapoTickProfile] PapoTickProfile.phase conn.listenerTick          total=   43.3ms avg/tick=  108.2us share=  2.4% n=4396
[02:02:37] [Server thread/INFO]: [STDOUT] [io.papermc.paper.util.PapoTickProfile] PapoTickProfile.phase sendChunks                 total=   32.0ms avg/tick=   80.1us share=  1.7% n=400
[02:02:37] [Server thread/INFO]: [STDOUT] [io.papermc.paper.util.PapoTickProfile] PapoTickProfile.phase player.superTick           total=   27.4ms avg/tick=   68.6us share=  1.5% n=4400
[02:02:37] [Server thread/INFO]: [STDOUT] [io.papermc.paper.util.PapoTickProfile] PapoTickProfile.phase chunkMap.tracker.maintain  total=   13.1ms avg/tick=   32.8us share=  0.7% n=1200
[02:02:37] [Server thread/INFO]: [STDOUT] [io.papermc.paper.util.PapoTickProfile] PapoTickProfile.phase chunkMap.tracker.sendChanges total=    8.0ms avg/tick=   20.1us share=  0.4% n=1200
[02:02:37] [Server thread/INFO]: [STDOUT] [io.papermc.paper.util.PapoTickProfile] PapoTickProfile.phase level.blockTicks           total=    6.9ms avg/tick=   17.1us share=  0.4% n=1200
[02:02:37] [Server thread/INFO]: [STDOUT] [io.papermc.paper.util.PapoTickProfile] PapoTickProfile.phase player.pushEntities        total=    3.4ms avg/tick=    8.6us share=  0.2% n=10940
[02:02:37] [Server thread/INFO]: [STDOUT] [io.papermc.paper.util.PapoTickProfile] PapoTickProfile.phase level.fluidTicks           total=    2.3ms avg/tick=    5.8us share=  0.1% n=1200
[02:02:37] [Server thread/INFO]: [STDOUT] [io.papermc.paper.util.PapoTickProfile] PapoTickProfile.phase chunkMap.tracker.fanout    total=    2.2ms avg/tick=    5.5us share=  0.1% n=1200
[02:02:37] [Server thread/INFO]: [STDOUT] [io.papermc.paper.util.PapoTickProfile] PapoTickProfile.phase player.aiStepTouchScan     total=    1.2ms avg/tick=    3.0us share=  0.1% n=4400
[02:02:37] [Server thread/INFO]: [STDOUT] [io.papermc.paper.util.PapoTickProfile] PapoTickProfile.phase level.blockEvents          total=    0.3ms avg/tick=    0.7us share=  0.0% n=1200
[02:02:37] [Server thread/INFO]: [STDOUT] [io.papermc.paper.util.PapoTickProfile] PapoTickProfile.phase conn.flushQueue            total=    0.2ms avg/tick=    0.4us share=  0.0% n=4396
[02:02:37] [Server thread/INFO]: [STDOUT] [io.papermc.paper.util.PapoTickProfile] PapoTickProfile.phase functions                  total=    0.1ms avg/tick=    0.2us share=  0.0% n=400
[02:02:37] [Server thread/INFO]: [STDOUT] [io.papermc.paper.util.PapoTickProfile] PapoTickProfile.phase players                    total=    0.0ms avg/tick=    0.1us share=  0.0% n=400
[02:02:37] [Server thread/INFO]: [STDOUT] [io.papermc.paper.util.PapoTickProfile] PapoTickProfile.count fanout.sends               total=    16909 avg/tick=     42.3 n=1200
[02:02:37] [Server thread/INFO]: [STDOUT] [io.papermc.paper.util.PapoTickProfile] PapoTickProfile.count fanout.pkt.headRot         total=      781 avg/tick=      2.0 n=396
[02:02:37] [Server thread/INFO]: [STDOUT] [io.papermc.paper.util.PapoTickProfile] PapoTickProfile.count fanout.pkt.movePosRot      total=      670 avg/tick=      1.7 n=392
[02:02:37] [Server thread/INFO]: [STDOUT] [io.papermc.paper.util.PapoTickProfile] PapoTickProfile.count fanout.pkt.posSync         total=      190 avg/tick=      0.5 n=105
[02:02:37] [Server thread/INFO]: [STDOUT] [io.papermc.paper.util.PapoTickProfile] PapoTickProfile.count fanout.pkt.movePos         total=      128 avg/tick=      0.3 n=88
[02:02:37] [Server thread/INFO]: [STDOUT] [io.papermc.paper.util.PapoTickProfile] PapoTickProfile.count rs.fluidTickRuns           total=       66 avg/tick=      0.2 n=66
[02:02:37] [Server thread/INFO]: [STDOUT] [io.papermc.paper.util.PapoTickProfile] PapoTickProfile.count fanout.pkt.other           total=       54 avg/tick=      0.1 n=52
[02:02:37] [Server thread/INFO]: [STDOUT] [io.papermc.paper.util.PapoTickProfile] PapoTickProfile.count fanout.pkt.entityData      total=       25 avg/tick=      0.1 n=25
[02:02:37] [Server thread/INFO]: [STDOUT] [io.papermc.paper.util.PapoTickProfile] PapoTickProfile.tickdist n=400 durMs[p50=1.75 p95=2.29 p99=4.53 max=5.35] over45=0 over50=0 | gapMs[p95=62.69 p99=64.07 max=64.74] stalls100ms=0 | tps=20.00
[02:02:57] [Server thread/INFO]: [STDOUT] [io.papermc.paper.util.PapoTickProfile] PapoTickProfile window=400ticks totalWallMs=19989 measuredMs=1743 gcMs=11
[02:02:57] [Server thread/INFO]: [STDOUT] [io.papermc.paper.util.PapoTickProfile] PapoTickProfile.phase worlds                     total=  564.0ms avg/tick= 1409.9us share= 32.4% n=400
[02:02:57] [Server thread/INFO]: [STDOUT] [io.papermc.paper.util.PapoTickProfile] PapoTickProfile.phase level.tickPending+misc     total=  338.2ms avg/tick=  845.5us share= 19.4% n=1200
[02:02:57] [Server thread/INFO]: [STDOUT] [io.papermc.paper.util.PapoTickProfile] PapoTickProfile.phase level.chunkSource          total=  330.5ms avg/tick=  826.2us share= 19.0% n=1200
[02:02:57] [Server thread/INFO]: [STDOUT] [io.papermc.paper.util.PapoTickProfile] PapoTickProfile.phase level.entities             total=  218.6ms avg/tick=  546.5us share= 12.5% n=1200
[02:02:57] [Server thread/INFO]: [STDOUT] [io.papermc.paper.util.PapoTickProfile] PapoTickProfile.phase connection                 total=   53.1ms avg/tick=  132.7us share=  3.0% n=400
[02:02:57] [Server thread/INFO]: [STDOUT] [io.papermc.paper.util.PapoTickProfile] PapoTickProfile.phase ent.serverAiStep           total=   50.3ms avg/tick=  125.8us share=  2.9% n=15139
[02:02:57] [Server thread/INFO]: [STDOUT] [io.papermc.paper.util.PapoTickProfile] PapoTickProfile.phase server.taskDrain           total=   47.9ms avg/tick=  119.8us share=  2.7% n=400
[02:02:57] [Server thread/INFO]: [STDOUT] [io.papermc.paper.util.PapoTickProfile] PapoTickProfile.phase conn.listenerTick          total=   45.8ms avg/tick=  114.4us share=  2.6% n=4342
[02:02:57] [Server thread/INFO]: [STDOUT] [io.papermc.paper.util.PapoTickProfile] PapoTickProfile.phase sendChunks                 total=   30.7ms avg/tick=   76.8us share=  1.8% n=400
[02:02:57] [Server thread/INFO]: [STDOUT] [io.papermc.paper.util.PapoTickProfile] PapoTickProfile.phase player.superTick           total=   29.0ms avg/tick=   72.6us share=  1.7% n=4344
[02:02:57] [Server thread/INFO]: [STDOUT] [io.papermc.paper.util.PapoTickProfile] PapoTickProfile.phase chunkMap.tracker.maintain  total=   13.2ms avg/tick=   32.9us share=  0.8% n=1200
[02:02:57] [Server thread/INFO]: [STDOUT] [io.papermc.paper.util.PapoTickProfile] PapoTickProfile.phase chunkMap.tracker.sendChanges total=    8.6ms avg/tick=   21.5us share=  0.5% n=1200
[02:02:57] [Server thread/INFO]: [STDOUT] [io.papermc.paper.util.PapoTickProfile] PapoTickProfile.phase level.blockTicks           total=    4.6ms avg/tick=   11.5us share=  0.3% n=1200
[02:02:57] [Server thread/INFO]: [STDOUT] [io.papermc.paper.util.PapoTickProfile] PapoTickProfile.phase player.pushEntities        total=    3.3ms avg/tick=    8.1us share=  0.2% n=9170
[02:02:57] [Server thread/INFO]: [STDOUT] [io.papermc.paper.util.PapoTickProfile] PapoTickProfile.phase chunkMap.tracker.fanout    total=    2.0ms avg/tick=    5.1us share=  0.1% n=1200
[02:02:57] [Server thread/INFO]: [STDOUT] [io.papermc.paper.util.PapoTickProfile] PapoTickProfile.phase level.fluidTicks           total=    1.4ms avg/tick=    3.6us share=  0.1% n=1200
[02:02:57] [Server thread/INFO]: [STDOUT] [io.papermc.paper.util.PapoTickProfile] PapoTickProfile.phase player.aiStepTouchScan     total=    1.1ms avg/tick=    2.9us share=  0.1% n=4344
[02:02:57] [Server thread/INFO]: [STDOUT] [io.papermc.paper.util.PapoTickProfile] PapoTickProfile.phase level.blockEvents          total=    0.4ms avg/tick=    0.9us share=  0.0% n=1200
[02:02:57] [Server thread/INFO]: [STDOUT] [io.papermc.paper.util.PapoTickProfile] PapoTickProfile.phase conn.flushQueue            total=    0.2ms avg/tick=    0.5us share=  0.0% n=4342
[02:02:57] [Server thread/INFO]: [STDOUT] [io.papermc.paper.util.PapoTickProfile] PapoTickProfile.phase players                    total=    0.1ms avg/tick=    0.2us share=  0.0% n=400
[02:02:57] [Server thread/INFO]: [STDOUT] [io.papermc.paper.util.PapoTickProfile] PapoTickProfile.phase functions                  total=    0.1ms avg/tick=    0.1us share=  0.0% n=400
[02:02:57] [Server thread/INFO]: [STDOUT] [io.papermc.paper.util.PapoTickProfile] PapoTickProfile.count fanout.sends               total=    15319 avg/tick=     38.3 n=1200
[02:02:57] [Server thread/INFO]: [STDOUT] [io.papermc.paper.util.PapoTickProfile] PapoTickProfile.count fanout.pkt.headRot         total=      732 avg/tick=      1.8 n=391
[02:02:57] [Server thread/INFO]: [STDOUT] [io.papermc.paper.util.PapoTickProfile] PapoTickProfile.count fanout.pkt.movePosRot      total=      606 avg/tick=      1.5 n=376
[02:02:57] [Server thread/INFO]: [STDOUT] [io.papermc.paper.util.PapoTickProfile] PapoTickProfile.count fanout.pkt.posSync         total=      149 avg/tick=      0.4 n=92
[02:02:57] [Server thread/INFO]: [STDOUT] [io.papermc.paper.util.PapoTickProfile] PapoTickProfile.count fanout.pkt.movePos         total=      127 avg/tick=      0.3 n=90
[02:02:57] [Server thread/INFO]: [STDOUT] [io.papermc.paper.util.PapoTickProfile] PapoTickProfile.count rs.fluidTickRuns           total=       66 avg/tick=      0.2 n=66
[02:02:57] [Server thread/INFO]: [STDOUT] [io.papermc.paper.util.PapoTickProfile] PapoTickProfile.count fanout.pkt.other           total=       62 avg/tick=      0.2 n=60
[02:02:57] [Server thread/INFO]: [STDOUT] [io.papermc.paper.util.PapoTickProfile] PapoTickProfile.count fanout.pkt.entityData      total=       19 avg/tick=      0.0 n=19
[02:02:57] [Server thread/INFO]: [STDOUT] [io.papermc.paper.util.PapoTickProfile] PapoTickProfile.count fanout.pkt.moveRot         total=       15 avg/tick=      0.0 n=15
[02:02:57] [Server thread/INFO]: [STDOUT] [io.papermc.paper.util.PapoTickProfile] PapoTickProfile.count fanout.pkt.velocity        total=       14 avg/tick=      0.0 n=14
[02:02:57] [Server thread/INFO]: [STDOUT] [io.papermc.paper.util.PapoTickProfile] PapoTickProfile.tickdist n=400 durMs[p50=1.59 p95=2.10 p99=3.18 max=6.97] over45=0 over50=0 | gapMs[p95=53.10 p99=62.85 max=63.78] stalls100ms=0 | tps=20.01
[02:03:17] [Server thread/INFO]: [STDOUT] [io.papermc.paper.util.PapoTickProfile] PapoTickProfile window=400ticks totalWallMs=19999 measuredMs=1467 gcMs=0
[02:03:17] [Server thread/INFO]: [STDOUT] [io.papermc.paper.util.PapoTickProfile] PapoTickProfile.phase worlds                     total=  492.2ms avg/tick= 1230.4us share= 33.5% n=400
[02:03:17] [Server thread/INFO]: [STDOUT] [io.papermc.paper.util.PapoTickProfile] PapoTickProfile.phase level.tickPending+misc     total=  293.7ms avg/tick=  734.1us share= 20.0% n=1200
[02:03:17] [Server thread/INFO]: [STDOUT] [io.papermc.paper.util.PapoTickProfile] PapoTickProfile.phase level.chunkSource          total=  288.6ms avg/tick=  721.6us share= 19.7% n=1200
[02:03:17] [Server thread/INFO]: [STDOUT] [io.papermc.paper.util.PapoTickProfile] PapoTickProfile.phase level.entities             total=  192.9ms avg/tick=  482.2us share= 13.1% n=1200
[02:03:17] [Server thread/INFO]: [STDOUT] [io.papermc.paper.util.PapoTickProfile] PapoTickProfile.phase ent.serverAiStep           total=   53.6ms avg/tick=  134.0us share=  3.7% n=13400
[02:03:17] [Server thread/INFO]: [STDOUT] [io.papermc.paper.util.PapoTickProfile] PapoTickProfile.phase connection                 total=   49.8ms avg/tick=  124.5us share=  3.4% n=400
[02:03:17] [Server thread/INFO]: [STDOUT] [io.papermc.paper.util.PapoTickProfile] PapoTickProfile.phase conn.listenerTick          total=   29.1ms avg/tick=   72.9us share=  2.0% n=2468
[02:03:17] [Server thread/INFO]: [STDOUT] [io.papermc.paper.util.PapoTickProfile] PapoTickProfile.phase sendChunks                 total=   21.2ms avg/tick=   53.0us share=  1.4% n=400
[02:03:17] [Server thread/INFO]: [STDOUT] [io.papermc.paper.util.PapoTickProfile] PapoTickProfile.phase player.superTick           total=   17.7ms avg/tick=   44.3us share=  1.2% n=2475
[02:03:17] [Server thread/INFO]: [STDOUT] [io.papermc.paper.util.PapoTickProfile] PapoTickProfile.phase chunkMap.tracker.maintain  total=    8.7ms avg/tick=   21.9us share=  0.6% n=1200
[02:03:17] [Server thread/INFO]: [STDOUT] [io.papermc.paper.util.PapoTickProfile] PapoTickProfile.phase chunkMap.tracker.sendChanges total=    7.5ms avg/tick=   18.8us share=  0.5% n=1200
[02:03:17] [Server thread/INFO]: [STDOUT] [io.papermc.paper.util.PapoTickProfile] PapoTickProfile.phase server.taskDrain           total=    4.0ms avg/tick=   10.1us share=  0.3% n=400
[02:03:17] [Server thread/INFO]: [STDOUT] [io.papermc.paper.util.PapoTickProfile] PapoTickProfile.phase level.blockTicks           total=    2.7ms avg/tick=    6.8us share=  0.2% n=1200
[02:03:17] [Server thread/INFO]: [STDOUT] [io.papermc.paper.util.PapoTickProfile] PapoTickProfile.phase player.pushEntities        total=    2.2ms avg/tick=    5.4us share=  0.1% n=7450
[02:03:17] [Server thread/INFO]: [STDOUT] [io.papermc.paper.util.PapoTickProfile] PapoTickProfile.phase chunkMap.tracker.fanout    total=    1.5ms avg/tick=    3.8us share=  0.1% n=1200
[02:03:17] [Server thread/INFO]: [STDOUT] [io.papermc.paper.util.PapoTickProfile] PapoTickProfile.phase level.fluidTicks           total=    1.0ms avg/tick=    2.5us share=  0.1% n=1200
[02:03:17] [Server thread/INFO]: [STDOUT] [io.papermc.paper.util.PapoTickProfile] PapoTickProfile.phase player.aiStepTouchScan     total=    0.5ms avg/tick=    1.3us share=  0.0% n=2475
[02:03:17] [Server thread/INFO]: [STDOUT] [io.papermc.paper.util.PapoTickProfile] PapoTickProfile.phase level.blockEvents          total=    0.3ms avg/tick=    0.8us share=  0.0% n=1200
[02:03:17] [Server thread/INFO]: [STDOUT] [io.papermc.paper.util.PapoTickProfile] PapoTickProfile.phase conn.flushQueue            total=    0.1ms avg/tick=    0.3us share=  0.0% n=2468
[02:03:17] [Server thread/INFO]: [STDOUT] [io.papermc.paper.util.PapoTickProfile] PapoTickProfile.phase players                    total=    0.1ms avg/tick=    0.2us share=  0.0% n=400
[02:03:17] [Server thread/INFO]: [STDOUT] [io.papermc.paper.util.PapoTickProfile] PapoTickProfile.phase functions                  total=    0.1ms avg/tick=    0.1us share=  0.0% n=400
[02:03:17] [Server thread/INFO]: [STDOUT] [io.papermc.paper.util.PapoTickProfile] PapoTickProfile.count fanout.sends               total=     7023 avg/tick=     17.6 n=1200
[02:03:17] [Server thread/INFO]: [STDOUT] [io.papermc.paper.util.PapoTickProfile] PapoTickProfile.count fanout.pkt.headRot         total=      527 avg/tick=      1.3 n=288
[02:03:17] [Server thread/INFO]: [STDOUT] [io.papermc.paper.util.PapoTickProfile] PapoTickProfile.count fanout.pkt.movePosRot      total=      472 avg/tick=      1.2 n=268
[02:03:17] [Server thread/INFO]: [STDOUT] [io.papermc.paper.util.PapoTickProfile] PapoTickProfile.count fanout.pkt.movePos         total=      101 avg/tick=      0.3 n=75
[02:03:17] [Server thread/INFO]: [STDOUT] [io.papermc.paper.util.PapoTickProfile] PapoTickProfile.count rs.fluidTickRuns           total=       66 avg/tick=      0.2 n=66
[02:03:17] [Server thread/INFO]: [STDOUT] [io.papermc.paper.util.PapoTickProfile] PapoTickProfile.count fanout.pkt.other           total=       43 avg/tick=      0.1 n=41
[02:03:17] [Server thread/INFO]: [STDOUT] [io.papermc.paper.util.PapoTickProfile] PapoTickProfile.count fanout.pkt.posSync         total=       30 avg/tick=      0.1 n=30
[02:03:17] [Server thread/INFO]: [STDOUT] [io.papermc.paper.util.PapoTickProfile] PapoTickProfile.count fanout.pkt.entityData      total=       15 avg/tick=      0.0 n=15
[02:03:17] [Server thread/INFO]: [STDOUT] [io.papermc.paper.util.PapoTickProfile] PapoTickProfile.tickdist n=400 durMs[p50=1.36 p95=1.81 p99=4.15 max=4.81] over45=0 over50=0 | gapMs[p95=51.60 p99=53.25 max=54.03] stalls100ms=0 | tps=20.00
logErrors=0 exited=true
