boot: [02:09:05 INFO]: Done (14.540s)! For help, type "help"
dirtied 1600 chunks (forceload 40x40)
---- tickdist (steady tail) ----
PapoTickProfile] PapoTickProfile.tickdist n=400 durMs[p50=2.56 p95=14.97 p99=43.10 max=228.12] over45=0 over50=3 | gapMs[p95=57.37 p99=79.65 max=379.67] stalls100ms=2 | tps=19.82
PapoTickProfile] PapoTickProfile.tickdist n=400 durMs[p50=1.55 p95=3.71 p99=11.49 max=17.27] over45=0 over50=0 | gapMs[p95=51.51 p99=53.77 max=66.43] stalls100ms=0 | tps=20.00
PapoTickProfile] PapoTickProfile.tickdist n=400 durMs[p50=1.31 p95=1.76 p99=1.98 max=2.47] over45=0 over50=0 | gapMs[p95=51.51 p99=51.84 max=52.22] stalls100ms=0 | tps=20.00
PapoTickProfile] PapoTickProfile.tickdist n=400 durMs[p50=1.33 p95=1.86 p99=2.23 max=4.96] over45=0 over50=0 | gapMs[p95=51.66 p99=52.39 max=53.26] stalls100ms=0 | tps=20.00
PapoTickProfile] PapoTickProfile.tickdist n=400 durMs[p50=1.31 p95=1.75 p99=2.20 max=2.36] over45=0 over50=0 | gapMs[p95=51.13 p99=51.78 max=52.93] stalls100ms=0 | tps=20.00
PapoTickProfile] PapoTickProfile.tickdist n=400 durMs[p50=1.25 p95=1.62 p99=1.94 max=2.11] over45=0 over50=0 | gapMs[p95=51.15 p99=51.73 max=52.18] stalls100ms=0 | tps=20.00
PapoTickProfile] PapoTickProfile.tickdist n=400 durMs[p50=1.21 p95=1.65 p99=1.96 max=2.44] over45=0 over50=0 | gapMs[p95=51.15 p99=51.62 max=51.83] stalls100ms=0 | tps=20.00
PapoTickProfile] PapoTickProfile.tickdist n=400 durMs[p50=1.17 p95=1.53 p99=1.79 max=2.05] over45=0 over50=0 | gapMs[p95=51.39 p99=52.05 max=52.09] stalls100ms=0 | tps=20.00
PapoTickProfile] PapoTickProfile.tickdist n=400 durMs[p50=1.13 p95=1.47 p99=1.81 max=1.98] over45=0 over50=0 | gapMs[p95=51.52 p99=51.93 max=52.61] stalls100ms=0 | tps=20.00
PapoTickProfile] PapoTickProfile.tickdist n=400 durMs[p50=1.09 p95=1.47 p99=1.97 max=4.94] over45=0 over50=0 | gapMs[p95=51.54 p99=52.19 max=53.99] stalls100ms=0 | tps=20.00
PapoTickProfile] PapoTickProfile.tickdist n=400 durMs[p50=1.15 p95=1.47 p99=1.75 max=3.01] over45=0 over50=0 | gapMs[p95=51.31 p99=52.04 max=53.42] stalls100ms=0 | tps=20.00
PapoTickProfile] PapoTickProfile.tickdist n=400 durMs[p50=1.06 p95=1.43 p99=1.65 max=2.10] over45=0 over50=0 | gapMs[p95=51.37 p99=51.88 max=52.20] stalls100ms=0 | tps=20.00
PapoTickProfile] PapoTickProfile.tickdist n=400 durMs[p50=1.04 p95=1.43 p99=1.69 max=1.81] over45=0 over50=0 | gapMs[p95=50.97 p99=51.81 max=52.79] stalls100ms=0 | tps=20.00
PapoTickProfile] PapoTickProfile.tickdist n=400 durMs[p50=1.01 p95=1.34 p99=1.72 max=1.78] over45=0 over50=0 | gapMs[p95=51.39 p99=51.75 max=52.15] stalls100ms=0 | tps=20.00
PapoTickProfile] PapoTickProfile.tickdist n=400 durMs[p50=1.07 p95=1.51 p99=2.04 max=18.44] over45=0 over50=0 | gapMs[p95=51.45 p99=52.44 max=66.27] stalls100ms=0 | tps=20.00
PapoTickProfile] PapoTickProfile.tickdist n=400 durMs[p50=1.16 p95=2.04 p99=3.35 max=13.99] over45=0 over50=0 | gapMs[p95=51.25 p99=52.33 max=62.06] stalls100ms=0 | tps=20.00
PapoTickProfile] PapoTickProfile.tickdist n=400 durMs[p50=1.12 p95=1.50 p99=1.85 max=1.93] over45=0 over50=0 | gapMs[p95=51.12 p99=51.72 max=52.05] stalls100ms=0 | tps=20.00
PapoTickProfile] PapoTickProfile.tickdist n=400 durMs[p50=1.15 p95=1.54 p99=1.91 max=2.42] over45=0 over50=0 | gapMs[p95=51.19 p99=51.94 max=52.14] stalls100ms=0 | tps=20.00
PapoTickProfile] PapoTickProfile.tickdist n=400 durMs[p50=1.10 p95=1.47 p99=1.65 max=2.11] over45=0 over50=0 | gapMs[p95=51.37 p99=52.00 max=52.47] stalls100ms=0 | tps=20.00
PapoTickProfile] PapoTickProfile.tickdist n=400 durMs[p50=1.11 p95=1.54 p99=1.93 max=2.39] over45=0 over50=0 | gapMs[p95=51.39 p99=52.18 max=52.78] stalls100ms=0 | tps=20.00
PapoTickProfile] PapoTickProfile.tickdist n=400 durMs[p50=1.07 p95=1.42 p99=1.73 max=1.96] over45=0 over50=0 | gapMs[p95=51.46 p99=51.97 max=52.30] stalls100ms=0 | tps=20.00
PapoTickProfile] PapoTickProfile.tickdist n=400 durMs[p50=1.00 p95=1.38 p99=1.77 max=1.95] over45=0 over50=0 | gapMs[p95=51.22 p99=51.93 max=52.39] stalls100ms=0 | tps=20.00
PapoTickProfile] PapoTickProfile.tickdist n=400 durMs[p50=1.20 p95=1.64 p99=1.92 max=2.35] over45=0 over50=0 | gapMs[p95=60.90 p99=62.58 max=62.99] stalls100ms=0 | tps=20.00
PapoTickProfile] PapoTickProfile.tickdist n=400 durMs[p50=1.37 p95=1.81 p99=2.24 max=2.76] over45=0 over50=0 | gapMs[p95=51.33 p99=51.83 max=52.27] stalls100ms=0 | tps=20.00
PapoTickProfile] PapoTickProfile.tickdist n=400 durMs[p50=1.25 p95=1.57 p99=1.94 max=2.47] over45=0 over50=0 | gapMs[p95=51.48 p99=52.20 max=53.00] stalls100ms=0 | tps=20.00
PapoTickProfile] PapoTickProfile.tickdist n=400 durMs[p50=1.24 p95=1.59 p99=1.89 max=2.39] over45=0 over50=0 | gapMs[p95=51.36 p99=51.95 max=52.44] stalls100ms=0 | tps=20.00
PapoTickProfile] PapoTickProfile.tickdist n=400 durMs[p50=1.29 p95=1.65 p99=1.88 max=2.02] over45=0 over50=0 | gapMs[p95=51.46 p99=52.06 max=52.22] stalls100ms=0 | tps=20.00
PapoTickProfile] PapoTickProfile.tickdist n=400 durMs[p50=1.30 p95=1.69 p99=1.88 max=1.98] over45=0 over50=0 | gapMs[p95=51.33 p99=51.79 max=52.11] stalls100ms=0 | tps=20.00
PapoTickProfile] PapoTickProfile.tickdist n=400 durMs[p50=1.27 p95=1.65 p99=1.95 max=4.14] over45=0 over50=0 | gapMs[p95=51.04 p99=51.93 max=53.11] stalls100ms=0 | tps=20.00
PapoTickProfile] PapoTickProfile.tickdist n=400 durMs[p50=1.32 p95=1.66 p99=2.03 max=4.00] over45=0 over50=0 | gapMs[p95=51.26 p99=51.94 max=52.64] stalls100ms=0 | tps=20.00
PapoTickProfile] PapoTickProfile.tickdist n=400 durMs[p50=1.41 p95=1.86 p99=2.47 max=3.80] over45=0 over50=0 | gapMs[p95=51.37 p99=51.92 max=52.16] stalls100ms=0 | tps=20.00
PapoTickProfile] PapoTickProfile.tickdist n=400 durMs[p50=1.34 p95=1.65 p99=1.90 max=1.99] over45=0 over50=0 | gapMs[p95=51.39 p99=51.95 max=52.08] stalls100ms=0 | tps=20.00
PapoTickProfile] PapoTickProfile.tickdist n=400 durMs[p50=1.26 p95=1.55 p99=1.92 max=2.25] over45=0 over50=0 | gapMs[p95=51.57 p99=51.93 max=52.18] stalls100ms=0 | tps=20.00
PapoTickProfile] PapoTickProfile.tickdist n=400 durMs[p50=1.28 p95=1.64 p99=1.94 max=2.03] over45=0 over50=0 | gapMs[p95=51.40 p99=52.00 max=52.39] stalls100ms=0 | tps=20.00
PapoTickProfile] PapoTickProfile.tickdist n=400 durMs[p50=1.21 p95=1.53 p99=1.73 max=2.38] over45=0 over50=0 | gapMs[p95=51.43 p99=52.07 max=52.32] stalls100ms=0 | tps=20.00
PapoTickProfile] PapoTickProfile.tickdist n=400 durMs[p50=1.22 p95=1.54 p99=1.87 max=2.33] over45=0 over50=0 | gapMs[p95=51.51 p99=52.14 max=52.51] stalls100ms=0 | tps=20.00
PapoTickProfile] PapoTickProfile.tickdist n=400 durMs[p50=1.24 p95=1.57 p99=1.88 max=1.98] over45=0 over50=0 | gapMs[p95=51.58 p99=52.21 max=52.78] stalls100ms=0 | tps=20.00
PapoTickProfile] PapoTickProfile.tickdist n=400 durMs[p50=0.96 p95=1.32 p99=1.60 max=2.61] over45=0 over50=0 | gapMs[p95=51.74 p99=52.21 max=52.84] stalls100ms=0 | tps=20.00
PapoTickProfile] PapoTickProfile.tickdist n=400 durMs[p50=0.97 p95=1.35 p99=1.71 max=1.95] over45=0 over50=0 | gapMs[p95=51.65 p99=52.15 max=52.35] stalls100ms=0 | tps=20.00
PapoTickProfile] PapoTickProfile.tickdist n=400 durMs[p50=1.20 p95=1.53 p99=1.76 max=2.18] over45=0 over50=0 | gapMs[p95=51.38 p99=51.81 max=52.12] stalls100ms=0 | tps=20.00
---- stalls ----
PapoTickProfile.stall tick=70 gapMs=174.5 durMs=57.4 at=02:09:09.411
PapoTickProfile.stall tick=71 gapMs=379.7 durMs=157.8 at=02:09:09.791
---- autosave markers ----
---- jstack samples ----
=== arm+178ms ===
"Server thread" #113 [54228] prio=8 os_prio=1 cpu=8593.75ms elapsed=301.15s tid=0x00000136f43bf640 nid=54228 waiting on condition  [0x0000000a8e2fe000]
   java.lang.Thread.State: TIMED_WAITING (parking)
	at jdk.internal.misc.Unsafe.park(java.base@21.0.10/Native Method)
	- parking to wait for  <0x00000007051bfc38> (a java.lang.String)
	at java.util.concurrent.locks.LockSupport.parkNanos(java.base@21.0.10/LockSupport.java:269)
	at net.minecraft.server.MinecraftServer.recordTaskExecutionTimeWhileWaiting(MinecraftServer.java:1242)
	at net.minecraft.server.MinecraftServer.runServer(MinecraftServer.java:1348)
	at net.minecraft.server.MinecraftServer.lambda$spin$2(MinecraftServer.java:388)
	at net.minecraft.server.MinecraftServer$$Lambda/0x00000136a7f55780.run(Unknown Source)
	at java.lang.Thread.runWith(java.base@21.0.10/Thread.java:1596)
	at java.lang.Thread.run(java.base@21.0.10/Thread.java:1583)
=== arm+444ms ===
"Server thread" #113 [54228] prio=8 os_prio=1 cpu=8609.38ms elapsed=301.40s tid=0x00000136f43bf640 nid=54228 waiting on condition  [0x0000000a8e2fe000]
   java.lang.Thread.State: TIMED_WAITING (parking)
	at jdk.internal.misc.Unsafe.park(java.base@21.0.10/Native Method)
	- parking to wait for  <0x00000007051bfc38> (a java.lang.String)
	at java.util.concurrent.locks.LockSupport.parkNanos(java.base@21.0.10/LockSupport.java:269)
	at net.minecraft.server.MinecraftServer.recordTaskExecutionTimeWhileWaiting(MinecraftServer.java:1242)
	at net.minecraft.server.MinecraftServer.runServer(MinecraftServer.java:1348)
	at net.minecraft.server.MinecraftServer.lambda$spin$2(MinecraftServer.java:388)
	at net.minecraft.server.MinecraftServer$$Lambda/0x00000136a7f55780.run(Unknown Source)
	at java.lang.Thread.runWith(java.base@21.0.10/Thread.java:1596)
	at java.lang.Thread.run(java.base@21.0.10/Thread.java:1583)
=== arm+709ms ===
"Server thread" #113 [54228] prio=8 os_prio=1 cpu=8609.38ms elapsed=301.67s tid=0x00000136f43bf640 nid=54228 waiting on condition  [0x0000000a8e2fe000]
   java.lang.Thread.State: TIMED_WAITING (parking)
	at jdk.internal.misc.Unsafe.park(java.base@21.0.10/Native Method)
	- parking to wait for  <0x00000007051bfc38> (a java.lang.String)
	at java.util.concurrent.locks.LockSupport.parkNanos(java.base@21.0.10/LockSupport.java:269)
	at net.minecraft.server.MinecraftServer.recordTaskExecutionTimeWhileWaiting(MinecraftServer.java:1242)
	at net.minecraft.server.MinecraftServer.runServer(MinecraftServer.java:1348)
	at net.minecraft.server.MinecraftServer.lambda$spin$2(MinecraftServer.java:388)
	at net.minecraft.server.MinecraftServer$$Lambda/0x00000136a7f55780.run(Unknown Source)
	at java.lang.Thread.runWith(java.base@21.0.10/Thread.java:1596)
	at java.lang.Thread.run(java.base@21.0.10/Thread.java:1583)
=== arm+975ms ===
"Server thread" #113 [54228] prio=8 os_prio=1 cpu=8625.00ms elapsed=301.93s tid=0x00000136f43bf640 nid=54228 waiting on condition  [0x0000000a8e2fe000]
   java.lang.Thread.State: TIMED_WAITING (parking)
	at jdk.internal.misc.Unsafe.park(java.base@21.0.10/Native Method)
	- parking to wait for  <0x00000007051bfc38> (a java.lang.String)
	at java.util.concurrent.locks.LockSupport.parkNanos(java.base@21.0.10/LockSupport.java:269)
	at net.minecraft.server.MinecraftServer.recordTaskExecutionTimeWhileWaiting(MinecraftServer.java:1242)
	at net.minecraft.server.MinecraftServer.runServer(MinecraftServer.java:1348)
	at net.minecraft.server.MinecraftServer.lambda$spin$2(MinecraftServer.java:388)
	at net.minecraft.server.MinecraftServer$$Lambda/0x00000136a7f55780.run(Unknown Source)
	at java.lang.Thread.runWith(java.base@21.0.10/Thread.java:1596)
	at java.lang.Thread.run(java.base@21.0.10/Thread.java:1583)
=== arm+1237ms ===
"Server thread" #113 [54228] prio=8 os_prio=1 cpu=8625.00ms elapsed=302.20s tid=0x00000136f43bf640 nid=54228 waiting on condition  [0x0000000a8e2fe000]
   java.lang.Thread.State: TIMED_WAITING (parking)
	at jdk.internal.misc.Unsafe.park(java.base@21.0.10/Native Method)
	- parking to wait for  <0x00000007051bfc38> (a java.lang.String)
	at java.util.concurrent.locks.LockSupport.parkNanos(java.base@21.0.10/LockSupport.java:269)
	at net.minecraft.server.MinecraftServer.recordTaskExecutionTimeWhileWaiting(MinecraftServer.java:1242)
	at net.minecraft.server.MinecraftServer.runServer(MinecraftServer.java:1348)
	at net.minecraft.server.MinecraftServer.lambda$spin$2(MinecraftServer.java:388)
	at net.minecraft.server.MinecraftServer$$Lambda/0x00000136a7f55780.run(Unknown Source)
	at java.lang.Thread.runWith(java.base@21.0.10/Thread.java:1596)
	at java.lang.Thread.run(java.base@21.0.10/Thread.java:1583)
=== arm+1502ms ===
"Server thread" #113 [54228] prio=8 os_prio=1 cpu=8625.00ms elapsed=302.46s tid=0x00000136f43bf640 nid=54228 waiting on condition  [0x0000000a8e2fe000]
   java.lang.Thread.State: TIMED_WAITING (parking)
	at jdk.internal.misc.Unsafe.park(java.base@21.0.10/Native Method)
	- parking to wait for  <0x00000007051bfc38> (a java.lang.String)
	at java.util.concurrent.locks.LockSupport.parkNanos(java.base@21.0.10/LockSupport.java:269)
	at net.minecraft.server.MinecraftServer.recordTaskExecutionTimeWhileWaiting(MinecraftServer.java:1242)
	at net.minecraft.server.MinecraftServer.runServer(MinecraftServer.java:1348)
	at net.minecraft.server.MinecraftServer.lambda$spin$2(MinecraftServer.java:388)
	at net.minecraft.server.MinecraftServer$$Lambda/0x00000136a7f55780.run(Unknown Source)
	at java.lang.Thread.runWith(java.base@21.0.10/Thread.java:1596)
	at java.lang.Thread.run(java.base@21.0.10/Thread.java:1583)
=== arm+1783ms ===
"Server thread" #113 [54228] prio=8 os_prio=1 cpu=8625.00ms elapsed=302.74s tid=0x00000136f43bf640 nid=54228 waiting on condition  [0x0000000a8e2fe000]
   java.lang.Thread.State: TIMED_WAITING (parking)
	at jdk.internal.misc.Unsafe.park(java.base@21.0.10/Native Method)
	- parking to wait for  <0x00000007051bfc38> (a java.lang.String)
	at java.util.concurrent.locks.LockSupport.parkNanos(java.base@21.0.10/LockSupport.java:269)
	at net.minecraft.server.MinecraftServer.recordTaskExecutionTimeWhileWaiting(MinecraftServer.java:1242)
	at net.minecraft.server.MinecraftServer.runServer(MinecraftServer.java:1348)
	at net.minecraft.server.MinecraftServer.lambda$spin$2(MinecraftServer.java:388)
	at net.minecraft.server.MinecraftServer$$Lambda/0x00000136a7f55780.run(Unknown Source)
	at java.lang.Thread.runWith(java.base@21.0.10/Thread.java:1596)
	at java.lang.Thread.run(java.base@21.0.10/Thread.java:1583)
=== arm+2032ms ===
"Server thread" #113 [54228] prio=8 os_prio=1 cpu=8625.00ms elapsed=303.00s tid=0x00000136f43bf640 nid=54228 waiting on condition  [0x0000000a8e2fe000]
   java.lang.Thread.State: TIMED_WAITING (parking)
	at jdk.internal.misc.Unsafe.park(java.base@21.0.10/Native Method)
	- parking to wait for  <0x00000007051bfc38> (a java.lang.String)
	at java.util.concurrent.locks.LockSupport.parkNanos(java.base@21.0.10/LockSupport.java:269)
	at net.minecraft.server.MinecraftServer.recordTaskExecutionTimeWhileWaiting(MinecraftServer.java:1242)
	at net.minecraft.server.MinecraftServer.runServer(MinecraftServer.java:1348)
	at net.minecraft.server.MinecraftServer.lambda$spin$2(MinecraftServer.java:388)
	at net.minecraft.server.MinecraftServer$$Lambda/0x00000136a7f55780.run(Unknown Source)
	at java.lang.Thread.runWith(java.base@21.0.10/Thread.java:1596)
	at java.lang.Thread.run(java.base@21.0.10/Thread.java:1583)
=== arm+2295ms ===
"Server thread" #113 [54228] prio=8 os_prio=1 cpu=8625.00ms elapsed=303.26s tid=0x00000136f43bf640 nid=54228 waiting on condition  [0x0000000a8e2fe000]
   java.lang.Thread.State: TIMED_WAITING (parking)
	at jdk.internal.misc.Unsafe.park(java.base@21.0.10/Native Method)
	- parking to wait for  <0x00000007051bfc38> (a java.lang.String)
	at java.util.concurrent.locks.LockSupport.parkNanos(java.base@21.0.10/LockSupport.java:269)
	at net.minecraft.server.MinecraftServer.recordTaskExecutionTimeWhileWaiting(MinecraftServer.java:1242)
	at net.minecraft.server.MinecraftServer.runServer(MinecraftServer.java:1348)
	at net.minecraft.server.MinecraftServer.lambda$spin$2(MinecraftServer.java:388)
	at net.minecraft.server.MinecraftServer$$Lambda/0x00000136a7f55780.run(Unknown Source)
	at java.lang.Thread.runWith(java.base@21.0.10/Thread.java:1596)
	at java.lang.Thread.run(java.base@21.0.10/Thread.java:1583)
=== arm+2558ms ===
"Server thread" #113 [54228] prio=8 os_prio=1 cpu=8640.62ms elapsed=303.51s tid=0x00000136f43bf640 nid=54228 waiting on condition  [0x0000000a8e2fe000]
   java.lang.Thread.State: TIMED_WAITING (parking)
	at jdk.internal.misc.Unsafe.park(java.base@21.0.10/Native Method)
	- parking to wait for  <0x00000007051bfc38> (a java.lang.String)
	at java.util.concurrent.locks.LockSupport.parkNanos(java.base@21.0.10/LockSupport.java:269)
	at net.minecraft.server.MinecraftServer.recordTaskExecutionTimeWhileWaiting(MinecraftServer.java:1242)
	at net.minecraft.server.MinecraftServer.runServer(MinecraftServer.java:1348)
	at net.minecraft.server.MinecraftServer.lambda$spin$2(MinecraftServer.java:388)
	at net.minecraft.server.MinecraftServer$$Lambda/0x00000136a7f55780.run(Unknown Source)
	at java.lang.Thread.runWith(java.base@21.0.10/Thread.java:1596)
	at java.lang.Thread.run(java.base@21.0.10/Thread.java:1583)
=== arm+2808ms ===
"Server thread" #113 [54228] prio=8 os_prio=1 cpu=8656.25ms elapsed=303.77s tid=0x00000136f43bf640 nid=54228 waiting on condition  [0x0000000a8e2fe000]
   java.lang.Thread.State: TIMED_WAITING (parking)
	at jdk.internal.misc.Unsafe.park(java.base@21.0.10/Native Method)
	- parking to wait for  <0x00000007051bfc38> (a java.lang.String)
	at java.util.concurrent.locks.LockSupport.parkNanos(java.base@21.0.10/LockSupport.java:269)
	at net.minecraft.server.MinecraftServer.recordTaskExecutionTimeWhileWaiting(MinecraftServer.java:1242)
	at net.minecraft.server.MinecraftServer.runServer(MinecraftServer.java:1348)
	at net.minecraft.server.MinecraftServer.lambda$spin$2(MinecraftServer.java:388)
	at net.minecraft.server.MinecraftServer$$Lambda/0x00000136a7f55780.run(Unknown Source)
	at java.lang.Thread.runWith(java.base@21.0.10/Thread.java:1596)
	at java.lang.Thread.run(java.base@21.0.10/Thread.java:1583)
=== arm+3069ms ===
"Server thread" #113 [54228] prio=8 os_prio=1 cpu=8656.25ms elapsed=304.03s tid=0x00000136f43bf640 nid=54228 waiting on condition  [0x0000000a8e2fe000]
   java.lang.Thread.State: TIMED_WAITING (parking)
	at jdk.internal.misc.Unsafe.park(java.base@21.0.10/Native Method)
	- parking to wait for  <0x00000007051bfc38> (a java.lang.String)
	at java.util.concurrent.locks.LockSupport.parkNanos(java.base@21.0.10/LockSupport.java:269)
	at net.minecraft.server.MinecraftServer.recordTaskExecutionTimeWhileWaiting(MinecraftServer.java:1242)
	at net.minecraft.server.MinecraftServer.runServer(MinecraftServer.java:1348)
	at net.minecraft.server.MinecraftServer.lambda$spin$2(MinecraftServer.java:388)
	at net.minecraft.server.MinecraftServer$$Lambda/0x00000136a7f55780.run(Unknown Source)
	at java.lang.Thread.runWith(java.base@21.0.10/Thread.java:1596)
	at java.lang.Thread.run(java.base@21.0.10/Thread.java:1583)
=== arm+3336ms ===
"Server thread" #113 [54228] prio=8 os_prio=1 cpu=8656.25ms elapsed=304.29s tid=0x00000136f43bf640 nid=54228 waiting on condition  [0x0000000a8e2fe000]
   java.lang.Thread.State: TIMED_WAITING (parking)
	at jdk.internal.misc.Unsafe.park(java.base@21.0.10/Native Method)
	- parking to wait for  <0x00000007051bfc38> (a java.lang.String)
	at java.util.concurrent.locks.LockSupport.parkNanos(java.base@21.0.10/LockSupport.java:269)
	at net.minecraft.server.MinecraftServer.recordTaskExecutionTimeWhileWaiting(MinecraftServer.java:1242)
	at net.minecraft.server.MinecraftServer.runServer(MinecraftServer.java:1348)
	at net.minecraft.server.MinecraftServer.lambda$spin$2(MinecraftServer.java:388)
	at net.minecraft.server.MinecraftServer$$Lambda/0x00000136a7f55780.run(Unknown Source)
	at java.lang.Thread.runWith(java.base@21.0.10/Thread.java:1596)
	at java.lang.Thread.run(java.base@21.0.10/Thread.java:1583)
=== arm+3584ms ===
"Server thread" #113 [54228] prio=8 os_prio=1 cpu=8656.25ms elapsed=304.55s tid=0x00000136f43bf640 nid=54228 waiting on condition  [0x0000000a8e2fe000]
   java.lang.Thread.State: TIMED_WAITING (parking)
	at jdk.internal.misc.Unsafe.park(java.base@21.0.10/Native Method)
	- parking to wait for  <0x00000007051bfc38> (a java.lang.String)
	at java.util.concurrent.locks.LockSupport.parkNanos(java.base@21.0.10/LockSupport.java:269)
	at net.minecraft.server.MinecraftServer.recordTaskExecutionTimeWhileWaiting(MinecraftServer.java:1242)
	at net.minecraft.server.MinecraftServer.runServer(MinecraftServer.java:1348)
	at net.minecraft.server.MinecraftServer.lambda$spin$2(MinecraftServer.java:388)
	at net.minecraft.server.MinecraftServer$$Lambda/0x00000136a7f55780.run(Unknown Source)
	at java.lang.Thread.runWith(java.base@21.0.10/Thread.java:1596)
	at java.lang.Thread.run(java.base@21.0.10/Thread.java:1583)
=== arm+3847ms ===
"Server thread" #113 [54228] prio=8 os_prio=1 cpu=8687.50ms elapsed=304.81s tid=0x00000136f43bf640 nid=54228 waiting on condition  [0x0000000a8e2fe000]
   java.lang.Thread.State: TIMED_WAITING (parking)
	at jdk.internal.misc.Unsafe.park(java.base@21.0.10/Native Method)
	- parking to wait for  <0x00000007051bfc38> (a java.lang.String)
	at java.util.concurrent.locks.LockSupport.parkNanos(java.base@21.0.10/LockSupport.java:269)
	at net.minecraft.server.MinecraftServer.recordTaskExecutionTimeWhileWaiting(MinecraftServer.java:1242)
	at net.minecraft.server.MinecraftServer.runServer(MinecraftServer.java:1348)
	at net.minecraft.server.MinecraftServer.lambda$spin$2(MinecraftServer.java:388)
	at net.minecraft.server.MinecraftServer$$Lambda/0x00000136a7f55780.run(Unknown Source)
	at java.lang.Thread.runWith(java.base@21.0.10/Thread.java:1596)
	at java.lang.Thread.run(java.base@21.0.10/Thread.java:1583)
=== arm+4095ms ===
"Server thread" #113 [54228] prio=8 os_prio=1 cpu=8687.50ms elapsed=305.06s tid=0x00000136f43bf640 nid=54228 waiting on condition  [0x0000000a8e2fe000]
   java.lang.Thread.State: TIMED_WAITING (parking)
	at jdk.internal.misc.Unsafe.park(java.base@21.0.10/Native Method)
	- parking to wait for  <0x00000007051bfc38> (a java.lang.String)
	at java.util.concurrent.locks.LockSupport.parkNanos(java.base@21.0.10/LockSupport.java:269)
	at net.minecraft.server.MinecraftServer.recordTaskExecutionTimeWhileWaiting(MinecraftServer.java:1242)
	at net.minecraft.server.MinecraftServer.runServer(MinecraftServer.java:1348)
	at net.minecraft.server.MinecraftServer.lambda$spin$2(MinecraftServer.java:388)
	at net.minecraft.server.MinecraftServer$$Lambda/0x00000136a7f55780.run(Unknown Source)
	at java.lang.Thread.runWith(java.base@21.0.10/Thread.java:1596)
	at java.lang.Thread.run(java.base@21.0.10/Thread.java:1583)
=== arm+4347ms ===
"Server thread" #113 [54228] prio=8 os_prio=1 cpu=8687.50ms elapsed=305.31s tid=0x00000136f43bf640 nid=54228 waiting on condition  [0x0000000a8e2fe000]
   java.lang.Thread.State: TIMED_WAITING (parking)
	at jdk.internal.misc.Unsafe.park(java.base@21.0.10/Native Method)
	- parking to wait for  <0x00000007051bfc38> (a java.lang.String)
	at java.util.concurrent.locks.LockSupport.parkNanos(java.base@21.0.10/LockSupport.java:269)
	at net.minecraft.server.MinecraftServer.recordTaskExecutionTimeWhileWaiting(MinecraftServer.java:1242)
	at net.minecraft.server.MinecraftServer.runServer(MinecraftServer.java:1348)
	at net.minecraft.server.MinecraftServer.lambda$spin$2(MinecraftServer.java:388)
	at net.minecraft.server.MinecraftServer$$Lambda/0x00000136a7f55780.run(Unknown Source)
	at java.lang.Thread.runWith(java.base@21.0.10/Thread.java:1596)
	at java.lang.Thread.run(java.base@21.0.10/Thread.java:1583)
=== arm+4593ms ===
"Server thread" #113 [54228] prio=8 os_prio=1 cpu=8687.50ms elapsed=305.56s tid=0x00000136f43bf640 nid=54228 waiting on condition  [0x0000000a8e2fe000]
   java.lang.Thread.State: TIMED_WAITING (parking)
	at jdk.internal.misc.Unsafe.park(java.base@21.0.10/Native Method)
	- parking to wait for  <0x00000007051bfc38> (a java.lang.String)
	at java.util.concurrent.locks.LockSupport.parkNanos(java.base@21.0.10/LockSupport.java:269)
	at net.minecraft.server.MinecraftServer.recordTaskExecutionTimeWhileWaiting(MinecraftServer.java:1242)
	at net.minecraft.server.MinecraftServer.runServer(MinecraftServer.java:1348)
	at net.minecraft.server.MinecraftServer.lambda$spin$2(MinecraftServer.java:388)
	at net.minecraft.server.MinecraftServer$$Lambda/0x00000136a7f55780.run(Unknown Source)
	at java.lang.Thread.runWith(java.base@21.0.10/Thread.java:1596)
	at java.lang.Thread.run(java.base@21.0.10/Thread.java:1583)
=== arm+4851ms ===
"Server thread" #113 [54228] prio=8 os_prio=1 cpu=8703.12ms elapsed=305.81s tid=0x00000136f43bf640 nid=54228 waiting on condition  [0x0000000a8e2fe000]
   java.lang.Thread.State: TIMED_WAITING (parking)
	at jdk.internal.misc.Unsafe.park(java.base@21.0.10/Native Method)
	- parking to wait for  <0x00000007051bfc38> (a java.lang.String)
	at java.util.concurrent.locks.LockSupport.parkNanos(java.base@21.0.10/LockSupport.java:269)
	at net.minecraft.server.MinecraftServer.recordTaskExecutionTimeWhileWaiting(MinecraftServer.java:1242)
	at net.minecraft.server.MinecraftServer.runServer(MinecraftServer.java:1348)
	at net.minecraft.server.MinecraftServer.lambda$spin$2(MinecraftServer.java:388)
	at net.minecraft.server.MinecraftServer$$Lambda/0x00000136a7f55780.run(Unknown Source)
	at java.lang.Thread.runWith(java.base@21.0.10/Thread.java:1596)
	at java.lang.Thread.run(java.base@21.0.10/Thread.java:1583)
=== arm+5091ms ===
"Server thread" #113 [54228] prio=8 os_prio=1 cpu=8718.75ms elapsed=306.06s tid=0x00000136f43bf640 nid=54228 waiting on condition  [0x0000000a8e2fe000]
   java.lang.Thread.State: TIMED_WAITING (parking)
	at jdk.internal.misc.Unsafe.park(java.base@21.0.10/Native Method)
	- parking to wait for  <0x00000007051bfc38> (a java.lang.String)
	at java.util.concurrent.locks.LockSupport.parkNanos(java.base@21.0.10/LockSupport.java:269)
	at net.minecraft.server.MinecraftServer.recordTaskExecutionTimeWhileWaiting(MinecraftServer.java:1242)
	at net.minecraft.server.MinecraftServer.runServer(MinecraftServer.java:1348)
	at net.minecraft.server.MinecraftServer.lambda$spin$2(MinecraftServer.java:388)
	at net.minecraft.server.MinecraftServer$$Lambda/0x00000136a7f55780.run(Unknown Source)
	at java.lang.Thread.runWith(java.base@21.0.10/Thread.java:1596)
	at java.lang.Thread.run(java.base@21.0.10/Thread.java:1583)
=== arm+5357ms ===
"Server thread" #113 [54228] prio=8 os_prio=1 cpu=8718.75ms elapsed=306.31s tid=0x00000136f43bf640 nid=54228 waiting on condition  [0x0000000a8e2fe000]
   java.lang.Thread.State: TIMED_WAITING (parking)
	at jdk.internal.misc.Unsafe.park(java.base@21.0.10/Native Method)
	- parking to wait for  <0x00000007051bfc38> (a java.lang.String)
	at java.util.concurrent.locks.LockSupport.parkNanos(java.base@21.0.10/LockSupport.java:269)
	at net.minecraft.server.MinecraftServer.recordTaskExecutionTimeWhileWaiting(MinecraftServer.java:1242)
	at net.minecraft.server.MinecraftServer.runServer(MinecraftServer.java:1348)
	at net.minecraft.server.MinecraftServer.lambda$spin$2(MinecraftServer.java:388)
	at net.minecraft.server.MinecraftServer$$Lambda/0x00000136a7f55780.run(Unknown Source)
	at java.lang.Thread.runWith(java.base@21.0.10/Thread.java:1596)
	at java.lang.Thread.run(java.base@21.0.10/Thread.java:1583)
=== arm+5602ms ===
"Server thread" #113 [54228] prio=8 os_prio=1 cpu=8718.75ms elapsed=306.57s tid=0x00000136f43bf640 nid=54228 waiting on condition  [0x0000000a8e2fe000]
   java.lang.Thread.State: TIMED_WAITING (parking)
	at jdk.internal.misc.Unsafe.park(java.base@21.0.10/Native Method)
	- parking to wait for  <0x00000007051bfc38> (a java.lang.String)
	at java.util.concurrent.locks.LockSupport.parkNanos(java.base@21.0.10/LockSupport.java:269)
	at net.minecraft.server.MinecraftServer.recordTaskExecutionTimeWhileWaiting(MinecraftServer.java:1242)
	at net.minecraft.server.MinecraftServer.runServer(MinecraftServer.java:1348)
	at net.minecraft.server.MinecraftServer.lambda$spin$2(MinecraftServer.java:388)
	at net.minecraft.server.MinecraftServer$$Lambda/0x00000136a7f55780.run(Unknown Source)
	at java.lang.Thread.runWith(java.base@21.0.10/Thread.java:1596)
	at java.lang.Thread.run(java.base@21.0.10/Thread.java:1583)
=== arm+5864ms ===
"Server thread" #113 [54228] prio=8 os_prio=1 cpu=8734.38ms elapsed=306.82s tid=0x00000136f43bf640 nid=54228 waiting on condition  [0x0000000a8e2fe000]
   java.lang.Thread.State: TIMED_WAITING (parking)
	at jdk.internal.misc.Unsafe.park(java.base@21.0.10/Native Method)
	- parking to wait for  <0x00000007051bfc38> (a java.lang.String)
	at java.util.concurrent.locks.LockSupport.parkNanos(java.base@21.0.10/LockSupport.java:269)
	at net.minecraft.server.MinecraftServer.recordTaskExecutionTimeWhileWaiting(MinecraftServer.java:1242)
	at net.minecraft.server.MinecraftServer.runServer(MinecraftServer.java:1348)
	at net.minecraft.server.MinecraftServer.lambda$spin$2(MinecraftServer.java:388)
	at net.minecraft.server.MinecraftServer$$Lambda/0x00000136a7f55780.run(Unknown Source)
	at java.lang.Thread.runWith(java.base@21.0.10/Thread.java:1596)
	at java.lang.Thread.run(java.base@21.0.10/Thread.java:1583)
=== arm+6128ms ===
"Server thread" #113 [54228] prio=8 os_prio=1 cpu=8765.62ms elapsed=307.09s tid=0x00000136f43bf640 nid=54228 waiting on condition  [0x0000000a8e2fe000]
   java.lang.Thread.State: TIMED_WAITING (parking)
	at jdk.internal.misc.Unsafe.park(java.base@21.0.10/Native Method)
	- parking to wait for  <0x00000007051bfc38> (a java.lang.String)
	at java.util.concurrent.locks.LockSupport.parkNanos(java.base@21.0.10/LockSupport.java:269)
	at net.minecraft.server.MinecraftServer.recordTaskExecutionTimeWhileWaiting(MinecraftServer.java:1242)
	at net.minecraft.server.MinecraftServer.runServer(MinecraftServer.java:1348)
	at net.minecraft.server.MinecraftServer.lambda$spin$2(MinecraftServer.java:388)
	at net.minecraft.server.MinecraftServer$$Lambda/0x00000136a7f55780.run(Unknown Source)
	at java.lang.Thread.runWith(java.base@21.0.10/Thread.java:1596)
	at java.lang.Thread.run(java.base@21.0.10/Thread.java:1583)
=== arm+6392ms ===
"Server thread" #113 [54228] prio=8 os_prio=1 cpu=8765.62ms elapsed=307.35s tid=0x00000136f43bf640 nid=54228 waiting on condition  [0x0000000a8e2fe000]
   java.lang.Thread.State: TIMED_WAITING (parking)
	at jdk.internal.misc.Unsafe.park(java.base@21.0.10/Native Method)
	- parking to wait for  <0x00000007051bfc38> (a java.lang.String)
	at java.util.concurrent.locks.LockSupport.parkNanos(java.base@21.0.10/LockSupport.java:269)
	at net.minecraft.server.MinecraftServer.recordTaskExecutionTimeWhileWaiting(MinecraftServer.java:1242)
	at net.minecraft.server.MinecraftServer.runServer(MinecraftServer.java:1348)
	at net.minecraft.server.MinecraftServer.lambda$spin$2(MinecraftServer.java:388)
	at net.minecraft.server.MinecraftServer$$Lambda/0x00000136a7f55780.run(Unknown Source)
	at java.lang.Thread.runWith(java.base@21.0.10/Thread.java:1596)
	at java.lang.Thread.run(java.base@21.0.10/Thread.java:1583)
=== arm+6655ms ===
"Server thread" #113 [54228] prio=8 os_prio=1 cpu=8765.62ms elapsed=307.61s tid=0x00000136f43bf640 nid=54228 waiting on condition  [0x0000000a8e2fe000]
   java.lang.Thread.State: TIMED_WAITING (parking)
	at jdk.internal.misc.Unsafe.park(java.base@21.0.10/Native Method)
	- parking to wait for  <0x00000007051bfc38> (a java.lang.String)
	at java.util.concurrent.locks.LockSupport.parkNanos(java.base@21.0.10/LockSupport.java:269)
	at net.minecraft.server.MinecraftServer.recordTaskExecutionTimeWhileWaiting(MinecraftServer.java:1242)
	at net.minecraft.server.MinecraftServer.runServer(MinecraftServer.java:1348)
	at net.minecraft.server.MinecraftServer.lambda$spin$2(MinecraftServer.java:388)
	at net.minecraft.server.MinecraftServer$$Lambda/0x00000136a7f55780.run(Unknown Source)
	at java.lang.Thread.runWith(java.base@21.0.10/Thread.java:1596)
	at java.lang.Thread.run(java.base@21.0.10/Thread.java:1583)
=== arm+6918ms ===
"Server thread" #113 [54228] prio=8 os_prio=1 cpu=8765.62ms elapsed=307.88s tid=0x00000136f43bf640 nid=54228 waiting on condition  [0x0000000a8e2fe000]
   java.lang.Thread.State: TIMED_WAITING (parking)
	at jdk.internal.misc.Unsafe.park(java.base@21.0.10/Native Method)
	- parking to wait for  <0x00000007051bfc38> (a java.lang.String)
	at java.util.concurrent.locks.LockSupport.parkNanos(java.base@21.0.10/LockSupport.java:269)
	at net.minecraft.server.MinecraftServer.recordTaskExecutionTimeWhileWaiting(MinecraftServer.java:1242)
	at net.minecraft.server.MinecraftServer.runServer(MinecraftServer.java:1348)
	at net.minecraft.server.MinecraftServer.lambda$spin$2(MinecraftServer.java:388)
	at net.minecraft.server.MinecraftServer$$Lambda/0x00000136a7f55780.run(Unknown Source)
	at java.lang.Thread.runWith(java.base@21.0.10/Thread.java:1596)
	at java.lang.Thread.run(java.base@21.0.10/Thread.java:1583)
=== arm+7197ms ===
"Server thread" #113 [54228] prio=8 os_prio=1 cpu=8781.25ms elapsed=308.16s tid=0x00000136f43bf640 nid=54228 waiting on condition  [0x0000000a8e2fe000]
   java.lang.Thread.State: TIMED_WAITING (parking)
	at jdk.internal.misc.Unsafe.park(java.base@21.0.10/Native Method)
	- parking to wait for  <0x00000007051bfc38> (a java.lang.String)
	at java.util.concurrent.locks.LockSupport.parkNanos(java.base@21.0.10/LockSupport.java:269)
	at net.minecraft.server.MinecraftServer.recordTaskExecutionTimeWhileWaiting(MinecraftServer.java:1242)
	at net.minecraft.server.MinecraftServer.runServer(MinecraftServer.java:1348)
	at net.minecraft.server.MinecraftServer.lambda$spin$2(MinecraftServer.java:388)
	at net.minecraft.server.MinecraftServer$$Lambda/0x00000136a7f55780.run(Unknown Source)
	at java.lang.Thread.runWith(java.base@21.0.10/Thread.java:1596)
	at java.lang.Thread.run(java.base@21.0.10/Thread.java:1583)
=== arm+7460ms ===
"Server thread" #113 [54228] prio=8 os_prio=1 cpu=8796.88ms elapsed=308.43s tid=0x00000136f43bf640 nid=54228 waiting on condition  [0x0000000a8e2fe000]
   java.lang.Thread.State: TIMED_WAITING (parking)
	at jdk.internal.misc.Unsafe.park(java.base@21.0.10/Native Method)
	- parking to wait for  <0x00000007051bfc38> (a java.lang.String)
	at java.util.concurrent.locks.LockSupport.parkNanos(java.base@21.0.10/LockSupport.java:269)
	at net.minecraft.server.MinecraftServer.recordTaskExecutionTimeWhileWaiting(MinecraftServer.java:1242)
	at net.minecraft.server.MinecraftServer.runServer(MinecraftServer.java:1348)
	at net.minecraft.server.MinecraftServer.lambda$spin$2(MinecraftServer.java:388)
	at net.minecraft.server.MinecraftServer$$Lambda/0x00000136a7f55780.run(Unknown Source)
	at java.lang.Thread.runWith(java.base@21.0.10/Thread.java:1596)
	at java.lang.Thread.run(java.base@21.0.10/Thread.java:1583)
=== arm+7724ms ===
"Server thread" #113 [54228] prio=8 os_prio=1 cpu=8796.88ms elapsed=308.68s tid=0x00000136f43bf640 nid=54228 waiting on condition  [0x0000000a8e2fe000]
   java.lang.Thread.State: TIMED_WAITING (parking)
	at jdk.internal.misc.Unsafe.park(java.base@21.0.10/Native Method)
	- parking to wait for  <0x00000007051bfc38> (a java.lang.String)
	at java.util.concurrent.locks.LockSupport.parkNanos(java.base@21.0.10/LockSupport.java:269)
	at net.minecraft.server.MinecraftServer.recordTaskExecutionTimeWhileWaiting(MinecraftServer.java:1242)
	at net.minecraft.server.MinecraftServer.runServer(MinecraftServer.java:1348)
	at net.minecraft.server.MinecraftServer.lambda$spin$2(MinecraftServer.java:388)
	at net.minecraft.server.MinecraftServer$$Lambda/0x00000136a7f55780.run(Unknown Source)
	at java.lang.Thread.runWith(java.base@21.0.10/Thread.java:1596)
	at java.lang.Thread.run(java.base@21.0.10/Thread.java:1583)
=== arm+7985ms ===
"Server thread" #113 [54228] prio=8 os_prio=1 cpu=8812.50ms elapsed=308.94s tid=0x00000136f43bf640 nid=54228 waiting on condition  [0x0000000a8e2fe000]
   java.lang.Thread.State: TIMED_WAITING (parking)
	at jdk.internal.misc.Unsafe.park(java.base@21.0.10/Native Method)
	- parking to wait for  <0x00000007051bfc38> (a java.lang.String)
	at java.util.concurrent.locks.LockSupport.parkNanos(java.base@21.0.10/LockSupport.java:269)
	at net.minecraft.server.MinecraftServer.recordTaskExecutionTimeWhileWaiting(MinecraftServer.java:1242)
	at net.minecraft.server.MinecraftServer.runServer(MinecraftServer.java:1348)
	at net.minecraft.server.MinecraftServer.lambda$spin$2(MinecraftServer.java:388)
	at net.minecraft.server.MinecraftServer$$Lambda/0x00000136a7f55780.run(Unknown Source)
	at java.lang.Thread.runWith(java.base@21.0.10/Thread.java:1596)
	at java.lang.Thread.run(java.base@21.0.10/Thread.java:1583)
=== arm+8234ms ===
"Server thread" #113 [54228] prio=8 os_prio=1 cpu=8812.50ms elapsed=309.20s tid=0x00000136f43bf640 nid=54228 waiting on condition  [0x0000000a8e2fe000]
   java.lang.Thread.State: TIMED_WAITING (parking)
	at jdk.internal.misc.Unsafe.park(java.base@21.0.10/Native Method)
	- parking to wait for  <0x00000007051bfc38> (a java.lang.String)
	at java.util.concurrent.locks.LockSupport.parkNanos(java.base@21.0.10/LockSupport.java:269)
	at net.minecraft.server.MinecraftServer.recordTaskExecutionTimeWhileWaiting(MinecraftServer.java:1242)
	at net.minecraft.server.MinecraftServer.runServer(MinecraftServer.java:1348)
	at net.minecraft.server.MinecraftServer.lambda$spin$2(MinecraftServer.java:388)
	at net.minecraft.server.MinecraftServer$$Lambda/0x00000136a7f55780.run(Unknown Source)
	at java.lang.Thread.runWith(java.base@21.0.10/Thread.java:1596)
	at java.lang.Thread.run(java.base@21.0.10/Thread.java:1583)
=== arm+8500ms ===
"Server thread" #113 [54228] prio=8 os_prio=1 cpu=8828.12ms elapsed=309.45s tid=0x00000136f43bf640 nid=54228 waiting on condition  [0x0000000a8e2fe000]
   java.lang.Thread.State: TIMED_WAITING (parking)
	at jdk.internal.misc.Unsafe.park(java.base@21.0.10/Native Method)
	- parking to wait for  <0x00000007051bfc38> (a java.lang.String)
	at java.util.concurrent.locks.LockSupport.parkNanos(java.base@21.0.10/LockSupport.java:269)
	at net.minecraft.server.MinecraftServer.recordTaskExecutionTimeWhileWaiting(MinecraftServer.java:1242)
	at net.minecraft.server.MinecraftServer.runServer(MinecraftServer.java:1348)
	at net.minecraft.server.MinecraftServer.lambda$spin$2(MinecraftServer.java:388)
	at net.minecraft.server.MinecraftServer$$Lambda/0x00000136a7f55780.run(Unknown Source)
	at java.lang.Thread.runWith(java.base@21.0.10/Thread.java:1596)
	at java.lang.Thread.run(java.base@21.0.10/Thread.java:1583)
=== arm+8767ms ===
"Server thread" #113 [54228] prio=8 os_prio=1 cpu=8828.12ms elapsed=309.72s tid=0x00000136f43bf640 nid=54228 waiting on condition  [0x0000000a8e2fe000]
   java.lang.Thread.State: TIMED_WAITING (parking)
	at jdk.internal.misc.Unsafe.park(java.base@21.0.10/Native Method)
	- parking to wait for  <0x00000007051bfc38> (a java.lang.String)
	at java.util.concurrent.locks.LockSupport.parkNanos(java.base@21.0.10/LockSupport.java:269)
	at net.minecraft.server.MinecraftServer.recordTaskExecutionTimeWhileWaiting(MinecraftServer.java:1242)
	at net.minecraft.server.MinecraftServer.runServer(MinecraftServer.java:1348)
	at net.minecraft.server.MinecraftServer.lambda$spin$2(MinecraftServer.java:388)
	at net.minecraft.server.MinecraftServer$$Lambda/0x00000136a7f55780.run(Unknown Source)
	at java.lang.Thread.runWith(java.base@21.0.10/Thread.java:1596)
	at java.lang.Thread.run(java.base@21.0.10/Thread.java:1583)
=== arm+9029ms ===
"Server thread" #113 [54228] prio=8 os_prio=1 cpu=8828.12ms elapsed=309.99s tid=0x00000136f43bf640 nid=54228 waiting on condition  [0x0000000a8e2fe000]
   java.lang.Thread.State: TIMED_WAITING (parking)
	at jdk.internal.misc.Unsafe.park(java.base@21.0.10/Native Method)
	- parking to wait for  <0x00000007051bfc38> (a java.lang.String)
	at java.util.concurrent.locks.LockSupport.parkNanos(java.base@21.0.10/LockSupport.java:269)
	at net.minecraft.server.MinecraftServer.recordTaskExecutionTimeWhileWaiting(MinecraftServer.java:1242)
	at net.minecraft.server.MinecraftServer.runServer(MinecraftServer.java:1348)
	at net.minecraft.server.MinecraftServer.lambda$spin$2(MinecraftServer.java:388)
	at net.minecraft.server.MinecraftServer$$Lambda/0x00000136a7f55780.run(Unknown Source)
	at java.lang.Thread.runWith(java.base@21.0.10/Thread.java:1596)
	at java.lang.Thread.run(java.base@21.0.10/Thread.java:1583)
=== arm+9293ms ===
"Server thread" #113 [54228] prio=8 os_prio=1 cpu=8843.75ms elapsed=310.25s tid=0x00000136f43bf640 nid=54228 waiting on condition  [0x0000000a8e2fe000]
   java.lang.Thread.State: TIMED_WAITING (parking)
	at jdk.internal.misc.Unsafe.park(java.base@21.0.10/Native Method)
	- parking to wait for  <0x00000007051bfc38> (a java.lang.String)
	at java.util.concurrent.locks.LockSupport.parkNanos(java.base@21.0.10/LockSupport.java:269)
	at net.minecraft.server.MinecraftServer.recordTaskExecutionTimeWhileWaiting(MinecraftServer.java:1242)
	at net.minecraft.server.MinecraftServer.runServer(MinecraftServer.java:1348)
	at net.minecraft.server.MinecraftServer.lambda$spin$2(MinecraftServer.java:388)
	at net.minecraft.server.MinecraftServer$$Lambda/0x00000136a7f55780.run(Unknown Source)
	at java.lang.Thread.runWith(java.base@21.0.10/Thread.java:1596)
	at java.lang.Thread.run(java.base@21.0.10/Thread.java:1583)
=== arm+9570ms ===
"Server thread" #113 [54228] prio=8 os_prio=1 cpu=8843.75ms elapsed=310.52s tid=0x00000136f43bf640 nid=54228 waiting on condition  [0x0000000a8e2fe000]
   java.lang.Thread.State: TIMED_WAITING (parking)
	at jdk.internal.misc.Unsafe.park(java.base@21.0.10/Native Method)
	- parking to wait for  <0x00000007051bfc38> (a java.lang.String)
	at java.util.concurrent.locks.LockSupport.parkNanos(java.base@21.0.10/LockSupport.java:269)
	at net.minecraft.server.MinecraftServer.recordTaskExecutionTimeWhileWaiting(MinecraftServer.java:1242)
	at net.minecraft.server.MinecraftServer.runServer(MinecraftServer.java:1348)
	at net.minecraft.server.MinecraftServer.lambda$spin$2(MinecraftServer.java:388)
	at net.minecraft.server.MinecraftServer$$Lambda/0x00000136a7f55780.run(Unknown Source)
	at java.lang.Thread.runWith(java.base@21.0.10/Thread.java:1596)
	at java.lang.Thread.run(java.base@21.0.10/Thread.java:1583)
=== arm+9837ms ===
"Server thread" #113 [54228] prio=8 os_prio=1 cpu=8875.00ms elapsed=310.79s tid=0x00000136f43bf640 nid=54228 waiting on condition  [0x0000000a8e2fe000]
   java.lang.Thread.State: TIMED_WAITING (parking)
	at jdk.internal.misc.Unsafe.park(java.base@21.0.10/Native Method)
	- parking to wait for  <0x00000007051bfc38> (a java.lang.String)
	at java.util.concurrent.locks.LockSupport.parkNanos(java.base@21.0.10/LockSupport.java:269)
	at net.minecraft.server.MinecraftServer.recordTaskExecutionTimeWhileWaiting(MinecraftServer.java:1242)
	at net.minecraft.server.MinecraftServer.runServer(MinecraftServer.java:1348)
	at net.minecraft.server.MinecraftServer.lambda$spin$2(MinecraftServer.java:388)
	at net.minecraft.server.MinecraftServer$$Lambda/0x00000136a7f55780.run(Unknown Source)
	at java.lang.Thread.runWith(java.base@21.0.10/Thread.java:1596)
	at java.lang.Thread.run(java.base@21.0.10/Thread.java:1583)
=== arm+10100ms ===
"Server thread" #113 [54228] prio=8 os_prio=1 cpu=8890.62ms elapsed=311.06s tid=0x00000136f43bf640 nid=54228 waiting on condition  [0x0000000a8e2fe000]
   java.lang.Thread.State: TIMED_WAITING (parking)
	at jdk.internal.misc.Unsafe.park(java.base@21.0.10/Native Method)
	- parking to wait for  <0x00000007051bfc38> (a java.lang.String)
	at java.util.concurrent.locks.LockSupport.parkNanos(java.base@21.0.10/LockSupport.java:269)
	at net.minecraft.server.MinecraftServer.recordTaskExecutionTimeWhileWaiting(MinecraftServer.java:1242)
	at net.minecraft.server.MinecraftServer.runServer(MinecraftServer.java:1348)
	at net.minecraft.server.MinecraftServer.lambda$spin$2(MinecraftServer.java:388)
	at net.minecraft.server.MinecraftServer$$Lambda/0x00000136a7f55780.run(Unknown Source)
	at java.lang.Thread.runWith(java.base@21.0.10/Thread.java:1596)
	at java.lang.Thread.run(java.base@21.0.10/Thread.java:1583)
=== arm+10379ms ===
"Server thread" #113 [54228] prio=8 os_prio=1 cpu=8890.62ms elapsed=311.32s tid=0x00000136f43bf640 nid=54228 waiting on condition  [0x0000000a8e2fe000]
   java.lang.Thread.State: TIMED_WAITING (parking)
	at jdk.internal.misc.Unsafe.park(java.base@21.0.10/Native Method)
	- parking to wait for  <0x00000007051bfc38> (a java.lang.String)
	at java.util.concurrent.locks.LockSupport.parkNanos(java.base@21.0.10/LockSupport.java:269)
	at net.minecraft.server.MinecraftServer.recordTaskExecutionTimeWhileWaiting(MinecraftServer.java:1242)
	at net.minecraft.server.MinecraftServer.runServer(MinecraftServer.java:1348)
	at net.minecraft.server.MinecraftServer.lambda$spin$2(MinecraftServer.java:388)
	at net.minecraft.server.MinecraftServer$$Lambda/0x00000136a7f55780.run(Unknown Source)
	at java.lang.Thread.runWith(java.base@21.0.10/Thread.java:1596)
	at java.lang.Thread.run(java.base@21.0.10/Thread.java:1583)
=== arm+10642ms ===
"Server thread" #113 [54228] prio=8 os_prio=1 cpu=8906.25ms elapsed=311.61s tid=0x00000136f43bf640 nid=54228 waiting on condition  [0x0000000a8e2fe000]
   java.lang.Thread.State: TIMED_WAITING (parking)
	at jdk.internal.misc.Unsafe.park(java.base@21.0.10/Native Method)
	- parking to wait for  <0x00000007051bfc38> (a java.lang.String)
	at java.util.concurrent.locks.LockSupport.parkNanos(java.base@21.0.10/LockSupport.java:269)
	at net.minecraft.server.MinecraftServer.recordTaskExecutionTimeWhileWaiting(MinecraftServer.java:1242)
	at net.minecraft.server.MinecraftServer.runServer(MinecraftServer.java:1348)
	at net.minecraft.server.MinecraftServer.lambda$spin$2(MinecraftServer.java:388)
	at net.minecraft.server.MinecraftServer$$Lambda/0x00000136a7f55780.run(Unknown Source)
	at java.lang.Thread.runWith(java.base@21.0.10/Thread.java:1596)
	at java.lang.Thread.run(java.base@21.0.10/Thread.java:1583)
=== arm+10905ms ===
"Server thread" #113 [54228] prio=8 os_prio=1 cpu=8906.25ms elapsed=311.86s tid=0x00000136f43bf640 nid=54228 waiting on condition  [0x0000000a8e2fe000]
   java.lang.Thread.State: TIMED_WAITING (parking)
	at jdk.internal.misc.Unsafe.park(java.base@21.0.10/Native Method)
	- parking to wait for  <0x00000007051bfc38> (a java.lang.String)
	at java.util.concurrent.locks.LockSupport.parkNanos(java.base@21.0.10/LockSupport.java:269)
	at net.minecraft.server.MinecraftServer.recordTaskExecutionTimeWhileWaiting(MinecraftServer.java:1242)
	at net.minecraft.server.MinecraftServer.runServer(MinecraftServer.java:1348)
	at net.minecraft.server.MinecraftServer.lambda$spin$2(MinecraftServer.java:388)
	at net.minecraft.server.MinecraftServer$$Lambda/0x00000136a7f55780.run(Unknown Source)
	at java.lang.Thread.runWith(java.base@21.0.10/Thread.java:1596)
	at java.lang.Thread.run(java.base@21.0.10/Thread.java:1583)
=== arm+11166ms ===
"Server thread" #113 [54228] prio=8 os_prio=1 cpu=8921.88ms elapsed=312.13s tid=0x00000136f43bf640 nid=54228 waiting on condition  [0x0000000a8e2fe000]
   java.lang.Thread.State: TIMED_WAITING (parking)
	at jdk.internal.misc.Unsafe.park(java.base@21.0.10/Native Method)
	- parking to wait for  <0x00000007051bfc38> (a java.lang.String)
	at java.util.concurrent.locks.LockSupport.parkNanos(java.base@21.0.10/LockSupport.java:269)
	at net.minecraft.server.MinecraftServer.recordTaskExecutionTimeWhileWaiting(MinecraftServer.java:1242)
	at net.minecraft.server.MinecraftServer.runServer(MinecraftServer.java:1348)
	at net.minecraft.server.MinecraftServer.lambda$spin$2(MinecraftServer.java:388)
	at net.minecraft.server.MinecraftServer$$Lambda/0x00000136a7f55780.run(Unknown Source)
	at java.lang.Thread.runWith(java.base@21.0.10/Thread.java:1596)
	at java.lang.Thread.run(java.base@21.0.10/Thread.java:1583)
=== arm+11434ms ===
"Server thread" #113 [54228] prio=8 os_prio=1 cpu=8921.88ms elapsed=312.40s tid=0x00000136f43bf640 nid=54228 waiting on condition  [0x0000000a8e2fe000]
   java.lang.Thread.State: TIMED_WAITING (parking)
	at jdk.internal.misc.Unsafe.park(java.base@21.0.10/Native Method)
	- parking to wait for  <0x00000007051bfc38> (a java.lang.String)
	at java.util.concurrent.locks.LockSupport.parkNanos(java.base@21.0.10/LockSupport.java:269)
	at net.minecraft.server.MinecraftServer.recordTaskExecutionTimeWhileWaiting(MinecraftServer.java:1242)
	at net.minecraft.server.MinecraftServer.runServer(MinecraftServer.java:1348)
	at net.minecraft.server.MinecraftServer.lambda$spin$2(MinecraftServer.java:388)
	at net.minecraft.server.MinecraftServer$$Lambda/0x00000136a7f55780.run(Unknown Source)
	at java.lang.Thread.runWith(java.base@21.0.10/Thread.java:1596)
	at java.lang.Thread.run(java.base@21.0.10/Thread.java:1583)
=== arm+11697ms ===
"Server thread" #113 [54228] prio=8 os_prio=1 cpu=8921.88ms elapsed=312.66s tid=0x00000136f43bf640 nid=54228 waiting on condition  [0x0000000a8e2fe000]
   java.lang.Thread.State: TIMED_WAITING (parking)
	at jdk.internal.misc.Unsafe.park(java.base@21.0.10/Native Method)
	- parking to wait for  <0x00000007051bfc38> (a java.lang.String)
	at java.util.concurrent.locks.LockSupport.parkNanos(java.base@21.0.10/LockSupport.java:269)
	at net.minecraft.server.MinecraftServer.recordTaskExecutionTimeWhileWaiting(MinecraftServer.java:1242)
	at net.minecraft.server.MinecraftServer.runServer(MinecraftServer.java:1348)
	at net.minecraft.server.MinecraftServer.lambda$spin$2(MinecraftServer.java:388)
	at net.minecraft.server.MinecraftServer$$Lambda/0x00000136a7f55780.run(Unknown Source)
	at java.lang.Thread.runWith(java.base@21.0.10/Thread.java:1596)
	at java.lang.Thread.run(java.base@21.0.10/Thread.java:1583)
=== arm+11962ms ===
"Server thread" #113 [54228] prio=8 os_prio=1 cpu=8921.88ms elapsed=312.93s tid=0x00000136f43bf640 nid=54228 waiting on condition  [0x0000000a8e2fe000]
   java.lang.Thread.State: TIMED_WAITING (parking)
	at jdk.internal.misc.Unsafe.park(java.base@21.0.10/Native Method)
	- parking to wait for  <0x00000007051bfc38> (a java.lang.String)
	at java.util.concurrent.locks.LockSupport.parkNanos(java.base@21.0.10/LockSupport.java:269)
	at net.minecraft.server.MinecraftServer.recordTaskExecutionTimeWhileWaiting(MinecraftServer.java:1242)
	at net.minecraft.server.MinecraftServer.runServer(MinecraftServer.java:1348)
	at net.minecraft.server.MinecraftServer.lambda$spin$2(MinecraftServer.java:388)
	at net.minecraft.server.MinecraftServer$$Lambda/0x00000136a7f55780.run(Unknown Source)
	at java.lang.Thread.runWith(java.base@21.0.10/Thread.java:1596)
	at java.lang.Thread.run(java.base@21.0.10/Thread.java:1583)
=== arm+12227ms ===
"Server thread" #113 [54228] prio=8 os_prio=1 cpu=8921.88ms elapsed=313.19s tid=0x00000136f43bf640 nid=54228 waiting on condition  [0x0000000a8e2fe000]
   java.lang.Thread.State: TIMED_WAITING (parking)
	at jdk.internal.misc.Unsafe.park(java.base@21.0.10/Native Method)
	- parking to wait for  <0x00000007051bfc38> (a java.lang.String)
	at java.util.concurrent.locks.LockSupport.parkNanos(java.base@21.0.10/LockSupport.java:269)
	at net.minecraft.server.MinecraftServer.recordTaskExecutionTimeWhileWaiting(MinecraftServer.java:1242)
	at net.minecraft.server.MinecraftServer.runServer(MinecraftServer.java:1348)
	at net.minecraft.server.MinecraftServer.lambda$spin$2(MinecraftServer.java:388)
	at net.minecraft.server.MinecraftServer$$Lambda/0x00000136a7f55780.run(Unknown Source)
	at java.lang.Thread.runWith(java.base@21.0.10/Thread.java:1596)
	at java.lang.Thread.run(java.base@21.0.10/Thread.java:1583)
=== arm+12489ms ===
"Server thread" #113 [54228] prio=8 os_prio=1 cpu=8921.88ms elapsed=313.45s tid=0x00000136f43bf640 nid=54228 waiting on condition  [0x0000000a8e2fe000]
   java.lang.Thread.State: TIMED_WAITING (parking)
	at jdk.internal.misc.Unsafe.park(java.base@21.0.10/Native Method)
	- parking to wait for  <0x00000007051bfc38> (a java.lang.String)
	at java.util.concurrent.locks.LockSupport.parkNanos(java.base@21.0.10/LockSupport.java:269)
	at net.minecraft.server.MinecraftServer.recordTaskExecutionTimeWhileWaiting(MinecraftServer.java:1242)
	at net.minecraft.server.MinecraftServer.runServer(MinecraftServer.java:1348)
	at net.minecraft.server.MinecraftServer.lambda$spin$2(MinecraftServer.java:388)
	at net.minecraft.server.MinecraftServer$$Lambda/0x00000136a7f55780.run(Unknown Source)
	at java.lang.Thread.runWith(java.base@21.0.10/Thread.java:1596)
	at java.lang.Thread.run(java.base@21.0.10/Thread.java:1583)
=== arm+12754ms ===
"Server thread" #113 [54228] prio=8 os_prio=1 cpu=8937.50ms elapsed=313.71s tid=0x00000136f43bf640 nid=54228 waiting on condition  [0x0000000a8e2fe000]
   java.lang.Thread.State: TIMED_WAITING (parking)
	at jdk.internal.misc.Unsafe.park(java.base@21.0.10/Native Method)
	- parking to wait for  <0x00000007051bfc38> (a java.lang.String)
	at java.util.concurrent.locks.LockSupport.parkNanos(java.base@21.0.10/LockSupport.java:269)
	at net.minecraft.server.MinecraftServer.recordTaskExecutionTimeWhileWaiting(MinecraftServer.java:1242)
	at net.minecraft.server.MinecraftServer.runServer(MinecraftServer.java:1348)
	at net.minecraft.server.MinecraftServer.lambda$spin$2(MinecraftServer.java:388)
	at net.minecraft.server.MinecraftServer$$Lambda/0x00000136a7f55780.run(Unknown Source)
	at java.lang.Thread.runWith(java.base@21.0.10/Thread.java:1596)
	at java.lang.Thread.run(java.base@21.0.10/Thread.java:1583)
=== arm+13015ms ===
"Server thread" #113 [54228] prio=8 os_prio=1 cpu=8953.12ms elapsed=313.97s tid=0x00000136f43bf640 nid=54228 waiting on condition  [0x0000000a8e2fe000]
   java.lang.Thread.State: TIMED_WAITING (parking)
	at jdk.internal.misc.Unsafe.park(java.base@21.0.10/Native Method)
	- parking to wait for  <0x00000007051bfc38> (a java.lang.String)
	at java.util.concurrent.locks.LockSupport.parkNanos(java.base@21.0.10/LockSupport.java:269)
	at net.minecraft.server.MinecraftServer.recordTaskExecutionTimeWhileWaiting(MinecraftServer.java:1242)
	at net.minecraft.server.MinecraftServer.runServer(MinecraftServer.java:1348)
	at net.minecraft.server.MinecraftServer.lambda$spin$2(MinecraftServer.java:388)
	at net.minecraft.server.MinecraftServer$$Lambda/0x00000136a7f55780.run(Unknown Source)
	at java.lang.Thread.runWith(java.base@21.0.10/Thread.java:1596)
	at java.lang.Thread.run(java.base@21.0.10/Thread.java:1583)
=== arm+13280ms ===
"Server thread" #113 [54228] prio=8 os_prio=1 cpu=8953.12ms elapsed=314.24s tid=0x00000136f43bf640 nid=54228 waiting on condition  [0x0000000a8e2fe000]
   java.lang.Thread.State: TIMED_WAITING (parking)
	at jdk.internal.misc.Unsafe.park(java.base@21.0.10/Native Method)
	- parking to wait for  <0x00000007051bfc38> (a java.lang.String)
	at java.util.concurrent.locks.LockSupport.parkNanos(java.base@21.0.10/LockSupport.java:269)
	at net.minecraft.server.MinecraftServer.recordTaskExecutionTimeWhileWaiting(MinecraftServer.java:1242)
	at net.minecraft.server.MinecraftServer.runServer(MinecraftServer.java:1348)
	at net.minecraft.server.MinecraftServer.lambda$spin$2(MinecraftServer.java:388)
	at net.minecraft.server.MinecraftServer$$Lambda/0x00000136a7f55780.run(Unknown Source)
	at java.lang.Thread.runWith(java.base@21.0.10/Thread.java:1596)
	at java.lang.Thread.run(java.base@21.0.10/Thread.java:1583)
=== arm+13543ms ===
"Server thread" #113 [54228] prio=8 os_prio=1 cpu=8968.75ms elapsed=314.50s tid=0x00000136f43bf640 nid=54228 waiting on condition  [0x0000000a8e2fe000]
   java.lang.Thread.State: TIMED_WAITING (parking)
	at jdk.internal.misc.Unsafe.park(java.base@21.0.10/Native Method)
	- parking to wait for  <0x00000007051bfc38> (a java.lang.String)
	at java.util.concurrent.locks.LockSupport.parkNanos(java.base@21.0.10/LockSupport.java:269)
	at net.minecraft.server.MinecraftServer.recordTaskExecutionTimeWhileWaiting(MinecraftServer.java:1242)
	at net.minecraft.server.MinecraftServer.runServer(MinecraftServer.java:1348)
	at net.minecraft.server.MinecraftServer.lambda$spin$2(MinecraftServer.java:388)
	at net.minecraft.server.MinecraftServer$$Lambda/0x00000136a7f55780.run(Unknown Source)
	at java.lang.Thread.runWith(java.base@21.0.10/Thread.java:1596)
	at java.lang.Thread.run(java.base@21.0.10/Thread.java:1583)
=== arm+13793ms ===
"Server thread" #113 [54228] prio=8 os_prio=1 cpu=8968.75ms elapsed=314.76s tid=0x00000136f43bf640 nid=54228 waiting on condition  [0x0000000a8e2fe000]
   java.lang.Thread.State: TIMED_WAITING (parking)
	at jdk.internal.misc.Unsafe.park(java.base@21.0.10/Native Method)
	- parking to wait for  <0x00000007051bfc38> (a java.lang.String)
	at java.util.concurrent.locks.LockSupport.parkNanos(java.base@21.0.10/LockSupport.java:269)
	at net.minecraft.server.MinecraftServer.recordTaskExecutionTimeWhileWaiting(MinecraftServer.java:1242)
	at net.minecraft.server.MinecraftServer.runServer(MinecraftServer.java:1348)
	at net.minecraft.server.MinecraftServer.lambda$spin$2(MinecraftServer.java:388)
	at net.minecraft.server.MinecraftServer$$Lambda/0x00000136a7f55780.run(Unknown Source)
	at java.lang.Thread.runWith(java.base@21.0.10/Thread.java:1596)
	at java.lang.Thread.run(java.base@21.0.10/Thread.java:1583)
=== arm+14041ms ===
"Server thread" #113 [54228] prio=8 os_prio=1 cpu=8968.75ms elapsed=315.01s tid=0x00000136f43bf640 nid=54228 waiting on condition  [0x0000000a8e2fe000]
   java.lang.Thread.State: TIMED_WAITING (parking)
	at jdk.internal.misc.Unsafe.park(java.base@21.0.10/Native Method)
	- parking to wait for  <0x00000007051bfc38> (a java.lang.String)
	at java.util.concurrent.locks.LockSupport.parkNanos(java.base@21.0.10/LockSupport.java:269)
	at net.minecraft.server.MinecraftServer.recordTaskExecutionTimeWhileWaiting(MinecraftServer.java:1242)
	at net.minecraft.server.MinecraftServer.runServer(MinecraftServer.java:1348)
	at net.minecraft.server.MinecraftServer.lambda$spin$2(MinecraftServer.java:388)
	at net.minecraft.server.MinecraftServer$$Lambda/0x00000136a7f55780.run(Unknown Source)
	at java.lang.Thread.runWith(java.base@21.0.10/Thread.java:1596)
	at java.lang.Thread.run(java.base@21.0.10/Thread.java:1583)
=== arm+14290ms ===
"Server thread" #113 [54228] prio=8 os_prio=1 cpu=8968.75ms elapsed=315.26s tid=0x00000136f43bf640 nid=54228 waiting on condition  [0x0000000a8e2fe000]
   java.lang.Thread.State: TIMED_WAITING (parking)
	at jdk.internal.misc.Unsafe.park(java.base@21.0.10/Native Method)
	- parking to wait for  <0x00000007051bfc38> (a java.lang.String)
	at java.util.concurrent.locks.LockSupport.parkNanos(java.base@21.0.10/LockSupport.java:269)
	at net.minecraft.server.MinecraftServer.recordTaskExecutionTimeWhileWaiting(MinecraftServer.java:1242)
	at net.minecraft.server.MinecraftServer.runServer(MinecraftServer.java:1348)
	at net.minecraft.server.MinecraftServer.lambda$spin$2(MinecraftServer.java:388)
	at net.minecraft.server.MinecraftServer$$Lambda/0x00000136a7f55780.run(Unknown Source)
	at java.lang.Thread.runWith(java.base@21.0.10/Thread.java:1596)
	at java.lang.Thread.run(java.base@21.0.10/Thread.java:1583)
=== arm+14559ms ===
"Server thread" #113 [54228] prio=8 os_prio=1 cpu=8968.75ms elapsed=315.51s tid=0x00000136f43bf640 nid=54228 waiting on condition  [0x0000000a8e2fe000]
   java.lang.Thread.State: TIMED_WAITING (parking)
	at jdk.internal.misc.Unsafe.park(java.base@21.0.10/Native Method)
	- parking to wait for  <0x00000007051bfc38> (a java.lang.String)
	at java.util.concurrent.locks.LockSupport.parkNanos(java.base@21.0.10/LockSupport.java:269)
	at net.minecraft.server.MinecraftServer.recordTaskExecutionTimeWhileWaiting(MinecraftServer.java:1242)
	at net.minecraft.server.MinecraftServer.runServer(MinecraftServer.java:1348)
	at net.minecraft.server.MinecraftServer.lambda$spin$2(MinecraftServer.java:388)
	at net.minecraft.server.MinecraftServer$$Lambda/0x00000136a7f55780.run(Unknown Source)
	at java.lang.Thread.runWith(java.base@21.0.10/Thread.java:1596)
	at java.lang.Thread.run(java.base@21.0.10/Thread.java:1583)
=== arm+14805ms ===
"Server thread" #113 [54228] prio=8 os_prio=1 cpu=8968.75ms elapsed=315.77s tid=0x00000136f43bf640 nid=54228 waiting on condition  [0x0000000a8e2fe000]
   java.lang.Thread.State: TIMED_WAITING (parking)
	at jdk.internal.misc.Unsafe.park(java.base@21.0.10/Native Method)
	- parking to wait for  <0x00000007051bfc38> (a java.lang.String)
	at java.util.concurrent.locks.LockSupport.parkNanos(java.base@21.0.10/LockSupport.java:269)
	at net.minecraft.server.MinecraftServer.recordTaskExecutionTimeWhileWaiting(MinecraftServer.java:1242)
	at net.minecraft.server.MinecraftServer.runServer(MinecraftServer.java:1348)
	at net.minecraft.server.MinecraftServer.lambda$spin$2(MinecraftServer.java:388)
	at net.minecraft.server.MinecraftServer$$Lambda/0x00000136a7f55780.run(Unknown Source)
	at java.lang.Thread.runWith(java.base@21.0.10/Thread.java:1596)
	at java.lang.Thread.run(java.base@21.0.10/Thread.java:1583)
=== arm+15070ms ===
"Server thread" #113 [54228] prio=8 os_prio=1 cpu=8968.75ms elapsed=316.03s tid=0x00000136f43bf640 nid=54228 waiting on condition  [0x0000000a8e2fe000]
   java.lang.Thread.State: TIMED_WAITING (parking)
	at jdk.internal.misc.Unsafe.park(java.base@21.0.10/Native Method)
	- parking to wait for  <0x00000007051bfc38> (a java.lang.String)
	at java.util.concurrent.locks.LockSupport.parkNanos(java.base@21.0.10/LockSupport.java:269)
	at net.minecraft.server.MinecraftServer.recordTaskExecutionTimeWhileWaiting(MinecraftServer.java:1242)
	at net.minecraft.server.MinecraftServer.runServer(MinecraftServer.java:1348)
	at net.minecraft.server.MinecraftServer.lambda$spin$2(MinecraftServer.java:388)
	at net.minecraft.server.MinecraftServer$$Lambda/0x00000136a7f55780.run(Unknown Source)
	at java.lang.Thread.runWith(java.base@21.0.10/Thread.java:1596)
	at java.lang.Thread.run(java.base@21.0.10/Thread.java:1583)
=== arm+15344ms ===
"Server thread" #113 [54228] prio=8 os_prio=1 cpu=8968.75ms elapsed=316.30s tid=0x00000136f43bf640 nid=54228 waiting on condition  [0x0000000a8e2fe000]
   java.lang.Thread.State: TIMED_WAITING (parking)
	at jdk.internal.misc.Unsafe.park(java.base@21.0.10/Native Method)
	- parking to wait for  <0x00000007051bfc38> (a java.lang.String)
	at java.util.concurrent.locks.LockSupport.parkNanos(java.base@21.0.10/LockSupport.java:269)
	at net.minecraft.server.MinecraftServer.recordTaskExecutionTimeWhileWaiting(MinecraftServer.java:1242)
	at net.minecraft.server.MinecraftServer.runServer(MinecraftServer.java:1348)
	at net.minecraft.server.MinecraftServer.lambda$spin$2(MinecraftServer.java:388)
	at net.minecraft.server.MinecraftServer$$Lambda/0x00000136a7f55780.run(Unknown Source)
	at java.lang.Thread.runWith(java.base@21.0.10/Thread.java:1596)
	at java.lang.Thread.run(java.base@21.0.10/Thread.java:1583)
=== arm+15596ms ===
"Server thread" #113 [54228] prio=8 os_prio=1 cpu=8984.38ms elapsed=316.55s tid=0x00000136f43bf640 nid=54228 waiting on condition  [0x0000000a8e2fe000]
   java.lang.Thread.State: TIMED_WAITING (parking)
	at jdk.internal.misc.Unsafe.park(java.base@21.0.10/Native Method)
	- parking to wait for  <0x00000007051bfc38> (a java.lang.String)
	at java.util.concurrent.locks.LockSupport.parkNanos(java.base@21.0.10/LockSupport.java:269)
	at net.minecraft.server.MinecraftServer.recordTaskExecutionTimeWhileWaiting(MinecraftServer.java:1242)
	at net.minecraft.server.MinecraftServer.runServer(MinecraftServer.java:1348)
	at net.minecraft.server.MinecraftServer.lambda$spin$2(MinecraftServer.java:388)
	at net.minecraft.server.MinecraftServer$$Lambda/0x00000136a7f55780.run(Unknown Source)
	at java.lang.Thread.runWith(java.base@21.0.10/Thread.java:1596)
	at java.lang.Thread.run(java.base@21.0.10/Thread.java:1583)
=== arm+182ms ===
"Server thread" #113 [54228] prio=8 os_prio=1 cpu=13671.88ms elapsed=601.15s tid=0x00000136f43bf640 nid=54228 waiting on condition  [0x0000000a8e2fe000]
   java.lang.Thread.State: TIMED_WAITING (parking)
	at jdk.internal.misc.Unsafe.park(java.base@21.0.10/Native Method)
	- parking to wait for  <0x00000007051bfc38> (a java.lang.String)
	at java.util.concurrent.locks.LockSupport.parkNanos(java.base@21.0.10/LockSupport.java:269)
	at net.minecraft.server.MinecraftServer.recordTaskExecutionTimeWhileWaiting(MinecraftServer.java:1242)
	at net.minecraft.server.MinecraftServer.runServer(MinecraftServer.java:1348)
	at net.minecraft.server.MinecraftServer.lambda$spin$2(MinecraftServer.java:388)
	at net.minecraft.server.MinecraftServer$$Lambda/0x00000136a7f55780.run(Unknown Source)
	at java.lang.Thread.runWith(java.base@21.0.10/Thread.java:1596)
	at java.lang.Thread.run(java.base@21.0.10/Thread.java:1583)
=== arm+427ms ===
"Server thread" #113 [54228] prio=8 os_prio=1 cpu=13671.88ms elapsed=601.39s tid=0x00000136f43bf640 nid=54228 waiting on condition  [0x0000000a8e2fe000]
   java.lang.Thread.State: TIMED_WAITING (parking)
	at jdk.internal.misc.Unsafe.park(java.base@21.0.10/Native Method)
	- parking to wait for  <0x00000007051bfc38> (a java.lang.String)
	at java.util.concurrent.locks.LockSupport.parkNanos(java.base@21.0.10/LockSupport.java:269)
	at net.minecraft.server.MinecraftServer.recordTaskExecutionTimeWhileWaiting(MinecraftServer.java:1242)
	at net.minecraft.server.MinecraftServer.runServer(MinecraftServer.java:1348)
	at net.minecraft.server.MinecraftServer.lambda$spin$2(MinecraftServer.java:388)
	at net.minecraft.server.MinecraftServer$$Lambda/0x00000136a7f55780.run(Unknown Source)
	at java.lang.Thread.runWith(java.base@21.0.10/Thread.java:1596)
	at java.lang.Thread.run(java.base@21.0.10/Thread.java:1583)
=== arm+675ms ===
"Server thread" #113 [54228] prio=8 os_prio=1 cpu=13671.88ms elapsed=601.64s tid=0x00000136f43bf640 nid=54228 waiting on condition  [0x0000000a8e2fe000]
   java.lang.Thread.State: TIMED_WAITING (parking)
	at jdk.internal.misc.Unsafe.park(java.base@21.0.10/Native Method)
	- parking to wait for  <0x00000007051bfc38> (a java.lang.String)
	at java.util.concurrent.locks.LockSupport.parkNanos(java.base@21.0.10/LockSupport.java:269)
	at net.minecraft.server.MinecraftServer.recordTaskExecutionTimeWhileWaiting(MinecraftServer.java:1242)
	at net.minecraft.server.MinecraftServer.runServer(MinecraftServer.java:1348)
	at net.minecraft.server.MinecraftServer.lambda$spin$2(MinecraftServer.java:388)
	at net.minecraft.server.MinecraftServer$$Lambda/0x00000136a7f55780.run(Unknown Source)
	at java.lang.Thread.runWith(java.base@21.0.10/Thread.java:1596)
	at java.lang.Thread.run(java.base@21.0.10/Thread.java:1583)
=== arm+924ms ===
"Server thread" #113 [54228] prio=8 os_prio=1 cpu=13687.50ms elapsed=601.89s tid=0x00000136f43bf640 nid=54228 waiting on condition  [0x0000000a8e2fe000]
   java.lang.Thread.State: TIMED_WAITING (parking)
	at jdk.internal.misc.Unsafe.park(java.base@21.0.10/Native Method)
	- parking to wait for  <0x00000007051bfc38> (a java.lang.String)
	at java.util.concurrent.locks.LockSupport.parkNanos(java.base@21.0.10/LockSupport.java:269)
	at net.minecraft.server.MinecraftServer.recordTaskExecutionTimeWhileWaiting(MinecraftServer.java:1242)
	at net.minecraft.server.MinecraftServer.runServer(MinecraftServer.java:1348)
	at net.minecraft.server.MinecraftServer.lambda$spin$2(MinecraftServer.java:388)
	at net.minecraft.server.MinecraftServer$$Lambda/0x00000136a7f55780.run(Unknown Source)
	at java.lang.Thread.runWith(java.base@21.0.10/Thread.java:1596)
	at java.lang.Thread.run(java.base@21.0.10/Thread.java:1583)
=== arm+1172ms ===
"Server thread" #113 [54228] prio=8 os_prio=1 cpu=13687.50ms elapsed=602.14s tid=0x00000136f43bf640 nid=54228 waiting on condition  [0x0000000a8e2fe000]
   java.lang.Thread.State: TIMED_WAITING (parking)
	at jdk.internal.misc.Unsafe.park(java.base@21.0.10/Native Method)
	- parking to wait for  <0x00000007051bfc38> (a java.lang.String)
	at java.util.concurrent.locks.LockSupport.parkNanos(java.base@21.0.10/LockSupport.java:269)
	at net.minecraft.server.MinecraftServer.recordTaskExecutionTimeWhileWaiting(MinecraftServer.java:1242)
	at net.minecraft.server.MinecraftServer.runServer(MinecraftServer.java:1348)
	at net.minecraft.server.MinecraftServer.lambda$spin$2(MinecraftServer.java:388)
	at net.minecraft.server.MinecraftServer$$Lambda/0x00000136a7f55780.run(Unknown Source)
	at java.lang.Thread.runWith(java.base@21.0.10/Thread.java:1596)
	at java.lang.Thread.run(java.base@21.0.10/Thread.java:1583)
=== arm+1436ms ===
"Server thread" #113 [54228] prio=8 os_prio=1 cpu=13687.50ms elapsed=602.39s tid=0x00000136f43bf640 nid=54228 waiting on condition  [0x0000000a8e2fe000]
   java.lang.Thread.State: TIMED_WAITING (parking)
	at jdk.internal.misc.Unsafe.park(java.base@21.0.10/Native Method)
	- parking to wait for  <0x00000007051bfc38> (a java.lang.String)
	at java.util.concurrent.locks.LockSupport.parkNanos(java.base@21.0.10/LockSupport.java:269)
	at net.minecraft.server.MinecraftServer.recordTaskExecutionTimeWhileWaiting(MinecraftServer.java:1242)
	at net.minecraft.server.MinecraftServer.runServer(MinecraftServer.java:1348)
	at net.minecraft.server.MinecraftServer.lambda$spin$2(MinecraftServer.java:388)
	at net.minecraft.server.MinecraftServer$$Lambda/0x00000136a7f55780.run(Unknown Source)
	at java.lang.Thread.runWith(java.base@21.0.10/Thread.java:1596)
	at java.lang.Thread.run(java.base@21.0.10/Thread.java:1583)
=== arm+1703ms ===
"Server thread" #113 [54228] prio=8 os_prio=1 cpu=13687.50ms elapsed=602.66s tid=0x00000136f43bf640 nid=54228 waiting on condition  [0x0000000a8e2fe000]
   java.lang.Thread.State: TIMED_WAITING (parking)
	at jdk.internal.misc.Unsafe.park(java.base@21.0.10/Native Method)
	- parking to wait for  <0x00000007051bfc38> (a java.lang.String)
	at java.util.concurrent.locks.LockSupport.parkNanos(java.base@21.0.10/LockSupport.java:269)
	at net.minecraft.server.MinecraftServer.recordTaskExecutionTimeWhileWaiting(MinecraftServer.java:1242)
	at net.minecraft.server.MinecraftServer.runServer(MinecraftServer.java:1348)
	at net.minecraft.server.MinecraftServer.lambda$spin$2(MinecraftServer.java:388)
	at net.minecraft.server.MinecraftServer$$Lambda/0x00000136a7f55780.run(Unknown Source)
	at java.lang.Thread.runWith(java.base@21.0.10/Thread.java:1596)
	at java.lang.Thread.run(java.base@21.0.10/Thread.java:1583)
=== arm+1965ms ===
"Server thread" #113 [54228] prio=8 os_prio=1 cpu=13703.12ms elapsed=602.93s tid=0x00000136f43bf640 nid=54228 waiting on condition  [0x0000000a8e2fe000]
   java.lang.Thread.State: TIMED_WAITING (parking)
	at jdk.internal.misc.Unsafe.park(java.base@21.0.10/Native Method)
	- parking to wait for  <0x00000007051bfc38> (a java.lang.String)
	at java.util.concurrent.locks.LockSupport.parkNanos(java.base@21.0.10/LockSupport.java:269)
	at net.minecraft.server.MinecraftServer.recordTaskExecutionTimeWhileWaiting(MinecraftServer.java:1242)
	at net.minecraft.server.MinecraftServer.runServer(MinecraftServer.java:1348)
	at net.minecraft.server.MinecraftServer.lambda$spin$2(MinecraftServer.java:388)
	at net.minecraft.server.MinecraftServer$$Lambda/0x00000136a7f55780.run(Unknown Source)
	at java.lang.Thread.runWith(java.base@21.0.10/Thread.java:1596)
	at java.lang.Thread.run(java.base@21.0.10/Thread.java:1583)
=== arm+2230ms ===
"Server thread" #113 [54228] prio=8 os_prio=1 cpu=13703.12ms elapsed=603.19s tid=0x00000136f43bf640 nid=54228 waiting on condition  [0x0000000a8e2fe000]
   java.lang.Thread.State: TIMED_WAITING (parking)
	at jdk.internal.misc.Unsafe.park(java.base@21.0.10/Native Method)
	- parking to wait for  <0x00000007051bfc38> (a java.lang.String)
	at java.util.concurrent.locks.LockSupport.parkNanos(java.base@21.0.10/LockSupport.java:269)
	at net.minecraft.server.MinecraftServer.recordTaskExecutionTimeWhileWaiting(MinecraftServer.java:1242)
	at net.minecraft.server.MinecraftServer.runServer(MinecraftServer.java:1348)
	at net.minecraft.server.MinecraftServer.lambda$spin$2(MinecraftServer.java:388)
	at net.minecraft.server.MinecraftServer$$Lambda/0x00000136a7f55780.run(Unknown Source)
	at java.lang.Thread.runWith(java.base@21.0.10/Thread.java:1596)
	at java.lang.Thread.run(java.base@21.0.10/Thread.java:1583)
=== arm+2507ms ===
"Server thread" #113 [54228] prio=8 os_prio=1 cpu=13703.12ms elapsed=603.45s tid=0x00000136f43bf640 nid=54228 waiting on condition  [0x0000000a8e2fe000]
   java.lang.Thread.State: TIMED_WAITING (parking)
	at jdk.internal.misc.Unsafe.park(java.base@21.0.10/Native Method)
	- parking to wait for  <0x00000007051bfc38> (a java.lang.String)
	at java.util.concurrent.locks.LockSupport.parkNanos(java.base@21.0.10/LockSupport.java:269)
	at net.minecraft.server.MinecraftServer.recordTaskExecutionTimeWhileWaiting(MinecraftServer.java:1242)
	at net.minecraft.server.MinecraftServer.runServer(MinecraftServer.java:1348)
	at net.minecraft.server.MinecraftServer.lambda$spin$2(MinecraftServer.java:388)
	at net.minecraft.server.MinecraftServer$$Lambda/0x00000136a7f55780.run(Unknown Source)
	at java.lang.Thread.runWith(java.base@21.0.10/Thread.java:1596)
	at java.lang.Thread.run(java.base@21.0.10/Thread.java:1583)
=== arm+2745ms ===
"Server thread" #113 [54228] prio=8 os_prio=1 cpu=13703.12ms elapsed=603.71s tid=0x00000136f43bf640 nid=54228 waiting on condition  [0x0000000a8e2fe000]
   java.lang.Thread.State: TIMED_WAITING (parking)
	at jdk.internal.misc.Unsafe.park(java.base@21.0.10/Native Method)
	- parking to wait for  <0x00000007051bfc38> (a java.lang.String)
	at java.util.concurrent.locks.LockSupport.parkNanos(java.base@21.0.10/LockSupport.java:269)
	at net.minecraft.server.MinecraftServer.recordTaskExecutionTimeWhileWaiting(MinecraftServer.java:1242)
	at net.minecraft.server.MinecraftServer.runServer(MinecraftServer.java:1348)
	at net.minecraft.server.MinecraftServer.lambda$spin$2(MinecraftServer.java:388)
	at net.minecraft.server.MinecraftServer$$Lambda/0x00000136a7f55780.run(Unknown Source)
	at java.lang.Thread.runWith(java.base@21.0.10/Thread.java:1596)
	at java.lang.Thread.run(java.base@21.0.10/Thread.java:1583)
=== arm+3014ms ===
"Server thread" #113 [54228] prio=8 os_prio=1 cpu=13703.12ms elapsed=603.97s tid=0x00000136f43bf640 nid=54228 waiting on condition  [0x0000000a8e2fe000]
   java.lang.Thread.State: TIMED_WAITING (parking)
	at jdk.internal.misc.Unsafe.park(java.base@21.0.10/Native Method)
	- parking to wait for  <0x00000007051bfc38> (a java.lang.String)
	at java.util.concurrent.locks.LockSupport.parkNanos(java.base@21.0.10/LockSupport.java:269)
	at net.minecraft.server.MinecraftServer.recordTaskExecutionTimeWhileWaiting(MinecraftServer.java:1242)
	at net.minecraft.server.MinecraftServer.runServer(MinecraftServer.java:1348)
	at net.minecraft.server.MinecraftServer.lambda$spin$2(MinecraftServer.java:388)
	at net.minecraft.server.MinecraftServer$$Lambda/0x00000136a7f55780.run(Unknown Source)
	at java.lang.Thread.runWith(java.base@21.0.10/Thread.java:1596)
	at java.lang.Thread.run(java.base@21.0.10/Thread.java:1583)
=== arm+3257ms ===
"Server thread" #113 [54228] prio=8 os_prio=1 cpu=13703.12ms elapsed=604.23s tid=0x00000136f43bf640 nid=54228 waiting on condition  [0x0000000a8e2fe000]
   java.lang.Thread.State: TIMED_WAITING (parking)
	at jdk.internal.misc.Unsafe.park(java.base@21.0.10/Native Method)
	- parking to wait for  <0x00000007051bfc38> (a java.lang.String)
	at java.util.concurrent.locks.LockSupport.parkNanos(java.base@21.0.10/LockSupport.java:269)
	at net.minecraft.server.MinecraftServer.recordTaskExecutionTimeWhileWaiting(MinecraftServer.java:1242)
	at net.minecraft.server.MinecraftServer.runServer(MinecraftServer.java:1348)
	at net.minecraft.server.MinecraftServer.lambda$spin$2(MinecraftServer.java:388)
	at net.minecraft.server.MinecraftServer$$Lambda/0x00000136a7f55780.run(Unknown Source)
	at java.lang.Thread.runWith(java.base@21.0.10/Thread.java:1596)
	at java.lang.Thread.run(java.base@21.0.10/Thread.java:1583)
=== arm+3505ms ===
"Server thread" #113 [54228] prio=8 os_prio=1 cpu=13703.12ms elapsed=604.47s tid=0x00000136f43bf640 nid=54228 waiting on condition  [0x0000000a8e2fe000]
   java.lang.Thread.State: TIMED_WAITING (parking)
	at jdk.internal.misc.Unsafe.park(java.base@21.0.10/Native Method)
	- parking to wait for  <0x00000007051bfc38> (a java.lang.String)
	at java.util.concurrent.locks.LockSupport.parkNanos(java.base@21.0.10/LockSupport.java:269)
	at net.minecraft.server.MinecraftServer.recordTaskExecutionTimeWhileWaiting(MinecraftServer.java:1242)
	at net.minecraft.server.MinecraftServer.runServer(MinecraftServer.java:1348)
	at net.minecraft.server.MinecraftServer.lambda$spin$2(MinecraftServer.java:388)
	at net.minecraft.server.MinecraftServer$$Lambda/0x00000136a7f55780.run(Unknown Source)
	at java.lang.Thread.runWith(java.base@21.0.10/Thread.java:1596)
	at java.lang.Thread.run(java.base@21.0.10/Thread.java:1583)
=== arm+3769ms ===
"Server thread" #113 [54228] prio=8 os_prio=1 cpu=13718.75ms elapsed=604.72s tid=0x00000136f43bf640 nid=54228 waiting on condition  [0x0000000a8e2fe000]
   java.lang.Thread.State: TIMED_WAITING (parking)
	at jdk.internal.misc.Unsafe.park(java.base@21.0.10/Native Method)
	- parking to wait for  <0x00000007051bfc38> (a java.lang.String)
	at java.util.concurrent.locks.LockSupport.parkNanos(java.base@21.0.10/LockSupport.java:269)
	at net.minecraft.server.MinecraftServer.recordTaskExecutionTimeWhileWaiting(MinecraftServer.java:1242)
	at net.minecraft.server.MinecraftServer.runServer(MinecraftServer.java:1348)
	at net.minecraft.server.MinecraftServer.lambda$spin$2(MinecraftServer.java:388)
	at net.minecraft.server.MinecraftServer$$Lambda/0x00000136a7f55780.run(Unknown Source)
	at java.lang.Thread.runWith(java.base@21.0.10/Thread.java:1596)
	at java.lang.Thread.run(java.base@21.0.10/Thread.java:1583)
=== arm+4026ms ===
"Server thread" #113 [54228] prio=8 os_prio=1 cpu=13734.38ms elapsed=604.99s tid=0x00000136f43bf640 nid=54228 waiting on condition  [0x0000000a8e2fe000]
   java.lang.Thread.State: TIMED_WAITING (parking)
	at jdk.internal.misc.Unsafe.park(java.base@21.0.10/Native Method)
	- parking to wait for  <0x00000007051bfc38> (a java.lang.String)
	at java.util.concurrent.locks.LockSupport.parkNanos(java.base@21.0.10/LockSupport.java:269)
	at net.minecraft.server.MinecraftServer.recordTaskExecutionTimeWhileWaiting(MinecraftServer.java:1242)
	at net.minecraft.server.MinecraftServer.runServer(MinecraftServer.java:1348)
	at net.minecraft.server.MinecraftServer.lambda$spin$2(MinecraftServer.java:388)
	at net.minecraft.server.MinecraftServer$$Lambda/0x00000136a7f55780.run(Unknown Source)
	at java.lang.Thread.runWith(java.base@21.0.10/Thread.java:1596)
	at java.lang.Thread.run(java.base@21.0.10/Thread.java:1583)
=== arm+4269ms ===
"Server thread" #113 [54228] prio=8 os_prio=1 cpu=13734.38ms elapsed=605.23s tid=0x00000136f43bf640 nid=54228 waiting on condition  [0x0000000a8e2fe000]
   java.lang.Thread.State: TIMED_WAITING (parking)
	at jdk.internal.misc.Unsafe.park(java.base@21.0.10/Native Method)
	- parking to wait for  <0x00000007051bfc38> (a java.lang.String)
	at java.util.concurrent.locks.LockSupport.parkNanos(java.base@21.0.10/LockSupport.java:269)
	at net.minecraft.server.MinecraftServer.recordTaskExecutionTimeWhileWaiting(MinecraftServer.java:1242)
	at net.minecraft.server.MinecraftServer.runServer(MinecraftServer.java:1348)
	at net.minecraft.server.MinecraftServer.lambda$spin$2(MinecraftServer.java:388)
	at net.minecraft.server.MinecraftServer$$Lambda/0x00000136a7f55780.run(Unknown Source)
	at java.lang.Thread.runWith(java.base@21.0.10/Thread.java:1596)
	at java.lang.Thread.run(java.base@21.0.10/Thread.java:1583)
=== arm+4532ms ===
"Server thread" #113 [54228] prio=8 os_prio=1 cpu=13750.00ms elapsed=605.49s tid=0x00000136f43bf640 nid=54228 waiting on condition  [0x0000000a8e2fe000]
   java.lang.Thread.State: TIMED_WAITING (parking)
	at jdk.internal.misc.Unsafe.park(java.base@21.0.10/Native Method)
	- parking to wait for  <0x00000007051bfc38> (a java.lang.String)
	at java.util.concurrent.locks.LockSupport.parkNanos(java.base@21.0.10/LockSupport.java:269)
	at net.minecraft.server.MinecraftServer.recordTaskExecutionTimeWhileWaiting(MinecraftServer.java:1242)
	at net.minecraft.server.MinecraftServer.runServer(MinecraftServer.java:1348)
	at net.minecraft.server.MinecraftServer.lambda$spin$2(MinecraftServer.java:388)
	at net.minecraft.server.MinecraftServer$$Lambda/0x00000136a7f55780.run(Unknown Source)
	at java.lang.Thread.runWith(java.base@21.0.10/Thread.java:1596)
	at java.lang.Thread.run(java.base@21.0.10/Thread.java:1583)
=== arm+4782ms ===
"Server thread" #113 [54228] prio=8 os_prio=1 cpu=13750.00ms elapsed=605.75s tid=0x00000136f43bf640 nid=54228 waiting on condition  [0x0000000a8e2fe000]
   java.lang.Thread.State: TIMED_WAITING (parking)
	at jdk.internal.misc.Unsafe.park(java.base@21.0.10/Native Method)
	- parking to wait for  <0x00000007051bfc38> (a java.lang.String)
	at java.util.concurrent.locks.LockSupport.parkNanos(java.base@21.0.10/LockSupport.java:269)
	at net.minecraft.server.MinecraftServer.recordTaskExecutionTimeWhileWaiting(MinecraftServer.java:1242)
	at net.minecraft.server.MinecraftServer.runServer(MinecraftServer.java:1348)
	at net.minecraft.server.MinecraftServer.lambda$spin$2(MinecraftServer.java:388)
	at net.minecraft.server.MinecraftServer$$Lambda/0x00000136a7f55780.run(Unknown Source)
	at java.lang.Thread.runWith(java.base@21.0.10/Thread.java:1596)
	at java.lang.Thread.run(java.base@21.0.10/Thread.java:1583)
=== arm+5036ms ===
"Server thread" #113 [54228] prio=8 os_prio=1 cpu=13765.62ms elapsed=606.00s tid=0x00000136f43bf640 nid=54228 waiting on condition  [0x0000000a8e2fe000]
   java.lang.Thread.State: TIMED_WAITING (parking)
	at jdk.internal.misc.Unsafe.park(java.base@21.0.10/Native Method)
	- parking to wait for  <0x00000007051bfc38> (a java.lang.String)
	at java.util.concurrent.locks.LockSupport.parkNanos(java.base@21.0.10/LockSupport.java:269)
	at net.minecraft.server.MinecraftServer.recordTaskExecutionTimeWhileWaiting(MinecraftServer.java:1242)
	at net.minecraft.server.MinecraftServer.runServer(MinecraftServer.java:1348)
	at net.minecraft.server.MinecraftServer.lambda$spin$2(MinecraftServer.java:388)
	at net.minecraft.server.MinecraftServer$$Lambda/0x00000136a7f55780.run(Unknown Source)
	at java.lang.Thread.runWith(java.base@21.0.10/Thread.java:1596)
	at java.lang.Thread.run(java.base@21.0.10/Thread.java:1583)
=== arm+5280ms ===
"Server thread" #113 [54228] prio=8 os_prio=1 cpu=13765.62ms elapsed=606.25s tid=0x00000136f43bf640 nid=54228 waiting on condition  [0x0000000a8e2fe000]
   java.lang.Thread.State: TIMED_WAITING (parking)
	at jdk.internal.misc.Unsafe.park(java.base@21.0.10/Native Method)
	- parking to wait for  <0x00000007051bfc38> (a java.lang.String)
	at java.util.concurrent.locks.LockSupport.parkNanos(java.base@21.0.10/LockSupport.java:269)
	at net.minecraft.server.MinecraftServer.recordTaskExecutionTimeWhileWaiting(MinecraftServer.java:1242)
	at net.minecraft.server.MinecraftServer.runServer(MinecraftServer.java:1348)
	at net.minecraft.server.MinecraftServer.lambda$spin$2(MinecraftServer.java:388)
	at net.minecraft.server.MinecraftServer$$Lambda/0x00000136a7f55780.run(Unknown Source)
	at java.lang.Thread.runWith(java.base@21.0.10/Thread.java:1596)
	at java.lang.Thread.run(java.base@21.0.10/Thread.java:1583)
=== arm+5542ms ===
"Server thread" #113 [54228] prio=8 os_prio=1 cpu=13781.25ms elapsed=606.50s tid=0x00000136f43bf640 nid=54228 waiting on condition  [0x0000000a8e2fe000]
   java.lang.Thread.State: TIMED_WAITING (parking)
	at jdk.internal.misc.Unsafe.park(java.base@21.0.10/Native Method)
	- parking to wait for  <0x00000007051bfc38> (a java.lang.String)
	at java.util.concurrent.locks.LockSupport.parkNanos(java.base@21.0.10/LockSupport.java:269)
	at net.minecraft.server.MinecraftServer.recordTaskExecutionTimeWhileWaiting(MinecraftServer.java:1242)
	at net.minecraft.server.MinecraftServer.runServer(MinecraftServer.java:1348)
	at net.minecraft.server.MinecraftServer.lambda$spin$2(MinecraftServer.java:388)
	at net.minecraft.server.MinecraftServer$$Lambda/0x00000136a7f55780.run(Unknown Source)
	at java.lang.Thread.runWith(java.base@21.0.10/Thread.java:1596)
	at java.lang.Thread.run(java.base@21.0.10/Thread.java:1583)
=== arm+5793ms ===
"Server thread" #113 [54228] prio=8 os_prio=1 cpu=13781.25ms elapsed=606.76s tid=0x00000136f43bf640 nid=54228 waiting on condition  [0x0000000a8e2fe000]
   java.lang.Thread.State: TIMED_WAITING (parking)
	at jdk.internal.misc.Unsafe.park(java.base@21.0.10/Native Method)
	- parking to wait for  <0x00000007051bfc38> (a java.lang.String)
	at java.util.concurrent.locks.LockSupport.parkNanos(java.base@21.0.10/LockSupport.java:269)
	at net.minecraft.server.MinecraftServer.recordTaskExecutionTimeWhileWaiting(MinecraftServer.java:1242)
	at net.minecraft.server.MinecraftServer.runServer(MinecraftServer.java:1348)
	at net.minecraft.server.MinecraftServer.lambda$spin$2(MinecraftServer.java:388)
	at net.minecraft.server.MinecraftServer$$Lambda/0x00000136a7f55780.run(Unknown Source)
	at java.lang.Thread.runWith(java.base@21.0.10/Thread.java:1596)
	at java.lang.Thread.run(java.base@21.0.10/Thread.java:1583)
=== arm+6057ms ===
"Server thread" #113 [54228] prio=8 os_prio=1 cpu=13781.25ms elapsed=607.01s tid=0x00000136f43bf640 nid=54228 waiting on condition  [0x0000000a8e2fe000]
   java.lang.Thread.State: TIMED_WAITING (parking)
	at jdk.internal.misc.Unsafe.park(java.base@21.0.10/Native Method)
	- parking to wait for  <0x00000007051bfc38> (a java.lang.String)
	at java.util.concurrent.locks.LockSupport.parkNanos(java.base@21.0.10/LockSupport.java:269)
	at net.minecraft.server.MinecraftServer.recordTaskExecutionTimeWhileWaiting(MinecraftServer.java:1242)
	at net.minecraft.server.MinecraftServer.runServer(MinecraftServer.java:1348)
	at net.minecraft.server.MinecraftServer.lambda$spin$2(MinecraftServer.java:388)
	at net.minecraft.server.MinecraftServer$$Lambda/0x00000136a7f55780.run(Unknown Source)
	at java.lang.Thread.runWith(java.base@21.0.10/Thread.java:1596)
	at java.lang.Thread.run(java.base@21.0.10/Thread.java:1583)
=== arm+6307ms ===
"Server thread" #113 [54228] prio=8 os_prio=1 cpu=13781.25ms elapsed=607.27s tid=0x00000136f43bf640 nid=54228 waiting on condition  [0x0000000a8e2fe000]
   java.lang.Thread.State: TIMED_WAITING (parking)
	at jdk.internal.misc.Unsafe.park(java.base@21.0.10/Native Method)
	- parking to wait for  <0x00000007051bfc38> (a java.lang.String)
	at java.util.concurrent.locks.LockSupport.parkNanos(java.base@21.0.10/LockSupport.java:269)
	at net.minecraft.server.MinecraftServer.recordTaskExecutionTimeWhileWaiting(MinecraftServer.java:1242)
	at net.minecraft.server.MinecraftServer.runServer(MinecraftServer.java:1348)
	at net.minecraft.server.MinecraftServer.lambda$spin$2(MinecraftServer.java:388)
	at net.minecraft.server.MinecraftServer$$Lambda/0x00000136a7f55780.run(Unknown Source)
	at java.lang.Thread.runWith(java.base@21.0.10/Thread.java:1596)
	at java.lang.Thread.run(java.base@21.0.10/Thread.java:1583)
=== arm+6556ms ===
"Server thread" #113 [54228] prio=8 os_prio=1 cpu=13781.25ms elapsed=607.53s tid=0x00000136f43bf640 nid=54228 waiting on condition  [0x0000000a8e2fe000]
   java.lang.Thread.State: TIMED_WAITING (parking)
	at jdk.internal.misc.Unsafe.park(java.base@21.0.10/Native Method)
	- parking to wait for  <0x00000007051bfc38> (a java.lang.String)
	at java.util.concurrent.locks.LockSupport.parkNanos(java.base@21.0.10/LockSupport.java:269)
	at net.minecraft.server.MinecraftServer.recordTaskExecutionTimeWhileWaiting(MinecraftServer.java:1242)
	at net.minecraft.server.MinecraftServer.runServer(MinecraftServer.java:1348)
	at net.minecraft.server.MinecraftServer.lambda$spin$2(MinecraftServer.java:388)
	at net.minecraft.server.MinecraftServer$$Lambda/0x00000136a7f55780.run(Unknown Source)
	at java.lang.Thread.runWith(java.base@21.0.10/Thread.java:1596)
	at java.lang.Thread.run(java.base@21.0.10/Thread.java:1583)
=== arm+6806ms ===
"Server thread" #113 [54228] prio=8 os_prio=1 cpu=13796.88ms elapsed=607.78s tid=0x00000136f43bf640 nid=54228 waiting on condition  [0x0000000a8e2fe000]
   java.lang.Thread.State: TIMED_WAITING (parking)
	at jdk.internal.misc.Unsafe.park(java.base@21.0.10/Native Method)
	- parking to wait for  <0x00000007051bfc38> (a java.lang.String)
	at java.util.concurrent.locks.LockSupport.parkNanos(java.base@21.0.10/LockSupport.java:269)
	at net.minecraft.server.MinecraftServer.recordTaskExecutionTimeWhileWaiting(MinecraftServer.java:1242)
	at net.minecraft.server.MinecraftServer.runServer(MinecraftServer.java:1348)
	at net.minecraft.server.MinecraftServer.lambda$spin$2(MinecraftServer.java:388)
	at net.minecraft.server.MinecraftServer$$Lambda/0x00000136a7f55780.run(Unknown Source)
	at java.lang.Thread.runWith(java.base@21.0.10/Thread.java:1596)
	at java.lang.Thread.run(java.base@21.0.10/Thread.java:1583)
=== arm+7070ms ===
"Server thread" #113 [54228] prio=8 os_prio=1 cpu=13796.88ms elapsed=608.03s tid=0x00000136f43bf640 nid=54228 waiting on condition  [0x0000000a8e2fe000]
   java.lang.Thread.State: TIMED_WAITING (parking)
	at jdk.internal.misc.Unsafe.park(java.base@21.0.10/Native Method)
	- parking to wait for  <0x00000007051bfc38> (a java.lang.String)
	at java.util.concurrent.locks.LockSupport.parkNanos(java.base@21.0.10/LockSupport.java:269)
	at net.minecraft.server.MinecraftServer.recordTaskExecutionTimeWhileWaiting(MinecraftServer.java:1242)
	at net.minecraft.server.MinecraftServer.runServer(MinecraftServer.java:1348)
	at net.minecraft.server.MinecraftServer.lambda$spin$2(MinecraftServer.java:388)
	at net.minecraft.server.MinecraftServer$$Lambda/0x00000136a7f55780.run(Unknown Source)
	at java.lang.Thread.runWith(java.base@21.0.10/Thread.java:1596)
	at java.lang.Thread.run(java.base@21.0.10/Thread.java:1583)
=== arm+7321ms ===
"Server thread" #113 [54228] prio=8 os_prio=1 cpu=13796.88ms elapsed=608.29s tid=0x00000136f43bf640 nid=54228 waiting on condition  [0x0000000a8e2fe000]
   java.lang.Thread.State: TIMED_WAITING (parking)
	at jdk.internal.misc.Unsafe.park(java.base@21.0.10/Native Method)
	- parking to wait for  <0x00000007051bfc38> (a java.lang.String)
	at java.util.concurrent.locks.LockSupport.parkNanos(java.base@21.0.10/LockSupport.java:269)
	at net.minecraft.server.MinecraftServer.recordTaskExecutionTimeWhileWaiting(MinecraftServer.java:1242)
	at net.minecraft.server.MinecraftServer.runServer(MinecraftServer.java:1348)
	at net.minecraft.server.MinecraftServer.lambda$spin$2(MinecraftServer.java:388)
	at net.minecraft.server.MinecraftServer$$Lambda/0x00000136a7f55780.run(Unknown Source)
	at java.lang.Thread.runWith(java.base@21.0.10/Thread.java:1596)
	at java.lang.Thread.run(java.base@21.0.10/Thread.java:1583)
=== arm+7570ms ===
"Server thread" #113 [54228] prio=8 os_prio=1 cpu=13812.50ms elapsed=608.54s tid=0x00000136f43bf640 nid=54228 waiting on condition  [0x0000000a8e2fe000]
   java.lang.Thread.State: TIMED_WAITING (parking)
	at jdk.internal.misc.Unsafe.park(java.base@21.0.10/Native Method)
	- parking to wait for  <0x00000007051bfc38> (a java.lang.String)
	at java.util.concurrent.locks.LockSupport.parkNanos(java.base@21.0.10/LockSupport.java:269)
	at net.minecraft.server.MinecraftServer.recordTaskExecutionTimeWhileWaiting(MinecraftServer.java:1242)
	at net.minecraft.server.MinecraftServer.runServer(MinecraftServer.java:1348)
	at net.minecraft.server.MinecraftServer.lambda$spin$2(MinecraftServer.java:388)
	at net.minecraft.server.MinecraftServer$$Lambda/0x00000136a7f55780.run(Unknown Source)
	at java.lang.Thread.runWith(java.base@21.0.10/Thread.java:1596)
	at java.lang.Thread.run(java.base@21.0.10/Thread.java:1583)
=== arm+7818ms ===
"Server thread" #113 [54228] prio=8 os_prio=1 cpu=13828.12ms elapsed=608.78s tid=0x00000136f43bf640 nid=54228 waiting on condition  [0x0000000a8e2fe000]
   java.lang.Thread.State: TIMED_WAITING (parking)
	at jdk.internal.misc.Unsafe.park(java.base@21.0.10/Native Method)
	- parking to wait for  <0x00000007051bfc38> (a java.lang.String)
	at java.util.concurrent.locks.LockSupport.parkNanos(java.base@21.0.10/LockSupport.java:269)
	at net.minecraft.server.MinecraftServer.recordTaskExecutionTimeWhileWaiting(MinecraftServer.java:1242)
	at net.minecraft.server.MinecraftServer.runServer(MinecraftServer.java:1348)
	at net.minecraft.server.MinecraftServer.lambda$spin$2(MinecraftServer.java:388)
	at net.minecraft.server.MinecraftServer$$Lambda/0x00000136a7f55780.run(Unknown Source)
	at java.lang.Thread.runWith(java.base@21.0.10/Thread.java:1596)
	at java.lang.Thread.run(java.base@21.0.10/Thread.java:1583)
=== arm+8083ms ===
"Server thread" #113 [54228] prio=8 os_prio=1 cpu=13843.75ms elapsed=609.04s tid=0x00000136f43bf640 nid=54228 waiting on condition  [0x0000000a8e2fe000]
   java.lang.Thread.State: TIMED_WAITING (parking)
	at jdk.internal.misc.Unsafe.park(java.base@21.0.10/Native Method)
	- parking to wait for  <0x00000007051bfc38> (a java.lang.String)
	at java.util.concurrent.locks.LockSupport.parkNanos(java.base@21.0.10/LockSupport.java:269)
	at net.minecraft.server.MinecraftServer.recordTaskExecutionTimeWhileWaiting(MinecraftServer.java:1242)
	at net.minecraft.server.MinecraftServer.runServer(MinecraftServer.java:1348)
	at net.minecraft.server.MinecraftServer.lambda$spin$2(MinecraftServer.java:388)
	at net.minecraft.server.MinecraftServer$$Lambda/0x00000136a7f55780.run(Unknown Source)
	at java.lang.Thread.runWith(java.base@21.0.10/Thread.java:1596)
	at java.lang.Thread.run(java.base@21.0.10/Thread.java:1583)
=== arm+8333ms ===
"Server thread" #113 [54228] prio=8 os_prio=1 cpu=13843.75ms elapsed=609.30s tid=0x00000136f43bf640 nid=54228 waiting on condition  [0x0000000a8e2fe000]
   java.lang.Thread.State: TIMED_WAITING (parking)
	at jdk.internal.misc.Unsafe.park(java.base@21.0.10/Native Method)
	- parking to wait for  <0x00000007051bfc38> (a java.lang.String)
	at java.util.concurrent.locks.LockSupport.parkNanos(java.base@21.0.10/LockSupport.java:269)
	at net.minecraft.server.MinecraftServer.recordTaskExecutionTimeWhileWaiting(MinecraftServer.java:1242)
	at net.minecraft.server.MinecraftServer.runServer(MinecraftServer.java:1348)
	at net.minecraft.server.MinecraftServer.lambda$spin$2(MinecraftServer.java:388)
	at net.minecraft.server.MinecraftServer$$Lambda/0x00000136a7f55780.run(Unknown Source)
	at java.lang.Thread.runWith(java.base@21.0.10/Thread.java:1596)
	at java.lang.Thread.run(java.base@21.0.10/Thread.java:1583)
=== arm+8583ms ===
"Server thread" #113 [54228] prio=8 os_prio=1 cpu=13859.38ms elapsed=609.55s tid=0x00000136f43bf640 nid=54228 waiting on condition  [0x0000000a8e2fe000]
   java.lang.Thread.State: TIMED_WAITING (parking)
	at jdk.internal.misc.Unsafe.park(java.base@21.0.10/Native Method)
	- parking to wait for  <0x00000007051bfc38> (a java.lang.String)
	at java.util.concurrent.locks.LockSupport.parkNanos(java.base@21.0.10/LockSupport.java:269)
	at net.minecraft.server.MinecraftServer.recordTaskExecutionTimeWhileWaiting(MinecraftServer.java:1242)
	at net.minecraft.server.MinecraftServer.runServer(MinecraftServer.java:1348)
	at net.minecraft.server.MinecraftServer.lambda$spin$2(MinecraftServer.java:388)
	at net.minecraft.server.MinecraftServer$$Lambda/0x00000136a7f55780.run(Unknown Source)
	at java.lang.Thread.runWith(java.base@21.0.10/Thread.java:1596)
	at java.lang.Thread.run(java.base@21.0.10/Thread.java:1583)
=== arm+8834ms ===
"Server thread" #113 [54228] prio=8 os_prio=1 cpu=13875.00ms elapsed=609.80s tid=0x00000136f43bf640 nid=54228 waiting on condition  [0x0000000a8e2fe000]
   java.lang.Thread.State: TIMED_WAITING (parking)
	at jdk.internal.misc.Unsafe.park(java.base@21.0.10/Native Method)
	- parking to wait for  <0x00000007051bfc38> (a java.lang.String)
	at java.util.concurrent.locks.LockSupport.parkNanos(java.base@21.0.10/LockSupport.java:269)
	at net.minecraft.server.MinecraftServer.recordTaskExecutionTimeWhileWaiting(MinecraftServer.java:1242)
	at net.minecraft.server.MinecraftServer.runServer(MinecraftServer.java:1348)
	at net.minecraft.server.MinecraftServer.lambda$spin$2(MinecraftServer.java:388)
	at net.minecraft.server.MinecraftServer$$Lambda/0x00000136a7f55780.run(Unknown Source)
	at java.lang.Thread.runWith(java.base@21.0.10/Thread.java:1596)
	at java.lang.Thread.run(java.base@21.0.10/Thread.java:1583)
=== arm+9082ms ===
"Server thread" #113 [54228] prio=8 os_prio=1 cpu=13875.00ms elapsed=610.05s tid=0x00000136f43bf640 nid=54228 waiting on condition  [0x0000000a8e2fe000]
   java.lang.Thread.State: TIMED_WAITING (parking)
	at jdk.internal.misc.Unsafe.park(java.base@21.0.10/Native Method)
	- parking to wait for  <0x00000007051bfc38> (a java.lang.String)
	at java.util.concurrent.locks.LockSupport.parkNanos(java.base@21.0.10/LockSupport.java:269)
	at net.minecraft.server.MinecraftServer.recordTaskExecutionTimeWhileWaiting(MinecraftServer.java:1242)
	at net.minecraft.server.MinecraftServer.runServer(MinecraftServer.java:1348)
	at net.minecraft.server.MinecraftServer.lambda$spin$2(MinecraftServer.java:388)
	at net.minecraft.server.MinecraftServer$$Lambda/0x00000136a7f55780.run(Unknown Source)
	at java.lang.Thread.runWith(java.base@21.0.10/Thread.java:1596)
	at java.lang.Thread.run(java.base@21.0.10/Thread.java:1583)
=== arm+9346ms ===
"Server thread" #113 [54228] prio=8 os_prio=1 cpu=13890.62ms elapsed=610.30s tid=0x00000136f43bf640 nid=54228 waiting on condition  [0x0000000a8e2fe000]
   java.lang.Thread.State: TIMED_WAITING (parking)
	at jdk.internal.misc.Unsafe.park(java.base@21.0.10/Native Method)
	- parking to wait for  <0x00000007051bfc38> (a java.lang.String)
	at java.util.concurrent.locks.LockSupport.parkNanos(java.base@21.0.10/LockSupport.java:269)
	at net.minecraft.server.MinecraftServer.recordTaskExecutionTimeWhileWaiting(MinecraftServer.java:1242)
	at net.minecraft.server.MinecraftServer.runServer(MinecraftServer.java:1348)
	at net.minecraft.server.MinecraftServer.lambda$spin$2(MinecraftServer.java:388)
	at net.minecraft.server.MinecraftServer$$Lambda/0x00000136a7f55780.run(Unknown Source)
	at java.lang.Thread.runWith(java.base@21.0.10/Thread.java:1596)
	at java.lang.Thread.run(java.base@21.0.10/Thread.java:1583)
=== arm+9595ms ===
"Server thread" #113 [54228] prio=8 os_prio=1 cpu=13890.62ms elapsed=610.56s tid=0x00000136f43bf640 nid=54228 waiting on condition  [0x0000000a8e2fe000]
   java.lang.Thread.State: TIMED_WAITING (parking)
	at jdk.internal.misc.Unsafe.park(java.base@21.0.10/Native Method)
	- parking to wait for  <0x00000007051bfc38> (a java.lang.String)
	at java.util.concurrent.locks.LockSupport.parkNanos(java.base@21.0.10/LockSupport.java:269)
	at net.minecraft.server.MinecraftServer.recordTaskExecutionTimeWhileWaiting(MinecraftServer.java:1242)
	at net.minecraft.server.MinecraftServer.runServer(MinecraftServer.java:1348)
	at net.minecraft.server.MinecraftServer.lambda$spin$2(MinecraftServer.java:388)
	at net.minecraft.server.MinecraftServer$$Lambda/0x00000136a7f55780.run(Unknown Source)
	at java.lang.Thread.runWith(java.base@21.0.10/Thread.java:1596)
	at java.lang.Thread.run(java.base@21.0.10/Thread.java:1583)
=== arm+9843ms ===
"Server thread" #113 [54228] prio=8 os_prio=1 cpu=13906.25ms elapsed=610.81s tid=0x00000136f43bf640 nid=54228 waiting on condition  [0x0000000a8e2fe000]
   java.lang.Thread.State: TIMED_WAITING (parking)
	at jdk.internal.misc.Unsafe.park(java.base@21.0.10/Native Method)
	- parking to wait for  <0x00000007051bfc38> (a java.lang.String)
	at java.util.concurrent.locks.LockSupport.parkNanos(java.base@21.0.10/LockSupport.java:269)
	at net.minecraft.server.MinecraftServer.recordTaskExecutionTimeWhileWaiting(MinecraftServer.java:1242)
	at net.minecraft.server.MinecraftServer.runServer(MinecraftServer.java:1348)
	at net.minecraft.server.MinecraftServer.lambda$spin$2(MinecraftServer.java:388)
	at net.minecraft.server.MinecraftServer$$Lambda/0x00000136a7f55780.run(Unknown Source)
	at java.lang.Thread.runWith(java.base@21.0.10/Thread.java:1596)
	at java.lang.Thread.run(java.base@21.0.10/Thread.java:1583)
=== arm+10110ms ===
"Server thread" #113 [54228] prio=8 os_prio=1 cpu=13906.25ms elapsed=611.07s tid=0x00000136f43bf640 nid=54228 waiting on condition  [0x0000000a8e2fe000]
   java.lang.Thread.State: TIMED_WAITING (parking)
	at jdk.internal.misc.Unsafe.park(java.base@21.0.10/Native Method)
	- parking to wait for  <0x00000007051bfc38> (a java.lang.String)
	at java.util.concurrent.locks.LockSupport.parkNanos(java.base@21.0.10/LockSupport.java:269)
	at net.minecraft.server.MinecraftServer.recordTaskExecutionTimeWhileWaiting(MinecraftServer.java:1242)
	at net.minecraft.server.MinecraftServer.runServer(MinecraftServer.java:1348)
	at net.minecraft.server.MinecraftServer.lambda$spin$2(MinecraftServer.java:388)
	at net.minecraft.server.MinecraftServer$$Lambda/0x00000136a7f55780.run(Unknown Source)
	at java.lang.Thread.runWith(java.base@21.0.10/Thread.java:1596)
	at java.lang.Thread.run(java.base@21.0.10/Thread.java:1583)
=== arm+10373ms ===
"Server thread" #113 [54228] prio=8 os_prio=1 cpu=13906.25ms elapsed=611.34s tid=0x00000136f43bf640 nid=54228 waiting on condition  [0x0000000a8e2fe000]
   java.lang.Thread.State: TIMED_WAITING (parking)
	at jdk.internal.misc.Unsafe.park(java.base@21.0.10/Native Method)
	- parking to wait for  <0x00000007051bfc38> (a java.lang.String)
	at java.util.concurrent.locks.LockSupport.parkNanos(java.base@21.0.10/LockSupport.java:269)
	at net.minecraft.server.MinecraftServer.recordTaskExecutionTimeWhileWaiting(MinecraftServer.java:1242)
	at net.minecraft.server.MinecraftServer.runServer(MinecraftServer.java:1348)
	at net.minecraft.server.MinecraftServer.lambda$spin$2(MinecraftServer.java:388)
	at net.minecraft.server.MinecraftServer$$Lambda/0x00000136a7f55780.run(Unknown Source)
	at java.lang.Thread.runWith(java.base@21.0.10/Thread.java:1596)
	at java.lang.Thread.run(java.base@21.0.10/Thread.java:1583)
=== arm+10617ms ===
"Server thread" #113 [54228] prio=8 os_prio=1 cpu=13906.25ms elapsed=611.59s tid=0x00000136f43bf640 nid=54228 waiting on condition  [0x0000000a8e2fe000]
   java.lang.Thread.State: TIMED_WAITING (parking)
	at jdk.internal.misc.Unsafe.park(java.base@21.0.10/Native Method)
	- parking to wait for  <0x00000007051bfc38> (a java.lang.String)
	at java.util.concurrent.locks.LockSupport.parkNanos(java.base@21.0.10/LockSupport.java:269)
	at net.minecraft.server.MinecraftServer.recordTaskExecutionTimeWhileWaiting(MinecraftServer.java:1242)
	at net.minecraft.server.MinecraftServer.runServer(MinecraftServer.java:1348)
	at net.minecraft.server.MinecraftServer.lambda$spin$2(MinecraftServer.java:388)
	at net.minecraft.server.MinecraftServer$$Lambda/0x00000136a7f55780.run(Unknown Source)
	at java.lang.Thread.runWith(java.base@21.0.10/Thread.java:1596)
	at java.lang.Thread.run(java.base@21.0.10/Thread.java:1583)
=== arm+10869ms ===
"Server thread" #113 [54228] prio=8 os_prio=1 cpu=13906.25ms elapsed=611.83s tid=0x00000136f43bf640 nid=54228 waiting on condition  [0x0000000a8e2fe000]
   java.lang.Thread.State: TIMED_WAITING (parking)
	at jdk.internal.misc.Unsafe.park(java.base@21.0.10/Native Method)
	- parking to wait for  <0x00000007051bfc38> (a java.lang.String)
	at java.util.concurrent.locks.LockSupport.parkNanos(java.base@21.0.10/LockSupport.java:269)
	at net.minecraft.server.MinecraftServer.recordTaskExecutionTimeWhileWaiting(MinecraftServer.java:1242)
	at net.minecraft.server.MinecraftServer.runServer(MinecraftServer.java:1348)
	at net.minecraft.server.MinecraftServer.lambda$spin$2(MinecraftServer.java:388)
	at net.minecraft.server.MinecraftServer$$Lambda/0x00000136a7f55780.run(Unknown Source)
	at java.lang.Thread.runWith(java.base@21.0.10/Thread.java:1596)
	at java.lang.Thread.run(java.base@21.0.10/Thread.java:1583)
=== arm+11119ms ===
"Server thread" #113 [54228] prio=8 os_prio=1 cpu=13921.88ms elapsed=612.09s tid=0x00000136f43bf640 nid=54228 waiting on condition  [0x0000000a8e2fe000]
   java.lang.Thread.State: TIMED_WAITING (parking)
	at jdk.internal.misc.Unsafe.park(java.base@21.0.10/Native Method)
	- parking to wait for  <0x00000007051bfc38> (a java.lang.String)
	at java.util.concurrent.locks.LockSupport.parkNanos(java.base@21.0.10/LockSupport.java:269)
	at net.minecraft.server.MinecraftServer.recordTaskExecutionTimeWhileWaiting(MinecraftServer.java:1242)
	at net.minecraft.server.MinecraftServer.runServer(MinecraftServer.java:1348)
	at net.minecraft.server.MinecraftServer.lambda$spin$2(MinecraftServer.java:388)
	at net.minecraft.server.MinecraftServer$$Lambda/0x00000136a7f55780.run(Unknown Source)
	at java.lang.Thread.runWith(java.base@21.0.10/Thread.java:1596)
	at java.lang.Thread.run(java.base@21.0.10/Thread.java:1583)
=== arm+11384ms ===
"Server thread" #113 [54228] prio=8 os_prio=1 cpu=13937.50ms elapsed=612.34s tid=0x00000136f43bf640 nid=54228 waiting on condition  [0x0000000a8e2fe000]
   java.lang.Thread.State: TIMED_WAITING (parking)
	at jdk.internal.misc.Unsafe.park(java.base@21.0.10/Native Method)
	- parking to wait for  <0x00000007051bfc38> (a java.lang.String)
	at java.util.concurrent.locks.LockSupport.parkNanos(java.base@21.0.10/LockSupport.java:269)
	at net.minecraft.server.MinecraftServer.recordTaskExecutionTimeWhileWaiting(MinecraftServer.java:1242)
	at net.minecraft.server.MinecraftServer.runServer(MinecraftServer.java:1348)
	at net.minecraft.server.MinecraftServer.lambda$spin$2(MinecraftServer.java:388)
	at net.minecraft.server.MinecraftServer$$Lambda/0x00000136a7f55780.run(Unknown Source)
	at java.lang.Thread.runWith(java.base@21.0.10/Thread.java:1596)
	at java.lang.Thread.run(java.base@21.0.10/Thread.java:1583)
=== arm+11646ms ===
"Server thread" #113 [54228] prio=8 os_prio=1 cpu=13953.12ms elapsed=612.61s tid=0x00000136f43bf640 nid=54228 waiting on condition  [0x0000000a8e2fe000]
   java.lang.Thread.State: TIMED_WAITING (parking)
	at jdk.internal.misc.Unsafe.park(java.base@21.0.10/Native Method)
	- parking to wait for  <0x00000007051bfc38> (a java.lang.String)
	at java.util.concurrent.locks.LockSupport.parkNanos(java.base@21.0.10/LockSupport.java:269)
	at net.minecraft.server.MinecraftServer.recordTaskExecutionTimeWhileWaiting(MinecraftServer.java:1242)
	at net.minecraft.server.MinecraftServer.runServer(MinecraftServer.java:1348)
	at net.minecraft.server.MinecraftServer.lambda$spin$2(MinecraftServer.java:388)
	at net.minecraft.server.MinecraftServer$$Lambda/0x00000136a7f55780.run(Unknown Source)
	at java.lang.Thread.runWith(java.base@21.0.10/Thread.java:1596)
	at java.lang.Thread.run(java.base@21.0.10/Thread.java:1583)
=== arm+11914ms ===
"Server thread" #113 [54228] prio=8 os_prio=1 cpu=13953.12ms elapsed=612.86s tid=0x00000136f43bf640 nid=54228 waiting on condition  [0x0000000a8e2fe000]
   java.lang.Thread.State: TIMED_WAITING (parking)
	at jdk.internal.misc.Unsafe.park(java.base@21.0.10/Native Method)
	- parking to wait for  <0x00000007051bfc38> (a java.lang.String)
	at java.util.concurrent.locks.LockSupport.parkNanos(java.base@21.0.10/LockSupport.java:269)
	at net.minecraft.server.MinecraftServer.recordTaskExecutionTimeWhileWaiting(MinecraftServer.java:1242)
	at net.minecraft.server.MinecraftServer.runServer(MinecraftServer.java:1348)
	at net.minecraft.server.MinecraftServer.lambda$spin$2(MinecraftServer.java:388)
	at net.minecraft.server.MinecraftServer$$Lambda/0x00000136a7f55780.run(Unknown Source)
	at java.lang.Thread.runWith(java.base@21.0.10/Thread.java:1596)
	at java.lang.Thread.run(java.base@21.0.10/Thread.java:1583)
=== arm+12174ms ===
"Server thread" #113 [54228] prio=8 os_prio=1 cpu=13968.75ms elapsed=613.13s tid=0x00000136f43bf640 nid=54228 runnable  [0x0000000a8e2fe000]
   java.lang.Thread.State: TIMED_WAITING (parking)
	at jdk.internal.misc.Unsafe.park(java.base@21.0.10/Native Method)
	- parking to wait for  <0x00000007051bfc38> (a java.lang.String)
	at java.util.concurrent.locks.LockSupport.parkNanos(java.base@21.0.10/LockSupport.java:269)
	at net.minecraft.server.MinecraftServer.recordTaskExecutionTimeWhileWaiting(MinecraftServer.java:1242)
	at net.minecraft.server.MinecraftServer.runServer(MinecraftServer.java:1348)
	at net.minecraft.server.MinecraftServer.lambda$spin$2(MinecraftServer.java:388)
	at net.minecraft.server.MinecraftServer$$Lambda/0x00000136a7f55780.run(Unknown Source)
	at java.lang.Thread.runWith(java.base@21.0.10/Thread.java:1596)
	at java.lang.Thread.run(java.base@21.0.10/Thread.java:1583)
=== arm+12437ms ===
"Server thread" #113 [54228] prio=8 os_prio=1 cpu=13984.38ms elapsed=613.39s tid=0x00000136f43bf640 nid=54228 waiting on condition  [0x0000000a8e2fe000]
   java.lang.Thread.State: TIMED_WAITING (parking)
	at jdk.internal.misc.Unsafe.park(java.base@21.0.10/Native Method)
	- parking to wait for  <0x00000007051bfc38> (a java.lang.String)
	at java.util.concurrent.locks.LockSupport.parkNanos(java.base@21.0.10/LockSupport.java:269)
	at net.minecraft.server.MinecraftServer.recordTaskExecutionTimeWhileWaiting(MinecraftServer.java:1242)
	at net.minecraft.server.MinecraftServer.runServer(MinecraftServer.java:1348)
	at net.minecraft.server.MinecraftServer.lambda$spin$2(MinecraftServer.java:388)
	at net.minecraft.server.MinecraftServer$$Lambda/0x00000136a7f55780.run(Unknown Source)
	at java.lang.Thread.runWith(java.base@21.0.10/Thread.java:1596)
	at java.lang.Thread.run(java.base@21.0.10/Thread.java:1583)
=== arm+12701ms ===
"Server thread" #113 [54228] prio=8 os_prio=1 cpu=14000.00ms elapsed=613.66s tid=0x00000136f43bf640 nid=54228 waiting on condition  [0x0000000a8e2fe000]
   java.lang.Thread.State: TIMED_WAITING (parking)
	at jdk.internal.misc.Unsafe.park(java.base@21.0.10/Native Method)
	- parking to wait for  <0x00000007051bfc38> (a java.lang.String)
	at java.util.concurrent.locks.LockSupport.parkNanos(java.base@21.0.10/LockSupport.java:269)
	at net.minecraft.server.MinecraftServer.recordTaskExecutionTimeWhileWaiting(MinecraftServer.java:1242)
	at net.minecraft.server.MinecraftServer.runServer(MinecraftServer.java:1348)
	at net.minecraft.server.MinecraftServer.lambda$spin$2(MinecraftServer.java:388)
	at net.minecraft.server.MinecraftServer$$Lambda/0x00000136a7f55780.run(Unknown Source)
	at java.lang.Thread.runWith(java.base@21.0.10/Thread.java:1596)
	at java.lang.Thread.run(java.base@21.0.10/Thread.java:1583)
=== arm+12966ms ===
"Server thread" #113 [54228] prio=8 os_prio=1 cpu=14000.00ms elapsed=613.92s tid=0x00000136f43bf640 nid=54228 waiting on condition  [0x0000000a8e2fe000]
   java.lang.Thread.State: TIMED_WAITING (parking)
	at jdk.internal.misc.Unsafe.park(java.base@21.0.10/Native Method)
	- parking to wait for  <0x00000007051bfc38> (a java.lang.String)
	at java.util.concurrent.locks.LockSupport.parkNanos(java.base@21.0.10/LockSupport.java:269)
	at net.minecraft.server.MinecraftServer.recordTaskExecutionTimeWhileWaiting(MinecraftServer.java:1242)
	at net.minecraft.server.MinecraftServer.runServer(MinecraftServer.java:1348)
	at net.minecraft.server.MinecraftServer.lambda$spin$2(MinecraftServer.java:388)
	at net.minecraft.server.MinecraftServer$$Lambda/0x00000136a7f55780.run(Unknown Source)
	at java.lang.Thread.runWith(java.base@21.0.10/Thread.java:1596)
	at java.lang.Thread.run(java.base@21.0.10/Thread.java:1583)
=== arm+13226ms ===
"Server thread" #113 [54228] prio=8 os_prio=1 cpu=14015.62ms elapsed=614.18s tid=0x00000136f43bf640 nid=54228 waiting on condition  [0x0000000a8e2fe000]
   java.lang.Thread.State: TIMED_WAITING (parking)
	at jdk.internal.misc.Unsafe.park(java.base@21.0.10/Native Method)
	- parking to wait for  <0x00000007051bfc38> (a java.lang.String)
	at java.util.concurrent.locks.LockSupport.parkNanos(java.base@21.0.10/LockSupport.java:269)
	at net.minecraft.server.MinecraftServer.recordTaskExecutionTimeWhileWaiting(MinecraftServer.java:1242)
	at net.minecraft.server.MinecraftServer.runServer(MinecraftServer.java:1348)
	at net.minecraft.server.MinecraftServer.lambda$spin$2(MinecraftServer.java:388)
	at net.minecraft.server.MinecraftServer$$Lambda/0x00000136a7f55780.run(Unknown Source)
	at java.lang.Thread.runWith(java.base@21.0.10/Thread.java:1596)
	at java.lang.Thread.run(java.base@21.0.10/Thread.java:1583)
=== arm+13479ms ===
"Server thread" #113 [54228] prio=8 os_prio=1 cpu=14015.62ms elapsed=614.44s tid=0x00000136f43bf640 nid=54228 waiting on condition  [0x0000000a8e2fe000]
   java.lang.Thread.State: TIMED_WAITING (parking)
	at jdk.internal.misc.Unsafe.park(java.base@21.0.10/Native Method)
	- parking to wait for  <0x00000007051bfc38> (a java.lang.String)
	at java.util.concurrent.locks.LockSupport.parkNanos(java.base@21.0.10/LockSupport.java:269)
	at net.minecraft.server.MinecraftServer.recordTaskExecutionTimeWhileWaiting(MinecraftServer.java:1242)
	at net.minecraft.server.MinecraftServer.runServer(MinecraftServer.java:1348)
	at net.minecraft.server.MinecraftServer.lambda$spin$2(MinecraftServer.java:388)
	at net.minecraft.server.MinecraftServer$$Lambda/0x00000136a7f55780.run(Unknown Source)
	at java.lang.Thread.runWith(java.base@21.0.10/Thread.java:1596)
	at java.lang.Thread.run(java.base@21.0.10/Thread.java:1583)
=== arm+13745ms ===
"Server thread" #113 [54228] prio=8 os_prio=1 cpu=14015.62ms elapsed=614.70s tid=0x00000136f43bf640 nid=54228 waiting on condition  [0x0000000a8e2fe000]
   java.lang.Thread.State: TIMED_WAITING (parking)
	at jdk.internal.misc.Unsafe.park(java.base@21.0.10/Native Method)
	- parking to wait for  <0x00000007051bfc38> (a java.lang.String)
	at java.util.concurrent.locks.LockSupport.parkNanos(java.base@21.0.10/LockSupport.java:269)
	at net.minecraft.server.MinecraftServer.recordTaskExecutionTimeWhileWaiting(MinecraftServer.java:1242)
	at net.minecraft.server.MinecraftServer.runServer(MinecraftServer.java:1348)
	at net.minecraft.server.MinecraftServer.lambda$spin$2(MinecraftServer.java:388)
	at net.minecraft.server.MinecraftServer$$Lambda/0x00000136a7f55780.run(Unknown Source)
	at java.lang.Thread.runWith(java.base@21.0.10/Thread.java:1596)
	at java.lang.Thread.run(java.base@21.0.10/Thread.java:1583)
=== arm+14007ms ===
"Server thread" #113 [54228] prio=8 os_prio=1 cpu=14031.25ms elapsed=614.97s tid=0x00000136f43bf640 nid=54228 waiting on condition  [0x0000000a8e2fe000]
   java.lang.Thread.State: TIMED_WAITING (parking)
	at jdk.internal.misc.Unsafe.park(java.base@21.0.10/Native Method)
	- parking to wait for  <0x00000007051bfc38> (a java.lang.String)
	at java.util.concurrent.locks.LockSupport.parkNanos(java.base@21.0.10/LockSupport.java:269)
	at net.minecraft.server.MinecraftServer.recordTaskExecutionTimeWhileWaiting(MinecraftServer.java:1242)
	at net.minecraft.server.MinecraftServer.runServer(MinecraftServer.java:1348)
	at net.minecraft.server.MinecraftServer.lambda$spin$2(MinecraftServer.java:388)
	at net.minecraft.server.MinecraftServer$$Lambda/0x00000136a7f55780.run(Unknown Source)
	at java.lang.Thread.runWith(java.base@21.0.10/Thread.java:1596)
	at java.lang.Thread.run(java.base@21.0.10/Thread.java:1583)
=== arm+14256ms ===
"Server thread" #113 [54228] prio=8 os_prio=1 cpu=14031.25ms elapsed=615.23s tid=0x00000136f43bf640 nid=54228 waiting on condition  [0x0000000a8e2fe000]
   java.lang.Thread.State: TIMED_WAITING (parking)
	at jdk.internal.misc.Unsafe.park(java.base@21.0.10/Native Method)
	- parking to wait for  <0x00000007051bfc38> (a java.lang.String)
	at java.util.concurrent.locks.LockSupport.parkNanos(java.base@21.0.10/LockSupport.java:269)
	at net.minecraft.server.MinecraftServer.recordTaskExecutionTimeWhileWaiting(MinecraftServer.java:1242)
	at net.minecraft.server.MinecraftServer.runServer(MinecraftServer.java:1348)
	at net.minecraft.server.MinecraftServer.lambda$spin$2(MinecraftServer.java:388)
	at net.minecraft.server.MinecraftServer$$Lambda/0x00000136a7f55780.run(Unknown Source)
	at java.lang.Thread.runWith(java.base@21.0.10/Thread.java:1596)
	at java.lang.Thread.run(java.base@21.0.10/Thread.java:1583)
=== arm+14520ms ===
"Server thread" #113 [54228] prio=8 os_prio=1 cpu=14031.25ms elapsed=615.48s tid=0x00000136f43bf640 nid=54228 waiting on condition  [0x0000000a8e2fe000]
   java.lang.Thread.State: TIMED_WAITING (parking)
	at jdk.internal.misc.Unsafe.park(java.base@21.0.10/Native Method)
	- parking to wait for  <0x00000007051bfc38> (a java.lang.String)
	at java.util.concurrent.locks.LockSupport.parkNanos(java.base@21.0.10/LockSupport.java:269)
	at net.minecraft.server.MinecraftServer.recordTaskExecutionTimeWhileWaiting(MinecraftServer.java:1242)
	at net.minecraft.server.MinecraftServer.runServer(MinecraftServer.java:1348)
	at net.minecraft.server.MinecraftServer.lambda$spin$2(MinecraftServer.java:388)
	at net.minecraft.server.MinecraftServer$$Lambda/0x00000136a7f55780.run(Unknown Source)
	at java.lang.Thread.runWith(java.base@21.0.10/Thread.java:1596)
	at java.lang.Thread.run(java.base@21.0.10/Thread.java:1583)
=== arm+14769ms ===
"Server thread" #113 [54228] prio=8 os_prio=1 cpu=14031.25ms elapsed=615.74s tid=0x00000136f43bf640 nid=54228 waiting on condition  [0x0000000a8e2fe000]
   java.lang.Thread.State: TIMED_WAITING (parking)
	at jdk.internal.misc.Unsafe.park(java.base@21.0.10/Native Method)
	- parking to wait for  <0x00000007051bfc38> (a java.lang.String)
	at java.util.concurrent.locks.LockSupport.parkNanos(java.base@21.0.10/LockSupport.java:269)
	at net.minecraft.server.MinecraftServer.recordTaskExecutionTimeWhileWaiting(MinecraftServer.java:1242)
	at net.minecraft.server.MinecraftServer.runServer(MinecraftServer.java:1348)
	at net.minecraft.server.MinecraftServer.lambda$spin$2(MinecraftServer.java:388)
	at net.minecraft.server.MinecraftServer$$Lambda/0x00000136a7f55780.run(Unknown Source)
	at java.lang.Thread.runWith(java.base@21.0.10/Thread.java:1596)
	at java.lang.Thread.run(java.base@21.0.10/Thread.java:1583)
=== arm+15048ms ===
"Server thread" #113 [54228] prio=8 os_prio=1 cpu=14031.25ms elapsed=615.99s tid=0x00000136f43bf640 nid=54228 waiting on condition  [0x0000000a8e2fe000]
   java.lang.Thread.State: TIMED_WAITING (parking)
	at jdk.internal.misc.Unsafe.park(java.base@21.0.10/Native Method)
	- parking to wait for  <0x00000007051bfc38> (a java.lang.String)
	at java.util.concurrent.locks.LockSupport.parkNanos(java.base@21.0.10/LockSupport.java:269)
	at net.minecraft.server.MinecraftServer.recordTaskExecutionTimeWhileWaiting(MinecraftServer.java:1242)
	at net.minecraft.server.MinecraftServer.runServer(MinecraftServer.java:1348)
	at net.minecraft.server.MinecraftServer.lambda$spin$2(MinecraftServer.java:388)
	at net.minecraft.server.MinecraftServer$$Lambda/0x00000136a7f55780.run(Unknown Source)
	at java.lang.Thread.runWith(java.base@21.0.10/Thread.java:1596)
	at java.lang.Thread.run(java.base@21.0.10/Thread.java:1583)
=== arm+15300ms ===
"Server thread" #113 [54228] prio=8 os_prio=1 cpu=14046.88ms elapsed=616.27s tid=0x00000136f43bf640 nid=54228 waiting on condition  [0x0000000a8e2fe000]
   java.lang.Thread.State: TIMED_WAITING (parking)
	at jdk.internal.misc.Unsafe.park(java.base@21.0.10/Native Method)
	- parking to wait for  <0x00000007051bfc38> (a java.lang.String)
	at java.util.concurrent.locks.LockSupport.parkNanos(java.base@21.0.10/LockSupport.java:269)
	at net.minecraft.server.MinecraftServer.recordTaskExecutionTimeWhileWaiting(MinecraftServer.java:1242)
	at net.minecraft.server.MinecraftServer.runServer(MinecraftServer.java:1348)
	at net.minecraft.server.MinecraftServer.lambda$spin$2(MinecraftServer.java:388)
	at net.minecraft.server.MinecraftServer$$Lambda/0x00000136a7f55780.run(Unknown Source)
	at java.lang.Thread.runWith(java.base@21.0.10/Thread.java:1596)
	at java.lang.Thread.run(java.base@21.0.10/Thread.java:1583)
logErrors=0 exited=true dirtyCmds=1600
