boot: [03:54:54 INFO]: Done (15.049s)! For help, type "help"
built platform (half=88) + 441 ring cells (side=21, pitch=8, blocks/cell=12)
verify round 0: RING=441 REP=441 missing=[]
ringStructuralA=441 seedRepeaterA=441 expectedCells=441
forensics entry: missing=[]
ringStructuralB=441 seedRepeaterB=441
window done (10 bots x 360000ms, cells=441)
presence gate PASS (RING A=B=441 REP A=B=441 == N=441)
echoes dumped: C:\Users\Z\AppData\Local\Temp\papo-rsscale-8489343805025213480\echoes.txt
---- PapoTickProfile windows (from logs/latest.log) ----
[03:54:54] [Server thread/INFO]: [STDOUT] [io.papermc.paper.util.PapoTickProfile] PapoTickProfile window=400ticks totalWallMs=0 measuredMs=0 gcMs=0
[03:55:14] [Server thread/INFO]: [STDOUT] [io.papermc.paper.util.PapoTickProfile] PapoTickProfile window=400ticks totalWallMs=20488 measuredMs=6073 gcMs=155
[03:55:14] [Server thread/INFO]: [STDOUT] [io.papermc.paper.util.PapoTickProfile] PapoTickProfile.phase worlds                     total= 1694.2ms avg/tick= 4235.5us share= 27.9% n=400
[03:55:14] [Server thread/INFO]: [STDOUT] [io.papermc.paper.util.PapoTickProfile] PapoTickProfile.phase level.tickPending+misc     total= 1045.6ms avg/tick= 2613.9us share= 17.2% n=1200
[03:55:14] [Server thread/INFO]: [STDOUT] [io.papermc.paper.util.PapoTickProfile] PapoTickProfile.phase level.chunkSource          total=  741.0ms avg/tick= 1852.6us share= 12.2% n=1200
[03:55:14] [Server thread/INFO]: [STDOUT] [io.papermc.paper.util.PapoTickProfile] PapoTickProfile.phase level.entities             total=  616.5ms avg/tick= 1541.3us share= 10.2% n=1200
[03:55:14] [Server thread/INFO]: [STDOUT] [io.papermc.paper.util.PapoTickProfile] PapoTickProfile.phase server.taskDrain           total=  562.2ms avg/tick= 1405.4us share=  9.3% n=400
[03:55:14] [Server thread/INFO]: [STDOUT] [io.papermc.paper.util.PapoTickProfile] PapoTickProfile.phase connection                 total=  432.0ms avg/tick= 1079.9us share=  7.1% n=400
[03:55:14] [Server thread/INFO]: [STDOUT] [io.papermc.paper.util.PapoTickProfile] PapoTickProfile.phase conn.listenerTick          total=  288.6ms avg/tick=  721.4us share=  4.8% n=3526
[03:55:14] [Server thread/INFO]: [STDOUT] [io.papermc.paper.util.PapoTickProfile] PapoTickProfile.phase player.superTick           total=  195.3ms avg/tick=  488.3us share=  3.2% n=3220
[03:55:14] [Server thread/INFO]: [STDOUT] [io.papermc.paper.util.PapoTickProfile] PapoTickProfile.phase level.blockTicks           total=  185.6ms avg/tick=  463.9us share=  3.1% n=1200
[03:55:14] [Server thread/INFO]: [STDOUT] [io.papermc.paper.util.PapoTickProfile] PapoTickProfile.phase level.fluidTicks           total=  112.4ms avg/tick=  280.9us share=  1.9% n=1200
[03:55:14] [Server thread/INFO]: [STDOUT] [io.papermc.paper.util.PapoTickProfile] PapoTickProfile.phase ent.serverAiStep           total=  103.3ms avg/tick=  258.3us share=  1.7% n=13820
[03:55:14] [Server thread/INFO]: [STDOUT] [io.papermc.paper.util.PapoTickProfile] PapoTickProfile.phase sendChunks                 total=   30.5ms avg/tick=   76.3us share=  0.5% n=400
[03:55:14] [Server thread/INFO]: [STDOUT] [io.papermc.paper.util.PapoTickProfile] PapoTickProfile.phase chunkMap.tracker.maintain  total=   24.2ms avg/tick=   60.4us share=  0.4% n=1200
[03:55:14] [Server thread/INFO]: [STDOUT] [io.papermc.paper.util.PapoTickProfile] PapoTickProfile.phase chunkMap.tracker.sendChanges total=   19.4ms avg/tick=   48.4us share=  0.3% n=1200
[03:55:14] [Server thread/INFO]: [STDOUT] [io.papermc.paper.util.PapoTickProfile] PapoTickProfile.phase player.pushEntities        total=   11.6ms avg/tick=   28.9us share=  0.2% n=9596
[03:55:14] [Server thread/INFO]: [STDOUT] [io.papermc.paper.util.PapoTickProfile] PapoTickProfile.phase chunkMap.tracker.fanout    total=    3.2ms avg/tick=    7.9us share=  0.1% n=1200
[03:55:14] [Server thread/INFO]: [STDOUT] [io.papermc.paper.util.PapoTickProfile] PapoTickProfile.phase player.aiStepTouchScan     total=    2.9ms avg/tick=    7.4us share=  0.0% n=3220
[03:55:14] [Server thread/INFO]: [STDOUT] [io.papermc.paper.util.PapoTickProfile] PapoTickProfile.phase level.blockEvents          total=    2.4ms avg/tick=    6.0us share=  0.0% n=1200
[03:55:14] [Server thread/INFO]: [STDOUT] [io.papermc.paper.util.PapoTickProfile] PapoTickProfile.phase conn.flushQueue            total=    1.1ms avg/tick=    2.8us share=  0.0% n=3526
[03:55:14] [Server thread/INFO]: [STDOUT] [io.papermc.paper.util.PapoTickProfile] PapoTickProfile.phase functions                  total=    1.0ms avg/tick=    2.5us share=  0.0% n=400
[03:55:14] [Server thread/INFO]: [STDOUT] [io.papermc.paper.util.PapoTickProfile] PapoTickProfile.phase players                    total=    0.3ms avg/tick=    0.7us share=  0.0% n=400
[03:55:14] [Server thread/INFO]: [STDOUT] [io.papermc.paper.util.PapoTickProfile] PapoTickProfile.count rs.blockTickRuns           total=    68309 avg/tick=    170.8 n=68309
[03:55:14] [Server thread/INFO]: [STDOUT] [io.papermc.paper.util.PapoTickProfile] PapoTickProfile.count fanout.sends               total=    27779 avg/tick=     69.4 n=1200
[03:55:14] [Server thread/INFO]: [STDOUT] [io.papermc.paper.util.PapoTickProfile] PapoTickProfile.count rs.fluidTickRuns           total=     7843 avg/tick=     19.6 n=7843
[03:55:14] [Server thread/INFO]: [STDOUT] [io.papermc.paper.util.PapoTickProfile] PapoTickProfile.count fanout.pkt.headRot         total=     1157 avg/tick=      2.9 n=314
[03:55:14] [Server thread/INFO]: [STDOUT] [io.papermc.paper.util.PapoTickProfile] PapoTickProfile.count fanout.pkt.movePosRot      total=      992 avg/tick=      2.5 n=302
[03:55:14] [Server thread/INFO]: [STDOUT] [io.papermc.paper.util.PapoTickProfile] PapoTickProfile.count fanout.pkt.entityData      total=      358 avg/tick=      0.9 n=301
[03:55:14] [Server thread/INFO]: [STDOUT] [io.papermc.paper.util.PapoTickProfile] PapoTickProfile.count fanout.pkt.movePos         total=      182 avg/tick=      0.5 n=103
[03:55:14] [Server thread/INFO]: [STDOUT] [io.papermc.paper.util.PapoTickProfile] PapoTickProfile.count fanout.pkt.other           total=      164 avg/tick=      0.4 n=67
[03:55:14] [Server thread/INFO]: [STDOUT] [io.papermc.paper.util.PapoTickProfile] PapoTickProfile.count fanout.pkt.posSync         total=      157 avg/tick=      0.4 n=72
[03:55:14] [Server thread/INFO]: [STDOUT] [io.papermc.paper.util.PapoTickProfile] PapoTickProfile.count fanout.pkt.velocity        total=      120 avg/tick=      0.3 n=64
[03:55:14] [Server thread/INFO]: [STDOUT] [io.papermc.paper.util.PapoTickProfile] PapoTickProfile.count fanout.pkt.moveRot         total=       62 avg/tick=      0.2 n=40
[03:55:34] [Server thread/INFO]: [STDOUT] [io.papermc.paper.util.PapoTickProfile] PapoTickProfile window=400ticks totalWallMs=20000 measuredMs=2419 gcMs=0
[03:55:34] [Server thread/INFO]: [STDOUT] [io.papermc.paper.util.PapoTickProfile] PapoTickProfile.phase connection                 total=  594.7ms avg/tick= 1486.8us share= 24.6% n=400
[03:55:34] [Server thread/INFO]: [STDOUT] [io.papermc.paper.util.PapoTickProfile] PapoTickProfile.phase worlds                     total=  586.1ms avg/tick= 1465.2us share= 24.2% n=400
[03:55:34] [Server thread/INFO]: [STDOUT] [io.papermc.paper.util.PapoTickProfile] PapoTickProfile.phase level.tickPending+misc     total=  375.2ms avg/tick=  938.1us share= 15.5% n=1200
[03:55:34] [Server thread/INFO]: [STDOUT] [io.papermc.paper.util.PapoTickProfile] PapoTickProfile.phase level.chunkSource          total=  349.4ms avg/tick=  873.6us share= 14.4% n=1200
[03:55:34] [Server thread/INFO]: [STDOUT] [io.papermc.paper.util.PapoTickProfile] PapoTickProfile.phase level.entities             total=  199.2ms avg/tick=  498.0us share=  8.2% n=1200
[03:55:34] [Server thread/INFO]: [STDOUT] [io.papermc.paper.util.PapoTickProfile] PapoTickProfile.phase conn.listenerTick          total=  106.8ms avg/tick=  266.9us share=  4.4% n=4000
[03:55:34] [Server thread/INFO]: [STDOUT] [io.papermc.paper.util.PapoTickProfile] PapoTickProfile.phase player.superTick           total=   83.0ms avg/tick=  207.6us share=  3.4% n=4000
[03:55:34] [Server thread/INFO]: [STDOUT] [io.papermc.paper.util.PapoTickProfile] PapoTickProfile.phase sendChunks                 total=   32.7ms avg/tick=   81.9us share=  1.4% n=400
[03:55:34] [Server thread/INFO]: [STDOUT] [io.papermc.paper.util.PapoTickProfile] PapoTickProfile.phase ent.serverAiStep           total=   19.9ms avg/tick=   49.7us share=  0.8% n=12701
[03:55:34] [Server thread/INFO]: [STDOUT] [io.papermc.paper.util.PapoTickProfile] PapoTickProfile.phase chunkMap.tracker.sendChanges total=   16.0ms avg/tick=   40.0us share=  0.7% n=1200
[03:55:34] [Server thread/INFO]: [STDOUT] [io.papermc.paper.util.PapoTickProfile] PapoTickProfile.phase level.fluidTicks           total=   15.6ms avg/tick=   39.0us share=  0.6% n=1200
[03:55:34] [Server thread/INFO]: [STDOUT] [io.papermc.paper.util.PapoTickProfile] PapoTickProfile.phase server.taskDrain           total=   12.1ms avg/tick=   30.4us share=  0.5% n=400
[03:55:34] [Server thread/INFO]: [STDOUT] [io.papermc.paper.util.PapoTickProfile] PapoTickProfile.phase chunkMap.tracker.maintain  total=   10.6ms avg/tick=   26.5us share=  0.4% n=1200
[03:55:34] [Server thread/INFO]: [STDOUT] [io.papermc.paper.util.PapoTickProfile] PapoTickProfile.phase level.blockTicks           total=    7.2ms avg/tick=   18.1us share=  0.3% n=1200
[03:55:34] [Server thread/INFO]: [STDOUT] [io.papermc.paper.util.PapoTickProfile] PapoTickProfile.phase chunkMap.tracker.fanout    total=    4.1ms avg/tick=   10.3us share=  0.2% n=1200
[03:55:34] [Server thread/INFO]: [STDOUT] [io.papermc.paper.util.PapoTickProfile] PapoTickProfile.phase player.pushEntities        total=    2.0ms avg/tick=    5.1us share=  0.1% n=7286
[03:55:34] [Server thread/INFO]: [STDOUT] [io.papermc.paper.util.PapoTickProfile] PapoTickProfile.phase player.aiStepTouchScan     total=    1.6ms avg/tick=    4.0us share=  0.1% n=4000
[03:55:34] [Server thread/INFO]: [STDOUT] [io.papermc.paper.util.PapoTickProfile] PapoTickProfile.phase level.blockEvents          total=    1.2ms avg/tick=    3.0us share=  0.0% n=1200
[03:55:34] [Server thread/INFO]: [STDOUT] [io.papermc.paper.util.PapoTickProfile] PapoTickProfile.phase players                    total=    0.8ms avg/tick=    2.1us share=  0.0% n=400
[03:55:34] [Server thread/INFO]: [STDOUT] [io.papermc.paper.util.PapoTickProfile] PapoTickProfile.phase conn.flushQueue            total=    0.4ms avg/tick=    1.0us share=  0.0% n=4000
[03:55:34] [Server thread/INFO]: [STDOUT] [io.papermc.paper.util.PapoTickProfile] PapoTickProfile.phase functions                  total=    0.2ms avg/tick=    0.4us share=  0.0% n=400
[03:55:34] [Server thread/INFO]: [STDOUT] [io.papermc.paper.util.PapoTickProfile] PapoTickProfile.count fanout.sends               total=    26378 avg/tick=     65.9 n=1200
[03:55:34] [Server thread/INFO]: [STDOUT] [io.papermc.paper.util.PapoTickProfile] PapoTickProfile.count rs.fluidTickRuns           total=      875 avg/tick=      2.2 n=875
[03:55:34] [Server thread/INFO]: [STDOUT] [io.papermc.paper.util.PapoTickProfile] PapoTickProfile.count fanout.pkt.headRot         total=      810 avg/tick=      2.0 n=350
[03:55:34] [Server thread/INFO]: [STDOUT] [io.papermc.paper.util.PapoTickProfile] PapoTickProfile.count fanout.pkt.movePosRot      total=      731 avg/tick=      1.8 n=343
[03:55:34] [Server thread/INFO]: [STDOUT] [io.papermc.paper.util.PapoTickProfile] PapoTickProfile.count fanout.pkt.movePos         total=      584 avg/tick=      1.5 n=137
[03:55:34] [Server thread/INFO]: [STDOUT] [io.papermc.paper.util.PapoTickProfile] PapoTickProfile.count fanout.pkt.entityData      total=      447 avg/tick=      1.1 n=400
[03:55:34] [Server thread/INFO]: [STDOUT] [io.papermc.paper.util.PapoTickProfile] PapoTickProfile.count fanout.pkt.velocity        total=      387 avg/tick=      1.0 n=80
[03:55:34] [Server thread/INFO]: [STDOUT] [io.papermc.paper.util.PapoTickProfile] PapoTickProfile.count fanout.pkt.other           total=      230 avg/tick=      0.6 n=62
[03:55:34] [Server thread/INFO]: [STDOUT] [io.papermc.paper.util.PapoTickProfile] PapoTickProfile.count fanout.pkt.posSync         total=       80 avg/tick=      0.2 n=64
[03:55:34] [Server thread/INFO]: [STDOUT] [io.papermc.paper.util.PapoTickProfile] PapoTickProfile.count rs.blockTickRuns           total=       13 avg/tick=      0.0 n=13
[03:55:54] [Server thread/INFO]: [STDOUT] [io.papermc.paper.util.PapoTickProfile] PapoTickProfile window=400ticks totalWallMs=19999 measuredMs=26963 gcMs=79
[03:55:54] [Server thread/INFO]: [STDOUT] [io.papermc.paper.util.PapoTickProfile] PapoTickProfile.phase worlds                     total= 8918.2ms avg/tick=22295.4us share= 33.1% n=400
[03:55:54] [Server thread/INFO]: [STDOUT] [io.papermc.paper.util.PapoTickProfile] PapoTickProfile.phase level.tickPending+misc     total= 8760.8ms avg/tick=21901.9us share= 32.5% n=1200
[03:55:54] [Server thread/INFO]: [STDOUT] [io.papermc.paper.util.PapoTickProfile] PapoTickProfile.phase level.blockTicks           total= 8418.1ms avg/tick=21045.3us share= 31.2% n=1200
[03:55:54] [Server thread/INFO]: [STDOUT] [io.papermc.paper.util.PapoTickProfile] PapoTickProfile.phase level.chunkSource          total=  334.7ms avg/tick=  836.8us share=  1.2% n=1200
[03:55:54] [Server thread/INFO]: [STDOUT] [io.papermc.paper.util.PapoTickProfile] PapoTickProfile.phase connection                 total=  171.2ms avg/tick=  427.9us share=  0.6% n=400
[03:55:54] [Server thread/INFO]: [STDOUT] [io.papermc.paper.util.PapoTickProfile] PapoTickProfile.phase level.entities             total=  146.7ms avg/tick=  366.7us share=  0.5% n=1200
[03:55:54] [Server thread/INFO]: [STDOUT] [io.papermc.paper.util.PapoTickProfile] PapoTickProfile.phase conn.listenerTick          total=   72.7ms avg/tick=  181.8us share=  0.3% n=4000
[03:55:54] [Server thread/INFO]: [STDOUT] [io.papermc.paper.util.PapoTickProfile] PapoTickProfile.phase player.superTick           total=   55.6ms avg/tick=  138.9us share=  0.2% n=4000
[03:55:54] [Server thread/INFO]: [STDOUT] [io.papermc.paper.util.PapoTickProfile] PapoTickProfile.phase sendChunks                 total=   29.5ms avg/tick=   73.8us share=  0.1% n=400
[03:55:54] [Server thread/INFO]: [STDOUT] [io.papermc.paper.util.PapoTickProfile] PapoTickProfile.phase ent.serverAiStep           total=   26.3ms avg/tick=   65.7us share=  0.1% n=12402
[03:55:54] [Server thread/INFO]: [STDOUT] [io.papermc.paper.util.PapoTickProfile] PapoTickProfile.phase chunkMap.tracker.maintain  total=    8.1ms avg/tick=   20.3us share=  0.0% n=1200
[03:55:54] [Server thread/INFO]: [STDOUT] [io.papermc.paper.util.PapoTickProfile] PapoTickProfile.phase chunkMap.tracker.sendChanges total=    7.6ms avg/tick=   18.9us share=  0.0% n=1200
[03:55:54] [Server thread/INFO]: [STDOUT] [io.papermc.paper.util.PapoTickProfile] PapoTickProfile.phase level.fluidTicks           total=    4.9ms avg/tick=   12.2us share=  0.0% n=1200
[03:55:54] [Server thread/INFO]: [STDOUT] [io.papermc.paper.util.PapoTickProfile] PapoTickProfile.phase server.taskDrain           total=    4.6ms avg/tick=   11.4us share=  0.0% n=400
[03:55:54] [Server thread/INFO]: [STDOUT] [io.papermc.paper.util.PapoTickProfile] PapoTickProfile.phase player.pushEntities        total=    1.7ms avg/tick=    4.2us share=  0.0% n=6424
[03:55:54] [Server thread/INFO]: [STDOUT] [io.papermc.paper.util.PapoTickProfile] PapoTickProfile.phase player.aiStepTouchScan     total=    1.2ms avg/tick=    3.0us share=  0.0% n=4000
[03:55:54] [Server thread/INFO]: [STDOUT] [io.papermc.paper.util.PapoTickProfile] PapoTickProfile.phase level.blockEvents          total=    1.2ms avg/tick=    3.0us share=  0.0% n=1200
[03:55:54] [Server thread/INFO]: [STDOUT] [io.papermc.paper.util.PapoTickProfile] PapoTickProfile.phase chunkMap.tracker.fanout    total=    0.8ms avg/tick=    2.1us share=  0.0% n=1200
[03:55:54] [Server thread/INFO]: [STDOUT] [io.papermc.paper.util.PapoTickProfile] PapoTickProfile.phase conn.flushQueue            total=    0.1ms avg/tick=    0.4us share=  0.0% n=4000
[03:55:54] [Server thread/INFO]: [STDOUT] [io.papermc.paper.util.PapoTickProfile] PapoTickProfile.phase functions                  total=    0.0ms avg/tick=    0.1us share=  0.0% n=400
[03:55:54] [Server thread/INFO]: [STDOUT] [io.papermc.paper.util.PapoTickProfile] PapoTickProfile.phase players                    total=    0.0ms avg/tick=    0.0us share=  0.0% n=400
[03:55:54] [Server thread/INFO]: [STDOUT] [io.papermc.paper.util.PapoTickProfile] PapoTickProfile.count rs.blockTickRuns           total=   157744 avg/tick=    394.4 n=157744
[03:55:54] [Server thread/INFO]: [STDOUT] [io.papermc.paper.util.PapoTickProfile] PapoTickProfile.count fanout.sends               total=    12543 avg/tick=     31.4 n=1200
[03:55:54] [Server thread/INFO]: [STDOUT] [io.papermc.paper.util.PapoTickProfile] PapoTickProfile.count fanout.pkt.headRot         total=      564 avg/tick=      1.4 n=360
[03:55:54] [Server thread/INFO]: [STDOUT] [io.papermc.paper.util.PapoTickProfile] PapoTickProfile.count fanout.pkt.movePosRot      total=      502 avg/tick=      1.3 n=344
[03:55:54] [Server thread/INFO]: [STDOUT] [io.papermc.paper.util.PapoTickProfile] PapoTickProfile.count fanout.pkt.entityData      total=      401 avg/tick=      1.0 n=400
[03:55:54] [Server thread/INFO]: [STDOUT] [io.papermc.paper.util.PapoTickProfile] PapoTickProfile.count rs.fluidTickRuns           total=      197 avg/tick=      0.5 n=197
[03:55:54] [Server thread/INFO]: [STDOUT] [io.papermc.paper.util.PapoTickProfile] PapoTickProfile.count fanout.pkt.movePos         total=       95 avg/tick=      0.2 n=39
[03:55:54] [Server thread/INFO]: [STDOUT] [io.papermc.paper.util.PapoTickProfile] PapoTickProfile.count fanout.pkt.other           total=       83 avg/tick=      0.2 n=63
[03:55:54] [Server thread/INFO]: [STDOUT] [io.papermc.paper.util.PapoTickProfile] PapoTickProfile.count fanout.pkt.posSync         total=       63 avg/tick=      0.2 n=51
[03:56:14] [Server thread/INFO]: [STDOUT] [io.papermc.paper.util.PapoTickProfile] PapoTickProfile window=400ticks totalWallMs=19999 measuredMs=29819 gcMs=50
[03:56:14] [Server thread/INFO]: [STDOUT] [io.papermc.paper.util.PapoTickProfile] PapoTickProfile.phase worlds                     total= 9902.6ms avg/tick=24756.5us share= 33.2% n=400
[03:56:14] [Server thread/INFO]: [STDOUT] [io.papermc.paper.util.PapoTickProfile] PapoTickProfile.phase level.tickPending+misc     total= 9776.1ms avg/tick=24440.3us share= 32.8% n=1200
[03:56:14] [Server thread/INFO]: [STDOUT] [io.papermc.paper.util.PapoTickProfile] PapoTickProfile.phase level.blockTicks           total= 9431.0ms avg/tick=23577.6us share= 31.6% n=1200
[03:56:14] [Server thread/INFO]: [STDOUT] [io.papermc.paper.util.PapoTickProfile] PapoTickProfile.phase level.chunkSource          total=  339.1ms avg/tick=  847.8us share=  1.1% n=1200
[03:56:14] [Server thread/INFO]: [STDOUT] [io.papermc.paper.util.PapoTickProfile] PapoTickProfile.phase level.entities             total=  116.2ms avg/tick=  290.4us share=  0.4% n=1200
[03:56:14] [Server thread/INFO]: [STDOUT] [io.papermc.paper.util.PapoTickProfile] PapoTickProfile.phase connection                 total=   69.6ms avg/tick=  174.1us share=  0.2% n=400
[03:56:14] [Server thread/INFO]: [STDOUT] [io.papermc.paper.util.PapoTickProfile] PapoTickProfile.phase conn.listenerTick          total=   67.3ms avg/tick=  168.3us share=  0.2% n=4000
[03:56:14] [Server thread/INFO]: [STDOUT] [io.papermc.paper.util.PapoTickProfile] PapoTickProfile.phase player.superTick           total=   50.3ms avg/tick=  125.7us share=  0.2% n=4000
[03:56:14] [Server thread/INFO]: [STDOUT] [io.papermc.paper.util.PapoTickProfile] PapoTickProfile.phase sendChunks                 total=   29.3ms avg/tick=   73.3us share=  0.1% n=400
[03:56:14] [Server thread/INFO]: [STDOUT] [io.papermc.paper.util.PapoTickProfile] PapoTickProfile.phase ent.serverAiStep           total=   11.3ms avg/tick=   28.1us share=  0.0% n=11591
[03:56:14] [Server thread/INFO]: [STDOUT] [io.papermc.paper.util.PapoTickProfile] PapoTickProfile.phase chunkMap.tracker.sendChanges total=    7.7ms avg/tick=   19.4us share=  0.0% n=1200
[03:56:14] [Server thread/INFO]: [STDOUT] [io.papermc.paper.util.PapoTickProfile] PapoTickProfile.phase chunkMap.tracker.maintain  total=    6.7ms avg/tick=   16.8us share=  0.0% n=1200
[03:56:14] [Server thread/INFO]: [STDOUT] [io.papermc.paper.util.PapoTickProfile] PapoTickProfile.phase server.taskDrain           total=    3.6ms avg/tick=    9.1us share=  0.0% n=400
[03:56:14] [Server thread/INFO]: [STDOUT] [io.papermc.paper.util.PapoTickProfile] PapoTickProfile.phase level.fluidTicks           total=    3.0ms avg/tick=    7.4us share=  0.0% n=1200
[03:56:14] [Server thread/INFO]: [STDOUT] [io.papermc.paper.util.PapoTickProfile] PapoTickProfile.phase player.pushEntities        total=    1.6ms avg/tick=    4.0us share=  0.0% n=6036
[03:56:14] [Server thread/INFO]: [STDOUT] [io.papermc.paper.util.PapoTickProfile] PapoTickProfile.phase chunkMap.tracker.fanout    total=    1.5ms avg/tick=    3.8us share=  0.0% n=1200
[03:56:14] [Server thread/INFO]: [STDOUT] [io.papermc.paper.util.PapoTickProfile] PapoTickProfile.phase level.blockEvents          total=    1.2ms avg/tick=    3.0us share=  0.0% n=1200
[03:56:14] [Server thread/INFO]: [STDOUT] [io.papermc.paper.util.PapoTickProfile] PapoTickProfile.phase player.aiStepTouchScan     total=    0.9ms avg/tick=    2.3us share=  0.0% n=4000
[03:56:14] [Server thread/INFO]: [STDOUT] [io.papermc.paper.util.PapoTickProfile] PapoTickProfile.phase players                    total=    0.2ms avg/tick=    0.6us share=  0.0% n=400
[03:56:14] [Server thread/INFO]: [STDOUT] [io.papermc.paper.util.PapoTickProfile] PapoTickProfile.phase conn.flushQueue            total=    0.1ms avg/tick=    0.3us share=  0.0% n=4000
[03:56:14] [Server thread/INFO]: [STDOUT] [io.papermc.paper.util.PapoTickProfile] PapoTickProfile.phase functions                  total=    0.0ms avg/tick=    0.1us share=  0.0% n=400
[03:56:14] [Server thread/INFO]: [STDOUT] [io.papermc.paper.util.PapoTickProfile] PapoTickProfile.count rs.blockTickRuns           total=   176401 avg/tick=    441.0 n=176401
[03:56:14] [Server thread/INFO]: [STDOUT] [io.papermc.paper.util.PapoTickProfile] PapoTickProfile.count fanout.sends               total=    14174 avg/tick=     35.4 n=1200
[03:56:14] [Server thread/INFO]: [STDOUT] [io.papermc.paper.util.PapoTickProfile] PapoTickProfile.count fanout.pkt.headRot         total=      553 avg/tick=      1.4 n=388
[03:56:14] [Server thread/INFO]: [STDOUT] [io.papermc.paper.util.PapoTickProfile] PapoTickProfile.count fanout.pkt.movePosRot      total=      500 avg/tick=      1.3 n=368
[03:56:14] [Server thread/INFO]: [STDOUT] [io.papermc.paper.util.PapoTickProfile] PapoTickProfile.count fanout.pkt.entityData      total=      406 avg/tick=      1.0 n=400
[03:56:14] [Server thread/INFO]: [STDOUT] [io.papermc.paper.util.PapoTickProfile] PapoTickProfile.count fanout.pkt.movePos         total=      126 avg/tick=      0.3 n=54
[03:56:14] [Server thread/INFO]: [STDOUT] [io.papermc.paper.util.PapoTickProfile] PapoTickProfile.count rs.fluidTickRuns           total=       88 avg/tick=      0.2 n=88
[03:56:14] [Server thread/INFO]: [STDOUT] [io.papermc.paper.util.PapoTickProfile] PapoTickProfile.count fanout.pkt.other           total=       87 avg/tick=      0.2 n=66
[03:56:14] [Server thread/INFO]: [STDOUT] [io.papermc.paper.util.PapoTickProfile] PapoTickProfile.count fanout.pkt.velocity        total=       27 avg/tick=      0.1 n=27
[03:56:14] [Server thread/INFO]: [STDOUT] [io.papermc.paper.util.PapoTickProfile] PapoTickProfile.count fanout.pkt.posSync         total=       26 avg/tick=      0.1 n=25
[03:56:14] [Server thread/INFO]: [STDOUT] [io.papermc.paper.util.PapoTickProfile] PapoTickProfile.count fanout.pkt.moveRot         total=       15 avg/tick=      0.0 n=15
[03:56:34] [Server thread/INFO]: [STDOUT] [io.papermc.paper.util.PapoTickProfile] PapoTickProfile window=400ticks totalWallMs=20000 measuredMs=29923 gcMs=38
[03:56:34] [Server thread/INFO]: [STDOUT] [io.papermc.paper.util.PapoTickProfile] PapoTickProfile.phase worlds                     total= 9901.9ms avg/tick=24754.8us share= 33.1% n=400
[03:56:34] [Server thread/INFO]: [STDOUT] [io.papermc.paper.util.PapoTickProfile] PapoTickProfile.phase level.tickPending+misc     total= 9783.5ms avg/tick=24458.8us share= 32.7% n=1200
[03:56:34] [Server thread/INFO]: [STDOUT] [io.papermc.paper.util.PapoTickProfile] PapoTickProfile.phase level.blockTicks           total= 9449.2ms avg/tick=23622.9us share= 31.6% n=1200
[03:56:34] [Server thread/INFO]: [STDOUT] [io.papermc.paper.util.PapoTickProfile] PapoTickProfile.phase level.chunkSource          total=  329.0ms avg/tick=  822.4us share=  1.1% n=1200
[03:56:34] [Server thread/INFO]: [STDOUT] [io.papermc.paper.util.PapoTickProfile] PapoTickProfile.phase connection                 total=  144.8ms avg/tick=  362.0us share=  0.5% n=400
[03:56:34] [Server thread/INFO]: [STDOUT] [io.papermc.paper.util.PapoTickProfile] PapoTickProfile.phase level.entities             total=  109.7ms avg/tick=  274.3us share=  0.4% n=1200
[03:56:34] [Server thread/INFO]: [STDOUT] [io.papermc.paper.util.PapoTickProfile] PapoTickProfile.phase conn.listenerTick          total=   68.5ms avg/tick=  171.2us share=  0.2% n=4000
[03:56:34] [Server thread/INFO]: [STDOUT] [io.papermc.paper.util.PapoTickProfile] PapoTickProfile.phase player.superTick           total=   51.3ms avg/tick=  128.3us share=  0.2% n=4000
[03:56:34] [Server thread/INFO]: [STDOUT] [io.papermc.paper.util.PapoTickProfile] PapoTickProfile.phase sendChunks                 total=   29.8ms avg/tick=   74.4us share=  0.1% n=400
[03:56:34] [Server thread/INFO]: [STDOUT] [io.papermc.paper.util.PapoTickProfile] PapoTickProfile.phase server.taskDrain           total=   25.0ms avg/tick=   62.5us share=  0.1% n=400
[03:56:34] [Server thread/INFO]: [STDOUT] [io.papermc.paper.util.PapoTickProfile] PapoTickProfile.phase ent.serverAiStep           total=    9.0ms avg/tick=   22.6us share=  0.0% n=11588
[03:56:34] [Server thread/INFO]: [STDOUT] [io.papermc.paper.util.PapoTickProfile] PapoTickProfile.phase chunkMap.tracker.sendChanges total=    7.0ms avg/tick=   17.5us share=  0.0% n=1200
[03:56:34] [Server thread/INFO]: [STDOUT] [io.papermc.paper.util.PapoTickProfile] PapoTickProfile.phase chunkMap.tracker.maintain  total=    6.9ms avg/tick=   17.3us share=  0.0% n=1200
[03:56:34] [Server thread/INFO]: [STDOUT] [io.papermc.paper.util.PapoTickProfile] PapoTickProfile.phase level.fluidTicks           total=    2.5ms avg/tick=    6.3us share=  0.0% n=1200
[03:56:34] [Server thread/INFO]: [STDOUT] [io.papermc.paper.util.PapoTickProfile] PapoTickProfile.phase player.pushEntities        total=    1.5ms avg/tick=    3.8us share=  0.0% n=6022
[03:56:34] [Server thread/INFO]: [STDOUT] [io.papermc.paper.util.PapoTickProfile] PapoTickProfile.phase chunkMap.tracker.fanout    total=    1.4ms avg/tick=    3.5us share=  0.0% n=1200
[03:56:34] [Server thread/INFO]: [STDOUT] [io.papermc.paper.util.PapoTickProfile] PapoTickProfile.phase level.blockEvents          total=    1.2ms avg/tick=    3.0us share=  0.0% n=1200
[03:56:34] [Server thread/INFO]: [STDOUT] [io.papermc.paper.util.PapoTickProfile] PapoTickProfile.phase player.aiStepTouchScan     total=    1.0ms avg/tick=    2.4us share=  0.0% n=4000
[03:56:34] [Server thread/INFO]: [STDOUT] [io.papermc.paper.util.PapoTickProfile] PapoTickProfile.phase players                    total=    0.2ms avg/tick=    0.6us share=  0.0% n=400
[03:56:34] [Server thread/INFO]: [STDOUT] [io.papermc.paper.util.PapoTickProfile] PapoTickProfile.phase conn.flushQueue            total=    0.1ms avg/tick=    0.3us share=  0.0% n=4000
[03:56:34] [Server thread/INFO]: [STDOUT] [io.papermc.paper.util.PapoTickProfile] PapoTickProfile.phase functions                  total=    0.0ms avg/tick=    0.1us share=  0.0% n=400
[03:56:34] [Server thread/INFO]: [STDOUT] [io.papermc.paper.util.PapoTickProfile] PapoTickProfile.count rs.blockTickRuns           total=   176411 avg/tick=    441.0 n=176411
[03:56:34] [Server thread/INFO]: [STDOUT] [io.papermc.paper.util.PapoTickProfile] PapoTickProfile.count fanout.sends               total=    12149 avg/tick=     30.4 n=1200
[03:56:34] [Server thread/INFO]: [STDOUT] [io.papermc.paper.util.PapoTickProfile] PapoTickProfile.count fanout.pkt.headRot         total=      463 avg/tick=      1.2 n=323
[03:56:34] [Server thread/INFO]: [STDOUT] [io.papermc.paper.util.PapoTickProfile] PapoTickProfile.count fanout.pkt.movePosRot      total=      410 avg/tick=      1.0 n=308
[03:56:34] [Server thread/INFO]: [STDOUT] [io.papermc.paper.util.PapoTickProfile] PapoTickProfile.count fanout.pkt.entityData      total=      404 avg/tick=      1.0 n=400
[03:56:34] [Server thread/INFO]: [STDOUT] [io.papermc.paper.util.PapoTickProfile] PapoTickProfile.count fanout.pkt.movePos         total=      117 avg/tick=      0.3 n=48
[03:56:34] [Server thread/INFO]: [STDOUT] [io.papermc.paper.util.PapoTickProfile] PapoTickProfile.count fanout.pkt.other           total=       86 avg/tick=      0.2 n=64
[03:56:34] [Server thread/INFO]: [STDOUT] [io.papermc.paper.util.PapoTickProfile] PapoTickProfile.count rs.fluidTickRuns           total=       76 avg/tick=      0.2 n=76
[03:56:34] [Server thread/INFO]: [STDOUT] [io.papermc.paper.util.PapoTickProfile] PapoTickProfile.count fanout.pkt.posSync         total=       49 avg/tick=      0.1 n=44
[03:56:34] [Server thread/INFO]: [STDOUT] [io.papermc.paper.util.PapoTickProfile] PapoTickProfile.count fanout.pkt.moveRot         total=        2 avg/tick=      0.0 n=2
[03:56:54] [Server thread/INFO]: [STDOUT] [io.papermc.paper.util.PapoTickProfile] PapoTickProfile window=400ticks totalWallMs=20001 measuredMs=29924 gcMs=43
[03:56:54] [Server thread/INFO]: [STDOUT] [io.papermc.paper.util.PapoTickProfile] PapoTickProfile.phase worlds                     total= 9912.0ms avg/tick=24780.0us share= 33.1% n=400
[03:56:54] [Server thread/INFO]: [STDOUT] [io.papermc.paper.util.PapoTickProfile] PapoTickProfile.phase level.tickPending+misc     total= 9784.8ms avg/tick=24462.0us share= 32.7% n=1200
[03:56:54] [Server thread/INFO]: [STDOUT] [io.papermc.paper.util.PapoTickProfile] PapoTickProfile.phase level.blockTicks           total= 9453.1ms avg/tick=23632.8us share= 31.6% n=1200
[03:56:54] [Server thread/INFO]: [STDOUT] [io.papermc.paper.util.PapoTickProfile] PapoTickProfile.phase level.chunkSource          total=  328.5ms avg/tick=  821.2us share=  1.1% n=1200
[03:56:54] [Server thread/INFO]: [STDOUT] [io.papermc.paper.util.PapoTickProfile] PapoTickProfile.phase level.entities             total=  122.7ms avg/tick=  306.8us share=  0.4% n=1200
[03:56:54] [Server thread/INFO]: [STDOUT] [io.papermc.paper.util.PapoTickProfile] PapoTickProfile.phase connection                 total=   95.3ms avg/tick=  238.4us share=  0.3% n=400
[03:56:54] [Server thread/INFO]: [STDOUT] [io.papermc.paper.util.PapoTickProfile] PapoTickProfile.phase conn.listenerTick          total=   84.8ms avg/tick=  211.9us share=  0.3% n=4000
[03:56:54] [Server thread/INFO]: [STDOUT] [io.papermc.paper.util.PapoTickProfile] PapoTickProfile.phase player.superTick           total=   64.3ms avg/tick=  160.7us share=  0.2% n=4000
[03:56:54] [Server thread/INFO]: [STDOUT] [io.papermc.paper.util.PapoTickProfile] PapoTickProfile.phase sendChunks                 total=   29.1ms avg/tick=   72.7us share=  0.1% n=400
[03:56:54] [Server thread/INFO]: [STDOUT] [io.papermc.paper.util.PapoTickProfile] PapoTickProfile.phase ent.serverAiStep           total=   14.8ms avg/tick=   37.0us share=  0.0% n=12146
[03:56:54] [Server thread/INFO]: [STDOUT] [io.papermc.paper.util.PapoTickProfile] PapoTickProfile.phase server.taskDrain           total=   13.0ms avg/tick=   32.6us share=  0.0% n=400
[03:56:54] [Server thread/INFO]: [STDOUT] [io.papermc.paper.util.PapoTickProfile] PapoTickProfile.phase chunkMap.tracker.maintain  total=    8.3ms avg/tick=   20.7us share=  0.0% n=1200
[03:56:54] [Server thread/INFO]: [STDOUT] [io.papermc.paper.util.PapoTickProfile] PapoTickProfile.phase chunkMap.tracker.sendChanges total=    7.1ms avg/tick=   17.8us share=  0.0% n=1200
[03:56:54] [Server thread/INFO]: [STDOUT] [io.papermc.paper.util.PapoTickProfile] PapoTickProfile.phase level.fluidTicks           total=    1.7ms avg/tick=    4.2us share=  0.0% n=1200
[03:56:54] [Server thread/INFO]: [STDOUT] [io.papermc.paper.util.PapoTickProfile] PapoTickProfile.phase player.pushEntities        total=    1.7ms avg/tick=    4.2us share=  0.0% n=6519
[03:56:54] [Server thread/INFO]: [STDOUT] [io.papermc.paper.util.PapoTickProfile] PapoTickProfile.phase player.aiStepTouchScan     total=    1.3ms avg/tick=    3.3us share=  0.0% n=3812
[03:56:54] [Server thread/INFO]: [STDOUT] [io.papermc.paper.util.PapoTickProfile] PapoTickProfile.phase chunkMap.tracker.fanout    total=    0.8ms avg/tick=    2.1us share=  0.0% n=1200
[03:56:54] [Server thread/INFO]: [STDOUT] [io.papermc.paper.util.PapoTickProfile] PapoTickProfile.phase level.blockEvents          total=    0.5ms avg/tick=    1.3us share=  0.0% n=1200
[03:56:54] [Server thread/INFO]: [STDOUT] [io.papermc.paper.util.PapoTickProfile] PapoTickProfile.phase conn.flushQueue            total=    0.1ms avg/tick=    0.3us share=  0.0% n=4000
[03:56:54] [Server thread/INFO]: [STDOUT] [io.papermc.paper.util.PapoTickProfile] PapoTickProfile.phase functions                  total=    0.0ms avg/tick=    0.1us share=  0.0% n=400
[03:56:54] [Server thread/INFO]: [STDOUT] [io.papermc.paper.util.PapoTickProfile] PapoTickProfile.phase players                    total=    0.0ms avg/tick=    0.0us share=  0.0% n=400
[03:56:54] [Server thread/INFO]: [STDOUT] [io.papermc.paper.util.PapoTickProfile] PapoTickProfile.count rs.blockTickRuns           total=   176404 avg/tick=    441.0 n=176404
[03:56:54] [Server thread/INFO]: [STDOUT] [io.papermc.paper.util.PapoTickProfile] PapoTickProfile.count fanout.sends               total=    12637 avg/tick=     31.6 n=1200
[03:56:54] [Server thread/INFO]: [STDOUT] [io.papermc.paper.util.PapoTickProfile] PapoTickProfile.count fanout.pkt.headRot         total=      583 avg/tick=      1.5 n=378
[03:56:54] [Server thread/INFO]: [STDOUT] [io.papermc.paper.util.PapoTickProfile] PapoTickProfile.count fanout.pkt.movePosRot      total=      536 avg/tick=      1.3 n=360
[03:56:54] [Server thread/INFO]: [STDOUT] [io.papermc.paper.util.PapoTickProfile] PapoTickProfile.count fanout.pkt.entityData      total=      216 avg/tick=      0.5 n=216
[03:56:54] [Server thread/INFO]: [STDOUT] [io.papermc.paper.util.PapoTickProfile] PapoTickProfile.count fanout.pkt.movePos         total=      116 avg/tick=      0.3 n=61
[03:56:54] [Server thread/INFO]: [STDOUT] [io.papermc.paper.util.PapoTickProfile] PapoTickProfile.count rs.fluidTickRuns           total=       89 avg/tick=      0.2 n=89
[03:56:54] [Server thread/INFO]: [STDOUT] [io.papermc.paper.util.PapoTickProfile] PapoTickProfile.count fanout.pkt.other           total=       71 avg/tick=      0.2 n=53
[03:56:54] [Server thread/INFO]: [STDOUT] [io.papermc.paper.util.PapoTickProfile] PapoTickProfile.count fanout.pkt.posSync         total=       34 avg/tick=      0.1 n=33
[03:57:14] [Server thread/INFO]: [STDOUT] [io.papermc.paper.util.PapoTickProfile] PapoTickProfile window=400ticks totalWallMs=19999 measuredMs=29568 gcMs=36
[03:57:14] [Server thread/INFO]: [STDOUT] [io.papermc.paper.util.PapoTickProfile] PapoTickProfile.phase worlds                     total= 9824.2ms avg/tick=24560.5us share= 33.2% n=400
[03:57:14] [Server thread/INFO]: [STDOUT] [io.papermc.paper.util.PapoTickProfile] PapoTickProfile.phase level.tickPending+misc     total= 9709.0ms avg/tick=24272.6us share= 32.8% n=1200
[03:57:14] [Server thread/INFO]: [STDOUT] [io.papermc.paper.util.PapoTickProfile] PapoTickProfile.phase level.blockTicks           total= 9387.3ms avg/tick=23468.4us share= 31.7% n=1200
[03:57:14] [Server thread/INFO]: [STDOUT] [io.papermc.paper.util.PapoTickProfile] PapoTickProfile.phase level.chunkSource          total=  318.7ms avg/tick=  796.7us share=  1.1% n=1200
[03:57:14] [Server thread/INFO]: [STDOUT] [io.papermc.paper.util.PapoTickProfile] PapoTickProfile.phase level.entities             total=  111.1ms avg/tick=  277.7us share=  0.4% n=1200
[03:57:14] [Server thread/INFO]: [STDOUT] [io.papermc.paper.util.PapoTickProfile] PapoTickProfile.phase connection                 total=   58.1ms avg/tick=  145.1us share=  0.2% n=400
[03:57:14] [Server thread/INFO]: [STDOUT] [io.papermc.paper.util.PapoTickProfile] PapoTickProfile.phase conn.listenerTick          total=   56.4ms avg/tick=  140.9us share=  0.2% n=4000
[03:57:14] [Server thread/INFO]: [STDOUT] [io.papermc.paper.util.PapoTickProfile] PapoTickProfile.phase player.superTick           total=   41.5ms avg/tick=  103.9us share=  0.1% n=4000
[03:57:14] [Server thread/INFO]: [STDOUT] [io.papermc.paper.util.PapoTickProfile] PapoTickProfile.phase sendChunks                 total=   28.3ms avg/tick=   70.8us share=  0.1% n=400
[03:57:14] [Server thread/INFO]: [STDOUT] [io.papermc.paper.util.PapoTickProfile] PapoTickProfile.phase ent.serverAiStep           total=    9.7ms avg/tick=   24.3us share=  0.0% n=11642
[03:57:14] [Server thread/INFO]: [STDOUT] [io.papermc.paper.util.PapoTickProfile] PapoTickProfile.phase chunkMap.tracker.maintain  total=    7.6ms avg/tick=   18.9us share=  0.0% n=1200
[03:57:14] [Server thread/INFO]: [STDOUT] [io.papermc.paper.util.PapoTickProfile] PapoTickProfile.phase chunkMap.tracker.sendChanges total=    6.0ms avg/tick=   14.9us share=  0.0% n=1200
[03:57:14] [Server thread/INFO]: [STDOUT] [io.papermc.paper.util.PapoTickProfile] PapoTickProfile.phase server.taskDrain           total=    4.4ms avg/tick=   11.1us share=  0.0% n=400
[03:57:14] [Server thread/INFO]: [STDOUT] [io.papermc.paper.util.PapoTickProfile] PapoTickProfile.phase level.fluidTicks           total=    1.6ms avg/tick=    4.0us share=  0.0% n=1200
[03:57:14] [Server thread/INFO]: [STDOUT] [io.papermc.paper.util.PapoTickProfile] PapoTickProfile.phase player.pushEntities        total=    1.5ms avg/tick=    3.6us share=  0.0% n=5656
[03:57:14] [Server thread/INFO]: [STDOUT] [io.papermc.paper.util.PapoTickProfile] PapoTickProfile.phase player.aiStepTouchScan     total=    1.4ms avg/tick=    3.4us share=  0.0% n=3600
[03:57:14] [Server thread/INFO]: [STDOUT] [io.papermc.paper.util.PapoTickProfile] PapoTickProfile.phase chunkMap.tracker.fanout    total=    0.7ms avg/tick=    1.7us share=  0.0% n=1200
[03:57:14] [Server thread/INFO]: [STDOUT] [io.papermc.paper.util.PapoTickProfile] PapoTickProfile.phase level.blockEvents          total=    0.4ms avg/tick=    1.0us share=  0.0% n=1200
[03:57:14] [Server thread/INFO]: [STDOUT] [io.papermc.paper.util.PapoTickProfile] PapoTickProfile.phase players                    total=    0.2ms avg/tick=    0.4us share=  0.0% n=400
[03:57:14] [Server thread/INFO]: [STDOUT] [io.papermc.paper.util.PapoTickProfile] PapoTickProfile.phase conn.flushQueue            total=    0.1ms avg/tick=    0.3us share=  0.0% n=4000
[03:57:14] [Server thread/INFO]: [STDOUT] [io.papermc.paper.util.PapoTickProfile] PapoTickProfile.phase functions                  total=    0.0ms avg/tick=    0.1us share=  0.0% n=400
[03:57:14] [Server thread/INFO]: [STDOUT] [io.papermc.paper.util.PapoTickProfile] PapoTickProfile.count rs.blockTickRuns           total=   176400 avg/tick=    441.0 n=176400
[03:57:14] [Server thread/INFO]: [STDOUT] [io.papermc.paper.util.PapoTickProfile] PapoTickProfile.count fanout.sends               total=    10700 avg/tick=     26.8 n=1200
[03:57:14] [Server thread/INFO]: [STDOUT] [io.papermc.paper.util.PapoTickProfile] PapoTickProfile.count fanout.pkt.headRot         total=      603 avg/tick=      1.5 n=390
[03:57:14] [Server thread/INFO]: [STDOUT] [io.papermc.paper.util.PapoTickProfile] PapoTickProfile.count fanout.pkt.movePosRot      total=      559 avg/tick=      1.4 n=377
[03:57:14] [Server thread/INFO]: [STDOUT] [io.papermc.paper.util.PapoTickProfile] PapoTickProfile.count fanout.pkt.movePos         total=      100 avg/tick=      0.3 n=43
[03:57:14] [Server thread/INFO]: [STDOUT] [io.papermc.paper.util.PapoTickProfile] PapoTickProfile.count rs.fluidTickRuns           total=       92 avg/tick=      0.2 n=92
[03:57:14] [Server thread/INFO]: [STDOUT] [io.papermc.paper.util.PapoTickProfile] PapoTickProfile.count fanout.pkt.other           total=       44 avg/tick=      0.1 n=42
[03:57:14] [Server thread/INFO]: [STDOUT] [io.papermc.paper.util.PapoTickProfile] PapoTickProfile.count fanout.pkt.posSync         total=       42 avg/tick=      0.1 n=36
[03:57:14] [Server thread/INFO]: [STDOUT] [io.papermc.paper.util.PapoTickProfile] PapoTickProfile.count fanout.pkt.entityData      total=       13 avg/tick=      0.0 n=13
[03:57:34] [Server thread/INFO]: [STDOUT] [io.papermc.paper.util.PapoTickProfile] PapoTickProfile window=400ticks totalWallMs=19999 measuredMs=29512 gcMs=39
[03:57:34] [Server thread/INFO]: [STDOUT] [io.papermc.paper.util.PapoTickProfile] PapoTickProfile.phase worlds                     total= 9811.0ms avg/tick=24527.5us share= 33.2% n=400
[03:57:34] [Server thread/INFO]: [STDOUT] [io.papermc.paper.util.PapoTickProfile] PapoTickProfile.phase level.tickPending+misc     total= 9694.9ms avg/tick=24237.2us share= 32.9% n=1200
[03:57:34] [Server thread/INFO]: [STDOUT] [io.papermc.paper.util.PapoTickProfile] PapoTickProfile.phase level.blockTicks           total= 9378.8ms avg/tick=23447.0us share= 31.8% n=1200
[03:57:34] [Server thread/INFO]: [STDOUT] [io.papermc.paper.util.PapoTickProfile] PapoTickProfile.phase level.chunkSource          total=  313.1ms avg/tick=  782.9us share=  1.1% n=1200
[03:57:34] [Server thread/INFO]: [STDOUT] [io.papermc.paper.util.PapoTickProfile] PapoTickProfile.phase level.entities             total=  112.3ms avg/tick=  280.7us share=  0.4% n=1200
[03:57:34] [Server thread/INFO]: [STDOUT] [io.papermc.paper.util.PapoTickProfile] PapoTickProfile.phase connection                 total=   53.1ms avg/tick=  132.8us share=  0.2% n=400
[03:57:34] [Server thread/INFO]: [STDOUT] [io.papermc.paper.util.PapoTickProfile] PapoTickProfile.phase conn.listenerTick          total=   51.4ms avg/tick=  128.5us share=  0.2% n=4000
[03:57:34] [Server thread/INFO]: [STDOUT] [io.papermc.paper.util.PapoTickProfile] PapoTickProfile.phase player.superTick           total=   38.4ms avg/tick=   96.0us share=  0.1% n=4000
[03:57:34] [Server thread/INFO]: [STDOUT] [io.papermc.paper.util.PapoTickProfile] PapoTickProfile.phase sendChunks                 total=   27.6ms avg/tick=   68.9us share=  0.1% n=400
[03:57:34] [Server thread/INFO]: [STDOUT] [io.papermc.paper.util.PapoTickProfile] PapoTickProfile.phase ent.serverAiStep           total=    9.5ms avg/tick=   23.7us share=  0.0% n=11622
[03:57:34] [Server thread/INFO]: [STDOUT] [io.papermc.paper.util.PapoTickProfile] PapoTickProfile.phase chunkMap.tracker.maintain  total=    7.9ms avg/tick=   19.7us share=  0.0% n=1200
[03:57:34] [Server thread/INFO]: [STDOUT] [io.papermc.paper.util.PapoTickProfile] PapoTickProfile.phase chunkMap.tracker.sendChanges total=    5.4ms avg/tick=   13.6us share=  0.0% n=1200
[03:57:34] [Server thread/INFO]: [STDOUT] [io.papermc.paper.util.PapoTickProfile] PapoTickProfile.phase server.taskDrain           total=    3.7ms avg/tick=    9.2us share=  0.0% n=400
[03:57:34] [Server thread/INFO]: [STDOUT] [io.papermc.paper.util.PapoTickProfile] PapoTickProfile.phase level.fluidTicks           total=    1.5ms avg/tick=    3.9us share=  0.0% n=1200
[03:57:34] [Server thread/INFO]: [STDOUT] [io.papermc.paper.util.PapoTickProfile] PapoTickProfile.phase player.pushEntities        total=    1.4ms avg/tick=    3.6us share=  0.0% n=5656
[03:57:34] [Server thread/INFO]: [STDOUT] [io.papermc.paper.util.PapoTickProfile] PapoTickProfile.phase player.aiStepTouchScan     total=    0.9ms avg/tick=    2.2us share=  0.0% n=3600
[03:57:34] [Server thread/INFO]: [STDOUT] [io.papermc.paper.util.PapoTickProfile] PapoTickProfile.phase chunkMap.tracker.fanout    total=    0.8ms avg/tick=    1.9us share=  0.0% n=1200
[03:57:34] [Server thread/INFO]: [STDOUT] [io.papermc.paper.util.PapoTickProfile] PapoTickProfile.phase level.blockEvents          total=    0.4ms avg/tick=    1.0us share=  0.0% n=1200
[03:57:34] [Server thread/INFO]: [STDOUT] [io.papermc.paper.util.PapoTickProfile] PapoTickProfile.phase conn.flushQueue            total=    0.1ms avg/tick=    0.3us share=  0.0% n=4000
[03:57:34] [Server thread/INFO]: [STDOUT] [io.papermc.paper.util.PapoTickProfile] PapoTickProfile.phase players                    total=    0.1ms avg/tick=    0.3us share=  0.0% n=400
[03:57:34] [Server thread/INFO]: [STDOUT] [io.papermc.paper.util.PapoTickProfile] PapoTickProfile.phase functions                  total=    0.0ms avg/tick=    0.1us share=  0.0% n=400
[03:57:34] [Server thread/INFO]: [STDOUT] [io.papermc.paper.util.PapoTickProfile] PapoTickProfile.count rs.blockTickRuns           total=   176400 avg/tick=    441.0 n=176400
[03:57:34] [Server thread/INFO]: [STDOUT] [io.papermc.paper.util.PapoTickProfile] PapoTickProfile.count fanout.sends               total=    12847 avg/tick=     32.1 n=1200
[03:57:34] [Server thread/INFO]: [STDOUT] [io.papermc.paper.util.PapoTickProfile] PapoTickProfile.count fanout.pkt.headRot         total=      754 avg/tick=      1.9 n=384
[03:57:34] [Server thread/INFO]: [STDOUT] [io.papermc.paper.util.PapoTickProfile] PapoTickProfile.count fanout.pkt.movePosRot      total=      677 avg/tick=      1.7 n=367
[03:57:34] [Server thread/INFO]: [STDOUT] [io.papermc.paper.util.PapoTickProfile] PapoTickProfile.count fanout.pkt.movePos         total=      116 avg/tick=      0.3 n=58
[03:57:34] [Server thread/INFO]: [STDOUT] [io.papermc.paper.util.PapoTickProfile] PapoTickProfile.count rs.fluidTickRuns           total=      104 avg/tick=      0.3 n=104
[03:57:34] [Server thread/INFO]: [STDOUT] [io.papermc.paper.util.PapoTickProfile] PapoTickProfile.count fanout.pkt.posSync         total=       62 avg/tick=      0.2 n=54
[03:57:34] [Server thread/INFO]: [STDOUT] [io.papermc.paper.util.PapoTickProfile] PapoTickProfile.count fanout.pkt.other           total=       46 avg/tick=      0.1 n=45
[03:57:34] [Server thread/INFO]: [STDOUT] [io.papermc.paper.util.PapoTickProfile] PapoTickProfile.count fanout.pkt.velocity        total=       24 avg/tick=      0.1 n=24
[03:57:34] [Server thread/INFO]: [STDOUT] [io.papermc.paper.util.PapoTickProfile] PapoTickProfile.count fanout.pkt.entityData      total=       12 avg/tick=      0.0 n=10
[03:57:34] [Server thread/INFO]: [STDOUT] [io.papermc.paper.util.PapoTickProfile] PapoTickProfile.count fanout.pkt.moveRot         total=       10 avg/tick=      0.0 n=10
[03:57:54] [Server thread/INFO]: [STDOUT] [io.papermc.paper.util.PapoTickProfile] PapoTickProfile window=400ticks totalWallMs=19999 measuredMs=29480 gcMs=33
[03:57:54] [Server thread/INFO]: [STDOUT] [io.papermc.paper.util.PapoTickProfile] PapoTickProfile.phase worlds                     total= 9800.7ms avg/tick=24501.7us share= 33.2% n=400
[03:57:54] [Server thread/INFO]: [STDOUT] [io.papermc.paper.util.PapoTickProfile] PapoTickProfile.phase level.tickPending+misc     total= 9683.7ms avg/tick=24209.3us share= 32.8% n=1200
[03:57:54] [Server thread/INFO]: [STDOUT] [io.papermc.paper.util.PapoTickProfile] PapoTickProfile.phase level.blockTicks           total= 9369.2ms avg/tick=23422.9us share= 31.8% n=1200
[03:57:54] [Server thread/INFO]: [STDOUT] [io.papermc.paper.util.PapoTickProfile] PapoTickProfile.phase level.chunkSource          total=  311.5ms avg/tick=  778.8us share=  1.1% n=1200
[03:57:54] [Server thread/INFO]: [STDOUT] [io.papermc.paper.util.PapoTickProfile] PapoTickProfile.phase level.entities             total=  113.0ms avg/tick=  282.5us share=  0.4% n=1200
[03:57:54] [Server thread/INFO]: [STDOUT] [io.papermc.paper.util.PapoTickProfile] PapoTickProfile.phase connection                 total=   52.7ms avg/tick=  131.7us share=  0.2% n=400
[03:57:54] [Server thread/INFO]: [STDOUT] [io.papermc.paper.util.PapoTickProfile] PapoTickProfile.phase conn.listenerTick          total=   51.0ms avg/tick=  127.5us share=  0.2% n=4000
[03:57:54] [Server thread/INFO]: [STDOUT] [io.papermc.paper.util.PapoTickProfile] PapoTickProfile.phase player.superTick           total=   38.3ms avg/tick=   95.8us share=  0.1% n=4000
[03:57:54] [Server thread/INFO]: [STDOUT] [io.papermc.paper.util.PapoTickProfile] PapoTickProfile.phase sendChunks                 total=   28.1ms avg/tick=   70.2us share=  0.1% n=400
[03:57:54] [Server thread/INFO]: [STDOUT] [io.papermc.paper.util.PapoTickProfile] PapoTickProfile.phase ent.serverAiStep           total=   10.1ms avg/tick=   25.2us share=  0.0% n=11779
[03:57:54] [Server thread/INFO]: [STDOUT] [io.papermc.paper.util.PapoTickProfile] PapoTickProfile.phase chunkMap.tracker.maintain  total=    7.7ms avg/tick=   19.4us share=  0.0% n=1200
[03:57:54] [Server thread/INFO]: [STDOUT] [io.papermc.paper.util.PapoTickProfile] PapoTickProfile.phase chunkMap.tracker.sendChanges total=    5.6ms avg/tick=   13.9us share=  0.0% n=1200
[03:57:54] [Server thread/INFO]: [STDOUT] [io.papermc.paper.util.PapoTickProfile] PapoTickProfile.phase server.taskDrain           total=    4.0ms avg/tick=   10.0us share=  0.0% n=400
[03:57:54] [Server thread/INFO]: [STDOUT] [io.papermc.paper.util.PapoTickProfile] PapoTickProfile.phase level.fluidTicks           total=    1.7ms avg/tick=    4.2us share=  0.0% n=1200
[03:57:54] [Server thread/INFO]: [STDOUT] [io.papermc.paper.util.PapoTickProfile] PapoTickProfile.phase player.pushEntities        total=    1.3ms avg/tick=    3.3us share=  0.0% n=5813
[03:57:54] [Server thread/INFO]: [STDOUT] [io.papermc.paper.util.PapoTickProfile] PapoTickProfile.phase player.aiStepTouchScan     total=    0.9ms avg/tick=    2.3us share=  0.0% n=3600
[03:57:54] [Server thread/INFO]: [STDOUT] [io.papermc.paper.util.PapoTickProfile] PapoTickProfile.phase chunkMap.tracker.fanout    total=    0.8ms avg/tick=    2.1us share=  0.0% n=1200
[03:57:54] [Server thread/INFO]: [STDOUT] [io.papermc.paper.util.PapoTickProfile] PapoTickProfile.phase level.blockEvents          total=    0.4ms avg/tick=    1.0us share=  0.0% n=1200
[03:57:54] [Server thread/INFO]: [STDOUT] [io.papermc.paper.util.PapoTickProfile] PapoTickProfile.phase conn.flushQueue            total=    0.1ms avg/tick=    0.3us share=  0.0% n=4000
[03:57:54] [Server thread/INFO]: [STDOUT] [io.papermc.paper.util.PapoTickProfile] PapoTickProfile.phase functions                  total=    0.0ms avg/tick=    0.1us share=  0.0% n=400
[03:57:54] [Server thread/INFO]: [STDOUT] [io.papermc.paper.util.PapoTickProfile] PapoTickProfile.phase players                    total=    0.0ms avg/tick=    0.0us share=  0.0% n=400
[03:57:54] [Server thread/INFO]: [STDOUT] [io.papermc.paper.util.PapoTickProfile] PapoTickProfile.count rs.blockTickRuns           total=   176400 avg/tick=    441.0 n=176400
[03:57:54] [Server thread/INFO]: [STDOUT] [io.papermc.paper.util.PapoTickProfile] PapoTickProfile.count fanout.sends               total=    15317 avg/tick=     38.3 n=1200
[03:57:54] [Server thread/INFO]: [STDOUT] [io.papermc.paper.util.PapoTickProfile] PapoTickProfile.count fanout.pkt.headRot         total=      867 avg/tick=      2.2 n=393
[03:57:54] [Server thread/INFO]: [STDOUT] [io.papermc.paper.util.PapoTickProfile] PapoTickProfile.count fanout.pkt.movePosRot      total=      801 avg/tick=      2.0 n=373
[03:57:54] [Server thread/INFO]: [STDOUT] [io.papermc.paper.util.PapoTickProfile] PapoTickProfile.count fanout.pkt.movePos         total=      110 avg/tick=      0.3 n=56
[03:57:54] [Server thread/INFO]: [STDOUT] [io.papermc.paper.util.PapoTickProfile] PapoTickProfile.count fanout.pkt.posSync         total=       46 avg/tick=      0.1 n=40
[03:57:54] [Server thread/INFO]: [STDOUT] [io.papermc.paper.util.PapoTickProfile] PapoTickProfile.count fanout.pkt.other           total=       41 avg/tick=      0.1 n=37
[03:57:54] [Server thread/INFO]: [STDOUT] [io.papermc.paper.util.PapoTickProfile] PapoTickProfile.count rs.fluidTickRuns           total=       28 avg/tick=      0.1 n=28
[03:57:54] [Server thread/INFO]: [STDOUT] [io.papermc.paper.util.PapoTickProfile] PapoTickProfile.count fanout.pkt.velocity        total=       23 avg/tick=      0.1 n=23
[03:57:54] [Server thread/INFO]: [STDOUT] [io.papermc.paper.util.PapoTickProfile] PapoTickProfile.count fanout.pkt.entityData      total=       15 avg/tick=      0.0 n=15
[03:57:54] [Server thread/INFO]: [STDOUT] [io.papermc.paper.util.PapoTickProfile] PapoTickProfile.count fanout.pkt.moveRot         total=       12 avg/tick=      0.0 n=12
[03:58:14] [Server thread/INFO]: [STDOUT] [io.papermc.paper.util.PapoTickProfile] PapoTickProfile window=400ticks totalWallMs=20000 measuredMs=29942 gcMs=41
[03:58:14] [Server thread/INFO]: [STDOUT] [io.papermc.paper.util.PapoTickProfile] PapoTickProfile.phase worlds                     total= 9957.6ms avg/tick=24894.0us share= 33.3% n=400
[03:58:14] [Server thread/INFO]: [STDOUT] [io.papermc.paper.util.PapoTickProfile] PapoTickProfile.phase level.tickPending+misc     total= 9760.6ms avg/tick=24401.4us share= 32.6% n=1200
[03:58:14] [Server thread/INFO]: [STDOUT] [io.papermc.paper.util.PapoTickProfile] PapoTickProfile.phase level.blockTicks           total= 9428.1ms avg/tick=23570.4us share= 31.5% n=1200
[03:58:14] [Server thread/INFO]: [STDOUT] [io.papermc.paper.util.PapoTickProfile] PapoTickProfile.phase level.chunkSource          total=  329.4ms avg/tick=  823.4us share=  1.1% n=1200
[03:58:14] [Server thread/INFO]: [STDOUT] [io.papermc.paper.util.PapoTickProfile] PapoTickProfile.phase level.entities             total=  193.0ms avg/tick=  482.5us share=  0.6% n=1200
[03:58:14] [Server thread/INFO]: [STDOUT] [io.papermc.paper.util.PapoTickProfile] PapoTickProfile.phase ent.serverAiStep           total=   72.9ms avg/tick=  182.3us share=  0.2% n=12229
[03:58:14] [Server thread/INFO]: [STDOUT] [io.papermc.paper.util.PapoTickProfile] PapoTickProfile.phase connection                 total=   55.5ms avg/tick=  138.9us share=  0.2% n=400
[03:58:14] [Server thread/INFO]: [STDOUT] [io.papermc.paper.util.PapoTickProfile] PapoTickProfile.phase conn.listenerTick          total=   53.7ms avg/tick=  134.2us share=  0.2% n=4000
[03:58:14] [Server thread/INFO]: [STDOUT] [io.papermc.paper.util.PapoTickProfile] PapoTickProfile.phase player.superTick           total=   40.6ms avg/tick=  101.4us share=  0.1% n=4000
[03:58:14] [Server thread/INFO]: [STDOUT] [io.papermc.paper.util.PapoTickProfile] PapoTickProfile.phase sendChunks                 total=   28.7ms avg/tick=   71.6us share=  0.1% n=400
[03:58:14] [Server thread/INFO]: [STDOUT] [io.papermc.paper.util.PapoTickProfile] PapoTickProfile.phase chunkMap.tracker.maintain  total=    7.2ms avg/tick=   17.9us share=  0.0% n=1200
[03:58:14] [Server thread/INFO]: [STDOUT] [io.papermc.paper.util.PapoTickProfile] PapoTickProfile.phase chunkMap.tracker.sendChanges total=    5.6ms avg/tick=   13.9us share=  0.0% n=1200
[03:58:14] [Server thread/INFO]: [STDOUT] [io.papermc.paper.util.PapoTickProfile] PapoTickProfile.phase server.taskDrain           total=    3.8ms avg/tick=    9.5us share=  0.0% n=400
[03:58:14] [Server thread/INFO]: [STDOUT] [io.papermc.paper.util.PapoTickProfile] PapoTickProfile.phase player.pushEntities        total=    1.6ms avg/tick=    4.1us share=  0.0% n=6277
[03:58:14] [Server thread/INFO]: [STDOUT] [io.papermc.paper.util.PapoTickProfile] PapoTickProfile.phase level.fluidTicks           total=    1.6ms avg/tick=    3.9us share=  0.0% n=1200
[03:58:14] [Server thread/INFO]: [STDOUT] [io.papermc.paper.util.PapoTickProfile] PapoTickProfile.phase player.aiStepTouchScan     total=    1.0ms avg/tick=    2.4us share=  0.0% n=3600
[03:58:14] [Server thread/INFO]: [STDOUT] [io.papermc.paper.util.PapoTickProfile] PapoTickProfile.phase chunkMap.tracker.fanout    total=    0.7ms avg/tick=    1.8us share=  0.0% n=1200
[03:58:14] [Server thread/INFO]: [STDOUT] [io.papermc.paper.util.PapoTickProfile] PapoTickProfile.phase level.blockEvents          total=    0.4ms avg/tick=    1.1us share=  0.0% n=1200
[03:58:14] [Server thread/INFO]: [STDOUT] [io.papermc.paper.util.PapoTickProfile] PapoTickProfile.phase players                    total=    0.2ms avg/tick=    0.4us share=  0.0% n=400
[03:58:14] [Server thread/INFO]: [STDOUT] [io.papermc.paper.util.PapoTickProfile] PapoTickProfile.phase conn.flushQueue            total=    0.1ms avg/tick=    0.3us share=  0.0% n=4000
[03:58:14] [Server thread/INFO]: [STDOUT] [io.papermc.paper.util.PapoTickProfile] PapoTickProfile.phase functions                  total=    0.0ms avg/tick=    0.1us share=  0.0% n=400
[03:58:14] [Server thread/INFO]: [STDOUT] [io.papermc.paper.util.PapoTickProfile] PapoTickProfile.count rs.blockTickRuns           total=   176400 avg/tick=    441.0 n=176400
[03:58:14] [Server thread/INFO]: [STDOUT] [io.papermc.paper.util.PapoTickProfile] PapoTickProfile.count fanout.sends               total=    12737 avg/tick=     31.8 n=1200
[03:58:14] [Server thread/INFO]: [STDOUT] [io.papermc.paper.util.PapoTickProfile] PapoTickProfile.count fanout.pkt.headRot         total=      672 avg/tick=      1.7 n=365
[03:58:14] [Server thread/INFO]: [STDOUT] [io.papermc.paper.util.PapoTickProfile] PapoTickProfile.count fanout.pkt.movePosRot      total=      614 avg/tick=      1.5 n=334
[03:58:14] [Server thread/INFO]: [STDOUT] [io.papermc.paper.util.PapoTickProfile] PapoTickProfile.count fanout.pkt.movePos         total=      127 avg/tick=      0.3 n=66
[03:58:14] [Server thread/INFO]: [STDOUT] [io.papermc.paper.util.PapoTickProfile] PapoTickProfile.count rs.fluidTickRuns           total=       95 avg/tick=      0.2 n=95
[03:58:14] [Server thread/INFO]: [STDOUT] [io.papermc.paper.util.PapoTickProfile] PapoTickProfile.count fanout.pkt.other           total=       47 avg/tick=      0.1 n=47
[03:58:14] [Server thread/INFO]: [STDOUT] [io.papermc.paper.util.PapoTickProfile] PapoTickProfile.count fanout.pkt.posSync         total=       26 avg/tick=      0.1 n=26
[03:58:14] [Server thread/INFO]: [STDOUT] [io.papermc.paper.util.PapoTickProfile] PapoTickProfile.count fanout.pkt.moveRot         total=        7 avg/tick=      0.0 n=7
[03:58:14] [Server thread/INFO]: [STDOUT] [io.papermc.paper.util.PapoTickProfile] PapoTickProfile.count fanout.pkt.entityData      total=        2 avg/tick=      0.0 n=2
[03:58:34] [Server thread/INFO]: [STDOUT] [io.papermc.paper.util.PapoTickProfile] PapoTickProfile window=400ticks totalWallMs=19999 measuredMs=29652 gcMs=37
[03:58:34] [Server thread/INFO]: [STDOUT] [io.papermc.paper.util.PapoTickProfile] PapoTickProfile.phase worlds                     total= 9862.5ms avg/tick=24656.2us share= 33.3% n=400
[03:58:34] [Server thread/INFO]: [STDOUT] [io.papermc.paper.util.PapoTickProfile] PapoTickProfile.phase level.tickPending+misc     total= 9696.0ms avg/tick=24240.0us share= 32.7% n=1200
[03:58:34] [Server thread/INFO]: [STDOUT] [io.papermc.paper.util.PapoTickProfile] PapoTickProfile.phase level.blockTicks           total= 9387.2ms avg/tick=23468.0us share= 31.7% n=1200
[03:58:34] [Server thread/INFO]: [STDOUT] [io.papermc.paper.util.PapoTickProfile] PapoTickProfile.phase level.chunkSource          total=  306.3ms avg/tick=  765.6us share=  1.0% n=1200
[03:58:34] [Server thread/INFO]: [STDOUT] [io.papermc.paper.util.PapoTickProfile] PapoTickProfile.phase level.entities             total=  162.7ms avg/tick=  406.7us share=  0.5% n=1200
[03:58:34] [Server thread/INFO]: [STDOUT] [io.papermc.paper.util.PapoTickProfile] PapoTickProfile.phase connection                 total=   51.9ms avg/tick=  129.8us share=  0.2% n=400
[03:58:34] [Server thread/INFO]: [STDOUT] [io.papermc.paper.util.PapoTickProfile] PapoTickProfile.phase conn.listenerTick          total=   50.2ms avg/tick=  125.6us share=  0.2% n=4000
[03:58:34] [Server thread/INFO]: [STDOUT] [io.papermc.paper.util.PapoTickProfile] PapoTickProfile.phase ent.serverAiStep           total=   47.2ms avg/tick=  118.0us share=  0.2% n=12341
[03:58:34] [Server thread/INFO]: [STDOUT] [io.papermc.paper.util.PapoTickProfile] PapoTickProfile.phase player.superTick           total=   37.8ms avg/tick=   94.4us share=  0.1% n=4000
[03:58:34] [Server thread/INFO]: [STDOUT] [io.papermc.paper.util.PapoTickProfile] PapoTickProfile.phase sendChunks                 total=   27.6ms avg/tick=   69.0us share=  0.1% n=400
[03:58:34] [Server thread/INFO]: [STDOUT] [io.papermc.paper.util.PapoTickProfile] PapoTickProfile.phase chunkMap.tracker.maintain  total=    8.0ms avg/tick=   19.9us share=  0.0% n=1200
[03:58:34] [Server thread/INFO]: [STDOUT] [io.papermc.paper.util.PapoTickProfile] PapoTickProfile.phase chunkMap.tracker.sendChanges total=    5.7ms avg/tick=   14.3us share=  0.0% n=1200
[03:58:34] [Server thread/INFO]: [STDOUT] [io.papermc.paper.util.PapoTickProfile] PapoTickProfile.phase server.taskDrain           total=    3.9ms avg/tick=    9.7us share=  0.0% n=400
[03:58:34] [Server thread/INFO]: [STDOUT] [io.papermc.paper.util.PapoTickProfile] PapoTickProfile.phase player.pushEntities        total=    1.6ms avg/tick=    3.9us share=  0.0% n=6345
[03:58:34] [Server thread/INFO]: [STDOUT] [io.papermc.paper.util.PapoTickProfile] PapoTickProfile.phase level.fluidTicks           total=    1.2ms avg/tick=    3.1us share=  0.0% n=1200
[03:58:34] [Server thread/INFO]: [STDOUT] [io.papermc.paper.util.PapoTickProfile] PapoTickProfile.phase player.aiStepTouchScan     total=    0.9ms avg/tick=    2.3us share=  0.0% n=3600
[03:58:34] [Server thread/INFO]: [STDOUT] [io.papermc.paper.util.PapoTickProfile] PapoTickProfile.phase chunkMap.tracker.fanout    total=    0.9ms avg/tick=    2.3us share=  0.0% n=1200
[03:58:34] [Server thread/INFO]: [STDOUT] [io.papermc.paper.util.PapoTickProfile] PapoTickProfile.phase level.blockEvents          total=    0.4ms avg/tick=    0.9us share=  0.0% n=1200
[03:58:34] [Server thread/INFO]: [STDOUT] [io.papermc.paper.util.PapoTickProfile] PapoTickProfile.phase conn.flushQueue            total=    0.1ms avg/tick=    0.3us share=  0.0% n=4000
[03:58:34] [Server thread/INFO]: [STDOUT] [io.papermc.paper.util.PapoTickProfile] PapoTickProfile.phase players                    total=    0.1ms avg/tick=    0.2us share=  0.0% n=400
[03:58:34] [Server thread/INFO]: [STDOUT] [io.papermc.paper.util.PapoTickProfile] PapoTickProfile.phase functions                  total=    0.0ms avg/tick=    0.1us share=  0.0% n=400
[03:58:34] [Server thread/INFO]: [STDOUT] [io.papermc.paper.util.PapoTickProfile] PapoTickProfile.count rs.blockTickRuns           total=   176400 avg/tick=    441.0 n=176400
[03:58:34] [Server thread/INFO]: [STDOUT] [io.papermc.paper.util.PapoTickProfile] PapoTickProfile.count fanout.sends               total=    18021 avg/tick=     45.1 n=1200
[03:58:34] [Server thread/INFO]: [STDOUT] [io.papermc.paper.util.PapoTickProfile] PapoTickProfile.count fanout.pkt.headRot         total=      985 avg/tick=      2.5 n=393
[03:58:34] [Server thread/INFO]: [STDOUT] [io.papermc.paper.util.PapoTickProfile] PapoTickProfile.count fanout.pkt.movePosRot      total=      877 avg/tick=      2.2 n=374
[03:58:34] [Server thread/INFO]: [STDOUT] [io.papermc.paper.util.PapoTickProfile] PapoTickProfile.count fanout.pkt.movePos         total=      145 avg/tick=      0.4 n=78
[03:58:34] [Server thread/INFO]: [STDOUT] [io.papermc.paper.util.PapoTickProfile] PapoTickProfile.count fanout.pkt.posSync         total=       64 avg/tick=      0.2 n=57
[03:58:34] [Server thread/INFO]: [STDOUT] [io.papermc.paper.util.PapoTickProfile] PapoTickProfile.count fanout.pkt.other           total=       46 avg/tick=      0.1 n=45
[03:58:34] [Server thread/INFO]: [STDOUT] [io.papermc.paper.util.PapoTickProfile] PapoTickProfile.count fanout.pkt.moveRot         total=       40 avg/tick=      0.1 n=40
[03:58:34] [Server thread/INFO]: [STDOUT] [io.papermc.paper.util.PapoTickProfile] PapoTickProfile.count fanout.pkt.velocity        total=       35 avg/tick=      0.1 n=35
[03:58:34] [Server thread/INFO]: [STDOUT] [io.papermc.paper.util.PapoTickProfile] PapoTickProfile.count rs.fluidTickRuns           total=       24 avg/tick=      0.1 n=24
[03:58:34] [Server thread/INFO]: [STDOUT] [io.papermc.paper.util.PapoTickProfile] PapoTickProfile.count fanout.pkt.entityData      total=        4 avg/tick=      0.0 n=4
[03:58:54] [Server thread/INFO]: [STDOUT] [io.papermc.paper.util.PapoTickProfile] PapoTickProfile window=400ticks totalWallMs=20000 measuredMs=29222 gcMs=40
[03:58:54] [Server thread/INFO]: [STDOUT] [io.papermc.paper.util.PapoTickProfile] PapoTickProfile.phase worlds                     total= 9718.0ms avg/tick=24294.9us share= 33.3% n=400
[03:58:54] [Server thread/INFO]: [STDOUT] [io.papermc.paper.util.PapoTickProfile] PapoTickProfile.phase level.tickPending+misc     total= 9592.0ms avg/tick=23979.9us share= 32.8% n=1200
[03:58:54] [Server thread/INFO]: [STDOUT] [io.papermc.paper.util.PapoTickProfile] PapoTickProfile.phase level.blockTicks           total= 9301.0ms avg/tick=23252.6us share= 31.8% n=1200
[03:58:54] [Server thread/INFO]: [STDOUT] [io.papermc.paper.util.PapoTickProfile] PapoTickProfile.phase level.chunkSource          total=  288.5ms avg/tick=  721.3us share=  1.0% n=1200
[03:58:54] [Server thread/INFO]: [STDOUT] [io.papermc.paper.util.PapoTickProfile] PapoTickProfile.phase level.entities             total=  122.6ms avg/tick=  306.6us share=  0.4% n=1200
[03:58:54] [Server thread/INFO]: [STDOUT] [io.papermc.paper.util.PapoTickProfile] PapoTickProfile.phase connection                 total=   48.7ms avg/tick=  121.7us share=  0.2% n=400
[03:58:54] [Server thread/INFO]: [STDOUT] [io.papermc.paper.util.PapoTickProfile] PapoTickProfile.phase conn.listenerTick          total=   47.1ms avg/tick=  117.8us share=  0.2% n=4000
[03:58:54] [Server thread/INFO]: [STDOUT] [io.papermc.paper.util.PapoTickProfile] PapoTickProfile.phase player.superTick           total=   35.2ms avg/tick=   88.1us share=  0.1% n=4000
[03:58:54] [Server thread/INFO]: [STDOUT] [io.papermc.paper.util.PapoTickProfile] PapoTickProfile.phase sendChunks                 total=   25.3ms avg/tick=   63.2us share=  0.1% n=400
[03:58:54] [Server thread/INFO]: [STDOUT] [io.papermc.paper.util.PapoTickProfile] PapoTickProfile.phase ent.serverAiStep           total=   21.9ms avg/tick=   54.8us share=  0.1% n=12106
[03:58:54] [Server thread/INFO]: [STDOUT] [io.papermc.paper.util.PapoTickProfile] PapoTickProfile.phase chunkMap.tracker.maintain  total=    9.0ms avg/tick=   22.4us share=  0.0% n=1200
[03:58:54] [Server thread/INFO]: [STDOUT] [io.papermc.paper.util.PapoTickProfile] PapoTickProfile.phase chunkMap.tracker.sendChanges total=    5.1ms avg/tick=   12.7us share=  0.0% n=1200
[03:58:54] [Server thread/INFO]: [STDOUT] [io.papermc.paper.util.PapoTickProfile] PapoTickProfile.phase server.taskDrain           total=    3.2ms avg/tick=    8.0us share=  0.0% n=400
[03:58:54] [Server thread/INFO]: [STDOUT] [io.papermc.paper.util.PapoTickProfile] PapoTickProfile.phase player.pushEntities        total=    1.4ms avg/tick=    3.5us share=  0.0% n=6159
[03:58:54] [Server thread/INFO]: [STDOUT] [io.papermc.paper.util.PapoTickProfile] PapoTickProfile.phase level.fluidTicks           total=    1.2ms avg/tick=    3.1us share=  0.0% n=1200
[03:58:54] [Server thread/INFO]: [STDOUT] [io.papermc.paper.util.PapoTickProfile] PapoTickProfile.phase player.aiStepTouchScan     total=    0.9ms avg/tick=    2.2us share=  0.0% n=3600
[03:58:54] [Server thread/INFO]: [STDOUT] [io.papermc.paper.util.PapoTickProfile] PapoTickProfile.phase chunkMap.tracker.fanout    total=    0.8ms avg/tick=    2.0us share=  0.0% n=1200
[03:58:54] [Server thread/INFO]: [STDOUT] [io.papermc.paper.util.PapoTickProfile] PapoTickProfile.phase level.blockEvents          total=    0.3ms avg/tick=    0.8us share=  0.0% n=1200
[03:58:54] [Server thread/INFO]: [STDOUT] [io.papermc.paper.util.PapoTickProfile] PapoTickProfile.phase conn.flushQueue            total=    0.1ms avg/tick=    0.3us share=  0.0% n=4000
[03:58:54] [Server thread/INFO]: [STDOUT] [io.papermc.paper.util.PapoTickProfile] PapoTickProfile.phase functions                  total=    0.0ms avg/tick=    0.1us share=  0.0% n=400
[03:58:54] [Server thread/INFO]: [STDOUT] [io.papermc.paper.util.PapoTickProfile] PapoTickProfile.phase players                    total=    0.0ms avg/tick=    0.0us share=  0.0% n=400
[03:58:54] [Server thread/INFO]: [STDOUT] [io.papermc.paper.util.PapoTickProfile] PapoTickProfile.count rs.blockTickRuns           total=   176400 avg/tick=    441.0 n=176400
[03:58:54] [Server thread/INFO]: [STDOUT] [io.papermc.paper.util.PapoTickProfile] PapoTickProfile.count fanout.sends               total=    16090 avg/tick=     40.2 n=1200
[03:58:54] [Server thread/INFO]: [STDOUT] [io.papermc.paper.util.PapoTickProfile] PapoTickProfile.count fanout.pkt.headRot         total=     1117 avg/tick=      2.8 n=356
[03:58:54] [Server thread/INFO]: [STDOUT] [io.papermc.paper.util.PapoTickProfile] PapoTickProfile.count fanout.pkt.movePosRot      total=      977 avg/tick=      2.4 n=346
[03:58:54] [Server thread/INFO]: [STDOUT] [io.papermc.paper.util.PapoTickProfile] PapoTickProfile.count fanout.pkt.movePos         total=      131 avg/tick=      0.3 n=78
[03:58:54] [Server thread/INFO]: [STDOUT] [io.papermc.paper.util.PapoTickProfile] PapoTickProfile.count fanout.pkt.posSync         total=      115 avg/tick=      0.3 n=103
[03:58:54] [Server thread/INFO]: [STDOUT] [io.papermc.paper.util.PapoTickProfile] PapoTickProfile.count rs.fluidTickRuns           total=       60 avg/tick=      0.2 n=60
[03:58:54] [Server thread/INFO]: [STDOUT] [io.papermc.paper.util.PapoTickProfile] PapoTickProfile.count fanout.pkt.other           total=       44 avg/tick=      0.1 n=41
[03:58:54] [Server thread/INFO]: [STDOUT] [io.papermc.paper.util.PapoTickProfile] PapoTickProfile.count fanout.pkt.velocity        total=       11 avg/tick=      0.0 n=11
[03:58:54] [Server thread/INFO]: [STDOUT] [io.papermc.paper.util.PapoTickProfile] PapoTickProfile.count fanout.pkt.entityData      total=        6 avg/tick=      0.0 n=6
[03:58:54] [Server thread/INFO]: [STDOUT] [io.papermc.paper.util.PapoTickProfile] PapoTickProfile.count fanout.pkt.moveRot         total=        4 avg/tick=      0.0 n=4
[03:59:14] [Server thread/INFO]: [STDOUT] [io.papermc.paper.util.PapoTickProfile] PapoTickProfile window=400ticks totalWallMs=19999 measuredMs=29001 gcMs=40
[03:59:14] [Server thread/INFO]: [STDOUT] [io.papermc.paper.util.PapoTickProfile] PapoTickProfile.phase worlds                     total= 9643.6ms avg/tick=24108.9us share= 33.3% n=400
[03:59:14] [Server thread/INFO]: [STDOUT] [io.papermc.paper.util.PapoTickProfile] PapoTickProfile.phase level.tickPending+misc     total= 9539.7ms avg/tick=23849.2us share= 32.9% n=1200
[03:59:14] [Server thread/INFO]: [STDOUT] [io.papermc.paper.util.PapoTickProfile] PapoTickProfile.phase level.blockTicks           total= 9261.4ms avg/tick=23153.4us share= 31.9% n=1200
[03:59:14] [Server thread/INFO]: [STDOUT] [io.papermc.paper.util.PapoTickProfile] PapoTickProfile.phase level.chunkSource          total=  276.1ms avg/tick=  690.1us share=  1.0% n=1200
[03:59:14] [Server thread/INFO]: [STDOUT] [io.papermc.paper.util.PapoTickProfile] PapoTickProfile.phase level.entities             total=  100.6ms avg/tick=  251.6us share=  0.3% n=1200
[03:59:14] [Server thread/INFO]: [STDOUT] [io.papermc.paper.util.PapoTickProfile] PapoTickProfile.phase connection                 total=   47.3ms avg/tick=  118.2us share=  0.2% n=400
[03:59:14] [Server thread/INFO]: [STDOUT] [io.papermc.paper.util.PapoTickProfile] PapoTickProfile.phase conn.listenerTick          total=   45.8ms avg/tick=  114.5us share=  0.2% n=4000
[03:59:14] [Server thread/INFO]: [STDOUT] [io.papermc.paper.util.PapoTickProfile] PapoTickProfile.phase player.superTick           total=   34.1ms avg/tick=   85.2us share=  0.1% n=4000
[03:59:14] [Server thread/INFO]: [STDOUT] [io.papermc.paper.util.PapoTickProfile] PapoTickProfile.phase sendChunks                 total=   24.4ms avg/tick=   60.9us share=  0.1% n=400
[03:59:14] [Server thread/INFO]: [STDOUT] [io.papermc.paper.util.PapoTickProfile] PapoTickProfile.phase ent.serverAiStep           total=    9.1ms avg/tick=   22.7us share=  0.0% n=11909
[03:59:14] [Server thread/INFO]: [STDOUT] [io.papermc.paper.util.PapoTickProfile] PapoTickProfile.phase chunkMap.tracker.maintain  total=    7.4ms avg/tick=   18.6us share=  0.0% n=1200
[03:59:14] [Server thread/INFO]: [STDOUT] [io.papermc.paper.util.PapoTickProfile] PapoTickProfile.phase chunkMap.tracker.sendChanges total=    4.6ms avg/tick=   11.5us share=  0.0% n=1200
[03:59:14] [Server thread/INFO]: [STDOUT] [io.papermc.paper.util.PapoTickProfile] PapoTickProfile.phase server.taskDrain           total=    3.3ms avg/tick=    8.2us share=  0.0% n=400
[03:59:14] [Server thread/INFO]: [STDOUT] [io.papermc.paper.util.PapoTickProfile] PapoTickProfile.phase player.pushEntities        total=    1.3ms avg/tick=    3.2us share=  0.0% n=5965
[03:59:14] [Server thread/INFO]: [STDOUT] [io.papermc.paper.util.PapoTickProfile] PapoTickProfile.phase level.fluidTicks           total=    1.1ms avg/tick=    2.8us share=  0.0% n=1200
[03:59:14] [Server thread/INFO]: [STDOUT] [io.papermc.paper.util.PapoTickProfile] PapoTickProfile.phase player.aiStepTouchScan     total=    0.8ms avg/tick=    2.0us share=  0.0% n=3600
[03:59:14] [Server thread/INFO]: [STDOUT] [io.papermc.paper.util.PapoTickProfile] PapoTickProfile.phase chunkMap.tracker.fanout    total=    0.7ms avg/tick=    1.8us share=  0.0% n=1200
[03:59:14] [Server thread/INFO]: [STDOUT] [io.papermc.paper.util.PapoTickProfile] PapoTickProfile.phase level.blockEvents          total=    0.3ms avg/tick=    0.8us share=  0.0% n=1200
[03:59:14] [Server thread/INFO]: [STDOUT] [io.papermc.paper.util.PapoTickProfile] PapoTickProfile.phase players                    total=    0.2ms avg/tick=    0.4us share=  0.0% n=400
[03:59:14] [Server thread/INFO]: [STDOUT] [io.papermc.paper.util.PapoTickProfile] PapoTickProfile.phase conn.flushQueue            total=    0.1ms avg/tick=    0.3us share=  0.0% n=4000
[03:59:14] [Server thread/INFO]: [STDOUT] [io.papermc.paper.util.PapoTickProfile] PapoTickProfile.phase functions                  total=    0.0ms avg/tick=    0.1us share=  0.0% n=400
[03:59:14] [Server thread/INFO]: [STDOUT] [io.papermc.paper.util.PapoTickProfile] PapoTickProfile.count rs.blockTickRuns           total=   176400 avg/tick=    441.0 n=176400
[03:59:14] [Server thread/INFO]: [STDOUT] [io.papermc.paper.util.PapoTickProfile] PapoTickProfile.count fanout.sends               total=    14725 avg/tick=     36.8 n=1200
[03:59:14] [Server thread/INFO]: [STDOUT] [io.papermc.paper.util.PapoTickProfile] PapoTickProfile.count fanout.pkt.headRot         total=      860 avg/tick=      2.2 n=342
[03:59:14] [Server thread/INFO]: [STDOUT] [io.papermc.paper.util.PapoTickProfile] PapoTickProfile.count fanout.pkt.movePosRot      total=      758 avg/tick=      1.9 n=317
[03:59:14] [Server thread/INFO]: [STDOUT] [io.papermc.paper.util.PapoTickProfile] PapoTickProfile.count fanout.pkt.movePos         total=      147 avg/tick=      0.4 n=85
[03:59:14] [Server thread/INFO]: [STDOUT] [io.papermc.paper.util.PapoTickProfile] PapoTickProfile.count rs.fluidTickRuns           total=       91 avg/tick=      0.2 n=91
[03:59:14] [Server thread/INFO]: [STDOUT] [io.papermc.paper.util.PapoTickProfile] PapoTickProfile.count fanout.pkt.posSync         total=       68 avg/tick=      0.2 n=58
[03:59:14] [Server thread/INFO]: [STDOUT] [io.papermc.paper.util.PapoTickProfile] PapoTickProfile.count fanout.pkt.other           total=       43 avg/tick=      0.1 n=42
[03:59:14] [Server thread/INFO]: [STDOUT] [io.papermc.paper.util.PapoTickProfile] PapoTickProfile.count fanout.pkt.velocity        total=       29 avg/tick=      0.1 n=29
[03:59:14] [Server thread/INFO]: [STDOUT] [io.papermc.paper.util.PapoTickProfile] PapoTickProfile.count fanout.pkt.moveRot         total=       24 avg/tick=      0.1 n=24
[03:59:14] [Server thread/INFO]: [STDOUT] [io.papermc.paper.util.PapoTickProfile] PapoTickProfile.count fanout.pkt.entityData      total=        5 avg/tick=      0.0 n=5
[03:59:34] [Server thread/INFO]: [STDOUT] [io.papermc.paper.util.PapoTickProfile] PapoTickProfile window=400ticks totalWallMs=20000 measuredMs=29363 gcMs=41
[03:59:34] [Server thread/INFO]: [STDOUT] [io.papermc.paper.util.PapoTickProfile] PapoTickProfile.phase worlds                     total= 9761.2ms avg/tick=24403.1us share= 33.2% n=400
[03:59:34] [Server thread/INFO]: [STDOUT] [io.papermc.paper.util.PapoTickProfile] PapoTickProfile.phase level.tickPending+misc     total= 9650.0ms avg/tick=24125.1us share= 32.9% n=1200
[03:59:34] [Server thread/INFO]: [STDOUT] [io.papermc.paper.util.PapoTickProfile] PapoTickProfile.phase level.blockTicks           total= 9346.9ms avg/tick=23367.1us share= 31.8% n=1200
[03:59:34] [Server thread/INFO]: [STDOUT] [io.papermc.paper.util.PapoTickProfile] PapoTickProfile.phase level.chunkSource          total=  300.6ms avg/tick=  751.6us share=  1.0% n=1200
[03:59:34] [Server thread/INFO]: [STDOUT] [io.papermc.paper.util.PapoTickProfile] PapoTickProfile.phase level.entities             total=  107.4ms avg/tick=  268.6us share=  0.4% n=1200
[03:59:34] [Server thread/INFO]: [STDOUT] [io.papermc.paper.util.PapoTickProfile] PapoTickProfile.phase connection                 total=   52.5ms avg/tick=  131.3us share=  0.2% n=400
[03:59:34] [Server thread/INFO]: [STDOUT] [io.papermc.paper.util.PapoTickProfile] PapoTickProfile.phase conn.listenerTick          total=   50.7ms avg/tick=  126.7us share=  0.2% n=4000
[03:59:34] [Server thread/INFO]: [STDOUT] [io.papermc.paper.util.PapoTickProfile] PapoTickProfile.phase player.superTick           total=   38.2ms avg/tick=   95.5us share=  0.1% n=4000
[03:59:34] [Server thread/INFO]: [STDOUT] [io.papermc.paper.util.PapoTickProfile] PapoTickProfile.phase sendChunks                 total=   26.3ms avg/tick=   65.9us share=  0.1% n=400
[03:59:34] [Server thread/INFO]: [STDOUT] [io.papermc.paper.util.PapoTickProfile] PapoTickProfile.phase ent.serverAiStep           total=    8.5ms avg/tick=   21.3us share=  0.0% n=11247
[03:59:34] [Server thread/INFO]: [STDOUT] [io.papermc.paper.util.PapoTickProfile] PapoTickProfile.phase chunkMap.tracker.maintain  total=    7.5ms avg/tick=   18.9us share=  0.0% n=1200
[03:59:34] [Server thread/INFO]: [STDOUT] [io.papermc.paper.util.PapoTickProfile] PapoTickProfile.phase chunkMap.tracker.sendChanges total=    5.1ms avg/tick=   12.6us share=  0.0% n=1200
[03:59:34] [Server thread/INFO]: [STDOUT] [io.papermc.paper.util.PapoTickProfile] PapoTickProfile.phase server.taskDrain           total=    3.6ms avg/tick=    9.0us share=  0.0% n=400
[03:59:34] [Server thread/INFO]: [STDOUT] [io.papermc.paper.util.PapoTickProfile] PapoTickProfile.phase player.pushEntities        total=    1.3ms avg/tick=    3.2us share=  0.0% n=5665
[03:59:34] [Server thread/INFO]: [STDOUT] [io.papermc.paper.util.PapoTickProfile] PapoTickProfile.phase level.fluidTicks           total=    1.3ms avg/tick=    3.2us share=  0.0% n=1200
[03:59:34] [Server thread/INFO]: [STDOUT] [io.papermc.paper.util.PapoTickProfile] PapoTickProfile.phase player.aiStepTouchScan     total=    0.9ms avg/tick=    2.3us share=  0.0% n=3600
[03:59:34] [Server thread/INFO]: [STDOUT] [io.papermc.paper.util.PapoTickProfile] PapoTickProfile.phase chunkMap.tracker.fanout    total=    0.7ms avg/tick=    1.7us share=  0.0% n=1200
[03:59:34] [Server thread/INFO]: [STDOUT] [io.papermc.paper.util.PapoTickProfile] PapoTickProfile.phase level.blockEvents          total=    0.4ms avg/tick=    0.9us share=  0.0% n=1200
[03:59:34] [Server thread/INFO]: [STDOUT] [io.papermc.paper.util.PapoTickProfile] PapoTickProfile.phase players                    total=    0.1ms avg/tick=    0.3us share=  0.0% n=400
[03:59:34] [Server thread/INFO]: [STDOUT] [io.papermc.paper.util.PapoTickProfile] PapoTickProfile.phase conn.flushQueue            total=    0.1ms avg/tick=    0.3us share=  0.0% n=4000
[03:59:34] [Server thread/INFO]: [STDOUT] [io.papermc.paper.util.PapoTickProfile] PapoTickProfile.phase functions                  total=    0.0ms avg/tick=    0.1us share=  0.0% n=400
[03:59:34] [Server thread/INFO]: [STDOUT] [io.papermc.paper.util.PapoTickProfile] PapoTickProfile.count rs.blockTickRuns           total=   176400 avg/tick=    441.0 n=176400
[03:59:34] [Server thread/INFO]: [STDOUT] [io.papermc.paper.util.PapoTickProfile] PapoTickProfile.count fanout.sends               total=    13066 avg/tick=     32.7 n=1200
[03:59:34] [Server thread/INFO]: [STDOUT] [io.papermc.paper.util.PapoTickProfile] PapoTickProfile.count fanout.pkt.headRot         total=      695 avg/tick=      1.7 n=303
[03:59:34] [Server thread/INFO]: [STDOUT] [io.papermc.paper.util.PapoTickProfile] PapoTickProfile.count fanout.pkt.movePosRot      total=      614 avg/tick=      1.5 n=289
[03:59:34] [Server thread/INFO]: [STDOUT] [io.papermc.paper.util.PapoTickProfile] PapoTickProfile.count fanout.pkt.movePos         total=      158 avg/tick=      0.4 n=92
[03:59:34] [Server thread/INFO]: [STDOUT] [io.papermc.paper.util.PapoTickProfile] PapoTickProfile.count fanout.pkt.posSync         total=       56 avg/tick=      0.1 n=55
[03:59:34] [Server thread/INFO]: [STDOUT] [io.papermc.paper.util.PapoTickProfile] PapoTickProfile.count rs.fluidTickRuns           total=       50 avg/tick=      0.1 n=50
[03:59:34] [Server thread/INFO]: [STDOUT] [io.papermc.paper.util.PapoTickProfile] PapoTickProfile.count fanout.pkt.other           total=       48 avg/tick=      0.1 n=47
[03:59:34] [Server thread/INFO]: [STDOUT] [io.papermc.paper.util.PapoTickProfile] PapoTickProfile.count fanout.pkt.entityData      total=        2 avg/tick=      0.0 n=2
[03:59:54] [Server thread/INFO]: [STDOUT] [io.papermc.paper.util.PapoTickProfile] PapoTickProfile window=400ticks totalWallMs=19999 measuredMs=29579 gcMs=42
[03:59:54] [Server thread/INFO]: [STDOUT] [io.papermc.paper.util.PapoTickProfile] PapoTickProfile.phase worlds                     total= 9828.9ms avg/tick=24572.2us share= 33.2% n=400
[03:59:54] [Server thread/INFO]: [STDOUT] [io.papermc.paper.util.PapoTickProfile] PapoTickProfile.phase level.tickPending+misc     total= 9721.1ms avg/tick=24302.7us share= 32.9% n=1200
[03:59:54] [Server thread/INFO]: [STDOUT] [io.papermc.paper.util.PapoTickProfile] PapoTickProfile.phase level.blockTicks           total= 9415.5ms avg/tick=23538.8us share= 31.8% n=1200
[03:59:54] [Server thread/INFO]: [STDOUT] [io.papermc.paper.util.PapoTickProfile] PapoTickProfile.phase level.chunkSource          total=  303.0ms avg/tick=  757.5us share=  1.0% n=1200
[03:59:54] [Server thread/INFO]: [STDOUT] [io.papermc.paper.util.PapoTickProfile] PapoTickProfile.phase level.entities             total=  103.9ms avg/tick=  259.9us share=  0.4% n=1200
[03:59:54] [Server thread/INFO]: [STDOUT] [io.papermc.paper.util.PapoTickProfile] PapoTickProfile.phase connection                 total=   54.9ms avg/tick=  137.1us share=  0.2% n=400
[03:59:54] [Server thread/INFO]: [STDOUT] [io.papermc.paper.util.PapoTickProfile] PapoTickProfile.phase conn.listenerTick          total=   53.2ms avg/tick=  133.1us share=  0.2% n=4000
[03:59:54] [Server thread/INFO]: [STDOUT] [io.papermc.paper.util.PapoTickProfile] PapoTickProfile.phase player.superTick           total=   40.9ms avg/tick=  102.1us share=  0.1% n=4000
[03:59:54] [Server thread/INFO]: [STDOUT] [io.papermc.paper.util.PapoTickProfile] PapoTickProfile.phase sendChunks                 total=   27.2ms avg/tick=   68.0us share=  0.1% n=400
[03:59:54] [Server thread/INFO]: [STDOUT] [io.papermc.paper.util.PapoTickProfile] PapoTickProfile.phase ent.serverAiStep           total=    8.9ms avg/tick=   22.1us share=  0.0% n=11302
[03:59:54] [Server thread/INFO]: [STDOUT] [io.papermc.paper.util.PapoTickProfile] PapoTickProfile.phase chunkMap.tracker.maintain  total=    8.2ms avg/tick=   20.6us share=  0.0% n=1200
[03:59:54] [Server thread/INFO]: [STDOUT] [io.papermc.paper.util.PapoTickProfile] PapoTickProfile.phase chunkMap.tracker.sendChanges total=    5.3ms avg/tick=   13.3us share=  0.0% n=1200
[03:59:54] [Server thread/INFO]: [STDOUT] [io.papermc.paper.util.PapoTickProfile] PapoTickProfile.phase server.taskDrain           total=    3.6ms avg/tick=    9.0us share=  0.0% n=400
[03:59:54] [Server thread/INFO]: [STDOUT] [io.papermc.paper.util.PapoTickProfile] PapoTickProfile.phase player.pushEntities        total=    1.3ms avg/tick=    3.2us share=  0.0% n=5734
[03:59:54] [Server thread/INFO]: [STDOUT] [io.papermc.paper.util.PapoTickProfile] PapoTickProfile.phase level.fluidTicks           total=    1.2ms avg/tick=    3.0us share=  0.0% n=1200
[03:59:54] [Server thread/INFO]: [STDOUT] [io.papermc.paper.util.PapoTickProfile] PapoTickProfile.phase player.aiStepTouchScan     total=    0.9ms avg/tick=    2.4us share=  0.0% n=3600
[03:59:54] [Server thread/INFO]: [STDOUT] [io.papermc.paper.util.PapoTickProfile] PapoTickProfile.phase chunkMap.tracker.fanout    total=    0.7ms avg/tick=    1.9us share=  0.0% n=1200
[03:59:54] [Server thread/INFO]: [STDOUT] [io.papermc.paper.util.PapoTickProfile] PapoTickProfile.phase level.blockEvents          total=    0.4ms avg/tick=    0.9us share=  0.0% n=1200
[03:59:54] [Server thread/INFO]: [STDOUT] [io.papermc.paper.util.PapoTickProfile] PapoTickProfile.phase conn.flushQueue            total=    0.1ms avg/tick=    0.3us share=  0.0% n=4000
[03:59:54] [Server thread/INFO]: [STDOUT] [io.papermc.paper.util.PapoTickProfile] PapoTickProfile.phase functions                  total=    0.0ms avg/tick=    0.1us share=  0.0% n=400
[03:59:54] [Server thread/INFO]: [STDOUT] [io.papermc.paper.util.PapoTickProfile] PapoTickProfile.phase players                    total=    0.0ms avg/tick=    0.0us share=  0.0% n=400
[03:59:54] [Server thread/INFO]: [STDOUT] [io.papermc.paper.util.PapoTickProfile] PapoTickProfile.count rs.blockTickRuns           total=   176400 avg/tick=    441.0 n=176400
[03:59:54] [Server thread/INFO]: [STDOUT] [io.papermc.paper.util.PapoTickProfile] PapoTickProfile.count fanout.sends               total=    14531 avg/tick=     36.3 n=1200
[03:59:54] [Server thread/INFO]: [STDOUT] [io.papermc.paper.util.PapoTickProfile] PapoTickProfile.count fanout.pkt.headRot         total=      833 avg/tick=      2.1 n=329
[03:59:54] [Server thread/INFO]: [STDOUT] [io.papermc.paper.util.PapoTickProfile] PapoTickProfile.count fanout.pkt.movePosRot      total=      773 avg/tick=      1.9 n=322
[03:59:54] [Server thread/INFO]: [STDOUT] [io.papermc.paper.util.PapoTickProfile] PapoTickProfile.count fanout.pkt.movePos         total=      111 avg/tick=      0.3 n=63
[03:59:54] [Server thread/INFO]: [STDOUT] [io.papermc.paper.util.PapoTickProfile] PapoTickProfile.count fanout.pkt.posSync         total=       58 avg/tick=      0.1 n=51
[03:59:54] [Server thread/INFO]: [STDOUT] [io.papermc.paper.util.PapoTickProfile] PapoTickProfile.count fanout.pkt.other           total=       48 avg/tick=      0.1 n=44
[03:59:54] [Server thread/INFO]: [STDOUT] [io.papermc.paper.util.PapoTickProfile] PapoTickProfile.count rs.fluidTickRuns           total=       14 avg/tick=      0.0 n=14
[03:59:54] [Server thread/INFO]: [STDOUT] [io.papermc.paper.util.PapoTickProfile] PapoTickProfile.count fanout.pkt.entityData      total=        2 avg/tick=      0.0 n=2
[04:00:14] [Server thread/INFO]: [STDOUT] [io.papermc.paper.util.PapoTickProfile] PapoTickProfile window=400ticks totalWallMs=20001 measuredMs=29986 gcMs=42
[04:00:14] [Server thread/INFO]: [STDOUT] [io.papermc.paper.util.PapoTickProfile] PapoTickProfile.phase worlds                     total= 9972.3ms avg/tick=24930.7us share= 33.3% n=400
[04:00:14] [Server thread/INFO]: [STDOUT] [io.papermc.paper.util.PapoTickProfile] PapoTickProfile.phase level.tickPending+misc     total= 9826.7ms avg/tick=24566.7us share= 32.8% n=1200
[04:00:14] [Server thread/INFO]: [STDOUT] [io.papermc.paper.util.PapoTickProfile] PapoTickProfile.phase level.blockTicks           total= 9466.7ms avg/tick=23666.7us share= 31.6% n=1200
[04:00:14] [Server thread/INFO]: [STDOUT] [io.papermc.paper.util.PapoTickProfile] PapoTickProfile.phase level.chunkSource          total=  355.5ms avg/tick=  888.7us share=  1.2% n=1200
[04:00:14] [Server thread/INFO]: [STDOUT] [io.papermc.paper.util.PapoTickProfile] PapoTickProfile.phase level.entities             total=  135.2ms avg/tick=  338.0us share=  0.5% n=1200
[04:00:14] [Server thread/INFO]: [STDOUT] [io.papermc.paper.util.PapoTickProfile] PapoTickProfile.phase connection                 total=   56.1ms avg/tick=  140.1us share=  0.2% n=400
[04:00:14] [Server thread/INFO]: [STDOUT] [io.papermc.paper.util.PapoTickProfile] PapoTickProfile.phase conn.listenerTick          total=   54.2ms avg/tick=  135.5us share=  0.2% n=4000
[04:00:14] [Server thread/INFO]: [STDOUT] [io.papermc.paper.util.PapoTickProfile] PapoTickProfile.phase player.superTick           total=   41.0ms avg/tick=  102.6us share=  0.1% n=4000
[04:00:14] [Server thread/INFO]: [STDOUT] [io.papermc.paper.util.PapoTickProfile] PapoTickProfile.phase sendChunks                 total=   28.3ms avg/tick=   70.7us share=  0.1% n=400
[04:00:14] [Server thread/INFO]: [STDOUT] [io.papermc.paper.util.PapoTickProfile] PapoTickProfile.phase ent.serverAiStep           total=   24.6ms avg/tick=   61.6us share=  0.1% n=12509
[04:00:14] [Server thread/INFO]: [STDOUT] [io.papermc.paper.util.PapoTickProfile] PapoTickProfile.phase chunkMap.tracker.maintain  total=    8.8ms avg/tick=   22.0us share=  0.0% n=1200
[04:00:14] [Server thread/INFO]: [STDOUT] [io.papermc.paper.util.PapoTickProfile] PapoTickProfile.phase chunkMap.tracker.sendChanges total=    5.9ms avg/tick=   14.7us share=  0.0% n=1200
[04:00:14] [Server thread/INFO]: [STDOUT] [io.papermc.paper.util.PapoTickProfile] PapoTickProfile.phase server.taskDrain           total=    3.7ms avg/tick=    9.3us share=  0.0% n=400
[04:00:14] [Server thread/INFO]: [STDOUT] [io.papermc.paper.util.PapoTickProfile] PapoTickProfile.phase level.fluidTicks           total=    2.2ms avg/tick=    5.6us share=  0.0% n=1200
[04:00:14] [Server thread/INFO]: [STDOUT] [io.papermc.paper.util.PapoTickProfile] PapoTickProfile.phase player.aiStepTouchScan     total=    1.9ms avg/tick=    4.8us share=  0.0% n=3600
[04:00:14] [Server thread/INFO]: [STDOUT] [io.papermc.paper.util.PapoTickProfile] PapoTickProfile.phase player.pushEntities        total=    1.6ms avg/tick=    4.1us share=  0.0% n=6894
[04:00:14] [Server thread/INFO]: [STDOUT] [io.papermc.paper.util.PapoTickProfile] PapoTickProfile.phase chunkMap.tracker.fanout    total=    0.9ms avg/tick=    2.2us share=  0.0% n=1200
[04:00:14] [Server thread/INFO]: [STDOUT] [io.papermc.paper.util.PapoTickProfile] PapoTickProfile.phase level.blockEvents          total=    0.4ms avg/tick=    1.0us share=  0.0% n=1200
[04:00:14] [Server thread/INFO]: [STDOUT] [io.papermc.paper.util.PapoTickProfile] PapoTickProfile.phase conn.flushQueue            total=    0.1ms avg/tick=    0.3us share=  0.0% n=4000
[04:00:14] [Server thread/INFO]: [STDOUT] [io.papermc.paper.util.PapoTickProfile] PapoTickProfile.phase players                    total=    0.1ms avg/tick=    0.3us share=  0.0% n=400
[04:00:14] [Server thread/INFO]: [STDOUT] [io.papermc.paper.util.PapoTickProfile] PapoTickProfile.phase functions                  total=    0.0ms avg/tick=    0.1us share=  0.0% n=400
[04:00:14] [Server thread/INFO]: [STDOUT] [io.papermc.paper.util.PapoTickProfile] PapoTickProfile.count rs.blockTickRuns           total=   176400 avg/tick=    441.0 n=176400
[04:00:14] [Server thread/INFO]: [STDOUT] [io.papermc.paper.util.PapoTickProfile] PapoTickProfile.count fanout.sends               total=    17004 avg/tick=     42.5 n=1200
[04:00:14] [Server thread/INFO]: [STDOUT] [io.papermc.paper.util.PapoTickProfile] PapoTickProfile.count fanout.pkt.headRot         total=     1021 avg/tick=      2.6 n=398
[04:00:14] [Server thread/INFO]: [STDOUT] [io.papermc.paper.util.PapoTickProfile] PapoTickProfile.count fanout.pkt.movePosRot      total=      917 avg/tick=      2.3 n=389
[04:00:14] [Server thread/INFO]: [STDOUT] [io.papermc.paper.util.PapoTickProfile] PapoTickProfile.count fanout.pkt.movePos         total=      142 avg/tick=      0.4 n=81
[04:00:14] [Server thread/INFO]: [STDOUT] [io.papermc.paper.util.PapoTickProfile] PapoTickProfile.count fanout.pkt.posSync         total=       77 avg/tick=      0.2 n=74
[04:00:14] [Server thread/INFO]: [STDOUT] [io.papermc.paper.util.PapoTickProfile] PapoTickProfile.count fanout.pkt.other           total=       44 avg/tick=      0.1 n=40
[04:00:14] [Server thread/INFO]: [STDOUT] [io.papermc.paper.util.PapoTickProfile] PapoTickProfile.count rs.fluidTickRuns           total=       42 avg/tick=      0.1 n=42
[04:00:14] [Server thread/INFO]: [STDOUT] [io.papermc.paper.util.PapoTickProfile] PapoTickProfile.count fanout.pkt.entityData      total=        8 avg/tick=      0.0 n=8
[04:00:34] [Server thread/INFO]: [STDOUT] [io.papermc.paper.util.PapoTickProfile] PapoTickProfile window=400ticks totalWallMs=19998 measuredMs=29847 gcMs=43
[04:00:34] [Server thread/INFO]: [STDOUT] [io.papermc.paper.util.PapoTickProfile] PapoTickProfile.phase worlds                     total= 9923.4ms avg/tick=24808.5us share= 33.2% n=400
[04:00:34] [Server thread/INFO]: [STDOUT] [io.papermc.paper.util.PapoTickProfile] PapoTickProfile.phase level.tickPending+misc     total= 9799.2ms avg/tick=24498.0us share= 32.8% n=1200
[04:00:34] [Server thread/INFO]: [STDOUT] [io.papermc.paper.util.PapoTickProfile] PapoTickProfile.phase level.blockTicks           total= 9481.1ms avg/tick=23702.6us share= 31.8% n=1200
[04:00:34] [Server thread/INFO]: [STDOUT] [io.papermc.paper.util.PapoTickProfile] PapoTickProfile.phase level.chunkSource          total=  313.9ms avg/tick=  784.7us share=  1.1% n=1200
[04:00:34] [Server thread/INFO]: [STDOUT] [io.papermc.paper.util.PapoTickProfile] PapoTickProfile.phase level.entities             total=  115.2ms avg/tick=  288.0us share=  0.4% n=1200
[04:00:34] [Server thread/INFO]: [STDOUT] [io.papermc.paper.util.PapoTickProfile] PapoTickProfile.phase connection                 total=   56.1ms avg/tick=  140.2us share=  0.2% n=400
[04:00:34] [Server thread/INFO]: [STDOUT] [io.papermc.paper.util.PapoTickProfile] PapoTickProfile.phase conn.listenerTick          total=   54.2ms avg/tick=  135.6us share=  0.2% n=4000
[04:00:34] [Server thread/INFO]: [STDOUT] [io.papermc.paper.util.PapoTickProfile] PapoTickProfile.phase player.superTick           total=   41.2ms avg/tick=  103.0us share=  0.1% n=4000
[04:00:34] [Server thread/INFO]: [STDOUT] [io.papermc.paper.util.PapoTickProfile] PapoTickProfile.phase sendChunks                 total=   27.7ms avg/tick=   69.3us share=  0.1% n=400
[04:00:34] [Server thread/INFO]: [STDOUT] [io.papermc.paper.util.PapoTickProfile] PapoTickProfile.phase ent.serverAiStep           total=    9.4ms avg/tick=   23.5us share=  0.0% n=11712
[04:00:34] [Server thread/INFO]: [STDOUT] [io.papermc.paper.util.PapoTickProfile] PapoTickProfile.phase chunkMap.tracker.maintain  total=    8.5ms avg/tick=   21.2us share=  0.0% n=1200
[04:00:34] [Server thread/INFO]: [STDOUT] [io.papermc.paper.util.PapoTickProfile] PapoTickProfile.phase chunkMap.tracker.sendChanges total=    6.3ms avg/tick=   15.9us share=  0.0% n=1200
[04:00:34] [Server thread/INFO]: [STDOUT] [io.papermc.paper.util.PapoTickProfile] PapoTickProfile.phase server.taskDrain           total=    4.2ms avg/tick=   10.4us share=  0.0% n=400
[04:00:34] [Server thread/INFO]: [STDOUT] [io.papermc.paper.util.PapoTickProfile] PapoTickProfile.phase level.fluidTicks           total=    2.4ms avg/tick=    6.1us share=  0.0% n=1200
[04:00:34] [Server thread/INFO]: [STDOUT] [io.papermc.paper.util.PapoTickProfile] PapoTickProfile.phase player.aiStepTouchScan     total=    1.6ms avg/tick=    4.0us share=  0.0% n=3600
[04:00:34] [Server thread/INFO]: [STDOUT] [io.papermc.paper.util.PapoTickProfile] PapoTickProfile.phase player.pushEntities        total=    1.3ms avg/tick=    3.3us share=  0.0% n=5722
[04:00:34] [Server thread/INFO]: [STDOUT] [io.papermc.paper.util.PapoTickProfile] PapoTickProfile.phase chunkMap.tracker.fanout    total=    1.1ms avg/tick=    2.8us share=  0.0% n=1200
[04:00:34] [Server thread/INFO]: [STDOUT] [io.papermc.paper.util.PapoTickProfile] PapoTickProfile.phase level.blockEvents          total=    0.4ms avg/tick=    1.0us share=  0.0% n=1200
[04:00:34] [Server thread/INFO]: [STDOUT] [io.papermc.paper.util.PapoTickProfile] PapoTickProfile.phase players                    total=    0.2ms avg/tick=    0.4us share=  0.0% n=400
[04:00:34] [Server thread/INFO]: [STDOUT] [io.papermc.paper.util.PapoTickProfile] PapoTickProfile.phase conn.flushQueue            total=    0.1ms avg/tick=    0.3us share=  0.0% n=4000
[04:00:34] [Server thread/INFO]: [STDOUT] [io.papermc.paper.util.PapoTickProfile] PapoTickProfile.phase functions                  total=    0.1ms avg/tick=    0.3us share=  0.0% n=400
[04:00:34] [Server thread/INFO]: [STDOUT] [io.papermc.paper.util.PapoTickProfile] PapoTickProfile.count rs.blockTickRuns           total=   176400 avg/tick=    441.0 n=176400
[04:00:34] [Server thread/INFO]: [STDOUT] [io.papermc.paper.util.PapoTickProfile] PapoTickProfile.count fanout.sends               total=    25638 avg/tick=     64.1 n=1200
[04:00:34] [Server thread/INFO]: [STDOUT] [io.papermc.paper.util.PapoTickProfile] PapoTickProfile.count fanout.pkt.headRot         total=     1397 avg/tick=      3.5 n=394
[04:00:34] [Server thread/INFO]: [STDOUT] [io.papermc.paper.util.PapoTickProfile] PapoTickProfile.count fanout.pkt.movePosRot      total=     1296 avg/tick=      3.2 n=387
[04:00:34] [Server thread/INFO]: [STDOUT] [io.papermc.paper.util.PapoTickProfile] PapoTickProfile.count fanout.pkt.movePos         total=      192 avg/tick=      0.5 n=104
[04:00:34] [Server thread/INFO]: [STDOUT] [io.papermc.paper.util.PapoTickProfile] PapoTickProfile.count fanout.pkt.posSync         total=       71 avg/tick=      0.2 n=60
[04:00:34] [Server thread/INFO]: [STDOUT] [io.papermc.paper.util.PapoTickProfile] PapoTickProfile.count fanout.pkt.other           total=       43 avg/tick=      0.1 n=40
[04:00:34] [Server thread/INFO]: [STDOUT] [io.papermc.paper.util.PapoTickProfile] PapoTickProfile.count rs.fluidTickRuns           total=       13 avg/tick=      0.0 n=13
[04:00:34] [Server thread/INFO]: [STDOUT] [io.papermc.paper.util.PapoTickProfile] PapoTickProfile.count fanout.pkt.entityData      total=        9 avg/tick=      0.0 n=9
[04:00:54] [Server thread/INFO]: [STDOUT] [io.papermc.paper.util.PapoTickProfile] PapoTickProfile window=400ticks totalWallMs=19999 measuredMs=29883 gcMs=36
[04:00:54] [Server thread/INFO]: [STDOUT] [io.papermc.paper.util.PapoTickProfile] PapoTickProfile.phase worlds                     total= 9934.6ms avg/tick=24836.5us share= 33.2% n=400
[04:00:54] [Server thread/INFO]: [STDOUT] [io.papermc.paper.util.PapoTickProfile] PapoTickProfile.phase level.tickPending+misc     total= 9813.2ms avg/tick=24532.9us share= 32.8% n=1200
[04:00:54] [Server thread/INFO]: [STDOUT] [io.papermc.paper.util.PapoTickProfile] PapoTickProfile.phase level.blockTicks           total= 9485.0ms avg/tick=23712.5us share= 31.7% n=1200
[04:00:54] [Server thread/INFO]: [STDOUT] [io.papermc.paper.util.PapoTickProfile] PapoTickProfile.phase level.chunkSource          total=  323.8ms avg/tick=  809.4us share=  1.1% n=1200
[04:00:54] [Server thread/INFO]: [STDOUT] [io.papermc.paper.util.PapoTickProfile] PapoTickProfile.phase level.entities             total=  116.1ms avg/tick=  290.2us share=  0.4% n=1200
[04:00:54] [Server thread/INFO]: [STDOUT] [io.papermc.paper.util.PapoTickProfile] PapoTickProfile.phase connection                 total=   54.4ms avg/tick=  135.9us share=  0.2% n=400
[04:00:54] [Server thread/INFO]: [STDOUT] [io.papermc.paper.util.PapoTickProfile] PapoTickProfile.phase conn.listenerTick          total=   52.6ms avg/tick=  131.4us share=  0.2% n=4000
[04:00:54] [Server thread/INFO]: [STDOUT] [io.papermc.paper.util.PapoTickProfile] PapoTickProfile.phase player.superTick           total=   39.7ms avg/tick=   99.3us share=  0.1% n=4000
[04:00:54] [Server thread/INFO]: [STDOUT] [io.papermc.paper.util.PapoTickProfile] PapoTickProfile.phase sendChunks                 total=   28.5ms avg/tick=   71.3us share=  0.1% n=400
[04:00:54] [Server thread/INFO]: [STDOUT] [io.papermc.paper.util.PapoTickProfile] PapoTickProfile.phase ent.serverAiStep           total=    9.7ms avg/tick=   24.3us share=  0.0% n=11720
[04:00:54] [Server thread/INFO]: [STDOUT] [io.papermc.paper.util.PapoTickProfile] PapoTickProfile.phase chunkMap.tracker.maintain  total=    8.8ms avg/tick=   22.1us share=  0.0% n=1200
[04:00:54] [Server thread/INFO]: [STDOUT] [io.papermc.paper.util.PapoTickProfile] PapoTickProfile.phase chunkMap.tracker.sendChanges total=    6.3ms avg/tick=   15.9us share=  0.0% n=1200
[04:00:54] [Server thread/INFO]: [STDOUT] [io.papermc.paper.util.PapoTickProfile] PapoTickProfile.phase server.taskDrain           total=    4.2ms avg/tick=   10.5us share=  0.0% n=400
[04:00:54] [Server thread/INFO]: [STDOUT] [io.papermc.paper.util.PapoTickProfile] PapoTickProfile.phase level.fluidTicks           total=    2.6ms avg/tick=    6.4us share=  0.0% n=1200
[04:00:54] [Server thread/INFO]: [STDOUT] [io.papermc.paper.util.PapoTickProfile] PapoTickProfile.phase player.pushEntities        total=    1.3ms avg/tick=    3.2us share=  0.0% n=5742
[04:00:54] [Server thread/INFO]: [STDOUT] [io.papermc.paper.util.PapoTickProfile] PapoTickProfile.phase chunkMap.tracker.fanout    total=    1.1ms avg/tick=    2.8us share=  0.0% n=1200
[04:00:54] [Server thread/INFO]: [STDOUT] [io.papermc.paper.util.PapoTickProfile] PapoTickProfile.phase player.aiStepTouchScan     total=    1.0ms avg/tick=    2.4us share=  0.0% n=3600
[04:00:54] [Server thread/INFO]: [STDOUT] [io.papermc.paper.util.PapoTickProfile] PapoTickProfile.phase level.blockEvents          total=    0.4ms avg/tick=    1.0us share=  0.0% n=1200
[04:00:54] [Server thread/INFO]: [STDOUT] [io.papermc.paper.util.PapoTickProfile] PapoTickProfile.phase conn.flushQueue            total=    0.1ms avg/tick=    0.3us share=  0.0% n=4000
[04:00:54] [Server thread/INFO]: [STDOUT] [io.papermc.paper.util.PapoTickProfile] PapoTickProfile.phase functions                  total=    0.1ms avg/tick=    0.2us share=  0.0% n=400
[04:00:54] [Server thread/INFO]: [STDOUT] [io.papermc.paper.util.PapoTickProfile] PapoTickProfile.phase players                    total=    0.0ms avg/tick=    0.1us share=  0.0% n=400
[04:00:54] [Server thread/INFO]: [STDOUT] [io.papermc.paper.util.PapoTickProfile] PapoTickProfile.count rs.blockTickRuns           total=   176400 avg/tick=    441.0 n=176400
[04:00:54] [Server thread/INFO]: [STDOUT] [io.papermc.paper.util.PapoTickProfile] PapoTickProfile.count fanout.sends               total=    25941 avg/tick=     64.9 n=1200
[04:00:54] [Server thread/INFO]: [STDOUT] [io.papermc.paper.util.PapoTickProfile] PapoTickProfile.count fanout.pkt.headRot         total=     1428 avg/tick=      3.6 n=387
[04:00:54] [Server thread/INFO]: [STDOUT] [io.papermc.paper.util.PapoTickProfile] PapoTickProfile.count fanout.pkt.movePosRot      total=     1337 avg/tick=      3.3 n=374
[04:00:54] [Server thread/INFO]: [STDOUT] [io.papermc.paper.util.PapoTickProfile] PapoTickProfile.count fanout.pkt.movePos         total=      154 avg/tick=      0.4 n=89
[04:00:54] [Server thread/INFO]: [STDOUT] [io.papermc.paper.util.PapoTickProfile] PapoTickProfile.count rs.fluidTickRuns           total=       77 avg/tick=      0.2 n=77
[04:00:54] [Server thread/INFO]: [STDOUT] [io.papermc.paper.util.PapoTickProfile] PapoTickProfile.count fanout.pkt.posSync         total=       61 avg/tick=      0.2 n=54
[04:00:54] [Server thread/INFO]: [STDOUT] [io.papermc.paper.util.PapoTickProfile] PapoTickProfile.count fanout.pkt.other           total=       50 avg/tick=      0.1 n=48
[04:00:54] [Server thread/INFO]: [STDOUT] [io.papermc.paper.util.PapoTickProfile] PapoTickProfile.count fanout.pkt.entityData      total=       25 avg/tick=      0.1 n=25
[04:00:54] [Server thread/INFO]: [STDOUT] [io.papermc.paper.util.PapoTickProfile] PapoTickProfile.count fanout.pkt.velocity        total=       11 avg/tick=      0.0 n=11
[04:00:54] [Server thread/INFO]: [STDOUT] [io.papermc.paper.util.PapoTickProfile] PapoTickProfile.count fanout.pkt.moveRot         total=        6 avg/tick=      0.0 n=6
[04:01:14] [Server thread/INFO]: [STDOUT] [io.papermc.paper.util.PapoTickProfile] PapoTickProfile window=400ticks totalWallMs=20000 measuredMs=29944 gcMs=44
[04:01:14] [Server thread/INFO]: [STDOUT] [io.papermc.paper.util.PapoTickProfile] PapoTickProfile.phase worlds                     total= 9958.4ms avg/tick=24896.1us share= 33.3% n=400
[04:01:14] [Server thread/INFO]: [STDOUT] [io.papermc.paper.util.PapoTickProfile] PapoTickProfile.phase level.tickPending+misc     total= 9825.3ms avg/tick=24563.1us share= 32.8% n=1200
[04:01:14] [Server thread/INFO]: [STDOUT] [io.papermc.paper.util.PapoTickProfile] PapoTickProfile.phase level.blockTicks           total= 9493.6ms avg/tick=23733.9us share= 31.7% n=1200
[04:01:14] [Server thread/INFO]: [STDOUT] [io.papermc.paper.util.PapoTickProfile] PapoTickProfile.phase level.chunkSource          total=  327.5ms avg/tick=  818.6us share=  1.1% n=1200
[04:01:14] [Server thread/INFO]: [STDOUT] [io.papermc.paper.util.PapoTickProfile] PapoTickProfile.phase level.entities             total=  127.9ms avg/tick=  319.7us share=  0.4% n=1200
[04:01:14] [Server thread/INFO]: [STDOUT] [io.papermc.paper.util.PapoTickProfile] PapoTickProfile.phase connection                 total=   53.2ms avg/tick=  132.9us share=  0.2% n=400
[04:01:14] [Server thread/INFO]: [STDOUT] [io.papermc.paper.util.PapoTickProfile] PapoTickProfile.phase conn.listenerTick          total=   51.3ms avg/tick=  128.4us share=  0.2% n=4000
[04:01:14] [Server thread/INFO]: [STDOUT] [io.papermc.paper.util.PapoTickProfile] PapoTickProfile.phase player.superTick           total=   38.5ms avg/tick=   96.3us share=  0.1% n=4000
[04:01:14] [Server thread/INFO]: [STDOUT] [io.papermc.paper.util.PapoTickProfile] PapoTickProfile.phase sendChunks                 total=   27.8ms avg/tick=   69.5us share=  0.1% n=400
[04:01:14] [Server thread/INFO]: [STDOUT] [io.papermc.paper.util.PapoTickProfile] PapoTickProfile.phase ent.serverAiStep           total=   13.3ms avg/tick=   33.4us share=  0.0% n=13199
[04:01:14] [Server thread/INFO]: [STDOUT] [io.papermc.paper.util.PapoTickProfile] PapoTickProfile.phase chunkMap.tracker.maintain  total=    9.6ms avg/tick=   24.0us share=  0.0% n=1200
[04:01:14] [Server thread/INFO]: [STDOUT] [io.papermc.paper.util.PapoTickProfile] PapoTickProfile.phase chunkMap.tracker.sendChanges total=    6.6ms avg/tick=   16.5us share=  0.0% n=1200
[04:01:14] [Server thread/INFO]: [STDOUT] [io.papermc.paper.util.PapoTickProfile] PapoTickProfile.phase server.taskDrain           total=    4.2ms avg/tick=   10.4us share=  0.0% n=400
[04:01:14] [Server thread/INFO]: [STDOUT] [io.papermc.paper.util.PapoTickProfile] PapoTickProfile.phase level.fluidTicks           total=    2.4ms avg/tick=    6.1us share=  0.0% n=1200
[04:01:14] [Server thread/INFO]: [STDOUT] [io.papermc.paper.util.PapoTickProfile] PapoTickProfile.phase player.pushEntities        total=    1.8ms avg/tick=    4.5us share=  0.0% n=7222
[04:01:14] [Server thread/INFO]: [STDOUT] [io.papermc.paper.util.PapoTickProfile] PapoTickProfile.phase chunkMap.tracker.fanout    total=    1.2ms avg/tick=    2.9us share=  0.0% n=1200
[04:01:14] [Server thread/INFO]: [STDOUT] [io.papermc.paper.util.PapoTickProfile] PapoTickProfile.phase player.aiStepTouchScan     total=    0.9ms avg/tick=    2.3us share=  0.0% n=3600
[04:01:14] [Server thread/INFO]: [STDOUT] [io.papermc.paper.util.PapoTickProfile] PapoTickProfile.phase level.blockEvents          total=    0.4ms avg/tick=    1.0us share=  0.0% n=1200
[04:01:14] [Server thread/INFO]: [STDOUT] [io.papermc.paper.util.PapoTickProfile] PapoTickProfile.phase conn.flushQueue            total=    0.1ms avg/tick=    0.3us share=  0.0% n=4000
[04:01:14] [Server thread/INFO]: [STDOUT] [io.papermc.paper.util.PapoTickProfile] PapoTickProfile.phase players                    total=    0.1ms avg/tick=    0.3us share=  0.0% n=400
[04:01:14] [Server thread/INFO]: [STDOUT] [io.papermc.paper.util.PapoTickProfile] PapoTickProfile.phase functions                  total=    0.1ms avg/tick=    0.3us share=  0.0% n=400
[04:01:14] [Server thread/INFO]: [STDOUT] [io.papermc.paper.util.PapoTickProfile] PapoTickProfile.count rs.blockTickRuns           total=   176401 avg/tick=    441.0 n=176401
[04:01:14] [Server thread/INFO]: [STDOUT] [io.papermc.paper.util.PapoTickProfile] PapoTickProfile.count fanout.sends               total=    26655 avg/tick=     66.6 n=1200
[04:01:14] [Server thread/INFO]: [STDOUT] [io.papermc.paper.util.PapoTickProfile] PapoTickProfile.count fanout.pkt.headRot         total=     1566 avg/tick=      3.9 n=392
[04:01:14] [Server thread/INFO]: [STDOUT] [io.papermc.paper.util.PapoTickProfile] PapoTickProfile.count fanout.pkt.movePosRot      total=     1396 avg/tick=      3.5 n=369
[04:01:14] [Server thread/INFO]: [STDOUT] [io.papermc.paper.util.PapoTickProfile] PapoTickProfile.count fanout.pkt.movePos         total=      183 avg/tick=      0.5 n=108
[04:01:14] [Server thread/INFO]: [STDOUT] [io.papermc.paper.util.PapoTickProfile] PapoTickProfile.count fanout.pkt.posSync         total=      101 avg/tick=      0.3 n=86
[04:01:14] [Server thread/INFO]: [STDOUT] [io.papermc.paper.util.PapoTickProfile] PapoTickProfile.count rs.fluidTickRuns           total=       62 avg/tick=      0.2 n=62
[04:01:14] [Server thread/INFO]: [STDOUT] [io.papermc.paper.util.PapoTickProfile] PapoTickProfile.count fanout.pkt.other           total=       49 avg/tick=      0.1 n=46
[04:01:14] [Server thread/INFO]: [STDOUT] [io.papermc.paper.util.PapoTickProfile] PapoTickProfile.count fanout.pkt.moveRot         total=       43 avg/tick=      0.1 n=43
[04:01:14] [Server thread/INFO]: [STDOUT] [io.papermc.paper.util.PapoTickProfile] PapoTickProfile.count fanout.pkt.velocity        total=       23 avg/tick=      0.1 n=23
[04:01:14] [Server thread/INFO]: [STDOUT] [io.papermc.paper.util.PapoTickProfile] PapoTickProfile.count fanout.pkt.entityData      total=       10 avg/tick=      0.0 n=10
[04:01:34] [Server thread/INFO]: [STDOUT] [io.papermc.paper.util.PapoTickProfile] PapoTickProfile window=400ticks totalWallMs=19999 measuredMs=29840 gcMs=38
[04:01:34] [Server thread/INFO]: [STDOUT] [io.papermc.paper.util.PapoTickProfile] PapoTickProfile.phase worlds                     total= 9919.3ms avg/tick=24798.3us share= 33.2% n=400
[04:01:34] [Server thread/INFO]: [STDOUT] [io.papermc.paper.util.PapoTickProfile] PapoTickProfile.phase level.tickPending+misc     total= 9800.2ms avg/tick=24500.5us share= 32.8% n=1200
[04:01:34] [Server thread/INFO]: [STDOUT] [io.papermc.paper.util.PapoTickProfile] PapoTickProfile.phase level.blockTicks           total= 9484.8ms avg/tick=23712.1us share= 31.8% n=1200
[04:01:34] [Server thread/INFO]: [STDOUT] [io.papermc.paper.util.PapoTickProfile] PapoTickProfile.phase level.chunkSource          total=  312.1ms avg/tick=  780.2us share=  1.0% n=1200
[04:01:34] [Server thread/INFO]: [STDOUT] [io.papermc.paper.util.PapoTickProfile] PapoTickProfile.phase level.entities             total=  114.2ms avg/tick=  285.5us share=  0.4% n=1200
[04:01:34] [Server thread/INFO]: [STDOUT] [io.papermc.paper.util.PapoTickProfile] PapoTickProfile.phase connection                 total=   54.1ms avg/tick=  135.3us share=  0.2% n=400
[04:01:34] [Server thread/INFO]: [STDOUT] [io.papermc.paper.util.PapoTickProfile] PapoTickProfile.phase conn.listenerTick          total=   52.4ms avg/tick=  130.9us share=  0.2% n=4000
[04:01:34] [Server thread/INFO]: [STDOUT] [io.papermc.paper.util.PapoTickProfile] PapoTickProfile.phase player.superTick           total=   39.5ms avg/tick=   98.6us share=  0.1% n=4000
[04:01:34] [Server thread/INFO]: [STDOUT] [io.papermc.paper.util.PapoTickProfile] PapoTickProfile.phase sendChunks                 total=   28.3ms avg/tick=   70.7us share=  0.1% n=400
[04:01:34] [Server thread/INFO]: [STDOUT] [io.papermc.paper.util.PapoTickProfile] PapoTickProfile.phase chunkMap.tracker.maintain  total=    9.9ms avg/tick=   24.8us share=  0.0% n=1200
[04:01:34] [Server thread/INFO]: [STDOUT] [io.papermc.paper.util.PapoTickProfile] PapoTickProfile.phase ent.serverAiStep           total=    9.1ms avg/tick=   22.8us share=  0.0% n=11829
[04:01:34] [Server thread/INFO]: [STDOUT] [io.papermc.paper.util.PapoTickProfile] PapoTickProfile.phase chunkMap.tracker.sendChanges total=    6.4ms avg/tick=   15.9us share=  0.0% n=1200
[04:01:34] [Server thread/INFO]: [STDOUT] [io.papermc.paper.util.PapoTickProfile] PapoTickProfile.phase server.taskDrain           total=    3.9ms avg/tick=    9.7us share=  0.0% n=400
[04:01:34] [Server thread/INFO]: [STDOUT] [io.papermc.paper.util.PapoTickProfile] PapoTickProfile.phase level.fluidTicks           total=    1.8ms avg/tick=    4.5us share=  0.0% n=1200
[04:01:34] [Server thread/INFO]: [STDOUT] [io.papermc.paper.util.PapoTickProfile] PapoTickProfile.phase player.pushEntities        total=    1.4ms avg/tick=    3.5us share=  0.0% n=5847
[04:01:34] [Server thread/INFO]: [STDOUT] [io.papermc.paper.util.PapoTickProfile] PapoTickProfile.phase chunkMap.tracker.fanout    total=    1.1ms avg/tick=    2.7us share=  0.0% n=1200
[04:01:34] [Server thread/INFO]: [STDOUT] [io.papermc.paper.util.PapoTickProfile] PapoTickProfile.phase player.aiStepTouchScan     total=    0.9ms avg/tick=    2.2us share=  0.0% n=3600
[04:01:34] [Server thread/INFO]: [STDOUT] [io.papermc.paper.util.PapoTickProfile] PapoTickProfile.phase level.blockEvents          total=    0.3ms avg/tick=    0.8us share=  0.0% n=1200
[04:01:34] [Server thread/INFO]: [STDOUT] [io.papermc.paper.util.PapoTickProfile] PapoTickProfile.phase players                    total=    0.2ms avg/tick=    0.4us share=  0.0% n=400
[04:01:34] [Server thread/INFO]: [STDOUT] [io.papermc.paper.util.PapoTickProfile] PapoTickProfile.phase conn.flushQueue            total=    0.1ms avg/tick=    0.3us share=  0.0% n=4000
[04:01:34] [Server thread/INFO]: [STDOUT] [io.papermc.paper.util.PapoTickProfile] PapoTickProfile.phase functions                  total=    0.1ms avg/tick=    0.2us share=  0.0% n=400
[04:01:34] [Server thread/INFO]: [STDOUT] [io.papermc.paper.util.PapoTickProfile] PapoTickProfile.count rs.blockTickRuns           total=   176400 avg/tick=    441.0 n=176400
[04:01:34] [Server thread/INFO]: [STDOUT] [io.papermc.paper.util.PapoTickProfile] PapoTickProfile.count fanout.sends               total=    24308 avg/tick=     60.8 n=1200
[04:01:34] [Server thread/INFO]: [STDOUT] [io.papermc.paper.util.PapoTickProfile] PapoTickProfile.count fanout.pkt.headRot         total=     1397 avg/tick=      3.5 n=395
[04:01:34] [Server thread/INFO]: [STDOUT] [io.papermc.paper.util.PapoTickProfile] PapoTickProfile.count fanout.pkt.movePosRot      total=     1298 avg/tick=      3.2 n=390
[04:01:34] [Server thread/INFO]: [STDOUT] [io.papermc.paper.util.PapoTickProfile] PapoTickProfile.count fanout.pkt.movePos         total=      149 avg/tick=      0.4 n=79
[04:01:34] [Server thread/INFO]: [STDOUT] [io.papermc.paper.util.PapoTickProfile] PapoTickProfile.count fanout.pkt.posSync         total=       74 avg/tick=      0.2 n=69
[04:01:34] [Server thread/INFO]: [STDOUT] [io.papermc.paper.util.PapoTickProfile] PapoTickProfile.count rs.fluidTickRuns           total=       44 avg/tick=      0.1 n=44
[04:01:34] [Server thread/INFO]: [STDOUT] [io.papermc.paper.util.PapoTickProfile] PapoTickProfile.count fanout.pkt.other           total=       44 avg/tick=      0.1 n=42
[04:01:34] [Server thread/INFO]: [STDOUT] [io.papermc.paper.util.PapoTickProfile] PapoTickProfile.count fanout.pkt.velocity        total=       12 avg/tick=      0.0 n=12
[04:01:34] [Server thread/INFO]: [STDOUT] [io.papermc.paper.util.PapoTickProfile] PapoTickProfile.count fanout.pkt.moveRot         total=       11 avg/tick=      0.0 n=11
[04:01:34] [Server thread/INFO]: [STDOUT] [io.papermc.paper.util.PapoTickProfile] PapoTickProfile.count fanout.pkt.entityData      total=       10 avg/tick=      0.0 n=10
[04:01:54] [Server thread/INFO]: [STDOUT] [io.papermc.paper.util.PapoTickProfile] PapoTickProfile window=400ticks totalWallMs=20000 measuredMs=29655 gcMs=45
[04:01:54] [Server thread/INFO]: [STDOUT] [io.papermc.paper.util.PapoTickProfile] PapoTickProfile.phase worlds                     total= 9857.9ms avg/tick=24644.8us share= 33.2% n=400
[04:01:54] [Server thread/INFO]: [STDOUT] [io.papermc.paper.util.PapoTickProfile] PapoTickProfile.phase level.tickPending+misc     total= 9738.0ms avg/tick=24344.9us share= 32.8% n=1200
[04:01:54] [Server thread/INFO]: [STDOUT] [io.papermc.paper.util.PapoTickProfile] PapoTickProfile.phase level.blockTicks           total= 9417.3ms avg/tick=23543.1us share= 31.8% n=1200
[04:01:54] [Server thread/INFO]: [STDOUT] [io.papermc.paper.util.PapoTickProfile] PapoTickProfile.phase level.chunkSource          total=  318.2ms avg/tick=  795.4us share=  1.1% n=1200
[04:01:54] [Server thread/INFO]: [STDOUT] [io.papermc.paper.util.PapoTickProfile] PapoTickProfile.phase level.entities             total=  115.7ms avg/tick=  289.3us share=  0.4% n=1200
[04:01:54] [Server thread/INFO]: [STDOUT] [io.papermc.paper.util.PapoTickProfile] PapoTickProfile.phase connection                 total=   54.6ms avg/tick=  136.4us share=  0.2% n=400
[04:01:54] [Server thread/INFO]: [STDOUT] [io.papermc.paper.util.PapoTickProfile] PapoTickProfile.phase conn.listenerTick          total=   52.7ms avg/tick=  131.8us share=  0.2% n=4000
[04:01:54] [Server thread/INFO]: [STDOUT] [io.papermc.paper.util.PapoTickProfile] PapoTickProfile.phase player.superTick           total=   39.8ms avg/tick=   99.4us share=  0.1% n=4000
[04:01:54] [Server thread/INFO]: [STDOUT] [io.papermc.paper.util.PapoTickProfile] PapoTickProfile.phase sendChunks                 total=   27.4ms avg/tick=   68.4us share=  0.1% n=400
[04:01:54] [Server thread/INFO]: [STDOUT] [io.papermc.paper.util.PapoTickProfile] PapoTickProfile.phase chunkMap.tracker.maintain  total=    9.8ms avg/tick=   24.4us share=  0.0% n=1200
[04:01:54] [Server thread/INFO]: [STDOUT] [io.papermc.paper.util.PapoTickProfile] PapoTickProfile.phase ent.serverAiStep           total=    9.2ms avg/tick=   22.9us share=  0.0% n=11768
[04:01:54] [Server thread/INFO]: [STDOUT] [io.papermc.paper.util.PapoTickProfile] PapoTickProfile.phase chunkMap.tracker.sendChanges total=    6.5ms avg/tick=   16.2us share=  0.0% n=1200
[04:01:54] [Server thread/INFO]: [STDOUT] [io.papermc.paper.util.PapoTickProfile] PapoTickProfile.phase server.taskDrain           total=    3.8ms avg/tick=    9.5us share=  0.0% n=400
[04:01:54] [Server thread/INFO]: [STDOUT] [io.papermc.paper.util.PapoTickProfile] PapoTickProfile.phase player.pushEntities        total=    1.4ms avg/tick=    3.4us share=  0.0% n=5797
[04:01:54] [Server thread/INFO]: [STDOUT] [io.papermc.paper.util.PapoTickProfile] PapoTickProfile.phase level.fluidTicks           total=    1.3ms avg/tick=    3.2us share=  0.0% n=1200
[04:01:54] [Server thread/INFO]: [STDOUT] [io.papermc.paper.util.PapoTickProfile] PapoTickProfile.phase chunkMap.tracker.fanout    total=    1.1ms avg/tick=    2.6us share=  0.0% n=1200
[04:01:54] [Server thread/INFO]: [STDOUT] [io.papermc.paper.util.PapoTickProfile] PapoTickProfile.phase player.aiStepTouchScan     total=    0.9ms avg/tick=    2.2us share=  0.0% n=3600
[04:01:54] [Server thread/INFO]: [STDOUT] [io.papermc.paper.util.PapoTickProfile] PapoTickProfile.phase level.blockEvents          total=    0.3ms avg/tick=    0.6us share=  0.0% n=1200
[04:01:54] [Server thread/INFO]: [STDOUT] [io.papermc.paper.util.PapoTickProfile] PapoTickProfile.phase conn.flushQueue            total=    0.1ms avg/tick=    0.3us share=  0.0% n=4000
[04:01:54] [Server thread/INFO]: [STDOUT] [io.papermc.paper.util.PapoTickProfile] PapoTickProfile.phase functions                  total=    0.1ms avg/tick=    0.3us share=  0.0% n=400
[04:01:54] [Server thread/INFO]: [STDOUT] [io.papermc.paper.util.PapoTickProfile] PapoTickProfile.phase players                    total=    0.0ms avg/tick=    0.0us share=  0.0% n=400
[04:01:54] [Server thread/INFO]: [STDOUT] [io.papermc.paper.util.PapoTickProfile] PapoTickProfile.count rs.blockTickRuns           total=   176400 avg/tick=    441.0 n=176400
[04:01:54] [Server thread/INFO]: [STDOUT] [io.papermc.paper.util.PapoTickProfile] PapoTickProfile.count fanout.sends               total=    23260 avg/tick=     58.2 n=1200
[04:01:54] [Server thread/INFO]: [STDOUT] [io.papermc.paper.util.PapoTickProfile] PapoTickProfile.count fanout.pkt.headRot         total=     1349 avg/tick=      3.4 n=394
[04:01:54] [Server thread/INFO]: [STDOUT] [io.papermc.paper.util.PapoTickProfile] PapoTickProfile.count fanout.pkt.movePosRot      total=     1248 avg/tick=      3.1 n=380
[04:01:54] [Server thread/INFO]: [STDOUT] [io.papermc.paper.util.PapoTickProfile] PapoTickProfile.count fanout.pkt.movePos         total=      171 avg/tick=      0.4 n=112
[04:01:54] [Server thread/INFO]: [STDOUT] [io.papermc.paper.util.PapoTickProfile] PapoTickProfile.count fanout.pkt.posSync         total=       79 avg/tick=      0.2 n=66
[04:01:54] [Server thread/INFO]: [STDOUT] [io.papermc.paper.util.PapoTickProfile] PapoTickProfile.count rs.fluidTickRuns           total=       66 avg/tick=      0.2 n=66
[04:01:54] [Server thread/INFO]: [STDOUT] [io.papermc.paper.util.PapoTickProfile] PapoTickProfile.count fanout.pkt.other           total=       45 avg/tick=      0.1 n=42
[04:01:54] [Server thread/INFO]: [STDOUT] [io.papermc.paper.util.PapoTickProfile] PapoTickProfile.count fanout.pkt.velocity        total=       24 avg/tick=      0.1 n=24
[04:01:54] [Server thread/INFO]: [STDOUT] [io.papermc.paper.util.PapoTickProfile] PapoTickProfile.count fanout.pkt.moveRot         total=       13 avg/tick=      0.0 n=13
[04:01:54] [Server thread/INFO]: [STDOUT] [io.papermc.paper.util.PapoTickProfile] PapoTickProfile.count fanout.pkt.entityData      total=        6 avg/tick=      0.0 n=4
[04:02:14] [Server thread/INFO]: [STDOUT] [io.papermc.paper.util.PapoTickProfile] PapoTickProfile window=400ticks totalWallMs=19999 measuredMs=29981 gcMs=36
[04:02:14] [Server thread/INFO]: [STDOUT] [io.papermc.paper.util.PapoTickProfile] PapoTickProfile.phase worlds                     total= 9971.4ms avg/tick=24928.5us share= 33.3% n=400
[04:02:14] [Server thread/INFO]: [STDOUT] [io.papermc.paper.util.PapoTickProfile] PapoTickProfile.phase level.tickPending+misc     total= 9800.9ms avg/tick=24502.3us share= 32.7% n=1200
[04:02:14] [Server thread/INFO]: [STDOUT] [io.papermc.paper.util.PapoTickProfile] PapoTickProfile.phase level.blockTicks           total= 9485.2ms avg/tick=23713.0us share= 31.6% n=1200
[04:02:14] [Server thread/INFO]: [STDOUT] [io.papermc.paper.util.PapoTickProfile] PapoTickProfile.phase level.chunkSource          total=  313.1ms avg/tick=  782.6us share=  1.0% n=1200
[04:02:14] [Server thread/INFO]: [STDOUT] [io.papermc.paper.util.PapoTickProfile] PapoTickProfile.phase level.entities             total=  166.1ms avg/tick=  415.4us share=  0.6% n=1200
[04:02:14] [Server thread/INFO]: [STDOUT] [io.papermc.paper.util.PapoTickProfile] PapoTickProfile.phase connection                 total=   54.0ms avg/tick=  135.0us share=  0.2% n=400
[04:02:14] [Server thread/INFO]: [STDOUT] [io.papermc.paper.util.PapoTickProfile] PapoTickProfile.phase conn.listenerTick          total=   52.2ms avg/tick=  130.4us share=  0.2% n=4000
[04:02:14] [Server thread/INFO]: [STDOUT] [io.papermc.paper.util.PapoTickProfile] PapoTickProfile.phase ent.serverAiStep           total=   42.6ms avg/tick=  106.5us share=  0.1% n=12761
[04:02:14] [Server thread/INFO]: [STDOUT] [io.papermc.paper.util.PapoTickProfile] PapoTickProfile.phase player.superTick           total=   39.2ms avg/tick=   98.0us share=  0.1% n=4000
[04:02:14] [Server thread/INFO]: [STDOUT] [io.papermc.paper.util.PapoTickProfile] PapoTickProfile.phase sendChunks                 total=   30.0ms avg/tick=   75.0us share=  0.1% n=400
[04:02:14] [Server thread/INFO]: [STDOUT] [io.papermc.paper.util.PapoTickProfile] PapoTickProfile.phase chunkMap.tracker.maintain  total=   10.2ms avg/tick=   25.6us share=  0.0% n=1200
[04:02:14] [Server thread/INFO]: [STDOUT] [io.papermc.paper.util.PapoTickProfile] PapoTickProfile.phase chunkMap.tracker.sendChanges total=    7.3ms avg/tick=   18.2us share=  0.0% n=1200
[04:02:14] [Server thread/INFO]: [STDOUT] [io.papermc.paper.util.PapoTickProfile] PapoTickProfile.phase server.taskDrain           total=    3.6ms avg/tick=    8.9us share=  0.0% n=400
[04:02:14] [Server thread/INFO]: [STDOUT] [io.papermc.paper.util.PapoTickProfile] PapoTickProfile.phase player.pushEntities        total=    1.7ms avg/tick=    4.3us share=  0.0% n=6956
[04:02:14] [Server thread/INFO]: [STDOUT] [io.papermc.paper.util.PapoTickProfile] PapoTickProfile.phase level.fluidTicks           total=    1.4ms avg/tick=    3.4us share=  0.0% n=1200
[04:02:14] [Server thread/INFO]: [STDOUT] [io.papermc.paper.util.PapoTickProfile] PapoTickProfile.phase chunkMap.tracker.fanout    total=    1.0ms avg/tick=    2.5us share=  0.0% n=1200
[04:02:14] [Server thread/INFO]: [STDOUT] [io.papermc.paper.util.PapoTickProfile] PapoTickProfile.phase player.aiStepTouchScan     total=    1.0ms avg/tick=    2.5us share=  0.0% n=3600
[04:02:14] [Server thread/INFO]: [STDOUT] [io.papermc.paper.util.PapoTickProfile] PapoTickProfile.phase level.blockEvents          total=    0.3ms avg/tick=    0.7us share=  0.0% n=1200
[04:02:14] [Server thread/INFO]: [STDOUT] [io.papermc.paper.util.PapoTickProfile] PapoTickProfile.phase conn.flushQueue            total=    0.1ms avg/tick=    0.3us share=  0.0% n=4000
[04:02:14] [Server thread/INFO]: [STDOUT] [io.papermc.paper.util.PapoTickProfile] PapoTickProfile.phase players                    total=    0.1ms avg/tick=    0.3us share=  0.0% n=400
[04:02:14] [Server thread/INFO]: [STDOUT] [io.papermc.paper.util.PapoTickProfile] PapoTickProfile.phase functions                  total=    0.1ms avg/tick=    0.3us share=  0.0% n=400
[04:02:14] [Server thread/INFO]: [STDOUT] [io.papermc.paper.util.PapoTickProfile] PapoTickProfile.count rs.blockTickRuns           total=   176400 avg/tick=    441.0 n=176400
[04:02:14] [Server thread/INFO]: [STDOUT] [io.papermc.paper.util.PapoTickProfile] PapoTickProfile.count fanout.sends               total=    20789 avg/tick=     52.0 n=1200
[04:02:14] [Server thread/INFO]: [STDOUT] [io.papermc.paper.util.PapoTickProfile] PapoTickProfile.count fanout.pkt.headRot         total=     1245 avg/tick=      3.1 n=396
[04:02:14] [Server thread/INFO]: [STDOUT] [io.papermc.paper.util.PapoTickProfile] PapoTickProfile.count fanout.pkt.movePosRot      total=     1147 avg/tick=      2.9 n=391
[04:02:14] [Server thread/INFO]: [STDOUT] [io.papermc.paper.util.PapoTickProfile] PapoTickProfile.count fanout.pkt.movePos         total=      157 avg/tick=      0.4 n=91
[04:02:14] [Server thread/INFO]: [STDOUT] [io.papermc.paper.util.PapoTickProfile] PapoTickProfile.count rs.fluidTickRuns           total=       87 avg/tick=      0.2 n=87
[04:02:14] [Server thread/INFO]: [STDOUT] [io.papermc.paper.util.PapoTickProfile] PapoTickProfile.count fanout.pkt.posSync         total=       84 avg/tick=      0.2 n=77
[04:02:14] [Server thread/INFO]: [STDOUT] [io.papermc.paper.util.PapoTickProfile] PapoTickProfile.count fanout.pkt.other           total=       42 avg/tick=      0.1 n=42
[04:02:14] [Server thread/INFO]: [STDOUT] [io.papermc.paper.util.PapoTickProfile] PapoTickProfile.count fanout.pkt.entityData      total=       22 avg/tick=      0.1 n=22
[04:02:14] [Server thread/INFO]: [STDOUT] [io.papermc.paper.util.PapoTickProfile] PapoTickProfile.count fanout.pkt.velocity        total=       10 avg/tick=      0.0 n=10
[04:02:14] [Server thread/INFO]: [STDOUT] [io.papermc.paper.util.PapoTickProfile] PapoTickProfile.count fanout.pkt.moveRot         total=        1 avg/tick=      0.0 n=1
[04:02:34] [Server thread/INFO]: [STDOUT] [io.papermc.paper.util.PapoTickProfile] PapoTickProfile window=400ticks totalWallMs=20000 measuredMs=29996 gcMs=42
[04:02:34] [Server thread/INFO]: [STDOUT] [io.papermc.paper.util.PapoTickProfile] PapoTickProfile.phase worlds                     total= 9978.9ms avg/tick=24947.2us share= 33.3% n=400
[04:02:34] [Server thread/INFO]: [STDOUT] [io.papermc.paper.util.PapoTickProfile] PapoTickProfile.phase level.tickPending+misc     total= 9802.1ms avg/tick=24505.2us share= 32.7% n=1200
[04:02:34] [Server thread/INFO]: [STDOUT] [io.papermc.paper.util.PapoTickProfile] PapoTickProfile.phase level.blockTicks           total= 9484.0ms avg/tick=23710.0us share= 31.6% n=1200
[04:02:34] [Server thread/INFO]: [STDOUT] [io.papermc.paper.util.PapoTickProfile] PapoTickProfile.phase level.chunkSource          total=  315.6ms avg/tick=  789.0us share=  1.1% n=1200
[04:02:34] [Server thread/INFO]: [STDOUT] [io.papermc.paper.util.PapoTickProfile] PapoTickProfile.phase level.entities             total=  172.5ms avg/tick=  431.3us share=  0.6% n=1200
[04:02:34] [Server thread/INFO]: [STDOUT] [io.papermc.paper.util.PapoTickProfile] PapoTickProfile.phase connection                 total=   52.8ms avg/tick=  131.9us share=  0.2% n=400
[04:02:34] [Server thread/INFO]: [STDOUT] [io.papermc.paper.util.PapoTickProfile] PapoTickProfile.phase conn.listenerTick          total=   51.0ms avg/tick=  127.5us share=  0.2% n=4000
[04:02:34] [Server thread/INFO]: [STDOUT] [io.papermc.paper.util.PapoTickProfile] PapoTickProfile.phase ent.serverAiStep           total=   46.3ms avg/tick=  115.8us share=  0.2% n=13007
[04:02:34] [Server thread/INFO]: [STDOUT] [io.papermc.paper.util.PapoTickProfile] PapoTickProfile.phase player.superTick           total=   38.3ms avg/tick=   95.7us share=  0.1% n=4000
[04:02:34] [Server thread/INFO]: [STDOUT] [io.papermc.paper.util.PapoTickProfile] PapoTickProfile.phase sendChunks                 total=   27.7ms avg/tick=   69.3us share=  0.1% n=400
[04:02:34] [Server thread/INFO]: [STDOUT] [io.papermc.paper.util.PapoTickProfile] PapoTickProfile.phase chunkMap.tracker.maintain  total=   10.3ms avg/tick=   25.8us share=  0.0% n=1200
[04:02:34] [Server thread/INFO]: [STDOUT] [io.papermc.paper.util.PapoTickProfile] PapoTickProfile.phase chunkMap.tracker.sendChanges total=    7.5ms avg/tick=   18.7us share=  0.0% n=1200
[04:02:34] [Server thread/INFO]: [STDOUT] [io.papermc.paper.util.PapoTickProfile] PapoTickProfile.phase server.taskDrain           total=    3.6ms avg/tick=    8.9us share=  0.0% n=400
[04:02:34] [Server thread/INFO]: [STDOUT] [io.papermc.paper.util.PapoTickProfile] PapoTickProfile.phase player.pushEntities        total=    1.7ms avg/tick=    4.2us share=  0.0% n=7057
[04:02:34] [Server thread/INFO]: [STDOUT] [io.papermc.paper.util.PapoTickProfile] PapoTickProfile.phase level.fluidTicks           total=    1.2ms avg/tick=    3.0us share=  0.0% n=1200
[04:02:34] [Server thread/INFO]: [STDOUT] [io.papermc.paper.util.PapoTickProfile] PapoTickProfile.phase chunkMap.tracker.fanout    total=    1.1ms avg/tick=    2.8us share=  0.0% n=1200
[04:02:34] [Server thread/INFO]: [STDOUT] [io.papermc.paper.util.PapoTickProfile] PapoTickProfile.phase player.aiStepTouchScan     total=    0.9ms avg/tick=    2.2us share=  0.0% n=3600
[04:02:34] [Server thread/INFO]: [STDOUT] [io.papermc.paper.util.PapoTickProfile] PapoTickProfile.phase level.blockEvents          total=    0.3ms avg/tick=    0.6us share=  0.0% n=1200
[04:02:34] [Server thread/INFO]: [STDOUT] [io.papermc.paper.util.PapoTickProfile] PapoTickProfile.phase conn.flushQueue            total=    0.1ms avg/tick=    0.3us share=  0.0% n=4000
[04:02:34] [Server thread/INFO]: [STDOUT] [io.papermc.paper.util.PapoTickProfile] PapoTickProfile.phase players                    total=    0.1ms avg/tick=    0.3us share=  0.0% n=400
[04:02:34] [Server thread/INFO]: [STDOUT] [io.papermc.paper.util.PapoTickProfile] PapoTickProfile.phase functions                  total=    0.1ms avg/tick=    0.3us share=  0.0% n=400
[04:02:34] [Server thread/INFO]: [STDOUT] [io.papermc.paper.util.PapoTickProfile] PapoTickProfile.count rs.blockTickRuns           total=   176400 avg/tick=    441.0 n=176400
[04:02:34] [Server thread/INFO]: [STDOUT] [io.papermc.paper.util.PapoTickProfile] PapoTickProfile.count fanout.sends               total=    24604 avg/tick=     61.5 n=1200
[04:02:34] [Server thread/INFO]: [STDOUT] [io.papermc.paper.util.PapoTickProfile] PapoTickProfile.count fanout.pkt.headRot         total=     1409 avg/tick=      3.5 n=400
[04:02:34] [Server thread/INFO]: [STDOUT] [io.papermc.paper.util.PapoTickProfile] PapoTickProfile.count fanout.pkt.movePosRot      total=     1278 avg/tick=      3.2 n=394
[04:02:34] [Server thread/INFO]: [STDOUT] [io.papermc.paper.util.PapoTickProfile] PapoTickProfile.count fanout.pkt.movePos         total=      172 avg/tick=      0.4 n=100
[04:02:34] [Server thread/INFO]: [STDOUT] [io.papermc.paper.util.PapoTickProfile] PapoTickProfile.count fanout.pkt.posSync         total=       99 avg/tick=      0.2 n=83
[04:02:34] [Server thread/INFO]: [STDOUT] [io.papermc.paper.util.PapoTickProfile] PapoTickProfile.count fanout.pkt.other           total=       49 avg/tick=      0.1 n=48
[04:02:34] [Server thread/INFO]: [STDOUT] [io.papermc.paper.util.PapoTickProfile] PapoTickProfile.count fanout.pkt.velocity        total=       47 avg/tick=      0.1 n=46
[04:02:34] [Server thread/INFO]: [STDOUT] [io.papermc.paper.util.PapoTickProfile] PapoTickProfile.count rs.fluidTickRuns           total=       44 avg/tick=      0.1 n=44
[04:02:34] [Server thread/INFO]: [STDOUT] [io.papermc.paper.util.PapoTickProfile] PapoTickProfile.count fanout.pkt.moveRot         total=       20 avg/tick=      0.1 n=20
[04:02:34] [Server thread/INFO]: [STDOUT] [io.papermc.paper.util.PapoTickProfile] PapoTickProfile.count fanout.pkt.entityData      total=       13 avg/tick=      0.0 n=13
[04:02:54] [Server thread/INFO]: [STDOUT] [io.papermc.paper.util.PapoTickProfile] PapoTickProfile window=400ticks totalWallMs=19999 measuredMs=30005 gcMs=40
[04:02:54] [Server thread/INFO]: [STDOUT] [io.papermc.paper.util.PapoTickProfile] PapoTickProfile.phase worlds                     total= 9970.6ms avg/tick=24926.5us share= 33.2% n=400
[04:02:54] [Server thread/INFO]: [STDOUT] [io.papermc.paper.util.PapoTickProfile] PapoTickProfile.phase level.tickPending+misc     total= 9819.9ms avg/tick=24549.7us share= 32.7% n=1200
[04:02:54] [Server thread/INFO]: [STDOUT] [io.papermc.paper.util.PapoTickProfile] PapoTickProfile.phase level.blockTicks           total= 9503.9ms avg/tick=23759.8us share= 31.7% n=1200
[04:02:54] [Server thread/INFO]: [STDOUT] [io.papermc.paper.util.PapoTickProfile] PapoTickProfile.phase level.chunkSource          total=  313.5ms avg/tick=  783.8us share=  1.0% n=1200
[04:02:54] [Server thread/INFO]: [STDOUT] [io.papermc.paper.util.PapoTickProfile] PapoTickProfile.phase level.entities             total=  146.5ms avg/tick=  366.4us share=  0.5% n=1200
[04:02:54] [Server thread/INFO]: [STDOUT] [io.papermc.paper.util.PapoTickProfile] PapoTickProfile.phase connection                 total=   67.4ms avg/tick=  168.6us share=  0.2% n=400
[04:02:54] [Server thread/INFO]: [STDOUT] [io.papermc.paper.util.PapoTickProfile] PapoTickProfile.phase conn.listenerTick          total=   49.9ms avg/tick=  124.7us share=  0.2% n=4000
[04:02:54] [Server thread/INFO]: [STDOUT] [io.papermc.paper.util.PapoTickProfile] PapoTickProfile.phase player.superTick           total=   37.5ms avg/tick=   93.8us share=  0.1% n=4000
[04:02:54] [Server thread/INFO]: [STDOUT] [io.papermc.paper.util.PapoTickProfile] PapoTickProfile.phase ent.serverAiStep           total=   30.2ms avg/tick=   75.5us share=  0.1% n=12373
[04:02:54] [Server thread/INFO]: [STDOUT] [io.papermc.paper.util.PapoTickProfile] PapoTickProfile.phase sendChunks                 total=   28.0ms avg/tick=   70.1us share=  0.1% n=400
[04:02:54] [Server thread/INFO]: [STDOUT] [io.papermc.paper.util.PapoTickProfile] PapoTickProfile.phase server.taskDrain           total=   16.0ms avg/tick=   40.0us share=  0.1% n=400
[04:02:54] [Server thread/INFO]: [STDOUT] [io.papermc.paper.util.PapoTickProfile] PapoTickProfile.phase chunkMap.tracker.maintain  total=    9.7ms avg/tick=   24.2us share=  0.0% n=1200
[04:02:54] [Server thread/INFO]: [STDOUT] [io.papermc.paper.util.PapoTickProfile] PapoTickProfile.phase chunkMap.tracker.sendChanges total=    6.9ms avg/tick=   17.2us share=  0.0% n=1200
[04:02:54] [Server thread/INFO]: [STDOUT] [io.papermc.paper.util.PapoTickProfile] PapoTickProfile.phase player.pushEntities        total=    1.6ms avg/tick=    3.9us share=  0.0% n=6414
[04:02:54] [Server thread/INFO]: [STDOUT] [io.papermc.paper.util.PapoTickProfile] PapoTickProfile.phase level.fluidTicks           total=    1.2ms avg/tick=    3.0us share=  0.0% n=1200
[04:02:54] [Server thread/INFO]: [STDOUT] [io.papermc.paper.util.PapoTickProfile] PapoTickProfile.phase chunkMap.tracker.fanout    total=    1.0ms avg/tick=    2.6us share=  0.0% n=1200
[04:02:54] [Server thread/INFO]: [STDOUT] [io.papermc.paper.util.PapoTickProfile] PapoTickProfile.phase player.aiStepTouchScan     total=    0.9ms avg/tick=    2.2us share=  0.0% n=3600
[04:02:54] [Server thread/INFO]: [STDOUT] [io.papermc.paper.util.PapoTickProfile] PapoTickProfile.phase level.blockEvents          total=    0.2ms avg/tick=    0.6us share=  0.0% n=1200
[04:02:54] [Server thread/INFO]: [STDOUT] [io.papermc.paper.util.PapoTickProfile] PapoTickProfile.phase conn.flushQueue            total=    0.1ms avg/tick=    0.3us share=  0.0% n=4000
[04:02:54] [Server thread/INFO]: [STDOUT] [io.papermc.paper.util.PapoTickProfile] PapoTickProfile.phase functions                  total=    0.1ms avg/tick=    0.2us share=  0.0% n=400
[04:02:54] [Server thread/INFO]: [STDOUT] [io.papermc.paper.util.PapoTickProfile] PapoTickProfile.phase players                    total=    0.0ms avg/tick=    0.0us share=  0.0% n=400
[04:02:54] [Server thread/INFO]: [STDOUT] [io.papermc.paper.util.PapoTickProfile] PapoTickProfile.count rs.blockTickRuns           total=   176400 avg/tick=    441.0 n=176400
[04:02:54] [Server thread/INFO]: [STDOUT] [io.papermc.paper.util.PapoTickProfile] PapoTickProfile.count fanout.sends               total=    20233 avg/tick=     50.6 n=1200
[04:02:54] [Server thread/INFO]: [STDOUT] [io.papermc.paper.util.PapoTickProfile] PapoTickProfile.count fanout.pkt.headRot         total=     1290 avg/tick=      3.2 n=399
[04:02:54] [Server thread/INFO]: [STDOUT] [io.papermc.paper.util.PapoTickProfile] PapoTickProfile.count fanout.pkt.movePosRot      total=     1135 avg/tick=      2.8 n=398
[04:02:54] [Server thread/INFO]: [STDOUT] [io.papermc.paper.util.PapoTickProfile] PapoTickProfile.count fanout.pkt.movePos         total=      179 avg/tick=      0.4 n=108
[04:02:54] [Server thread/INFO]: [STDOUT] [io.papermc.paper.util.PapoTickProfile] PapoTickProfile.count fanout.pkt.posSync         total=       90 avg/tick=      0.2 n=82
[04:02:54] [Server thread/INFO]: [STDOUT] [io.papermc.paper.util.PapoTickProfile] PapoTickProfile.count fanout.pkt.other           total=       48 avg/tick=      0.1 n=46
[04:02:54] [Server thread/INFO]: [STDOUT] [io.papermc.paper.util.PapoTickProfile] PapoTickProfile.count rs.fluidTickRuns           total=       44 avg/tick=      0.1 n=44
[04:02:54] [Server thread/INFO]: [STDOUT] [io.papermc.paper.util.PapoTickProfile] PapoTickProfile.count fanout.pkt.velocity        total=       41 avg/tick=      0.1 n=40
[04:02:54] [Server thread/INFO]: [STDOUT] [io.papermc.paper.util.PapoTickProfile] PapoTickProfile.count fanout.pkt.moveRot         total=       36 avg/tick=      0.1 n=36
[04:02:54] [Server thread/INFO]: [STDOUT] [io.papermc.paper.util.PapoTickProfile] PapoTickProfile.count fanout.pkt.entityData      total=       15 avg/tick=      0.0 n=15
[04:03:14] [Server thread/INFO]: [STDOUT] [io.papermc.paper.util.PapoTickProfile] PapoTickProfile window=400ticks totalWallMs=19999 measuredMs=30126 gcMs=43
[04:03:14] [Server thread/INFO]: [STDOUT] [io.papermc.paper.util.PapoTickProfile] PapoTickProfile.phase worlds                     total=10018.1ms avg/tick=25045.4us share= 33.3% n=400
[04:03:14] [Server thread/INFO]: [STDOUT] [io.papermc.paper.util.PapoTickProfile] PapoTickProfile.phase level.tickPending+misc     total= 9878.1ms avg/tick=24695.4us share= 32.8% n=1200
[04:03:14] [Server thread/INFO]: [STDOUT] [io.papermc.paper.util.PapoTickProfile] PapoTickProfile.phase level.blockTicks           total= 9546.0ms avg/tick=23865.1us share= 31.7% n=1200
[04:03:14] [Server thread/INFO]: [STDOUT] [io.papermc.paper.util.PapoTickProfile] PapoTickProfile.phase level.chunkSource          total=  329.5ms avg/tick=  823.7us share=  1.1% n=1200
[04:03:14] [Server thread/INFO]: [STDOUT] [io.papermc.paper.util.PapoTickProfile] PapoTickProfile.phase level.entities             total=  135.6ms avg/tick=  338.9us share=  0.4% n=1200
[04:03:14] [Server thread/INFO]: [STDOUT] [io.papermc.paper.util.PapoTickProfile] PapoTickProfile.phase connection                 total=   54.7ms avg/tick=  136.8us share=  0.2% n=400
[04:03:14] [Server thread/INFO]: [STDOUT] [io.papermc.paper.util.PapoTickProfile] PapoTickProfile.phase conn.listenerTick          total=   52.8ms avg/tick=  132.1us share=  0.2% n=4000
[04:03:14] [Server thread/INFO]: [STDOUT] [io.papermc.paper.util.PapoTickProfile] PapoTickProfile.phase player.superTick           total=   39.7ms avg/tick=   99.3us share=  0.1% n=4000
[04:03:14] [Server thread/INFO]: [STDOUT] [io.papermc.paper.util.PapoTickProfile] PapoTickProfile.phase sendChunks                 total=   29.6ms avg/tick=   74.0us share=  0.1% n=400
[04:03:14] [Server thread/INFO]: [STDOUT] [io.papermc.paper.util.PapoTickProfile] PapoTickProfile.phase ent.serverAiStep           total=   15.7ms avg/tick=   39.2us share=  0.1% n=12232
[04:03:14] [Server thread/INFO]: [STDOUT] [io.papermc.paper.util.PapoTickProfile] PapoTickProfile.phase chunkMap.tracker.maintain  total=   10.0ms avg/tick=   24.9us share=  0.0% n=1200
[04:03:14] [Server thread/INFO]: [STDOUT] [io.papermc.paper.util.PapoTickProfile] PapoTickProfile.phase chunkMap.tracker.sendChanges total=    6.9ms avg/tick=   17.2us share=  0.0% n=1200
[04:03:14] [Server thread/INFO]: [STDOUT] [io.papermc.paper.util.PapoTickProfile] PapoTickProfile.phase server.taskDrain           total=    4.1ms avg/tick=   10.2us share=  0.0% n=400
[04:03:14] [Server thread/INFO]: [STDOUT] [io.papermc.paper.util.PapoTickProfile] PapoTickProfile.phase player.pushEntities        total=    1.5ms avg/tick=    3.8us share=  0.0% n=6271
[04:03:14] [Server thread/INFO]: [STDOUT] [io.papermc.paper.util.PapoTickProfile] PapoTickProfile.phase level.fluidTicks           total=    1.3ms avg/tick=    3.3us share=  0.0% n=1200
[04:03:14] [Server thread/INFO]: [STDOUT] [io.papermc.paper.util.PapoTickProfile] PapoTickProfile.phase chunkMap.tracker.fanout    total=    0.9ms avg/tick=    2.3us share=  0.0% n=1200
[04:03:14] [Server thread/INFO]: [STDOUT] [io.papermc.paper.util.PapoTickProfile] PapoTickProfile.phase player.aiStepTouchScan     total=    0.9ms avg/tick=    2.3us share=  0.0% n=3600
[04:03:14] [Server thread/INFO]: [STDOUT] [io.papermc.paper.util.PapoTickProfile] PapoTickProfile.phase level.blockEvents          total=    0.3ms avg/tick=    0.7us share=  0.0% n=1200
[04:03:14] [Server thread/INFO]: [STDOUT] [io.papermc.paper.util.PapoTickProfile] PapoTickProfile.phase players                    total=    0.1ms avg/tick=    0.3us share=  0.0% n=400
[04:03:14] [Server thread/INFO]: [STDOUT] [io.papermc.paper.util.PapoTickProfile] PapoTickProfile.phase conn.flushQueue            total=    0.1ms avg/tick=    0.3us share=  0.0% n=4000
[04:03:14] [Server thread/INFO]: [STDOUT] [io.papermc.paper.util.PapoTickProfile] PapoTickProfile.phase functions                  total=    0.1ms avg/tick=    0.2us share=  0.0% n=400
[04:03:14] [Server thread/INFO]: [STDOUT] [io.papermc.paper.util.PapoTickProfile] PapoTickProfile.count rs.blockTickRuns           total=   176400 avg/tick=    441.0 n=176400
[04:03:14] [Server thread/INFO]: [STDOUT] [io.papermc.paper.util.PapoTickProfile] PapoTickProfile.count fanout.sends               total=    16379 avg/tick=     40.9 n=1200
[04:03:14] [Server thread/INFO]: [STDOUT] [io.papermc.paper.util.PapoTickProfile] PapoTickProfile.count fanout.pkt.headRot         total=      989 avg/tick=      2.5 n=398
[04:03:14] [Server thread/INFO]: [STDOUT] [io.papermc.paper.util.PapoTickProfile] PapoTickProfile.count fanout.pkt.movePosRot      total=      875 avg/tick=      2.2 n=397
[04:03:14] [Server thread/INFO]: [STDOUT] [io.papermc.paper.util.PapoTickProfile] PapoTickProfile.count fanout.pkt.movePos         total=      162 avg/tick=      0.4 n=101
[04:03:14] [Server thread/INFO]: [STDOUT] [io.papermc.paper.util.PapoTickProfile] PapoTickProfile.count fanout.pkt.posSync         total=       82 avg/tick=      0.2 n=73
[04:03:14] [Server thread/INFO]: [STDOUT] [io.papermc.paper.util.PapoTickProfile] PapoTickProfile.count rs.fluidTickRuns           total=       54 avg/tick=      0.1 n=54
[04:03:14] [Server thread/INFO]: [STDOUT] [io.papermc.paper.util.PapoTickProfile] PapoTickProfile.count fanout.pkt.other           total=       45 avg/tick=      0.1 n=45
[04:03:14] [Server thread/INFO]: [STDOUT] [io.papermc.paper.util.PapoTickProfile] PapoTickProfile.count fanout.pkt.entityData      total=        2 avg/tick=      0.0 n=2
[04:03:34] [Server thread/INFO]: [STDOUT] [io.papermc.paper.util.PapoTickProfile] PapoTickProfile window=400ticks totalWallMs=20001 measuredMs=29609 gcMs=45
[04:03:34] [Server thread/INFO]: [STDOUT] [io.papermc.paper.util.PapoTickProfile] PapoTickProfile.phase worlds                     total= 9848.9ms avg/tick=24622.2us share= 33.3% n=400
[04:03:34] [Server thread/INFO]: [STDOUT] [io.papermc.paper.util.PapoTickProfile] PapoTickProfile.phase level.tickPending+misc     total= 9713.8ms avg/tick=24284.6us share= 32.8% n=1200
[04:03:34] [Server thread/INFO]: [STDOUT] [io.papermc.paper.util.PapoTickProfile] PapoTickProfile.phase level.blockTicks           total= 9406.2ms avg/tick=23515.4us share= 31.8% n=1200
[04:03:34] [Server thread/INFO]: [STDOUT] [io.papermc.paper.util.PapoTickProfile] PapoTickProfile.phase level.chunkSource          total=  305.3ms avg/tick=  763.3us share=  1.0% n=1200
[04:03:34] [Server thread/INFO]: [STDOUT] [io.papermc.paper.util.PapoTickProfile] PapoTickProfile.phase level.entities             total=  131.0ms avg/tick=  327.6us share=  0.4% n=1200
[04:03:34] [Server thread/INFO]: [STDOUT] [io.papermc.paper.util.PapoTickProfile] PapoTickProfile.phase connection                 total=   51.3ms avg/tick=  128.3us share=  0.2% n=400
[04:03:34] [Server thread/INFO]: [STDOUT] [io.papermc.paper.util.PapoTickProfile] PapoTickProfile.phase conn.listenerTick          total=   49.5ms avg/tick=  123.7us share=  0.2% n=4000
[04:03:34] [Server thread/INFO]: [STDOUT] [io.papermc.paper.util.PapoTickProfile] PapoTickProfile.phase player.superTick           total=   37.1ms avg/tick=   92.7us share=  0.1% n=4000
[04:03:34] [Server thread/INFO]: [STDOUT] [io.papermc.paper.util.PapoTickProfile] PapoTickProfile.phase sendChunks                 total=   27.1ms avg/tick=   67.6us share=  0.1% n=400
[04:03:34] [Server thread/INFO]: [STDOUT] [io.papermc.paper.util.PapoTickProfile] PapoTickProfile.phase ent.serverAiStep           total=   15.6ms avg/tick=   39.1us share=  0.1% n=12911
[04:03:34] [Server thread/INFO]: [STDOUT] [io.papermc.paper.util.PapoTickProfile] PapoTickProfile.phase chunkMap.tracker.maintain  total=    8.6ms avg/tick=   21.5us share=  0.0% n=1200
[04:03:34] [Server thread/INFO]: [STDOUT] [io.papermc.paper.util.PapoTickProfile] PapoTickProfile.phase chunkMap.tracker.sendChanges total=    6.3ms avg/tick=   15.8us share=  0.0% n=1200
[04:03:34] [Server thread/INFO]: [STDOUT] [io.papermc.paper.util.PapoTickProfile] PapoTickProfile.phase server.taskDrain           total=    3.8ms avg/tick=    9.6us share=  0.0% n=400
[04:03:34] [Server thread/INFO]: [STDOUT] [io.papermc.paper.util.PapoTickProfile] PapoTickProfile.phase player.pushEntities        total=    1.7ms avg/tick=    4.2us share=  0.0% n=6942
[04:03:34] [Server thread/INFO]: [STDOUT] [io.papermc.paper.util.PapoTickProfile] PapoTickProfile.phase level.fluidTicks           total=    1.1ms avg/tick=    2.8us share=  0.0% n=1200
[04:03:34] [Server thread/INFO]: [STDOUT] [io.papermc.paper.util.PapoTickProfile] PapoTickProfile.phase player.aiStepTouchScan     total=    0.9ms avg/tick=    2.2us share=  0.0% n=3600
[04:03:34] [Server thread/INFO]: [STDOUT] [io.papermc.paper.util.PapoTickProfile] PapoTickProfile.phase chunkMap.tracker.fanout    total=    0.9ms avg/tick=    2.2us share=  0.0% n=1200
[04:03:34] [Server thread/INFO]: [STDOUT] [io.papermc.paper.util.PapoTickProfile] PapoTickProfile.phase level.blockEvents          total=    0.2ms avg/tick=    0.6us share=  0.0% n=1200
[04:03:34] [Server thread/INFO]: [STDOUT] [io.papermc.paper.util.PapoTickProfile] PapoTickProfile.phase players                    total=    0.1ms avg/tick=    0.3us share=  0.0% n=400
[04:03:34] [Server thread/INFO]: [STDOUT] [io.papermc.paper.util.PapoTickProfile] PapoTickProfile.phase conn.flushQueue            total=    0.1ms avg/tick=    0.3us share=  0.0% n=4000
[04:03:34] [Server thread/INFO]: [STDOUT] [io.papermc.paper.util.PapoTickProfile] PapoTickProfile.phase functions                  total=    0.1ms avg/tick=    0.2us share=  0.0% n=400
[04:03:34] [Server thread/INFO]: [STDOUT] [io.papermc.paper.util.PapoTickProfile] PapoTickProfile.count rs.blockTickRuns           total=   176400 avg/tick=    441.0 n=176400
[04:03:34] [Server thread/INFO]: [STDOUT] [io.papermc.paper.util.PapoTickProfile] PapoTickProfile.count fanout.sends               total=    16858 avg/tick=     42.1 n=1200
[04:03:34] [Server thread/INFO]: [STDOUT] [io.papermc.paper.util.PapoTickProfile] PapoTickProfile.count fanout.pkt.headRot         total=      884 avg/tick=      2.2 n=391
[04:03:34] [Server thread/INFO]: [STDOUT] [io.papermc.paper.util.PapoTickProfile] PapoTickProfile.count fanout.pkt.movePosRot      total=      797 avg/tick=      2.0 n=379
[04:03:34] [Server thread/INFO]: [STDOUT] [io.papermc.paper.util.PapoTickProfile] PapoTickProfile.count fanout.pkt.movePos         total=      142 avg/tick=      0.4 n=76
[04:03:34] [Server thread/INFO]: [STDOUT] [io.papermc.paper.util.PapoTickProfile] PapoTickProfile.count fanout.pkt.other           total=       49 avg/tick=      0.1 n=48
[04:03:34] [Server thread/INFO]: [STDOUT] [io.papermc.paper.util.PapoTickProfile] PapoTickProfile.count fanout.pkt.posSync         total=       45 avg/tick=      0.1 n=42
[04:03:34] [Server thread/INFO]: [STDOUT] [io.papermc.paper.util.PapoTickProfile] PapoTickProfile.count rs.fluidTickRuns           total=       33 avg/tick=      0.1 n=33
[04:03:34] [Server thread/INFO]: [STDOUT] [io.papermc.paper.util.PapoTickProfile] PapoTickProfile.count fanout.pkt.velocity        total=       32 avg/tick=      0.1 n=32
[04:03:34] [Server thread/INFO]: [STDOUT] [io.papermc.paper.util.PapoTickProfile] PapoTickProfile.count fanout.pkt.moveRot         total=       16 avg/tick=      0.0 n=16
[04:03:34] [Server thread/INFO]: [STDOUT] [io.papermc.paper.util.PapoTickProfile] PapoTickProfile.count fanout.pkt.entityData      total=        5 avg/tick=      0.0 n=5
[04:03:54] [Server thread/INFO]: [STDOUT] [io.papermc.paper.util.PapoTickProfile] PapoTickProfile window=400ticks totalWallMs=19999 measuredMs=32516 gcMs=38
[04:03:54] [Server thread/INFO]: [STDOUT] [io.papermc.paper.util.PapoTickProfile] PapoTickProfile.phase worlds                     total=10807.4ms avg/tick=27018.5us share= 33.2% n=400
[04:03:54] [Server thread/INFO]: [STDOUT] [io.papermc.paper.util.PapoTickProfile] PapoTickProfile.phase level.tickPending+misc     total=10662.7ms avg/tick=26656.7us share= 32.8% n=1200
[04:03:54] [Server thread/INFO]: [STDOUT] [io.papermc.paper.util.PapoTickProfile] PapoTickProfile.phase level.blockTicks           total=10277.2ms avg/tick=25693.0us share= 31.6% n=1200
[04:03:54] [Server thread/INFO]: [STDOUT] [io.papermc.paper.util.PapoTickProfile] PapoTickProfile.phase level.chunkSource          total=  382.4ms avg/tick=  956.0us share=  1.2% n=1200
[04:03:54] [Server thread/INFO]: [STDOUT] [io.papermc.paper.util.PapoTickProfile] PapoTickProfile.phase level.entities             total=  139.7ms avg/tick=  349.2us share=  0.4% n=1200
[04:03:54] [Server thread/INFO]: [STDOUT] [io.papermc.paper.util.PapoTickProfile] PapoTickProfile.phase connection                 total=   64.3ms avg/tick=  160.8us share=  0.2% n=400
[04:03:54] [Server thread/INFO]: [STDOUT] [io.papermc.paper.util.PapoTickProfile] PapoTickProfile.phase conn.listenerTick          total=   62.0ms avg/tick=  155.0us share=  0.2% n=4000
[04:03:54] [Server thread/INFO]: [STDOUT] [io.papermc.paper.util.PapoTickProfile] PapoTickProfile.phase player.superTick           total=   46.8ms avg/tick=  117.0us share=  0.1% n=4000
[04:03:54] [Server thread/INFO]: [STDOUT] [io.papermc.paper.util.PapoTickProfile] PapoTickProfile.phase sendChunks                 total=   33.7ms avg/tick=   84.3us share=  0.1% n=400
[04:03:54] [Server thread/INFO]: [STDOUT] [io.papermc.paper.util.PapoTickProfile] PapoTickProfile.phase ent.serverAiStep           total=   11.6ms avg/tick=   29.1us share=  0.0% n=11758
[04:03:54] [Server thread/INFO]: [STDOUT] [io.papermc.paper.util.PapoTickProfile] PapoTickProfile.phase chunkMap.tracker.maintain  total=   11.0ms avg/tick=   27.5us share=  0.0% n=1200
[04:03:54] [Server thread/INFO]: [STDOUT] [io.papermc.paper.util.PapoTickProfile] PapoTickProfile.phase chunkMap.tracker.sendChanges total=    7.3ms avg/tick=   18.1us share=  0.0% n=1200
[04:03:54] [Server thread/INFO]: [STDOUT] [io.papermc.paper.util.PapoTickProfile] PapoTickProfile.phase server.taskDrain           total=    4.3ms avg/tick=   10.7us share=  0.0% n=400
[04:03:54] [Server thread/INFO]: [STDOUT] [io.papermc.paper.util.PapoTickProfile] PapoTickProfile.phase player.pushEntities        total=    1.7ms avg/tick=    4.1us share=  0.0% n=5791
[04:03:54] [Server thread/INFO]: [STDOUT] [io.papermc.paper.util.PapoTickProfile] PapoTickProfile.phase level.fluidTicks           total=    1.6ms avg/tick=    3.9us share=  0.0% n=1200
[04:03:54] [Server thread/INFO]: [STDOUT] [io.papermc.paper.util.PapoTickProfile] PapoTickProfile.phase player.aiStepTouchScan     total=    1.1ms avg/tick=    2.7us share=  0.0% n=3600
[04:03:54] [Server thread/INFO]: [STDOUT] [io.papermc.paper.util.PapoTickProfile] PapoTickProfile.phase chunkMap.tracker.fanout    total=    0.9ms avg/tick=    2.1us share=  0.0% n=1200
[04:03:54] [Server thread/INFO]: [STDOUT] [io.papermc.paper.util.PapoTickProfile] PapoTickProfile.phase level.blockEvents          total=    0.3ms avg/tick=    0.7us share=  0.0% n=1200
[04:03:54] [Server thread/INFO]: [STDOUT] [io.papermc.paper.util.PapoTickProfile] PapoTickProfile.phase conn.flushQueue            total=    0.1ms avg/tick=    0.3us share=  0.0% n=4000
[04:03:54] [Server thread/INFO]: [STDOUT] [io.papermc.paper.util.PapoTickProfile] PapoTickProfile.phase functions                  total=    0.1ms avg/tick=    0.3us share=  0.0% n=400
[04:03:54] [Server thread/INFO]: [STDOUT] [io.papermc.paper.util.PapoTickProfile] PapoTickProfile.phase players                    total=    0.0ms avg/tick=    0.1us share=  0.0% n=400
[04:03:54] [Server thread/INFO]: [STDOUT] [io.papermc.paper.util.PapoTickProfile] PapoTickProfile.count rs.blockTickRuns           total=   176400 avg/tick=    441.0 n=176400
[04:03:54] [Server thread/INFO]: [STDOUT] [io.papermc.paper.util.PapoTickProfile] PapoTickProfile.count fanout.sends               total=    13771 avg/tick=     34.4 n=1200
[04:03:54] [Server thread/INFO]: [STDOUT] [io.papermc.paper.util.PapoTickProfile] PapoTickProfile.count fanout.pkt.headRot         total=      733 avg/tick=      1.8 n=351
[04:03:54] [Server thread/INFO]: [STDOUT] [io.papermc.paper.util.PapoTickProfile] PapoTickProfile.count fanout.pkt.movePosRot      total=      666 avg/tick=      1.7 n=332
[04:03:54] [Server thread/INFO]: [STDOUT] [io.papermc.paper.util.PapoTickProfile] PapoTickProfile.count fanout.pkt.movePos         total=      118 avg/tick=      0.3 n=68
[04:03:54] [Server thread/INFO]: [STDOUT] [io.papermc.paper.util.PapoTickProfile] PapoTickProfile.count rs.fluidTickRuns           total=       76 avg/tick=      0.2 n=76
[04:03:54] [Server thread/INFO]: [STDOUT] [io.papermc.paper.util.PapoTickProfile] PapoTickProfile.count fanout.pkt.other           total=       41 avg/tick=      0.1 n=40
[04:03:54] [Server thread/INFO]: [STDOUT] [io.papermc.paper.util.PapoTickProfile] PapoTickProfile.count fanout.pkt.posSync         total=       32 avg/tick=      0.1 n=27
[04:03:54] [Server thread/INFO]: [STDOUT] [io.papermc.paper.util.PapoTickProfile] PapoTickProfile.count fanout.pkt.moveRot         total=       12 avg/tick=      0.0 n=12
[04:03:54] [Server thread/INFO]: [STDOUT] [io.papermc.paper.util.PapoTickProfile] PapoTickProfile.count fanout.pkt.velocity        total=        3 avg/tick=      0.0 n=3
[04:03:54] [Server thread/INFO]: [STDOUT] [io.papermc.paper.util.PapoTickProfile] PapoTickProfile.count fanout.pkt.entityData      total=        2 avg/tick=      0.0 n=2
[04:04:14] [Server thread/INFO]: [STDOUT] [io.papermc.paper.util.PapoTickProfile] PapoTickProfile window=400ticks totalWallMs=19999 measuredMs=29407 gcMs=43
[04:04:14] [Server thread/INFO]: [STDOUT] [io.papermc.paper.util.PapoTickProfile] PapoTickProfile.phase worlds                     total= 9777.1ms avg/tick=24442.9us share= 33.2% n=400
[04:04:14] [Server thread/INFO]: [STDOUT] [io.papermc.paper.util.PapoTickProfile] PapoTickProfile.phase level.tickPending+misc     total= 9662.8ms avg/tick=24157.0us share= 32.9% n=1200
[04:04:14] [Server thread/INFO]: [STDOUT] [io.papermc.paper.util.PapoTickProfile] PapoTickProfile.phase level.blockTicks           total= 9363.9ms avg/tick=23409.9us share= 31.8% n=1200
[04:04:14] [Server thread/INFO]: [STDOUT] [io.papermc.paper.util.PapoTickProfile] PapoTickProfile.phase level.chunkSource          total=  296.5ms avg/tick=  741.3us share=  1.0% n=1200
[04:04:14] [Server thread/INFO]: [STDOUT] [io.papermc.paper.util.PapoTickProfile] PapoTickProfile.phase level.entities             total=  110.4ms avg/tick=  276.1us share=  0.4% n=1200
[04:04:14] [Server thread/INFO]: [STDOUT] [io.papermc.paper.util.PapoTickProfile] PapoTickProfile.phase connection                 total=   51.1ms avg/tick=  127.6us share=  0.2% n=400
[04:04:14] [Server thread/INFO]: [STDOUT] [io.papermc.paper.util.PapoTickProfile] PapoTickProfile.phase conn.listenerTick          total=   49.4ms avg/tick=  123.4us share=  0.2% n=4000
[04:04:14] [Server thread/INFO]: [STDOUT] [io.papermc.paper.util.PapoTickProfile] PapoTickProfile.phase player.superTick           total=   37.1ms avg/tick=   92.7us share=  0.1% n=4000
[04:04:14] [Server thread/INFO]: [STDOUT] [io.papermc.paper.util.PapoTickProfile] PapoTickProfile.phase sendChunks                 total=   26.6ms avg/tick=   66.4us share=  0.1% n=400
[04:04:14] [Server thread/INFO]: [STDOUT] [io.papermc.paper.util.PapoTickProfile] PapoTickProfile.phase ent.serverAiStep           total=    9.4ms avg/tick=   23.5us share=  0.0% n=11804
[04:04:14] [Server thread/INFO]: [STDOUT] [io.papermc.paper.util.PapoTickProfile] PapoTickProfile.phase chunkMap.tracker.maintain  total=    9.1ms avg/tick=   22.7us share=  0.0% n=1200
[04:04:14] [Server thread/INFO]: [STDOUT] [io.papermc.paper.util.PapoTickProfile] PapoTickProfile.phase chunkMap.tracker.sendChanges total=    5.6ms avg/tick=   13.9us share=  0.0% n=1200
[04:04:14] [Server thread/INFO]: [STDOUT] [io.papermc.paper.util.PapoTickProfile] PapoTickProfile.phase server.taskDrain           total=    3.9ms avg/tick=    9.7us share=  0.0% n=400
[04:04:14] [Server thread/INFO]: [STDOUT] [io.papermc.paper.util.PapoTickProfile] PapoTickProfile.phase player.pushEntities        total=    1.4ms avg/tick=    3.6us share=  0.0% n=5877
[04:04:14] [Server thread/INFO]: [STDOUT] [io.papermc.paper.util.PapoTickProfile] PapoTickProfile.phase level.fluidTicks           total=    1.2ms avg/tick=    3.0us share=  0.0% n=1200
[04:04:14] [Server thread/INFO]: [STDOUT] [io.papermc.paper.util.PapoTickProfile] PapoTickProfile.phase player.aiStepTouchScan     total=    1.0ms avg/tick=    2.4us share=  0.0% n=3600
[04:04:14] [Server thread/INFO]: [STDOUT] [io.papermc.paper.util.PapoTickProfile] PapoTickProfile.phase chunkMap.tracker.fanout    total=    0.6ms avg/tick=    1.5us share=  0.0% n=1200
[04:04:14] [Server thread/INFO]: [STDOUT] [io.papermc.paper.util.PapoTickProfile] PapoTickProfile.phase level.blockEvents          total=    0.2ms avg/tick=    0.6us share=  0.0% n=1200
[04:04:14] [Server thread/INFO]: [STDOUT] [io.papermc.paper.util.PapoTickProfile] PapoTickProfile.phase players                    total=    0.1ms avg/tick=    0.4us share=  0.0% n=400
[04:04:14] [Server thread/INFO]: [STDOUT] [io.papermc.paper.util.PapoTickProfile] PapoTickProfile.phase conn.flushQueue            total=    0.1ms avg/tick=    0.3us share=  0.0% n=4000
[04:04:14] [Server thread/INFO]: [STDOUT] [io.papermc.paper.util.PapoTickProfile] PapoTickProfile.phase functions                  total=    0.1ms avg/tick=    0.3us share=  0.0% n=400
[04:04:14] [Server thread/INFO]: [STDOUT] [io.papermc.paper.util.PapoTickProfile] PapoTickProfile.count rs.blockTickRuns           total=   176400 avg/tick=    441.0 n=176400
[04:04:14] [Server thread/INFO]: [STDOUT] [io.papermc.paper.util.PapoTickProfile] PapoTickProfile.count fanout.sends               total=    11335 avg/tick=     28.3 n=1200
[04:04:14] [Server thread/INFO]: [STDOUT] [io.papermc.paper.util.PapoTickProfile] PapoTickProfile.count fanout.pkt.headRot         total=      722 avg/tick=      1.8 n=328
[04:04:14] [Server thread/INFO]: [STDOUT] [io.papermc.paper.util.PapoTickProfile] PapoTickProfile.count fanout.pkt.movePosRot      total=      655 avg/tick=      1.6 n=315
[04:04:14] [Server thread/INFO]: [STDOUT] [io.papermc.paper.util.PapoTickProfile] PapoTickProfile.count fanout.pkt.movePos         total=      116 avg/tick=      0.3 n=59
[04:04:14] [Server thread/INFO]: [STDOUT] [io.papermc.paper.util.PapoTickProfile] PapoTickProfile.count fanout.pkt.posSync         total=       51 avg/tick=      0.1 n=50
[04:04:14] [Server thread/INFO]: [STDOUT] [io.papermc.paper.util.PapoTickProfile] PapoTickProfile.count fanout.pkt.other           total=       46 avg/tick=      0.1 n=46
[04:04:14] [Server thread/INFO]: [STDOUT] [io.papermc.paper.util.PapoTickProfile] PapoTickProfile.count rs.fluidTickRuns           total=       34 avg/tick=      0.1 n=34
[04:04:14] [Server thread/INFO]: [STDOUT] [io.papermc.paper.util.PapoTickProfile] PapoTickProfile.count fanout.pkt.entityData      total=        9 avg/tick=      0.0 n=9
[04:04:34] [Server thread/INFO]: [STDOUT] [io.papermc.paper.util.PapoTickProfile] PapoTickProfile window=400ticks totalWallMs=20000 measuredMs=29676 gcMs=36
[04:04:34] [Server thread/INFO]: [STDOUT] [io.papermc.paper.util.PapoTickProfile] PapoTickProfile.phase worlds                     total= 9868.1ms avg/tick=24670.1us share= 33.3% n=400
[04:04:34] [Server thread/INFO]: [STDOUT] [io.papermc.paper.util.PapoTickProfile] PapoTickProfile.phase level.tickPending+misc     total= 9741.4ms avg/tick=24353.5us share= 32.8% n=1200
[04:04:34] [Server thread/INFO]: [STDOUT] [io.papermc.paper.util.PapoTickProfile] PapoTickProfile.phase level.blockTicks           total= 9422.4ms avg/tick=23556.0us share= 31.8% n=1200
[04:04:34] [Server thread/INFO]: [STDOUT] [io.papermc.paper.util.PapoTickProfile] PapoTickProfile.phase level.chunkSource          total=  316.4ms avg/tick=  791.1us share=  1.1% n=1200
[04:04:34] [Server thread/INFO]: [STDOUT] [io.papermc.paper.util.PapoTickProfile] PapoTickProfile.phase level.entities             total=  122.3ms avg/tick=  305.8us share=  0.4% n=1200
[04:04:34] [Server thread/INFO]: [STDOUT] [io.papermc.paper.util.PapoTickProfile] PapoTickProfile.phase connection                 total=   52.0ms avg/tick=  130.1us share=  0.2% n=400
[04:04:34] [Server thread/INFO]: [STDOUT] [io.papermc.paper.util.PapoTickProfile] PapoTickProfile.phase conn.listenerTick          total=   50.2ms avg/tick=  125.6us share=  0.2% n=4000
[04:04:34] [Server thread/INFO]: [STDOUT] [io.papermc.paper.util.PapoTickProfile] PapoTickProfile.phase player.superTick           total=   37.8ms avg/tick=   94.6us share=  0.1% n=4000
[04:04:34] [Server thread/INFO]: [STDOUT] [io.papermc.paper.util.PapoTickProfile] PapoTickProfile.phase sendChunks                 total=   28.5ms avg/tick=   71.1us share=  0.1% n=400
[04:04:34] [Server thread/INFO]: [STDOUT] [io.papermc.paper.util.PapoTickProfile] PapoTickProfile.phase ent.serverAiStep           total=   12.1ms avg/tick=   30.4us share=  0.0% n=12612
[04:04:34] [Server thread/INFO]: [STDOUT] [io.papermc.paper.util.PapoTickProfile] PapoTickProfile.phase chunkMap.tracker.maintain  total=    9.9ms avg/tick=   24.8us share=  0.0% n=1200
[04:04:34] [Server thread/INFO]: [STDOUT] [io.papermc.paper.util.PapoTickProfile] PapoTickProfile.phase chunkMap.tracker.sendChanges total=    6.1ms avg/tick=   15.4us share=  0.0% n=1200
[04:04:34] [Server thread/INFO]: [STDOUT] [io.papermc.paper.util.PapoTickProfile] PapoTickProfile.phase server.taskDrain           total=    3.9ms avg/tick=    9.7us share=  0.0% n=400
[04:04:34] [Server thread/INFO]: [STDOUT] [io.papermc.paper.util.PapoTickProfile] PapoTickProfile.phase player.pushEntities        total=    1.7ms avg/tick=    4.3us share=  0.0% n=6658
[04:04:34] [Server thread/INFO]: [STDOUT] [io.papermc.paper.util.PapoTickProfile] PapoTickProfile.phase level.fluidTicks           total=    1.3ms avg/tick=    3.1us share=  0.0% n=1200
[04:04:34] [Server thread/INFO]: [STDOUT] [io.papermc.paper.util.PapoTickProfile] PapoTickProfile.phase player.aiStepTouchScan     total=    0.9ms avg/tick=    2.3us share=  0.0% n=3600
[04:04:34] [Server thread/INFO]: [STDOUT] [io.papermc.paper.util.PapoTickProfile] PapoTickProfile.phase chunkMap.tracker.fanout    total=    0.7ms avg/tick=    1.8us share=  0.0% n=1200
[04:04:34] [Server thread/INFO]: [STDOUT] [io.papermc.paper.util.PapoTickProfile] PapoTickProfile.phase level.blockEvents          total=    0.3ms avg/tick=    0.7us share=  0.0% n=1200
[04:04:34] [Server thread/INFO]: [STDOUT] [io.papermc.paper.util.PapoTickProfile] PapoTickProfile.phase players                    total=    0.1ms avg/tick=    0.3us share=  0.0% n=400
[04:04:34] [Server thread/INFO]: [STDOUT] [io.papermc.paper.util.PapoTickProfile] PapoTickProfile.phase conn.flushQueue            total=    0.1ms avg/tick=    0.3us share=  0.0% n=4000
[04:04:34] [Server thread/INFO]: [STDOUT] [io.papermc.paper.util.PapoTickProfile] PapoTickProfile.phase functions                  total=    0.1ms avg/tick=    0.3us share=  0.0% n=400
[04:04:34] [Server thread/INFO]: [STDOUT] [io.papermc.paper.util.PapoTickProfile] PapoTickProfile.count rs.blockTickRuns           total=   176400 avg/tick=    441.0 n=176400
[04:04:34] [Server thread/INFO]: [STDOUT] [io.papermc.paper.util.PapoTickProfile] PapoTickProfile.count fanout.sends               total=    11650 avg/tick=     29.1 n=1200
[04:04:34] [Server thread/INFO]: [STDOUT] [io.papermc.paper.util.PapoTickProfile] PapoTickProfile.count fanout.pkt.headRot         total=      770 avg/tick=      1.9 n=346
[04:04:34] [Server thread/INFO]: [STDOUT] [io.papermc.paper.util.PapoTickProfile] PapoTickProfile.count fanout.pkt.movePosRot      total=      673 avg/tick=      1.7 n=320
[04:04:34] [Server thread/INFO]: [STDOUT] [io.papermc.paper.util.PapoTickProfile] PapoTickProfile.count fanout.pkt.movePos         total=      147 avg/tick=      0.4 n=85
[04:04:34] [Server thread/INFO]: [STDOUT] [io.papermc.paper.util.PapoTickProfile] PapoTickProfile.count fanout.pkt.posSync         total=       67 avg/tick=      0.2 n=58
[04:04:34] [Server thread/INFO]: [STDOUT] [io.papermc.paper.util.PapoTickProfile] PapoTickProfile.count rs.fluidTickRuns           total=       55 avg/tick=      0.1 n=55
[04:04:34] [Server thread/INFO]: [STDOUT] [io.papermc.paper.util.PapoTickProfile] PapoTickProfile.count fanout.pkt.other           total=       46 avg/tick=      0.1 n=45
[04:04:34] [Server thread/INFO]: [STDOUT] [io.papermc.paper.util.PapoTickProfile] PapoTickProfile.count fanout.pkt.velocity        total=       20 avg/tick=      0.1 n=20
[04:04:34] [Server thread/INFO]: [STDOUT] [io.papermc.paper.util.PapoTickProfile] PapoTickProfile.count fanout.pkt.entityData      total=       19 avg/tick=      0.0 n=19
[04:04:34] [Server thread/INFO]: [STDOUT] [io.papermc.paper.util.PapoTickProfile] PapoTickProfile.count fanout.pkt.moveRot         total=        8 avg/tick=      0.0 n=8
logErrors=0 exited=true
activity gate PASS: rs.blockTickRuns steady(tail-median)=441.0/tick vs expected ~441 (windows=58)
