======== run 0 ========
boot: [01:52:48 INFO]: Done (18.052s)! For help, type "help"
---- stalls ----
PapoTickProfile.stall tick=4 gapMs=181.2 durMs=181.2 at=01:52:48.929
PapoTickProfile.stall tick=116 gapMs=145.7 durMs=11.6 at=01:52:54.399
PapoTickProfile.stall tick=118 gapMs=383.0 durMs=161.3 at=01:52:54.816
PapoTickProfile.stall tick=173 gapMs=110.2 durMs=73.8 at=01:52:57.375
---- jstack Server-thread samples ----
=== sample +2690ms ===
"Server thread" #113 [8792] prio=8 os_prio=1 cpu=2093.75ms elapsed=8.08s tid=0x000001fa7349eb60 nid=8792 waiting on condition  [0x000000ca6daff000]
   java.lang.Thread.State: TIMED_WAITING (parking)
	at jdk.internal.misc.Unsafe.park(java.base@21.0.10/Native Method)
	- parking to wait for  <0x0000000700bbf6a0> (a java.lang.String)
	at java.util.concurrent.locks.LockSupport.parkNanos(java.base@21.0.10/LockSupport.java:269)
	at net.minecraft.server.MinecraftServer.recordTaskExecutionTimeWhileWaiting(MinecraftServer.java:1242)
	at net.minecraft.server.MinecraftServer.runServer(MinecraftServer.java:1348)
	at net.minecraft.server.MinecraftServer.lambda$spin$2(MinecraftServer.java:388)
	at net.minecraft.server.MinecraftServer$$Lambda/0x000001fa01f38618.run(Unknown Source)
	at java.lang.Thread.runWith(java.base@21.0.10/Thread.java:1596)
	at java.lang.Thread.run(java.base@21.0.10/Thread.java:1583)
=== sample +2921ms ===
"Server thread" #113 [8792] prio=8 os_prio=1 cpu=2093.75ms elapsed=8.32s tid=0x000001fa7349eb60 nid=8792 waiting on condition  [0x000000ca6daff000]
   java.lang.Thread.State: TIMED_WAITING (parking)
	at jdk.internal.misc.Unsafe.park(java.base@21.0.10/Native Method)
	- parking to wait for  <0x0000000700bbf6a0> (a java.lang.String)
	at java.util.concurrent.locks.LockSupport.parkNanos(java.base@21.0.10/LockSupport.java:269)
	at net.minecraft.server.MinecraftServer.recordTaskExecutionTimeWhileWaiting(MinecraftServer.java:1242)
	at net.minecraft.server.MinecraftServer.runServer(MinecraftServer.java:1348)
	at net.minecraft.server.MinecraftServer.lambda$spin$2(MinecraftServer.java:388)
	at net.minecraft.server.MinecraftServer$$Lambda/0x000001fa01f38618.run(Unknown Source)
	at java.lang.Thread.runWith(java.base@21.0.10/Thread.java:1596)
	at java.lang.Thread.run(java.base@21.0.10/Thread.java:1583)
=== sample +3153ms ===
"Server thread" #113 [8792] prio=8 os_prio=1 cpu=2093.75ms elapsed=8.55s tid=0x000001fa7349eb60 nid=8792 waiting on condition  [0x000000ca6daff000]
   java.lang.Thread.State: TIMED_WAITING (parking)
	at jdk.internal.misc.Unsafe.park(java.base@21.0.10/Native Method)
	- parking to wait for  <0x0000000700bbf6a0> (a java.lang.String)
	at java.util.concurrent.locks.LockSupport.parkNanos(java.base@21.0.10/LockSupport.java:269)
	at net.minecraft.server.MinecraftServer.recordTaskExecutionTimeWhileWaiting(MinecraftServer.java:1242)
	at net.minecraft.server.MinecraftServer.runServer(MinecraftServer.java:1348)
	at net.minecraft.server.MinecraftServer.lambda$spin$2(MinecraftServer.java:388)
	at net.minecraft.server.MinecraftServer$$Lambda/0x000001fa01f38618.run(Unknown Source)
	at java.lang.Thread.runWith(java.base@21.0.10/Thread.java:1596)
	at java.lang.Thread.run(java.base@21.0.10/Thread.java:1583)
=== sample +3400ms ===
"Server thread" #113 [8792] prio=8 os_prio=1 cpu=2093.75ms elapsed=8.79s tid=0x000001fa7349eb60 nid=8792 waiting on condition  [0x000000ca6daff000]
   java.lang.Thread.State: TIMED_WAITING (parking)
	at jdk.internal.misc.Unsafe.park(java.base@21.0.10/Native Method)
	- parking to wait for  <0x0000000700bbf6a0> (a java.lang.String)
	at java.util.concurrent.locks.LockSupport.parkNanos(java.base@21.0.10/LockSupport.java:269)
	at net.minecraft.server.MinecraftServer.recordTaskExecutionTimeWhileWaiting(MinecraftServer.java:1242)
	at net.minecraft.server.MinecraftServer.runServer(MinecraftServer.java:1348)
	at net.minecraft.server.MinecraftServer.lambda$spin$2(MinecraftServer.java:388)
	at net.minecraft.server.MinecraftServer$$Lambda/0x000001fa01f38618.run(Unknown Source)
	at java.lang.Thread.runWith(java.base@21.0.10/Thread.java:1596)
	at java.lang.Thread.run(java.base@21.0.10/Thread.java:1583)
=== sample +3644ms ===
"Server thread" #113 [8792] prio=8 os_prio=1 cpu=2093.75ms elapsed=9.04s tid=0x000001fa7349eb60 nid=8792 waiting on condition  [0x000000ca6daff000]
   java.lang.Thread.State: TIMED_WAITING (parking)
	at jdk.internal.misc.Unsafe.park(java.base@21.0.10/Native Method)
	- parking to wait for  <0x0000000700bbf6a0> (a java.lang.String)
	at java.util.concurrent.locks.LockSupport.parkNanos(java.base@21.0.10/LockSupport.java:269)
	at net.minecraft.server.MinecraftServer.recordTaskExecutionTimeWhileWaiting(MinecraftServer.java:1242)
	at net.minecraft.server.MinecraftServer.runServer(MinecraftServer.java:1348)
	at net.minecraft.server.MinecraftServer.lambda$spin$2(MinecraftServer.java:388)
	at net.minecraft.server.MinecraftServer$$Lambda/0x000001fa01f38618.run(Unknown Source)
	at java.lang.Thread.runWith(java.base@21.0.10/Thread.java:1596)
	at java.lang.Thread.run(java.base@21.0.10/Thread.java:1583)
=== sample +3891ms ===
"Server thread" #113 [8792] prio=8 os_prio=1 cpu=2125.00ms elapsed=9.28s tid=0x000001fa7349eb60 nid=8792 waiting on condition  [0x000000ca6daff000]
   java.lang.Thread.State: TIMED_WAITING (parking)
	at jdk.internal.misc.Unsafe.park(java.base@21.0.10/Native Method)
	- parking to wait for  <0x0000000700bbf6a0> (a java.lang.String)
	at java.util.concurrent.locks.LockSupport.parkNanos(java.base@21.0.10/LockSupport.java:269)
	at net.minecraft.server.MinecraftServer.recordTaskExecutionTimeWhileWaiting(MinecraftServer.java:1242)
	at net.minecraft.server.MinecraftServer.runServer(MinecraftServer.java:1348)
	at net.minecraft.server.MinecraftServer.lambda$spin$2(MinecraftServer.java:388)
	at net.minecraft.server.MinecraftServer$$Lambda/0x000001fa01f38618.run(Unknown Source)
	at java.lang.Thread.runWith(java.base@21.0.10/Thread.java:1596)
	at java.lang.Thread.run(java.base@21.0.10/Thread.java:1583)
=== sample +4134ms ===
"Server thread" #113 [8792] prio=8 os_prio=1 cpu=2156.25ms elapsed=9.53s tid=0x000001fa7349eb60 nid=8792 runnable  [0x000000ca6dafd000]
   java.lang.Thread.State: RUNNABLE
	at java.lang.ClassLoader.defineClass0(java.base@21.0.10/Native Method)
	at java.lang.System$2.defineClass(java.base@21.0.10/System.java:2394)
	at java.lang.invoke.MethodHandles$Lookup$ClassDefiner.defineClass(java.base@21.0.10/MethodHandles.java:2505)
	at java.lang.invoke.InnerClassLambdaMetafactory.generateInnerClass(java.base@21.0.10/InnerClassLambdaMetafactory.java:361)
	at java.lang.invoke.InnerClassLambdaMetafactory.spinInnerClass(java.base@21.0.10/InnerClassLambdaMetafactory.java:286)
	at java.lang.invoke.InnerClassLambdaMetafactory.buildCallSite(java.base@21.0.10/InnerClassLambdaMetafactory.java:221)
	at java.lang.invoke.LambdaMetafactory.metafactory(java.base@21.0.10/LambdaMetafactory.java:341)
	at java.lang.invoke.LambdaForm$DMH/0x000001fa01110400.invokeStatic(java.base@21.0.10/LambdaForm$DMH)
	at java.lang.invoke.Invokers$Holder.invokeExact_MT(java.base@21.0.10/Invokers$Holder)
	at java.lang.invoke.BootstrapMethodInvoker.invoke(java.base@21.0.10/BootstrapMethodInvoker.java:134)
	at java.lang.invoke.CallSite.makeSite(java.base@21.0.10/CallSite.java:310)
	at java.lang.invoke.MethodHandleNatives.linkCallSiteImpl(java.base@21.0.10/MethodHandleNatives.java:249)
	at java.lang.invoke.MethodHandleNatives.linkCallSite(java.base@21.0.10/MethodHandleNatives.java:239)
	at com.mojang.datafixers.util.Either.mapRight(Either.java:166)
	at net.minecraft.resources.HolderSetCodec.encode(HolderSetCodec.java:80)
	at net.minecraft.resources.HolderSetCodec.encode(HolderSetCodec.java:19)
	at com.mojang.serialization.Encoder.encodeStart(Encoder.java:14)
	at com.mojang.serialization.codecs.OptionalFieldCodec.encode(OptionalFieldCodec.java:44)
	at com.mojang.serialization.codecs.OptionalFieldCodec.encode(OptionalFieldCodec.java:17)
	at com.mojang.serialization.MapEncoder$1.encode(MapEncoder.java:26)
	at com.mojang.serialization.MapCodec$2.encode(MapCodec.java:83)
	at com.mojang.serialization.codecs.RecordCodecBuilder$Instance$8.encode(RecordCodecBuilder.java:380)
	at com.mojang.serialization.codecs.RecordCodecBuilder$2.encode(RecordCodecBuilder.java:112)
	at com.mojang.serialization.MapCodec$MapCodecCodec.encode(MapCodec.java:164)
	at com.mojang.serialization.Codec$2.encode(Codec.java:79)
	at com.mojang.serialization.Encoder.encodeStart(Encoder.java:14)
	at net.minecraft.core.RegistrySynchronization.lambda$packRegistry$2(RegistrySynchronization.java:60)
	at net.minecraft.core.RegistrySynchronization$$Lambda/0x000001fa026ea478.accept(Unknown Source)
	at it.unimi.dsi.fastutil.objects.ObjectArrayList$Spliterator.forEachRemaining(ObjectArrayList.java:975)
	at java.util.stream.ReferencePipeline$Head.forEach(java.base@21.0.10/ReferencePipeline.java:762)
	at net.minecraft.core.RegistrySynchronization.lambda$packRegistry$3(RegistrySynchronization.java:49)
	at net.minecraft.core.RegistrySynchronization$$Lambda/0x000001fa026ea250.accept(Unknown Source)
	at java.util.Optional.ifPresent(java.base@21.0.10/Optional.java:178)
	at net.minecraft.core.RegistrySynchronization.packRegistry(RegistrySynchronization.java:45)
	at net.minecraft.core.RegistrySynchronization.lambda$packRegistries$0(RegistrySynchronization.java:34)
	at net.minecraft.core.RegistrySynchronization$$Lambda/0x000001fa026ea028.accept(Unknown Source)
	at java.lang.Iterable.forEach(java.base@21.0.10/Iterable.java:75)
	at net.minecraft.core.RegistrySynchronization.packRegistries(RegistrySynchronization.java:34)
	at net.minecraft.server.network.config.SynchronizeRegistriesTask.sendRegistries(SynchronizeRegistriesTask.java:44)
	at net.minecraft.server.network.config.SynchronizeRegistriesTask.handleResponse(SynchronizeRegistriesTask.java:80)
	at net.minecraft.server.network.ServerConfigurationPacketListenerImpl.handleSelectKnownPacks(ServerConfigurationPacketListenerImpl.java:191)
	at net.minecraft.network.protocol.configuration.ServerboundSelectKnownPacks.handle(ServerboundSelectKnownPacks.java:23)
	at net.minecraft.network.protocol.configuration.ServerboundSelectKnownPacks.handle(ServerboundSelectKnownPacks.java:11)
	at net.minecraft.network.PacketProcessor$ListenerAndPacket.handle(PacketProcessor.java:110)
	at net.minecraft.network.PacketProcessor.executeSinglePacket(PacketProcessor.java:33)
	at net.minecraft.server.MinecraftServer.pollTask(MinecraftServer.java:1506)
	at net.minecraft.server.MinecraftServer.recordTaskExecutionTimeWhileWaiting(MinecraftServer.java:1232)
	at net.minecraft.server.MinecraftServer.runServer(MinecraftServer.java:1348)
	at net.minecraft.server.MinecraftServer.lambda$spin$2(MinecraftServer.java:388)
	at net.minecraft.server.MinecraftServer$$Lambda/0x000001fa01f38618.run(Unknown Source)
	at java.lang.Thread.runWith(java.base@21.0.10/Thread.java:1596)
	at java.lang.Thread.run(java.base@21.0.10/Thread.java:1583)
=== sample +4413ms ===
"Server thread" #113 [8792] prio=8 os_prio=1 cpu=2203.12ms elapsed=9.79s tid=0x000001fa7349eb60 nid=8792 waiting on condition  [0x000000ca6daff000]
   java.lang.Thread.State: TIMED_WAITING (parking)
	at jdk.internal.misc.Unsafe.park(java.base@21.0.10/Native Method)
	- parking to wait for  <0x0000000700bbf6a0> (a java.lang.String)
	at java.util.concurrent.locks.LockSupport.parkNanos(java.base@21.0.10/LockSupport.java:269)
	at net.minecraft.server.MinecraftServer.recordTaskExecutionTimeWhileWaiting(MinecraftServer.java:1242)
	at net.minecraft.server.MinecraftServer.runServer(MinecraftServer.java:1348)
	at net.minecraft.server.MinecraftServer.lambda$spin$2(MinecraftServer.java:388)
	at net.minecraft.server.MinecraftServer$$Lambda/0x000001fa01f38618.run(Unknown Source)
	at java.lang.Thread.runWith(java.base@21.0.10/Thread.java:1596)
	at java.lang.Thread.run(java.base@21.0.10/Thread.java:1583)
=== sample +4657ms ===
"Server thread" #113 [8792] prio=8 os_prio=1 cpu=2203.12ms elapsed=10.06s tid=0x000001fa7349eb60 nid=8792 waiting on condition  [0x000000ca6daff000]
   java.lang.Thread.State: TIMED_WAITING (parking)
	at jdk.internal.misc.Unsafe.park(java.base@21.0.10/Native Method)
	- parking to wait for  <0x0000000700bbf6a0> (a java.lang.String)
	at java.util.concurrent.locks.LockSupport.parkNanos(java.base@21.0.10/LockSupport.java:269)
	at net.minecraft.server.MinecraftServer.recordTaskExecutionTimeWhileWaiting(MinecraftServer.java:1242)
	at net.minecraft.server.MinecraftServer.runServer(MinecraftServer.java:1348)
	at net.minecraft.server.MinecraftServer.lambda$spin$2(MinecraftServer.java:388)
	at net.minecraft.server.MinecraftServer$$Lambda/0x000001fa01f38618.run(Unknown Source)
	at java.lang.Thread.runWith(java.base@21.0.10/Thread.java:1596)
	at java.lang.Thread.run(java.base@21.0.10/Thread.java:1583)
=== sample +4937ms ===
"Server thread" #113 [8792] prio=8 os_prio=1 cpu=2234.38ms elapsed=10.33s tid=0x000001fa7349eb60 nid=8792 waiting on condition  [0x000000ca6daff000]
   java.lang.Thread.State: TIMED_WAITING (parking)
	at jdk.internal.misc.Unsafe.park(java.base@21.0.10/Native Method)
	- parking to wait for  <0x0000000700bbf6a0> (a java.lang.String)
	at java.util.concurrent.locks.LockSupport.parkNanos(java.base@21.0.10/LockSupport.java:269)
	at net.minecraft.server.MinecraftServer.recordTaskExecutionTimeWhileWaiting(MinecraftServer.java:1242)
	at net.minecraft.server.MinecraftServer.runServer(MinecraftServer.java:1348)
	at net.minecraft.server.MinecraftServer.lambda$spin$2(MinecraftServer.java:388)
	at net.minecraft.server.MinecraftServer$$Lambda/0x000001fa01f38618.run(Unknown Source)
	at java.lang.Thread.runWith(java.base@21.0.10/Thread.java:1596)
	at java.lang.Thread.run(java.base@21.0.10/Thread.java:1583)
=== sample +5200ms ===
"Server thread" #113 [8792] prio=8 os_prio=1 cpu=2234.38ms elapsed=10.58s tid=0x000001fa7349eb60 nid=8792 waiting on condition  [0x000000ca6daff000]
   java.lang.Thread.State: TIMED_WAITING (parking)
	at jdk.internal.misc.Unsafe.park(java.base@21.0.10/Native Method)
	- parking to wait for  <0x0000000700bbf6a0> (a java.lang.String)
	at java.util.concurrent.locks.LockSupport.parkNanos(java.base@21.0.10/LockSupport.java:269)
	at net.minecraft.server.MinecraftServer.recordTaskExecutionTimeWhileWaiting(MinecraftServer.java:1242)
	at net.minecraft.server.MinecraftServer.runServer(MinecraftServer.java:1348)
	at net.minecraft.server.MinecraftServer.lambda$spin$2(MinecraftServer.java:388)
	at net.minecraft.server.MinecraftServer$$Lambda/0x000001fa01f38618.run(Unknown Source)
	at java.lang.Thread.runWith(java.base@21.0.10/Thread.java:1596)
	at java.lang.Thread.run(java.base@21.0.10/Thread.java:1583)
=== sample +5463ms ===
"Server thread" #113 [8792] prio=8 os_prio=1 cpu=2250.00ms elapsed=10.86s tid=0x000001fa7349eb60 nid=8792 waiting on condition  [0x000000ca6daff000]
   java.lang.Thread.State: TIMED_WAITING (parking)
	at jdk.internal.misc.Unsafe.park(java.base@21.0.10/Native Method)
	- parking to wait for  <0x0000000700bbf6a0> (a java.lang.String)
	at java.util.concurrent.locks.LockSupport.parkNanos(java.base@21.0.10/LockSupport.java:269)
	at net.minecraft.server.MinecraftServer.recordTaskExecutionTimeWhileWaiting(MinecraftServer.java:1242)
	at net.minecraft.server.MinecraftServer.runServer(MinecraftServer.java:1348)
	at net.minecraft.server.MinecraftServer.lambda$spin$2(MinecraftServer.java:388)
	at net.minecraft.server.MinecraftServer$$Lambda/0x000001fa01f38618.run(Unknown Source)
	at java.lang.Thread.runWith(java.base@21.0.10/Thread.java:1596)
	at java.lang.Thread.run(java.base@21.0.10/Thread.java:1583)
=== sample +5722ms ===
"Server thread" #113 [8792] prio=8 os_prio=1 cpu=2265.62ms elapsed=11.11s tid=0x000001fa7349eb60 nid=8792 waiting on condition  [0x000000ca6daff000]
   java.lang.Thread.State: TIMED_WAITING (parking)
	at jdk.internal.misc.Unsafe.park(java.base@21.0.10/Native Method)
	- parking to wait for  <0x0000000700bbf6a0> (a java.lang.String)
	at java.util.concurrent.locks.LockSupport.parkNanos(java.base@21.0.10/LockSupport.java:269)
	at net.minecraft.server.MinecraftServer.recordTaskExecutionTimeWhileWaiting(MinecraftServer.java:1242)
	at net.minecraft.server.MinecraftServer.runServer(MinecraftServer.java:1348)
	at net.minecraft.server.MinecraftServer.lambda$spin$2(MinecraftServer.java:388)
	at net.minecraft.server.MinecraftServer$$Lambda/0x000001fa01f38618.run(Unknown Source)
	at java.lang.Thread.runWith(java.base@21.0.10/Thread.java:1596)
	at java.lang.Thread.run(java.base@21.0.10/Thread.java:1583)
=== sample +5972ms ===
"Server thread" #113 [8792] prio=8 os_prio=1 cpu=2343.75ms elapsed=11.37s tid=0x000001fa7349eb60 nid=8792 runnable  [0x000000ca6dafc000]
   java.lang.Thread.State: RUNNABLE
	at java.lang.ClassLoader.defineClass1(java.base@21.0.10/Native Method)
	at java.lang.ClassLoader.defineClass(java.base@21.0.10/ClassLoader.java:1027)
	at java.security.SecureClassLoader.defineClass(java.base@21.0.10/SecureClassLoader.java:150)
	at java.net.URLClassLoader.defineClass(java.base@21.0.10/URLClassLoader.java:524)
	at java.net.URLClassLoader$1.run(java.base@21.0.10/URLClassLoader.java:427)
	at java.net.URLClassLoader$1.run(java.base@21.0.10/URLClassLoader.java:421)
	at java.security.AccessController.executePrivileged(java.base@21.0.10/AccessController.java:809)
	at java.security.AccessController.doPrivileged(java.base@21.0.10/AccessController.java:714)
	at java.net.URLClassLoader.findClass(java.base@21.0.10/URLClassLoader.java:420)
	at java.lang.ClassLoader.loadClass(java.base@21.0.10/ClassLoader.java:593)
	- locked <0x0000000726a90f80> (a java.lang.Object)
	at java.lang.ClassLoader.loadClass(java.base@21.0.10/ClassLoader.java:526)
	at net.minecraft.network.protocol.game.ServerboundPlayerInputPacket.<clinit>(ServerboundPlayerInputPacket.java:10)
	at net.minecraft.network.protocol.game.GameProtocols.lambda$static$1(GameProtocols.java:106)
	at net.minecraft.network.protocol.game.GameProtocols$$Lambda/0x000001fa02730000.accept(Unknown Source)
	at net.minecraft.network.protocol.ProtocolInfoBuilder.contextProtocol(ProtocolInfoBuilder.java:154)
	at net.minecraft.network.protocol.ProtocolInfoBuilder.contextServerboundProtocol(ProtocolInfoBuilder.java:161)
	at net.minecraft.network.protocol.game.GameProtocols.<clinit>(GameProtocols.java:61)
	at net.minecraft.server.network.ServerConfigurationPacketListenerImpl.handleConfigurationFinished(ServerConfigurationPacketListenerImpl.java:205)
	at net.minecraft.network.protocol.configuration.ServerboundFinishConfigurationPacket.handle(ServerboundFinishConfigurationPacket.java:22)
	at net.minecraft.network.protocol.configuration.ServerboundFinishConfigurationPacket.handle(ServerboundFinishConfigurationPacket.java:8)
	at net.minecraft.network.PacketProcessor$ListenerAndPacket.handle(PacketProcessor.java:110)
	at net.minecraft.network.PacketProcessor.executeSinglePacket(PacketProcessor.java:33)
	at net.minecraft.server.MinecraftServer.runAllTasksAtTickStart(MinecraftServer.java:1187)
	at net.minecraft.server.MinecraftServer.processPacketsAndTick(MinecraftServer.java:1675)
	at net.minecraft.server.MinecraftServer.runServer(MinecraftServer.java:1342)
	at net.minecraft.server.MinecraftServer.lambda$spin$2(MinecraftServer.java:388)
	at net.minecraft.server.MinecraftServer$$Lambda/0x000001fa01f38618.run(Unknown Source)
	at java.lang.Thread.runWith(java.base@21.0.10/Thread.java:1596)
	at java.lang.Thread.run(java.base@21.0.10/Thread.java:1583)
=== sample +6228ms ===
"Server thread" #113 [8792] prio=8 os_prio=1 cpu=2500.00ms elapsed=11.61s tid=0x000001fa7349eb60 nid=8792 runnable  [0x000000ca6dafd000]
   java.lang.Thread.State: RUNNABLE
	at java.util.zip.Inflater.inflateBytesBytes(java.base@21.0.10/Native Method)
	at java.util.zip.Inflater.inflate(java.base@21.0.10/Inflater.java:376)
	- locked <0x0000000700209cd8> (a java.util.zip.Inflater$InflaterZStreamRef)
	at java.util.zip.InflaterInputStream.read(java.base@21.0.10/InflaterInputStream.java:177)
	at jdk.internal.loader.Resource.getBytes(java.base@21.0.10/Resource.java:126)
	at jdk.internal.loader.URLClassPath$JarLoader$2.getBytes(java.base@21.0.10/URLClassPath.java:862)
	at java.net.URLClassLoader.defineClass(java.base@21.0.10/URLClassLoader.java:519)
	at java.net.URLClassLoader$1.run(java.base@21.0.10/URLClassLoader.java:427)
	at java.net.URLClassLoader$1.run(java.base@21.0.10/URLClassLoader.java:421)
	at java.security.AccessController.executePrivileged(java.base@21.0.10/AccessController.java:809)
	at java.security.AccessController.doPrivileged(java.base@21.0.10/AccessController.java:714)
	at java.net.URLClassLoader.findClass(java.base@21.0.10/URLClassLoader.java:420)
	at java.lang.ClassLoader.loadClass(java.base@21.0.10/ClassLoader.java:593)
	- locked <0x0000000725b279a0> (a java.lang.Object)
	at java.lang.ClassLoader.loadClass(java.base@21.0.10/ClassLoader.java:526)
	at ca.spottedleaf.moonrise.patches.chunk_system.scheduling.ChunkHolderManager.addTicketCounter(ChunkHolderManager.java:653)
	at ca.spottedleaf.moonrise.patches.chunk_system.scheduling.ChunkHolderManager.addTicketAtLevel(ChunkHolderManager.java:636)
	at ca.spottedleaf.moonrise.patches.chunk_system.scheduling.ChunkHolderManager.addTicketAtLevel(ChunkHolderManager.java:598)
	at ca.spottedleaf.moonrise.patches.chunk_system.scheduling.ChunkHolderManager.processTicketOp(ChunkHolderManager.java:1369)
	at ca.spottedleaf.moonrise.patches.chunk_system.scheduling.ChunkHolderManager.performTicketUpdates(ChunkHolderManager.java:1400)
	at ca.spottedleaf.moonrise.patches.chunk_system.player.RegionizedPlayerChunkLoader$PlayerChunkLoaderData.flushDelayedTicketOps(RegionizedPlayerChunkLoader.java:408)
	at ca.spottedleaf.moonrise.patches.chunk_system.player.RegionizedPlayerChunkLoader$PlayerChunkLoaderData.updateQueues(RegionizedPlayerChunkLoader.java:703)
	at ca.spottedleaf.moonrise.patches.chunk_system.player.RegionizedPlayerChunkLoader.tick(RegionizedPlayerChunkLoader.java:316)
	at net.minecraft.server.level.ServerChunkCache.tick(ServerChunkCache.java:487)
	at net.minecraft.server.level.ServerLevel.tick(ServerLevel.java:815)
	at net.minecraft.server.MinecraftServer.tickChildren(MinecraftServer.java:1836)
	at net.minecraft.server.MinecraftServer.tickServer(MinecraftServer.java:1619)
	at net.minecraft.server.dedicated.DedicatedServer.tickServer(DedicatedServer.java:449)
	at net.minecraft.server.MinecraftServer.processPacketsAndTick(MinecraftServer.java:1676)
	at net.minecraft.server.MinecraftServer.runServer(MinecraftServer.java:1342)
	at net.minecraft.server.MinecraftServer.lambda$spin$2(MinecraftServer.java:388)
	at net.minecraft.server.MinecraftServer$$Lambda/0x000001fa01f38618.run(Unknown Source)
	at java.lang.Thread.runWith(java.base@21.0.10/Thread.java:1596)
	at java.lang.Thread.run(java.base@21.0.10/Thread.java:1583)
=== sample +6465ms ===
"Server thread" #113 [8792] prio=8 os_prio=1 cpu=2625.00ms elapsed=11.86s tid=0x000001fa7349eb60 nid=8792 waiting on condition  [0x000000ca6daff000]
   java.lang.Thread.State: TIMED_WAITING (parking)
	at jdk.internal.misc.Unsafe.park(java.base@21.0.10/Native Method)
	- parking to wait for  <0x0000000700bbf6a0> (a java.lang.String)
	at java.util.concurrent.locks.LockSupport.parkNanos(java.base@21.0.10/LockSupport.java:269)
	at net.minecraft.server.MinecraftServer.recordTaskExecutionTimeWhileWaiting(MinecraftServer.java:1242)
	at net.minecraft.server.MinecraftServer.runServer(MinecraftServer.java:1348)
	at net.minecraft.server.MinecraftServer.lambda$spin$2(MinecraftServer.java:388)
	at net.minecraft.server.MinecraftServer$$Lambda/0x000001fa01f38618.run(Unknown Source)
	at java.lang.Thread.runWith(java.base@21.0.10/Thread.java:1596)
	at java.lang.Thread.run(java.base@21.0.10/Thread.java:1583)
=== sample +6733ms ===
"Server thread" #113 [8792] prio=8 os_prio=1 cpu=2640.62ms elapsed=12.11s tid=0x000001fa7349eb60 nid=8792 runnable  [0x000000ca6dafc000]
   java.lang.Thread.State: RUNNABLE
	at java.lang.ClassLoader.defineClass0(java.base@21.0.10/Native Method)
	at java.lang.System$2.defineClass(java.base@21.0.10/System.java:2394)
	at java.lang.invoke.MethodHandles$Lookup$ClassDefiner.defineClass(java.base@21.0.10/MethodHandles.java:2505)
	at java.lang.invoke.InvokerBytecodeGenerator.loadMethod(java.base@21.0.10/InvokerBytecodeGenerator.java:249)
	at java.lang.invoke.InvokerBytecodeGenerator.generateCustomizedCode(java.base@21.0.10/InvokerBytecodeGenerator.java:712)
	at java.lang.invoke.LambdaForm.compileToBytecode(java.base@21.0.10/LambdaForm.java:849)
	at java.lang.invoke.DirectMethodHandle.makePreparedLambdaForm(java.base@21.0.10/DirectMethodHandle.java:303)
	at java.lang.invoke.DirectMethodHandle.preparedLambdaForm(java.base@21.0.10/DirectMethodHandle.java:231)
	at java.lang.invoke.DirectMethodHandle.preparedLambdaForm(java.base@21.0.10/DirectMethodHandle.java:216)
	at java.lang.invoke.DirectMethodHandle.preparedLambdaForm(java.base@21.0.10/DirectMethodHandle.java:225)
	at java.lang.invoke.DirectMethodHandle.make(java.base@21.0.10/DirectMethodHandle.java:106)
	at java.lang.invoke.MethodHandles$Lookup.getDirectMethodCommon(java.base@21.0.10/MethodHandles.java:4109)
	at java.lang.invoke.MethodHandles$Lookup.getDirectMethodNoSecurityManager(java.base@21.0.10/MethodHandles.java:4065)
	at java.lang.invoke.MethodHandles$Lookup.getDirectMethodForConstant(java.base@21.0.10/MethodHandles.java:4314)
	at java.lang.invoke.MethodHandles$Lookup.linkMethodHandleConstant(java.base@21.0.10/MethodHandles.java:4262)
	at java.lang.invoke.MethodHandleNatives.linkMethodHandleConstant(java.base@21.0.10/MethodHandleNatives.java:602)
	at net.minecraft.world.level.chunk.LevelChunk.lambda$getListenerRegistry$1(LevelChunk.java:322)
	at net.minecraft.world.level.chunk.LevelChunk$$Lambda/0x000001fa027cd000.get(Unknown Source)
	at it.unimi.dsi.fastutil.ints.Int2ObjectOpenHashMap.computeIfAbsent(Int2ObjectOpenHashMap.java:455)
	at net.minecraft.world.level.chunk.LevelChunk.getListenerRegistry(LevelChunk.java:322)
	at net.minecraft.world.level.gameevent.GameEventDispatcher.post(GameEventDispatcher.java:67)
	at net.minecraft.server.level.ServerLevel.gameEvent(ServerLevel.java:1833)
	at net.minecraft.world.level.LevelAccessor.gameEvent(LevelAccessor.java:86)
	at net.minecraft.world.entity.Entity.gameEvent(Entity.java:1857)
	at net.minecraft.world.entity.Entity.gameEvent(Entity.java:1861)
	at net.minecraft.world.entity.Entity.processFlappingMovement(Entity.java:1443)
	at net.minecraft.world.entity.Entity.applyMovementEmissionAndPlaySound(Entity.java:1307)
	at net.minecraft.world.entity.Entity.move(Entity.java:1260)
	at net.minecraft.world.entity.LivingEntity.handleRelativeFrictionAndCalculateMovement(LivingEntity.java:3318)
	at net.minecraft.world.entity.LivingEntity.travelInAir(LivingEntity.java:3124)
	at net.minecraft.world.entity.LivingEntity.travel(LivingEntity.java:3092)
	at net.minecraft.world.entity.LivingEntity.aiStep(LivingEntity.java:3770)
	at net.minecraft.world.entity.Mob.aiStep(Mob.java:554)
	at net.minecraft.world.entity.LivingEntity.tick(LivingEntity.java:3439)
	at net.minecraft.world.entity.Mob.tick(Mob.java:398)
	at net.minecraft.world.entity.ambient.Bat.tick(Bat.java:118)
	at net.minecraft.server.level.ServerLevel.tickNonPassenger(ServerLevel.java:1368)
	at net.minecraft.server.level.ServerLevel$$Lambda/0x000001fa027bb5e8.accept(Unknown Source)
	at net.minecraft.world.level.Level.guardEntityTick(Level.java:1434)
	at net.minecraft.server.level.ServerLevel.lambda$tick$4(ServerLevel.java:865)
	at net.minecraft.server.level.ServerLevel$$Lambda/0x000001fa022bf9b0.accept(Unknown Source)
	at net.minecraft.world.level.entity.EntityTickList.forEach(EntityTickList.java:39)
	at net.minecraft.server.level.ServerLevel.tick(ServerLevel.java:847)
	at net.minecraft.server.MinecraftServer.tickChildren(MinecraftServer.java:1836)
	at net.minecraft.server.MinecraftServer.tickServer(MinecraftServer.java:1619)
	at net.minecraft.server.dedicated.DedicatedServer.tickServer(DedicatedServer.java:449)
	at net.minecraft.server.MinecraftServer.processPacketsAndTick(MinecraftServer.java:1676)
	at net.minecraft.server.MinecraftServer.runServer(MinecraftServer.java:1342)
	at net.minecraft.server.MinecraftServer.lambda$spin$2(MinecraftServer.java:388)
	at net.minecraft.server.MinecraftServer$$Lambda/0x000001fa01f38618.run(Unknown Source)
	at java.lang.Thread.runWith(java.base@21.0.10/Thread.java:1596)
	at java.lang.Thread.run(java.base@21.0.10/Thread.java:1583)
=== sample +6987ms ===
"Server thread" #113 [8792] prio=8 os_prio=1 cpu=2656.25ms elapsed=12.38s tid=0x000001fa7349eb60 nid=8792 waiting on condition  [0x000000ca6daff000]
   java.lang.Thread.State: TIMED_WAITING (parking)
	at jdk.internal.misc.Unsafe.park(java.base@21.0.10/Native Method)
	- parking to wait for  <0x0000000700bbf6a0> (a java.lang.String)
	at java.util.concurrent.locks.LockSupport.parkNanos(java.base@21.0.10/LockSupport.java:269)
	at net.minecraft.server.MinecraftServer.recordTaskExecutionTimeWhileWaiting(MinecraftServer.java:1242)
	at net.minecraft.server.MinecraftServer.runServer(MinecraftServer.java:1348)
	at net.minecraft.server.MinecraftServer.lambda$spin$2(MinecraftServer.java:388)
	at net.minecraft.server.MinecraftServer$$Lambda/0x000001fa01f38618.run(Unknown Source)
	at java.lang.Thread.runWith(java.base@21.0.10/Thread.java:1596)
	at java.lang.Thread.run(java.base@21.0.10/Thread.java:1583)
=== sample +7264ms ===
"Server thread" #113 [8792] prio=8 os_prio=1 cpu=2656.25ms elapsed=12.64s tid=0x000001fa7349eb60 nid=8792 runnable  [0x000000ca6dafe000]
   java.lang.Thread.State: RUNNABLE
	at ca.spottedleaf.moonrise.patches.chunk_system.scheduling.ChunkHolderManager.removeTicketAtLevel(ChunkHolderManager.java:688)
	at ca.spottedleaf.moonrise.patches.chunk_system.scheduling.ChunkHolderManager.removeTicketAtLevel(ChunkHolderManager.java:678)
	at ca.spottedleaf.moonrise.patches.chunk_system.scheduling.ChunkHolderManager.removeTicketAtLevel(ChunkHolderManager.java:674)
	at ca.spottedleaf.moonrise.patches.chunk_system.scheduling.ChunkHolderManager.getOrCreateEntityChunk(ChunkHolderManager.java:1049)
	at ca.spottedleaf.moonrise.patches.chunk_system.scheduling.task.ChunkFullTask.run(ChunkFullTask.java:84)
	at ca.spottedleaf.concurrentutil.executor.queue.PrioritisedTaskQueue$PrioritisedQueuedTask.execute(PrioritisedTaskQueue.java:345)
	at ca.spottedleaf.concurrentutil.executor.queue.PrioritisedTaskQueue.executeTask(PrioritisedTaskQueue.java:126)
	at ca.spottedleaf.moonrise.patches.chunk_system.scheduling.ChunkTaskScheduler.executeMainThreadTask(ChunkTaskScheduler.java:338)
	at net.minecraft.server.level.ServerChunkCache$MainThreadExecutor.pollTask(ServerChunkCache.java:843)
	at net.minecraft.server.level.ServerChunkCache.pollTask(ServerChunkCache.java:429)
	at net.minecraft.server.MinecraftServer.pollTaskInternal(MinecraftServer.java:1519)
	at net.minecraft.server.MinecraftServer.pollTask(MinecraftServer.java:1506)
	at net.minecraft.server.MinecraftServer.recordTaskExecutionTimeWhileWaiting(MinecraftServer.java:1232)
	at net.minecraft.server.MinecraftServer.runServer(MinecraftServer.java:1348)
	at net.minecraft.server.MinecraftServer.lambda$spin$2(MinecraftServer.java:388)
	at net.minecraft.server.MinecraftServer$$Lambda/0x000001fa01f38618.run(Unknown Source)
	at java.lang.Thread.runWith(java.base@21.0.10/Thread.java:1596)
	at java.lang.Thread.run(java.base@21.0.10/Thread.java:1583)
=== sample +7559ms ===
"Server thread" #113 [8792] prio=8 os_prio=1 cpu=2750.00ms elapsed=12.94s tid=0x000001fa7349eb60 nid=8792 runnable  [0x000000ca6dafe000]
   java.lang.Thread.State: RUNNABLE
	at net.minecraft.server.level.ServerEntity.sendChanges(ServerEntity.java:117)
	at net.minecraft.server.level.ChunkMap.newTrackerTick(ChunkMap.java:1109)
	at net.minecraft.server.level.ChunkMap.tick(ChunkMap.java:1137)
	at net.minecraft.server.level.ServerChunkCache.tick(ServerChunkCache.java:489)
	at net.minecraft.server.level.ServerLevel.tick(ServerLevel.java:815)
	at net.minecraft.server.MinecraftServer.tickChildren(MinecraftServer.java:1836)
	at net.minecraft.server.MinecraftServer.tickServer(MinecraftServer.java:1619)
	at net.minecraft.server.dedicated.DedicatedServer.tickServer(DedicatedServer.java:449)
	at net.minecraft.server.MinecraftServer.processPacketsAndTick(MinecraftServer.java:1676)
	at net.minecraft.server.MinecraftServer.runServer(MinecraftServer.java:1342)
	at net.minecraft.server.MinecraftServer.lambda$spin$2(MinecraftServer.java:388)
	at net.minecraft.server.MinecraftServer$$Lambda/0x000001fa01f38618.run(Unknown Source)
	at java.lang.Thread.runWith(java.base@21.0.10/Thread.java:1596)
	at java.lang.Thread.run(java.base@21.0.10/Thread.java:1583)
=== sample +7843ms ===
"Server thread" #113 [8792] prio=8 os_prio=1 cpu=2812.50ms elapsed=13.22s tid=0x000001fa7349eb60 nid=8792 waiting on condition  [0x000000ca6daff000]
   java.lang.Thread.State: TIMED_WAITING (parking)
	at jdk.internal.misc.Unsafe.park(java.base@21.0.10/Native Method)
	- parking to wait for  <0x0000000700bbf6a0> (a java.lang.String)
	at java.util.concurrent.locks.LockSupport.parkNanos(java.base@21.0.10/LockSupport.java:269)
	at net.minecraft.server.MinecraftServer.recordTaskExecutionTimeWhileWaiting(MinecraftServer.java:1242)
	at net.minecraft.server.MinecraftServer.runServer(MinecraftServer.java:1348)
	at net.minecraft.server.MinecraftServer.lambda$spin$2(MinecraftServer.java:388)
	at net.minecraft.server.MinecraftServer$$Lambda/0x000001fa01f38618.run(Unknown Source)
	at java.lang.Thread.runWith(java.base@21.0.10/Thread.java:1596)
	at java.lang.Thread.run(java.base@21.0.10/Thread.java:1583)
=== sample +8110ms ===
"Server thread" #113 [8792] prio=8 os_prio=1 cpu=2906.25ms elapsed=13.50s tid=0x000001fa7349eb60 nid=8792 waiting on condition  [0x000000ca6daff000]
   java.lang.Thread.State: TIMED_WAITING (parking)
	at jdk.internal.misc.Unsafe.park(java.base@21.0.10/Native Method)
	- parking to wait for  <0x0000000710743420> (a java.lang.String)
	at java.util.concurrent.locks.LockSupport.parkNanos(java.base@21.0.10/LockSupport.java:269)
	at net.minecraft.server.MinecraftServer.recordTaskExecutionTimeWhileWaiting(MinecraftServer.java:1242)
	at net.minecraft.server.MinecraftServer.runServer(MinecraftServer.java:1348)
	at net.minecraft.server.MinecraftServer.lambda$spin$2(MinecraftServer.java:388)
	at net.minecraft.server.MinecraftServer$$Lambda/0x000001fa01f38618.run(Unknown Source)
	at java.lang.Thread.runWith(java.base@21.0.10/Thread.java:1596)
	at java.lang.Thread.run(java.base@21.0.10/Thread.java:1583)
=== sample +8403ms ===
"Server thread" #113 [8792] prio=8 os_prio=1 cpu=2984.38ms elapsed=13.78s tid=0x000001fa7349eb60 nid=8792 runnable  [0x000000ca6dafd000]
   java.lang.Thread.State: RUNNABLE
	at net.minecraft.world.level.block.Block.updateFromNeighbourShapes(Block.java:228)
	at net.minecraft.world.level.chunk.LevelChunk.postProcessGeneration(LevelChunk.java:846)
	at ca.spottedleaf.moonrise.paper.util.BaseChunkSystemHooks.onChunkTicking(BaseChunkSystemHooks.java:114)
	at ca.spottedleaf.moonrise.patches.chunk_system.scheduling.NewChunkHolder.handleFullStatusChange(NewChunkHolder.java:1261)
	at ca.spottedleaf.moonrise.patches.chunk_system.scheduling.ChunkHolderManager.processPendingFullUpdate(ChunkHolderManager.java:1492)
	at ca.spottedleaf.moonrise.patches.chunk_system.scheduling.ChunkHolderManager.processTicketUpdates(ChunkHolderManager.java:1452)
	at net.minecraft.server.level.ServerChunkCache.runDistanceManagerUpdates(ServerChunkCache.java:433)
	at net.minecraft.server.level.ServerChunkCache$MainThreadExecutor.pollTask(ServerChunkCache.java:840)
	at net.minecraft.server.level.ServerChunkCache.pollTask(ServerChunkCache.java:429)
	at net.minecraft.server.MinecraftServer.tickMidTickTasks(MinecraftServer.java:425)
	at net.minecraft.server.MinecraftServer.moonrise$executeMidTickTasks(MinecraftServer.java:446)
	at net.minecraft.server.level.ServerChunkCache.iterateTickingChunksFaster(ServerChunkCache.java:179)
	at net.minecraft.server.level.ServerChunkCache.tickChunks(ServerChunkCache.java:606)
	at net.minecraft.server.level.ServerChunkCache.tickChunks(ServerChunkCache.java:507)
	at net.minecraft.server.level.ServerChunkCache.tick(ServerChunkCache.java:488)
	at net.minecraft.server.level.ServerLevel.tick(ServerLevel.java:815)
	at net.minecraft.server.MinecraftServer.tickChildren(MinecraftServer.java:1836)
	at net.minecraft.server.MinecraftServer.tickServer(MinecraftServer.java:1619)
	at net.minecraft.server.dedicated.DedicatedServer.tickServer(DedicatedServer.java:449)
	at net.minecraft.server.MinecraftServer.processPacketsAndTick(MinecraftServer.java:1676)
	at net.minecraft.server.MinecraftServer.runServer(MinecraftServer.java:1342)
	at net.minecraft.server.MinecraftServer.lambda$spin$2(MinecraftServer.java:388)
	at net.minecraft.server.MinecraftServer$$Lambda/0x000001fa01f38618.run(Unknown Source)
	at java.lang.Thread.runWith(java.base@21.0.10/Thread.java:1596)
	at java.lang.Thread.run(java.base@21.0.10/Thread.java:1583)
=== sample +8697ms ===
"Server thread" #113 [8792] prio=8 os_prio=1 cpu=3046.88ms elapsed=14.08s tid=0x000001fa7349eb60 nid=8792 runnable  [0x000000ca6dafe000]
   java.lang.Thread.State: RUNNABLE
	at it.unimi.dsi.fastutil.objects.ReferenceOpenHashSet.contains(ReferenceOpenHashSet.java:450)
	at it.unimi.dsi.fastutil.objects.ReferenceCollections$UnmodifiableCollection.contains(ReferenceCollections.java:344)
	at it.unimi.dsi.fastutil.objects.ReferenceSets$UnmodifiableSet.contains(ReferenceSets.java:221)
	at net.minecraft.core.Holder$Reference.is(Holder.java:175)
	at net.minecraft.world.level.block.state.BlockBehaviour$BlockStateBase.is(BlockBehaviour.java:958)
	at net.minecraft.world.level.block.LeavesBlock.getOptionalDistanceAt(LeavesBlock.java:146)
	at net.minecraft.world.level.block.LeavesBlock.getDistanceAt(LeavesBlock.java:142)
	at net.minecraft.world.level.block.LeavesBlock.updateShape(LeavesBlock.java:118)
	at net.minecraft.world.level.block.state.BlockBehaviour$BlockStateBase.updateShape(BlockBehaviour.java:926)
	at net.minecraft.world.level.redstone.NeighborUpdater.executeShapeUpdate(NeighborUpdater.java:39)
	at net.minecraft.world.level.redstone.CollectingNeighborUpdater$ShapeUpdate.runNext(CollectingNeighborUpdater.java:177)
	at net.minecraft.world.level.redstone.CollectingNeighborUpdater.runUpdates(CollectingNeighborUpdater.java:88)
	at net.minecraft.world.level.redstone.CollectingNeighborUpdater.addAndRun(CollectingNeighborUpdater.java:70)
	at net.minecraft.world.level.redstone.CollectingNeighborUpdater.shapeUpdate(CollectingNeighborUpdater.java:37)
	at net.minecraft.world.level.Level.neighborShapeChanged(Level.java:1265)
	at net.minecraft.world.level.block.state.BlockBehaviour$BlockStateBase.updateNeighbourShapes(BlockBehaviour.java:846)
	at net.minecraft.world.level.Level.notifyAndUpdatePhysics(Level.java:1176)
	at net.minecraft.world.level.Level.setBlock(Level.java:1130)
	at net.minecraft.world.level.Level.setBlock(Level.java:1042)
	at net.minecraft.world.level.block.LeavesBlock.tick(LeavesBlock.java:95)
	at net.minecraft.world.level.block.state.BlockBehaviour$BlockStateBase.tick(BlockBehaviour.java:877)
	at net.minecraft.server.level.ServerLevel.tickBlock(ServerLevel.java:1330)
	at net.minecraft.server.level.ServerLevel$$Lambda/0x000001fa0225f328.accept(Unknown Source)
	at net.minecraft.world.ticks.LevelTicks.runCollectedTicks(LevelTicks.java:189)
	at net.minecraft.world.ticks.LevelTicks.tick(LevelTicks.java:88)
	at net.minecraft.server.level.ServerLevel.tick(ServerLevel.java:799)
	at net.minecraft.server.MinecraftServer.tickChildren(MinecraftServer.java:1836)
	at net.minecraft.server.MinecraftServer.tickServer(MinecraftServer.java:1619)
	at net.minecraft.server.dedicated.DedicatedServer.tickServer(DedicatedServer.java:449)
	at net.minecraft.server.MinecraftServer.processPacketsAndTick(MinecraftServer.java:1676)
	at net.minecraft.server.MinecraftServer.runServer(MinecraftServer.java:1342)
	at net.minecraft.server.MinecraftServer.lambda$spin$2(MinecraftServer.java:388)
	at net.minecraft.server.MinecraftServer$$Lambda/0x000001fa01f38618.run(Unknown Source)
	at java.lang.Thread.runWith(java.base@21.0.10/Thread.java:1596)
	at java.lang.Thread.run(java.base@21.0.10/Thread.java:1583)
=== sample +8975ms ===
"Server thread" #113 [8792] prio=8 os_prio=1 cpu=3125.00ms elapsed=14.36s tid=0x000001fa7349eb60 nid=8792 waiting on condition  [0x000000ca6daff000]
   java.lang.Thread.State: TIMED_WAITING (parking)
	at jdk.internal.misc.Unsafe.park(java.base@21.0.10/Native Method)
	- parking to wait for  <0x0000000710743420> (a java.lang.String)
	at java.util.concurrent.locks.LockSupport.parkNanos(java.base@21.0.10/LockSupport.java:269)
	at net.minecraft.server.MinecraftServer.recordTaskExecutionTimeWhileWaiting(MinecraftServer.java:1242)
	at net.minecraft.server.MinecraftServer.runServer(MinecraftServer.java:1348)
	at net.minecraft.server.MinecraftServer.lambda$spin$2(MinecraftServer.java:388)
	at net.minecraft.server.MinecraftServer$$Lambda/0x000001fa01f38618.run(Unknown Source)
	at java.lang.Thread.runWith(java.base@21.0.10/Thread.java:1596)
	at java.lang.Thread.run(java.base@21.0.10/Thread.java:1583)
=== sample +9255ms ===
"Server thread" #113 [8792] prio=8 os_prio=1 cpu=3171.88ms elapsed=14.64s tid=0x000001fa7349eb60 nid=8792 waiting on condition  [0x000000ca6daff000]
   java.lang.Thread.State: TIMED_WAITING (parking)
	at jdk.internal.misc.Unsafe.park(java.base@21.0.10/Native Method)
	- parking to wait for  <0x0000000710743420> (a java.lang.String)
	at java.util.concurrent.locks.LockSupport.parkNanos(java.base@21.0.10/LockSupport.java:269)
	at net.minecraft.server.MinecraftServer.recordTaskExecutionTimeWhileWaiting(MinecraftServer.java:1242)
	at net.minecraft.server.MinecraftServer.runServer(MinecraftServer.java:1348)
	at net.minecraft.server.MinecraftServer.lambda$spin$2(MinecraftServer.java:388)
	at net.minecraft.server.MinecraftServer$$Lambda/0x000001fa01f38618.run(Unknown Source)
	at java.lang.Thread.runWith(java.base@21.0.10/Thread.java:1596)
	at java.lang.Thread.run(java.base@21.0.10/Thread.java:1583)
=== sample +9518ms ===
"Server thread" #113 [8792] prio=8 os_prio=1 cpu=3171.88ms elapsed=14.92s tid=0x000001fa7349eb60 nid=8792 waiting on condition  [0x000000ca6daff000]
   java.lang.Thread.State: TIMED_WAITING (parking)
	at jdk.internal.misc.Unsafe.park(java.base@21.0.10/Native Method)
	- parking to wait for  <0x0000000710743420> (a java.lang.String)
	at java.util.concurrent.locks.LockSupport.parkNanos(java.base@21.0.10/LockSupport.java:269)
	at net.minecraft.server.MinecraftServer.recordTaskExecutionTimeWhileWaiting(MinecraftServer.java:1242)
	at net.minecraft.server.MinecraftServer.runServer(MinecraftServer.java:1348)
	at net.minecraft.server.MinecraftServer.lambda$spin$2(MinecraftServer.java:388)
	at net.minecraft.server.MinecraftServer$$Lambda/0x000001fa01f38618.run(Unknown Source)
	at java.lang.Thread.runWith(java.base@21.0.10/Thread.java:1596)
	at java.lang.Thread.run(java.base@21.0.10/Thread.java:1583)
=== sample +9782ms ===
"Server thread" #113 [8792] prio=8 os_prio=1 cpu=3187.50ms elapsed=15.18s tid=0x000001fa7349eb60 nid=8792 runnable  [0x000000ca6dafc000]
   java.lang.Thread.State: RUNNABLE
	at java.lang.StringLatin1.replace(java.base@21.0.10/StringLatin1.java:316)
	at java.lang.String.replace(java.base@21.0.10/String.java:2922)
	at java.lang.invoke.InnerClassLambdaMetafactory.generateInnerClass(java.base@21.0.10/InnerClassLambdaMetafactory.java:299)
	at java.lang.invoke.InnerClassLambdaMetafactory.spinInnerClass(java.base@21.0.10/InnerClassLambdaMetafactory.java:286)
	at java.lang.invoke.InnerClassLambdaMetafactory.buildCallSite(java.base@21.0.10/InnerClassLambdaMetafactory.java:221)
	at java.lang.invoke.LambdaMetafactory.metafactory(java.base@21.0.10/LambdaMetafactory.java:341)
	at java.lang.invoke.LambdaForm$DMH/0x000001fa01110400.invokeStatic(java.base@21.0.10/LambdaForm$DMH)
	at java.lang.invoke.Invokers$Holder.invokeExact_MT(java.base@21.0.10/Invokers$Holder)
	at java.lang.invoke.BootstrapMethodInvoker.invoke(java.base@21.0.10/BootstrapMethodInvoker.java:134)
	at java.lang.invoke.CallSite.makeSite(java.base@21.0.10/CallSite.java:310)
	at java.lang.invoke.MethodHandleNatives.linkCallSiteImpl(java.base@21.0.10/MethodHandleNatives.java:249)
	at java.lang.invoke.MethodHandleNatives.linkCallSite(java.base@21.0.10/MethodHandleNatives.java:239)
	at net.minecraft.world.entity.ai.util.LandRandomPos.movePosUpOutOfSolid(LandRandomPos.java:63)
	at net.minecraft.world.entity.ai.util.LandRandomPos.lambda$getPos$0(LandRandomPos.java:19)
	at net.minecraft.world.entity.ai.util.LandRandomPos$$Lambda/0x000001fa02813de8.get(Unknown Source)
	at net.minecraft.world.entity.ai.util.RandomPos.generateRandomPos(RandomPos.java:92)
	at net.minecraft.world.entity.ai.util.LandRandomPos.getPos(LandRandomPos.java:16)
	at net.minecraft.world.entity.ai.util.LandRandomPos.getPos(LandRandomPos.java:11)
	at net.minecraft.world.entity.ai.goal.WaterAvoidingRandomStrollGoal.getPosition(WaterAvoidingRandomStrollGoal.java:27)
	at net.minecraft.world.entity.ai.goal.RandomStrollGoal.canUse(RandomStrollGoal.java:51)
	at net.minecraft.world.entity.ai.goal.WrappedGoal.canUse(WrappedGoal.java:22)
	at net.minecraft.world.entity.ai.goal.GoalSelector.tick(GoalSelector.java:100)
	at net.minecraft.world.entity.Mob.serverAiStep(Mob.java:868)
	at net.minecraft.world.entity.LivingEntity.aiStep(LivingEntity.java:3717)
	at net.minecraft.world.entity.Mob.aiStep(Mob.java:554)
	at net.minecraft.world.entity.AgeableMob.aiStep(AgeableMob.java:149)
	at net.minecraft.world.entity.animal.Animal.aiStep(Animal.java:71)
	at net.minecraft.world.entity.LivingEntity.tick(LivingEntity.java:3439)
	at net.minecraft.world.entity.Mob.tick(Mob.java:398)
	at net.minecraft.server.level.ServerLevel.tickNonPassenger(ServerLevel.java:1368)
	at net.minecraft.server.level.ServerLevel$$Lambda/0x000001fa027bb5e8.accept(Unknown Source)
	at net.minecraft.world.level.Level.guardEntityTick(Level.java:1434)
	at net.minecraft.server.level.ServerLevel.lambda$tick$4(ServerLevel.java:865)
	at net.minecraft.server.level.ServerLevel$$Lambda/0x000001fa022bf9b0.accept(Unknown Source)
	at net.minecraft.world.level.entity.EntityTickList.forEach(EntityTickList.java:39)
	at net.minecraft.server.level.ServerLevel.tick(ServerLevel.java:847)
	at net.minecraft.server.MinecraftServer.tickChildren(MinecraftServer.java:1836)
	at net.minecraft.server.MinecraftServer.tickServer(MinecraftServer.java:1619)
	at net.minecraft.server.dedicated.DedicatedServer.tickServer(DedicatedServer.java:449)
	at net.minecraft.server.MinecraftServer.processPacketsAndTick(MinecraftServer.java:1676)
	at net.minecraft.server.MinecraftServer.runServer(MinecraftServer.java:1342)
	at net.minecraft.server.MinecraftServer.lambda$spin$2(MinecraftServer.java:388)
	at net.minecraft.server.MinecraftServer$$Lambda/0x000001fa01f38618.run(Unknown Source)
	at java.lang.Thread.runWith(java.base@21.0.10/Thread.java:1596)
	at java.lang.Thread.run(java.base@21.0.10/Thread.java:1583)
=== sample +10058ms ===
"Server thread" #113 [8792] prio=8 os_prio=1 cpu=3281.25ms elapsed=15.45s tid=0x000001fa7349eb60 nid=8792 waiting on condition  [0x000000ca6daff000]
   java.lang.Thread.State: TIMED_WAITING (parking)
	at jdk.internal.misc.Unsafe.park(java.base@21.0.10/Native Method)
	- parking to wait for  <0x0000000710743420> (a java.lang.String)
	at java.util.concurrent.locks.LockSupport.parkNanos(java.base@21.0.10/LockSupport.java:269)
	at net.minecraft.server.MinecraftServer.recordTaskExecutionTimeWhileWaiting(MinecraftServer.java:1242)
	at net.minecraft.server.MinecraftServer.runServer(MinecraftServer.java:1348)
	at net.minecraft.server.MinecraftServer.lambda$spin$2(MinecraftServer.java:388)
	at net.minecraft.server.MinecraftServer$$Lambda/0x000001fa01f38618.run(Unknown Source)
	at java.lang.Thread.runWith(java.base@21.0.10/Thread.java:1596)
	at java.lang.Thread.run(java.base@21.0.10/Thread.java:1583)
=== sample +10323ms ===
"Server thread" #113 [8792] prio=8 os_prio=1 cpu=3343.75ms elapsed=15.71s tid=0x000001fa7349eb60 nid=8792 waiting on condition  [0x000000ca6daff000]
   java.lang.Thread.State: TIMED_WAITING (parking)
	at jdk.internal.misc.Unsafe.park(java.base@21.0.10/Native Method)
	- parking to wait for  <0x0000000710743420> (a java.lang.String)
	at java.util.concurrent.locks.LockSupport.parkNanos(java.base@21.0.10/LockSupport.java:269)
	at net.minecraft.server.MinecraftServer.recordTaskExecutionTimeWhileWaiting(MinecraftServer.java:1242)
	at net.minecraft.server.MinecraftServer.runServer(MinecraftServer.java:1348)
	at net.minecraft.server.MinecraftServer.lambda$spin$2(MinecraftServer.java:388)
	at net.minecraft.server.MinecraftServer$$Lambda/0x000001fa01f38618.run(Unknown Source)
	at java.lang.Thread.runWith(java.base@21.0.10/Thread.java:1596)
	at java.lang.Thread.run(java.base@21.0.10/Thread.java:1583)
=== sample +10602ms ===
"Server thread" #113 [8792] prio=8 os_prio=1 cpu=3359.38ms elapsed=15.99s tid=0x000001fa7349eb60 nid=8792 waiting on condition  [0x000000ca6daff000]
   java.lang.Thread.State: TIMED_WAITING (parking)
	at jdk.internal.misc.Unsafe.park(java.base@21.0.10/Native Method)
	- parking to wait for  <0x0000000710743420> (a java.lang.String)
	at java.util.concurrent.locks.LockSupport.parkNanos(java.base@21.0.10/LockSupport.java:269)
	at net.minecraft.server.MinecraftServer.recordTaskExecutionTimeWhileWaiting(MinecraftServer.java:1242)
	at net.minecraft.server.MinecraftServer.runServer(MinecraftServer.java:1348)
	at net.minecraft.server.MinecraftServer.lambda$spin$2(MinecraftServer.java:388)
	at net.minecraft.server.MinecraftServer$$Lambda/0x000001fa01f38618.run(Unknown Source)
	at java.lang.Thread.runWith(java.base@21.0.10/Thread.java:1596)
	at java.lang.Thread.run(java.base@21.0.10/Thread.java:1583)
=== sample +10864ms ===
"Server thread" #113 [8792] prio=8 os_prio=1 cpu=3359.38ms elapsed=16.27s tid=0x000001fa7349eb60 nid=8792 waiting on condition  [0x000000ca6daff000]
   java.lang.Thread.State: TIMED_WAITING (parking)
	at jdk.internal.misc.Unsafe.park(java.base@21.0.10/Native Method)
	- parking to wait for  <0x0000000710743420> (a java.lang.String)
	at java.util.concurrent.locks.LockSupport.parkNanos(java.base@21.0.10/LockSupport.java:269)
	at net.minecraft.server.MinecraftServer.recordTaskExecutionTimeWhileWaiting(MinecraftServer.java:1242)
	at net.minecraft.server.MinecraftServer.runServer(MinecraftServer.java:1348)
	at net.minecraft.server.MinecraftServer.lambda$spin$2(MinecraftServer.java:388)
	at net.minecraft.server.MinecraftServer$$Lambda/0x000001fa01f38618.run(Unknown Source)
	at java.lang.Thread.runWith(java.base@21.0.10/Thread.java:1596)
	at java.lang.Thread.run(java.base@21.0.10/Thread.java:1583)
=== sample +11142ms ===
"Server thread" #113 [8792] prio=8 os_prio=1 cpu=3390.62ms elapsed=16.54s tid=0x000001fa7349eb60 nid=8792 waiting on condition  [0x000000ca6daff000]
   java.lang.Thread.State: TIMED_WAITING (parking)
	at jdk.internal.misc.Unsafe.park(java.base@21.0.10/Native Method)
	- parking to wait for  <0x0000000710743420> (a java.lang.String)
	at java.util.concurrent.locks.LockSupport.parkNanos(java.base@21.0.10/LockSupport.java:269)
	at net.minecraft.server.MinecraftServer.recordTaskExecutionTimeWhileWaiting(MinecraftServer.java:1242)
	at net.minecraft.server.MinecraftServer.runServer(MinecraftServer.java:1348)
	at net.minecraft.server.MinecraftServer.lambda$spin$2(MinecraftServer.java:388)
	at net.minecraft.server.MinecraftServer$$Lambda/0x000001fa01f38618.run(Unknown Source)
	at java.lang.Thread.runWith(java.base@21.0.10/Thread.java:1596)
	at java.lang.Thread.run(java.base@21.0.10/Thread.java:1583)
=== sample +11433ms ===
"Server thread" #113 [8792] prio=8 os_prio=1 cpu=3453.12ms elapsed=16.83s tid=0x000001fa7349eb60 nid=8792 runnable  [0x000000ca6dafd000]
   java.lang.Thread.State: RUNNABLE
	at net.minecraft.world.entity.Entity.baseTick(Entity.java:872)
	at net.minecraft.world.entity.LivingEntity.baseTick(LivingEntity.java:452)
	at net.minecraft.world.entity.Mob.baseTick(Mob.java:338)
	at net.minecraft.world.entity.Entity.tick(Entity.java:845)
	at net.minecraft.world.entity.LivingEntity.tick(LivingEntity.java:3400)
	at net.minecraft.world.entity.Mob.tick(Mob.java:398)
	at net.minecraft.world.entity.ambient.Bat.tick(Bat.java:118)
	at net.minecraft.server.level.ServerLevel.tickNonPassenger(ServerLevel.java:1368)
	at net.minecraft.server.level.ServerLevel$$Lambda/0x000001fa027bb5e8.accept(Unknown Source)
	at net.minecraft.world.level.Level.guardEntityTick(Level.java:1434)
	at net.minecraft.server.level.ServerLevel.lambda$tick$4(ServerLevel.java:865)
	at net.minecraft.server.level.ServerLevel$$Lambda/0x000001fa022bf9b0.accept(Unknown Source)
	at net.minecraft.world.level.entity.EntityTickList.forEach(EntityTickList.java:39)
	at net.minecraft.server.level.ServerLevel.tick(ServerLevel.java:847)
	at net.minecraft.server.MinecraftServer.tickChildren(MinecraftServer.java:1836)
	at net.minecraft.server.MinecraftServer.tickServer(MinecraftServer.java:1619)
	at net.minecraft.server.dedicated.DedicatedServer.tickServer(DedicatedServer.java:449)
	at net.minecraft.server.MinecraftServer.processPacketsAndTick(MinecraftServer.java:1676)
	at net.minecraft.server.MinecraftServer.runServer(MinecraftServer.java:1342)
	at net.minecraft.server.MinecraftServer.lambda$spin$2(MinecraftServer.java:388)
	at net.minecraft.server.MinecraftServer$$Lambda/0x000001fa01f38618.run(Unknown Source)
	at java.lang.Thread.runWith(java.base@21.0.10/Thread.java:1596)
	at java.lang.Thread.run(java.base@21.0.10/Thread.java:1583)
=== sample +11699ms ===
"Server thread" #113 [8792] prio=8 os_prio=1 cpu=3468.75ms elapsed=17.09s tid=0x000001fa7349eb60 nid=8792 waiting on condition  [0x000000ca6daff000]
   java.lang.Thread.State: TIMED_WAITING (parking)
	at jdk.internal.misc.Unsafe.park(java.base@21.0.10/Native Method)
	- parking to wait for  <0x0000000710743420> (a java.lang.String)
	at java.util.concurrent.locks.LockSupport.parkNanos(java.base@21.0.10/LockSupport.java:269)
	at net.minecraft.server.MinecraftServer.recordTaskExecutionTimeWhileWaiting(MinecraftServer.java:1242)
	at net.minecraft.server.MinecraftServer.runServer(MinecraftServer.java:1348)
	at net.minecraft.server.MinecraftServer.lambda$spin$2(MinecraftServer.java:388)
	at net.minecraft.server.MinecraftServer$$Lambda/0x000001fa01f38618.run(Unknown Source)
	at java.lang.Thread.runWith(java.base@21.0.10/Thread.java:1596)
	at java.lang.Thread.run(java.base@21.0.10/Thread.java:1583)
=== sample +11957ms ===
"Server thread" #113 [8792] prio=8 os_prio=1 cpu=3468.75ms elapsed=17.35s tid=0x000001fa7349eb60 nid=8792 waiting on condition  [0x000000ca6daff000]
   java.lang.Thread.State: TIMED_WAITING (parking)
	at jdk.internal.misc.Unsafe.park(java.base@21.0.10/Native Method)
	- parking to wait for  <0x0000000710743420> (a java.lang.String)
	at java.util.concurrent.locks.LockSupport.parkNanos(java.base@21.0.10/LockSupport.java:269)
	at net.minecraft.server.MinecraftServer.recordTaskExecutionTimeWhileWaiting(MinecraftServer.java:1242)
	at net.minecraft.server.MinecraftServer.runServer(MinecraftServer.java:1348)
	at net.minecraft.server.MinecraftServer.lambda$spin$2(MinecraftServer.java:388)
	at net.minecraft.server.MinecraftServer$$Lambda/0x000001fa01f38618.run(Unknown Source)
	at java.lang.Thread.runWith(java.base@21.0.10/Thread.java:1596)
	at java.lang.Thread.run(java.base@21.0.10/Thread.java:1583)
=== sample +12237ms ===
"Server thread" #113 [8792] prio=8 os_prio=1 cpu=3468.75ms elapsed=17.63s tid=0x000001fa7349eb60 nid=8792 waiting on condition  [0x000000ca6daff000]
   java.lang.Thread.State: TIMED_WAITING (parking)
	at jdk.internal.misc.Unsafe.park(java.base@21.0.10/Native Method)
	- parking to wait for  <0x0000000710743420> (a java.lang.String)
	at java.util.concurrent.locks.LockSupport.parkNanos(java.base@21.0.10/LockSupport.java:269)
	at net.minecraft.server.MinecraftServer.recordTaskExecutionTimeWhileWaiting(MinecraftServer.java:1242)
	at net.minecraft.server.MinecraftServer.runServer(MinecraftServer.java:1348)
	at net.minecraft.server.MinecraftServer.lambda$spin$2(MinecraftServer.java:388)
	at net.minecraft.server.MinecraftServer$$Lambda/0x000001fa01f38618.run(Unknown Source)
	at java.lang.Thread.runWith(java.base@21.0.10/Thread.java:1596)
	at java.lang.Thread.run(java.base@21.0.10/Thread.java:1583)
=== sample +12501ms ===
"Server thread" #113 [8792] prio=8 os_prio=1 cpu=3484.38ms elapsed=17.89s tid=0x000001fa7349eb60 nid=8792 waiting on condition  [0x000000ca6daff000]
   java.lang.Thread.State: TIMED_WAITING (parking)
	at jdk.internal.misc.Unsafe.park(java.base@21.0.10/Native Method)
	- parking to wait for  <0x0000000710743420> (a java.lang.String)
	at java.util.concurrent.locks.LockSupport.parkNanos(java.base@21.0.10/LockSupport.java:269)
	at net.minecraft.server.MinecraftServer.recordTaskExecutionTimeWhileWaiting(MinecraftServer.java:1242)
	at net.minecraft.server.MinecraftServer.runServer(MinecraftServer.java:1348)
	at net.minecraft.server.MinecraftServer.lambda$spin$2(MinecraftServer.java:388)
	at net.minecraft.server.MinecraftServer$$Lambda/0x000001fa01f38618.run(Unknown Source)
	at java.lang.Thread.runWith(java.base@21.0.10/Thread.java:1596)
	at java.lang.Thread.run(java.base@21.0.10/Thread.java:1583)
=== sample +12760ms ===
"Server thread" #113 [8792] prio=8 os_prio=1 cpu=3515.62ms elapsed=18.15s tid=0x000001fa7349eb60 nid=8792 waiting on condition  [0x000000ca6daff000]
   java.lang.Thread.State: TIMED_WAITING (parking)
	at jdk.internal.misc.Unsafe.park(java.base@21.0.10/Native Method)
	- parking to wait for  <0x0000000710743420> (a java.lang.String)
	at java.util.concurrent.locks.LockSupport.parkNanos(java.base@21.0.10/LockSupport.java:269)
	at net.minecraft.server.MinecraftServer.recordTaskExecutionTimeWhileWaiting(MinecraftServer.java:1242)
	at net.minecraft.server.MinecraftServer.runServer(MinecraftServer.java:1348)
	at net.minecraft.server.MinecraftServer.lambda$spin$2(MinecraftServer.java:388)
	at net.minecraft.server.MinecraftServer$$Lambda/0x000001fa01f38618.run(Unknown Source)
	at java.lang.Thread.runWith(java.base@21.0.10/Thread.java:1596)
	at java.lang.Thread.run(java.base@21.0.10/Thread.java:1583)
=== sample +13023ms ===
"Server thread" #113 [8792] prio=8 os_prio=1 cpu=3515.62ms elapsed=18.41s tid=0x000001fa7349eb60 nid=8792 waiting on condition  [0x000000ca6daff000]
   java.lang.Thread.State: TIMED_WAITING (parking)
	at jdk.internal.misc.Unsafe.park(java.base@21.0.10/Native Method)
	- parking to wait for  <0x0000000710743420> (a java.lang.String)
	at java.util.concurrent.locks.LockSupport.parkNanos(java.base@21.0.10/LockSupport.java:269)
	at net.minecraft.server.MinecraftServer.recordTaskExecutionTimeWhileWaiting(MinecraftServer.java:1242)
	at net.minecraft.server.MinecraftServer.runServer(MinecraftServer.java:1348)
	at net.minecraft.server.MinecraftServer.lambda$spin$2(MinecraftServer.java:388)
	at net.minecraft.server.MinecraftServer$$Lambda/0x000001fa01f38618.run(Unknown Source)
	at java.lang.Thread.runWith(java.base@21.0.10/Thread.java:1596)
	at java.lang.Thread.run(java.base@21.0.10/Thread.java:1583)
=== sample +13288ms ===
"Server thread" #113 [8792] prio=8 os_prio=1 cpu=3515.62ms elapsed=18.68s tid=0x000001fa7349eb60 nid=8792 waiting on condition  [0x000000ca6daff000]
   java.lang.Thread.State: TIMED_WAITING (parking)
	at jdk.internal.misc.Unsafe.park(java.base@21.0.10/Native Method)
	- parking to wait for  <0x0000000710743420> (a java.lang.String)
	at java.util.concurrent.locks.LockSupport.parkNanos(java.base@21.0.10/LockSupport.java:269)
	at net.minecraft.server.MinecraftServer.recordTaskExecutionTimeWhileWaiting(MinecraftServer.java:1242)
	at net.minecraft.server.MinecraftServer.runServer(MinecraftServer.java:1348)
	at net.minecraft.server.MinecraftServer.lambda$spin$2(MinecraftServer.java:388)
	at net.minecraft.server.MinecraftServer$$Lambda/0x000001fa01f38618.run(Unknown Source)
	at java.lang.Thread.runWith(java.base@21.0.10/Thread.java:1596)
	at java.lang.Thread.run(java.base@21.0.10/Thread.java:1583)
=== sample +13552ms ===
"Server thread" #113 [8792] prio=8 os_prio=1 cpu=3515.62ms elapsed=18.94s tid=0x000001fa7349eb60 nid=8792 waiting on condition  [0x000000ca6daff000]
   java.lang.Thread.State: TIMED_WAITING (parking)
	at jdk.internal.misc.Unsafe.park(java.base@21.0.10/Native Method)
	- parking to wait for  <0x0000000710743420> (a java.lang.String)
	at java.util.concurrent.locks.LockSupport.parkNanos(java.base@21.0.10/LockSupport.java:269)
	at net.minecraft.server.MinecraftServer.recordTaskExecutionTimeWhileWaiting(MinecraftServer.java:1242)
	at net.minecraft.server.MinecraftServer.runServer(MinecraftServer.java:1348)
	at net.minecraft.server.MinecraftServer.lambda$spin$2(MinecraftServer.java:388)
	at net.minecraft.server.MinecraftServer$$Lambda/0x000001fa01f38618.run(Unknown Source)
	at java.lang.Thread.runWith(java.base@21.0.10/Thread.java:1596)
	at java.lang.Thread.run(java.base@21.0.10/Thread.java:1583)
=== sample +13811ms ===
"Server thread" #113 [8792] prio=8 os_prio=1 cpu=3515.62ms elapsed=19.20s tid=0x000001fa7349eb60 nid=8792 waiting on condition  [0x000000ca6daff000]
   java.lang.Thread.State: TIMED_WAITING (parking)
	at jdk.internal.misc.Unsafe.park(java.base@21.0.10/Native Method)
	- parking to wait for  <0x0000000710743420> (a java.lang.String)
	at java.util.concurrent.locks.LockSupport.parkNanos(java.base@21.0.10/LockSupport.java:269)
	at net.minecraft.server.MinecraftServer.recordTaskExecutionTimeWhileWaiting(MinecraftServer.java:1242)
	at net.minecraft.server.MinecraftServer.runServer(MinecraftServer.java:1348)
	at net.minecraft.server.MinecraftServer.lambda$spin$2(MinecraftServer.java:388)
	at net.minecraft.server.MinecraftServer$$Lambda/0x000001fa01f38618.run(Unknown Source)
	at java.lang.Thread.runWith(java.base@21.0.10/Thread.java:1596)
	at java.lang.Thread.run(java.base@21.0.10/Thread.java:1583)
=== sample +14063ms ===
"Server thread" #113 [8792] prio=8 os_prio=1 cpu=3515.62ms elapsed=19.46s tid=0x000001fa7349eb60 nid=8792 waiting on condition  [0x000000ca6daff000]
   java.lang.Thread.State: TIMED_WAITING (parking)
	at jdk.internal.misc.Unsafe.park(java.base@21.0.10/Native Method)
	- parking to wait for  <0x0000000710743420> (a java.lang.String)
	at java.util.concurrent.locks.LockSupport.parkNanos(java.base@21.0.10/LockSupport.java:269)
	at net.minecraft.server.MinecraftServer.recordTaskExecutionTimeWhileWaiting(MinecraftServer.java:1242)
	at net.minecraft.server.MinecraftServer.runServer(MinecraftServer.java:1348)
	at net.minecraft.server.MinecraftServer.lambda$spin$2(MinecraftServer.java:388)
	at net.minecraft.server.MinecraftServer$$Lambda/0x000001fa01f38618.run(Unknown Source)
	at java.lang.Thread.runWith(java.base@21.0.10/Thread.java:1596)
	at java.lang.Thread.run(java.base@21.0.10/Thread.java:1583)
=== sample +14325ms ===
"Server thread" #113 [8792] prio=8 os_prio=1 cpu=3578.12ms elapsed=19.72s tid=0x000001fa7349eb60 nid=8792 waiting on condition  [0x000000ca6daff000]
   java.lang.Thread.State: TIMED_WAITING (parking)
	at jdk.internal.misc.Unsafe.park(java.base@21.0.10/Native Method)
	- parking to wait for  <0x0000000710743420> (a java.lang.String)
	at java.util.concurrent.locks.LockSupport.parkNanos(java.base@21.0.10/LockSupport.java:269)
	at net.minecraft.server.MinecraftServer.recordTaskExecutionTimeWhileWaiting(MinecraftServer.java:1242)
	at net.minecraft.server.MinecraftServer.runServer(MinecraftServer.java:1348)
	at net.minecraft.server.MinecraftServer.lambda$spin$2(MinecraftServer.java:388)
	at net.minecraft.server.MinecraftServer$$Lambda/0x000001fa01f38618.run(Unknown Source)
	at java.lang.Thread.runWith(java.base@21.0.10/Thread.java:1596)
	at java.lang.Thread.run(java.base@21.0.10/Thread.java:1583)
=== sample +14589ms ===
"Server thread" #113 [8792] prio=8 os_prio=1 cpu=3609.38ms elapsed=19.98s tid=0x000001fa7349eb60 nid=8792 waiting on condition  [0x000000ca6daff000]
   java.lang.Thread.State: TIMED_WAITING (parking)
	at jdk.internal.misc.Unsafe.park(java.base@21.0.10/Native Method)
	- parking to wait for  <0x0000000710743420> (a java.lang.String)
	at java.util.concurrent.locks.LockSupport.parkNanos(java.base@21.0.10/LockSupport.java:269)
	at net.minecraft.server.MinecraftServer.recordTaskExecutionTimeWhileWaiting(MinecraftServer.java:1242)
	at net.minecraft.server.MinecraftServer.runServer(MinecraftServer.java:1348)
	at net.minecraft.server.MinecraftServer.lambda$spin$2(MinecraftServer.java:388)
	at net.minecraft.server.MinecraftServer$$Lambda/0x000001fa01f38618.run(Unknown Source)
	at java.lang.Thread.runWith(java.base@21.0.10/Thread.java:1596)
	at java.lang.Thread.run(java.base@21.0.10/Thread.java:1583)
=== sample +14836ms ===
"Server thread" #113 [8792] prio=8 os_prio=1 cpu=3609.38ms elapsed=20.24s tid=0x000001fa7349eb60 nid=8792 waiting on condition  [0x000000ca6daff000]
   java.lang.Thread.State: TIMED_WAITING (parking)
	at jdk.internal.misc.Unsafe.park(java.base@21.0.10/Native Method)
	- parking to wait for  <0x0000000710743420> (a java.lang.String)
	at java.util.concurrent.locks.LockSupport.parkNanos(java.base@21.0.10/LockSupport.java:269)
	at net.minecraft.server.MinecraftServer.recordTaskExecutionTimeWhileWaiting(MinecraftServer.java:1242)
	at net.minecraft.server.MinecraftServer.runServer(MinecraftServer.java:1348)
	at net.minecraft.server.MinecraftServer.lambda$spin$2(MinecraftServer.java:388)
	at net.minecraft.server.MinecraftServer$$Lambda/0x000001fa01f38618.run(Unknown Source)
	at java.lang.Thread.runWith(java.base@21.0.10/Thread.java:1596)
	at java.lang.Thread.run(java.base@21.0.10/Thread.java:1583)
=== sample +15098ms ===
"Server thread" #113 [8792] prio=8 os_prio=1 cpu=3609.38ms elapsed=20.50s tid=0x000001fa7349eb60 nid=8792 waiting on condition  [0x000000ca6daff000]
   java.lang.Thread.State: TIMED_WAITING (parking)
	at jdk.internal.misc.Unsafe.park(java.base@21.0.10/Native Method)
	- parking to wait for  <0x0000000710743420> (a java.lang.String)
	at java.util.concurrent.locks.LockSupport.parkNanos(java.base@21.0.10/LockSupport.java:269)
	at net.minecraft.server.MinecraftServer.recordTaskExecutionTimeWhileWaiting(MinecraftServer.java:1242)
	at net.minecraft.server.MinecraftServer.runServer(MinecraftServer.java:1348)
	at net.minecraft.server.MinecraftServer.lambda$spin$2(MinecraftServer.java:388)
	at net.minecraft.server.MinecraftServer$$Lambda/0x000001fa01f38618.run(Unknown Source)
	at java.lang.Thread.runWith(java.base@21.0.10/Thread.java:1596)
	at java.lang.Thread.run(java.base@21.0.10/Thread.java:1583)
=== sample +15357ms ===
"Server thread" #113 [8792] prio=8 os_prio=1 cpu=3640.62ms elapsed=20.75s tid=0x000001fa7349eb60 nid=8792 waiting on condition  [0x000000ca6daff000]
   java.lang.Thread.State: TIMED_WAITING (parking)
	at jdk.internal.misc.Unsafe.park(java.base@21.0.10/Native Method)
	- parking to wait for  <0x0000000710743420> (a java.lang.String)
	at java.util.concurrent.locks.LockSupport.parkNanos(java.base@21.0.10/LockSupport.java:269)
	at net.minecraft.server.MinecraftServer.recordTaskExecutionTimeWhileWaiting(MinecraftServer.java:1242)
	at net.minecraft.server.MinecraftServer.runServer(MinecraftServer.java:1348)
	at net.minecraft.server.MinecraftServer.lambda$spin$2(MinecraftServer.java:388)
	at net.minecraft.server.MinecraftServer$$Lambda/0x000001fa01f38618.run(Unknown Source)
	at java.lang.Thread.runWith(java.base@21.0.10/Thread.java:1596)
	at java.lang.Thread.run(java.base@21.0.10/Thread.java:1583)
=== sample +15606ms ===
"Server thread" #113 [8792] prio=8 os_prio=1 cpu=3656.25ms elapsed=21.00s tid=0x000001fa7349eb60 nid=8792 waiting on condition  [0x000000ca6daff000]
   java.lang.Thread.State: TIMED_WAITING (parking)
	at jdk.internal.misc.Unsafe.park(java.base@21.0.10/Native Method)
	- parking to wait for  <0x0000000710743420> (a java.lang.String)
	at java.util.concurrent.locks.LockSupport.parkNanos(java.base@21.0.10/LockSupport.java:269)
	at net.minecraft.server.MinecraftServer.recordTaskExecutionTimeWhileWaiting(MinecraftServer.java:1242)
	at net.minecraft.server.MinecraftServer.runServer(MinecraftServer.java:1348)
	at net.minecraft.server.MinecraftServer.lambda$spin$2(MinecraftServer.java:388)
	at net.minecraft.server.MinecraftServer$$Lambda/0x000001fa01f38618.run(Unknown Source)
	at java.lang.Thread.runWith(java.base@21.0.10/Thread.java:1596)
	at java.lang.Thread.run(java.base@21.0.10/Thread.java:1583)
=== sample +15852ms ===
"Server thread" #113 [8792] prio=8 os_prio=1 cpu=3656.25ms elapsed=21.25s tid=0x000001fa7349eb60 nid=8792 waiting on condition  [0x000000ca6daff000]
   java.lang.Thread.State: TIMED_WAITING (parking)
	at jdk.internal.misc.Unsafe.park(java.base@21.0.10/Native Method)
	- parking to wait for  <0x0000000710743420> (a java.lang.String)
	at java.util.concurrent.locks.LockSupport.parkNanos(java.base@21.0.10/LockSupport.java:269)
	at net.minecraft.server.MinecraftServer.recordTaskExecutionTimeWhileWaiting(MinecraftServer.java:1242)
	at net.minecraft.server.MinecraftServer.runServer(MinecraftServer.java:1348)
	at net.minecraft.server.MinecraftServer.lambda$spin$2(MinecraftServer.java:388)
	at net.minecraft.server.MinecraftServer$$Lambda/0x000001fa01f38618.run(Unknown Source)
	at java.lang.Thread.runWith(java.base@21.0.10/Thread.java:1596)
	at java.lang.Thread.run(java.base@21.0.10/Thread.java:1583)
=== sample +16097ms ===
"Server thread" #113 [8792] prio=8 os_prio=1 cpu=3656.25ms elapsed=21.50s tid=0x000001fa7349eb60 nid=8792 waiting on condition  [0x000000ca6daff000]
   java.lang.Thread.State: TIMED_WAITING (parking)
	at jdk.internal.misc.Unsafe.park(java.base@21.0.10/Native Method)
	- parking to wait for  <0x0000000710743420> (a java.lang.String)
	at java.util.concurrent.locks.LockSupport.parkNanos(java.base@21.0.10/LockSupport.java:269)
	at net.minecraft.server.MinecraftServer.recordTaskExecutionTimeWhileWaiting(MinecraftServer.java:1242)
	at net.minecraft.server.MinecraftServer.runServer(MinecraftServer.java:1348)
	at net.minecraft.server.MinecraftServer.lambda$spin$2(MinecraftServer.java:388)
	at net.minecraft.server.MinecraftServer$$Lambda/0x000001fa01f38618.run(Unknown Source)
	at java.lang.Thread.runWith(java.base@21.0.10/Thread.java:1596)
	at java.lang.Thread.run(java.base@21.0.10/Thread.java:1583)
=== sample +16346ms ===
"Server thread" #113 [8792] prio=8 os_prio=1 cpu=3656.25ms elapsed=21.75s tid=0x000001fa7349eb60 nid=8792 waiting on condition  [0x000000ca6daff000]
   java.lang.Thread.State: TIMED_WAITING (parking)
	at jdk.internal.misc.Unsafe.park(java.base@21.0.10/Native Method)
	- parking to wait for  <0x0000000710743420> (a java.lang.String)
	at java.util.concurrent.locks.LockSupport.parkNanos(java.base@21.0.10/LockSupport.java:269)
	at net.minecraft.server.MinecraftServer.recordTaskExecutionTimeWhileWaiting(MinecraftServer.java:1242)
	at net.minecraft.server.MinecraftServer.runServer(MinecraftServer.java:1348)
	at net.minecraft.server.MinecraftServer.lambda$spin$2(MinecraftServer.java:388)
	at net.minecraft.server.MinecraftServer$$Lambda/0x000001fa01f38618.run(Unknown Source)
	at java.lang.Thread.runWith(java.base@21.0.10/Thread.java:1596)
	at java.lang.Thread.run(java.base@21.0.10/Thread.java:1583)
=== sample +16607ms ===
"Server thread" #113 [8792] prio=8 os_prio=1 cpu=3687.50ms elapsed=22.01s tid=0x000001fa7349eb60 nid=8792 waiting on condition  [0x000000ca6daff000]
   java.lang.Thread.State: TIMED_WAITING (parking)
	at jdk.internal.misc.Unsafe.park(java.base@21.0.10/Native Method)
	- parking to wait for  <0x0000000710743420> (a java.lang.String)
	at java.util.concurrent.locks.LockSupport.parkNanos(java.base@21.0.10/LockSupport.java:269)
	at net.minecraft.server.MinecraftServer.recordTaskExecutionTimeWhileWaiting(MinecraftServer.java:1242)
	at net.minecraft.server.MinecraftServer.runServer(MinecraftServer.java:1348)
	at net.minecraft.server.MinecraftServer.lambda$spin$2(MinecraftServer.java:388)
	at net.minecraft.server.MinecraftServer$$Lambda/0x000001fa01f38618.run(Unknown Source)
	at java.lang.Thread.runWith(java.base@21.0.10/Thread.java:1596)
	at java.lang.Thread.run(java.base@21.0.10/Thread.java:1583)
=== sample +16868ms ===
"Server thread" #113 [8792] prio=8 os_prio=1 cpu=3703.12ms elapsed=22.26s tid=0x000001fa7349eb60 nid=8792 waiting on condition  [0x000000ca6daff000]
   java.lang.Thread.State: TIMED_WAITING (parking)
	at jdk.internal.misc.Unsafe.park(java.base@21.0.10/Native Method)
	- parking to wait for  <0x0000000710743420> (a java.lang.String)
	at java.util.concurrent.locks.LockSupport.parkNanos(java.base@21.0.10/LockSupport.java:269)
	at net.minecraft.server.MinecraftServer.recordTaskExecutionTimeWhileWaiting(MinecraftServer.java:1242)
	at net.minecraft.server.MinecraftServer.runServer(MinecraftServer.java:1348)
	at net.minecraft.server.MinecraftServer.lambda$spin$2(MinecraftServer.java:388)
	at net.minecraft.server.MinecraftServer$$Lambda/0x000001fa01f38618.run(Unknown Source)
	at java.lang.Thread.runWith(java.base@21.0.10/Thread.java:1596)
	at java.lang.Thread.run(java.base@21.0.10/Thread.java:1583)
=== sample +17127ms ===
"Server thread" #113 [8792] prio=8 os_prio=1 cpu=3703.12ms elapsed=22.52s tid=0x000001fa7349eb60 nid=8792 waiting on condition  [0x000000ca6daff000]
   java.lang.Thread.State: TIMED_WAITING (parking)
	at jdk.internal.misc.Unsafe.park(java.base@21.0.10/Native Method)
	- parking to wait for  <0x0000000710743420> (a java.lang.String)
	at java.util.concurrent.locks.LockSupport.parkNanos(java.base@21.0.10/LockSupport.java:269)
	at net.minecraft.server.MinecraftServer.recordTaskExecutionTimeWhileWaiting(MinecraftServer.java:1242)
	at net.minecraft.server.MinecraftServer.runServer(MinecraftServer.java:1348)
	at net.minecraft.server.MinecraftServer.lambda$spin$2(MinecraftServer.java:388)
	at net.minecraft.server.MinecraftServer$$Lambda/0x000001fa01f38618.run(Unknown Source)
	at java.lang.Thread.runWith(java.base@21.0.10/Thread.java:1596)
	at java.lang.Thread.run(java.base@21.0.10/Thread.java:1583)
=== sample +17387ms ===
"Server thread" #113 [8792] prio=8 os_prio=1 cpu=3734.38ms elapsed=22.78s tid=0x000001fa7349eb60 nid=8792 waiting on condition  [0x000000ca6daff000]
   java.lang.Thread.State: TIMED_WAITING (parking)
	at jdk.internal.misc.Unsafe.park(java.base@21.0.10/Native Method)
	- parking to wait for  <0x0000000710743420> (a java.lang.String)
	at java.util.concurrent.locks.LockSupport.parkNanos(java.base@21.0.10/LockSupport.java:269)
	at net.minecraft.server.MinecraftServer.recordTaskExecutionTimeWhileWaiting(MinecraftServer.java:1242)
	at net.minecraft.server.MinecraftServer.runServer(MinecraftServer.java:1348)
	at net.minecraft.server.MinecraftServer.lambda$spin$2(MinecraftServer.java:388)
	at net.minecraft.server.MinecraftServer$$Lambda/0x000001fa01f38618.run(Unknown Source)
	at java.lang.Thread.runWith(java.base@21.0.10/Thread.java:1596)
	at java.lang.Thread.run(java.base@21.0.10/Thread.java:1583)
=== sample +17647ms ===
"Server thread" #113 [8792] prio=8 os_prio=1 cpu=3750.00ms elapsed=23.04s tid=0x000001fa7349eb60 nid=8792 waiting on condition  [0x000000ca6daff000]
   java.lang.Thread.State: TIMED_WAITING (parking)
	at jdk.internal.misc.Unsafe.park(java.base@21.0.10/Native Method)
	- parking to wait for  <0x0000000710743420> (a java.lang.String)
	at java.util.concurrent.locks.LockSupport.parkNanos(java.base@21.0.10/LockSupport.java:269)
	at net.minecraft.server.MinecraftServer.recordTaskExecutionTimeWhileWaiting(MinecraftServer.java:1242)
	at net.minecraft.server.MinecraftServer.runServer(MinecraftServer.java:1348)
	at net.minecraft.server.MinecraftServer.lambda$spin$2(MinecraftServer.java:388)
	at net.minecraft.server.MinecraftServer$$Lambda/0x000001fa01f38618.run(Unknown Source)
	at java.lang.Thread.runWith(java.base@21.0.10/Thread.java:1596)
	at java.lang.Thread.run(java.base@21.0.10/Thread.java:1583)
=== sample +17911ms ===
"Server thread" #113 [8792] prio=8 os_prio=1 cpu=3750.00ms elapsed=23.30s tid=0x000001fa7349eb60 nid=8792 waiting on condition  [0x000000ca6daff000]
   java.lang.Thread.State: TIMED_WAITING (parking)
	at jdk.internal.misc.Unsafe.park(java.base@21.0.10/Native Method)
	- parking to wait for  <0x0000000710743420> (a java.lang.String)
	at java.util.concurrent.locks.LockSupport.parkNanos(java.base@21.0.10/LockSupport.java:269)
	at net.minecraft.server.MinecraftServer.recordTaskExecutionTimeWhileWaiting(MinecraftServer.java:1242)
	at net.minecraft.server.MinecraftServer.runServer(MinecraftServer.java:1348)
	at net.minecraft.server.MinecraftServer.lambda$spin$2(MinecraftServer.java:388)
	at net.minecraft.server.MinecraftServer$$Lambda/0x000001fa01f38618.run(Unknown Source)
	at java.lang.Thread.runWith(java.base@21.0.10/Thread.java:1596)
	at java.lang.Thread.run(java.base@21.0.10/Thread.java:1583)
=== sample +18158ms ===
"Server thread" #113 [8792] prio=8 os_prio=1 cpu=3750.00ms elapsed=23.56s tid=0x000001fa7349eb60 nid=8792 waiting on condition  [0x000000ca6daff000]
   java.lang.Thread.State: TIMED_WAITING (parking)
	at jdk.internal.misc.Unsafe.park(java.base@21.0.10/Native Method)
	- parking to wait for  <0x0000000710743420> (a java.lang.String)
	at java.util.concurrent.locks.LockSupport.parkNanos(java.base@21.0.10/LockSupport.java:269)
	at net.minecraft.server.MinecraftServer.recordTaskExecutionTimeWhileWaiting(MinecraftServer.java:1242)
	at net.minecraft.server.MinecraftServer.runServer(MinecraftServer.java:1348)
	at net.minecraft.server.MinecraftServer.lambda$spin$2(MinecraftServer.java:388)
	at net.minecraft.server.MinecraftServer$$Lambda/0x000001fa01f38618.run(Unknown Source)
	at java.lang.Thread.runWith(java.base@21.0.10/Thread.java:1596)
	at java.lang.Thread.run(java.base@21.0.10/Thread.java:1583)
botFailures=[] exited=true
======== run 1 ========
boot: [01:53:41 INFO]: Done (16.476s)! For help, type "help"
---- stalls ----
PapoTickProfile.stall tick=4 gapMs=197.0 durMs=196.9 at=01:53:42.213
PapoTickProfile.stall tick=10 gapMs=141.7 durMs=74.9 at=01:53:42.395
PapoTickProfile.stall tick=17 gapMs=108.6 durMs=48.0 at=01:53:42.724
PapoTickProfile.stall tick=116 gapMs=144.7 durMs=18.8 at=01:53:47.698
PapoTickProfile.stall tick=118 gapMs=121.3 durMs=120.3 at=01:53:47.824
PapoTickProfile.stall tick=119 gapMs=489.8 durMs=183.2 at=01:53:48.313
PapoTickProfile.stall tick=138 gapMs=278.5 durMs=239.9 at=01:53:49.241
---- jstack Server-thread samples ----
=== sample +2689ms ===
"Server thread" #113 [56740] prio=8 os_prio=1 cpu=2031.25ms elapsed=7.60s tid=0x000001d7f1b37120 nid=56740 waiting on condition  [0x0000007dacdff000]
   java.lang.Thread.State: TIMED_WAITING (parking)
	at jdk.internal.misc.Unsafe.park(java.base@21.0.10/Native Method)
	- parking to wait for  <0x00000007288a0608> (a java.lang.String)
	at java.util.concurrent.locks.LockSupport.parkNanos(java.base@21.0.10/LockSupport.java:269)
	at net.minecraft.server.MinecraftServer.recordTaskExecutionTimeWhileWaiting(MinecraftServer.java:1242)
	at net.minecraft.server.MinecraftServer.runServer(MinecraftServer.java:1348)
	at net.minecraft.server.MinecraftServer.lambda$spin$2(MinecraftServer.java:388)
	at net.minecraft.server.MinecraftServer$$Lambda/0x000001d781f339f0.run(Unknown Source)
	at java.lang.Thread.runWith(java.base@21.0.10/Thread.java:1596)
	at java.lang.Thread.run(java.base@21.0.10/Thread.java:1583)
=== sample +2935ms ===
"Server thread" #113 [56740] prio=8 os_prio=1 cpu=2031.25ms elapsed=7.84s tid=0x000001d7f1b37120 nid=56740 waiting on condition  [0x0000007dacdff000]
   java.lang.Thread.State: TIMED_WAITING (parking)
	at jdk.internal.misc.Unsafe.park(java.base@21.0.10/Native Method)
	- parking to wait for  <0x00000007288a0608> (a java.lang.String)
	at java.util.concurrent.locks.LockSupport.parkNanos(java.base@21.0.10/LockSupport.java:269)
	at net.minecraft.server.MinecraftServer.recordTaskExecutionTimeWhileWaiting(MinecraftServer.java:1242)
	at net.minecraft.server.MinecraftServer.runServer(MinecraftServer.java:1348)
	at net.minecraft.server.MinecraftServer.lambda$spin$2(MinecraftServer.java:388)
	at net.minecraft.server.MinecraftServer$$Lambda/0x000001d781f339f0.run(Unknown Source)
	at java.lang.Thread.runWith(java.base@21.0.10/Thread.java:1596)
	at java.lang.Thread.run(java.base@21.0.10/Thread.java:1583)
=== sample +3185ms ===
"Server thread" #113 [56740] prio=8 os_prio=1 cpu=2031.25ms elapsed=8.09s tid=0x000001d7f1b37120 nid=56740 waiting on condition  [0x0000007dacdff000]
   java.lang.Thread.State: TIMED_WAITING (parking)
	at jdk.internal.misc.Unsafe.park(java.base@21.0.10/Native Method)
	- parking to wait for  <0x00000007288a0608> (a java.lang.String)
	at java.util.concurrent.locks.LockSupport.parkNanos(java.base@21.0.10/LockSupport.java:269)
	at net.minecraft.server.MinecraftServer.recordTaskExecutionTimeWhileWaiting(MinecraftServer.java:1242)
	at net.minecraft.server.MinecraftServer.runServer(MinecraftServer.java:1348)
	at net.minecraft.server.MinecraftServer.lambda$spin$2(MinecraftServer.java:388)
	at net.minecraft.server.MinecraftServer$$Lambda/0x000001d781f339f0.run(Unknown Source)
	at java.lang.Thread.runWith(java.base@21.0.10/Thread.java:1596)
	at java.lang.Thread.run(java.base@21.0.10/Thread.java:1583)
=== sample +3431ms ===
"Server thread" #113 [56740] prio=8 os_prio=1 cpu=2031.25ms elapsed=8.33s tid=0x000001d7f1b37120 nid=56740 waiting on condition  [0x0000007dacdff000]
   java.lang.Thread.State: TIMED_WAITING (parking)
	at jdk.internal.misc.Unsafe.park(java.base@21.0.10/Native Method)
	- parking to wait for  <0x00000007288a0608> (a java.lang.String)
	at java.util.concurrent.locks.LockSupport.parkNanos(java.base@21.0.10/LockSupport.java:269)
	at net.minecraft.server.MinecraftServer.recordTaskExecutionTimeWhileWaiting(MinecraftServer.java:1242)
	at net.minecraft.server.MinecraftServer.runServer(MinecraftServer.java:1348)
	at net.minecraft.server.MinecraftServer.lambda$spin$2(MinecraftServer.java:388)
	at net.minecraft.server.MinecraftServer$$Lambda/0x000001d781f339f0.run(Unknown Source)
	at java.lang.Thread.runWith(java.base@21.0.10/Thread.java:1596)
	at java.lang.Thread.run(java.base@21.0.10/Thread.java:1583)
=== sample +3682ms ===
"Server thread" #113 [56740] prio=8 os_prio=1 cpu=2031.25ms elapsed=8.58s tid=0x000001d7f1b37120 nid=56740 runnable  [0x0000007dacdff000]
   java.lang.Thread.State: RUNNABLE
	at java.lang.System.nanoTime(java.base@21.0.10/Native Method)
	at org.spigotmc.WatchdogThread.monotonicMillis(WatchdogThread.java:36)
	at org.spigotmc.WatchdogThread.tick(WatchdogThread.java:51)
	at net.minecraft.server.MinecraftServer.tickServer(MinecraftServer.java:1579)
	at net.minecraft.server.dedicated.DedicatedServer.tickServer(DedicatedServer.java:449)
	at net.minecraft.server.MinecraftServer.processPacketsAndTick(MinecraftServer.java:1676)
	at net.minecraft.server.MinecraftServer.runServer(MinecraftServer.java:1342)
	at net.minecraft.server.MinecraftServer.lambda$spin$2(MinecraftServer.java:388)
	at net.minecraft.server.MinecraftServer$$Lambda/0x000001d781f339f0.run(Unknown Source)
	at java.lang.Thread.runWith(java.base@21.0.10/Thread.java:1596)
	at java.lang.Thread.run(java.base@21.0.10/Thread.java:1583)
=== sample +3930ms ===
"Server thread" #113 [56740] prio=8 os_prio=1 cpu=2031.25ms elapsed=8.84s tid=0x000001d7f1b37120 nid=56740 waiting on condition  [0x0000007dacdff000]
   java.lang.Thread.State: TIMED_WAITING (parking)
	at jdk.internal.misc.Unsafe.park(java.base@21.0.10/Native Method)
	- parking to wait for  <0x00000007288a0608> (a java.lang.String)
	at java.util.concurrent.locks.LockSupport.parkNanos(java.base@21.0.10/LockSupport.java:269)
	at net.minecraft.server.MinecraftServer.recordTaskExecutionTimeWhileWaiting(MinecraftServer.java:1242)
	at net.minecraft.server.MinecraftServer.runServer(MinecraftServer.java:1348)
	at net.minecraft.server.MinecraftServer.lambda$spin$2(MinecraftServer.java:388)
	at net.minecraft.server.MinecraftServer$$Lambda/0x000001d781f339f0.run(Unknown Source)
	at java.lang.Thread.runWith(java.base@21.0.10/Thread.java:1596)
	at java.lang.Thread.run(java.base@21.0.10/Thread.java:1583)
=== sample +4194ms ===
"Server thread" #113 [56740] prio=8 os_prio=1 cpu=2062.50ms elapsed=9.09s tid=0x000001d7f1b37120 nid=56740 runnable  [0x0000007dacdfd000]
   java.lang.Thread.State: RUNNABLE
	at java.lang.ClassLoader.defineClass1(java.base@21.0.10/Native Method)
	at java.lang.ClassLoader.defineClass(java.base@21.0.10/ClassLoader.java:1027)
	at java.security.SecureClassLoader.defineClass(java.base@21.0.10/SecureClassLoader.java:150)
	at java.net.URLClassLoader.defineClass(java.base@21.0.10/URLClassLoader.java:524)
	at java.net.URLClassLoader$1.run(java.base@21.0.10/URLClassLoader.java:427)
	at java.net.URLClassLoader$1.run(java.base@21.0.10/URLClassLoader.java:421)
	at java.security.AccessController.executePrivileged(java.base@21.0.10/AccessController.java:809)
	at java.security.AccessController.doPrivileged(java.base@21.0.10/AccessController.java:714)
	at java.net.URLClassLoader.findClass(java.base@21.0.10/URLClassLoader.java:420)
	at java.lang.ClassLoader.loadClass(java.base@21.0.10/ClassLoader.java:593)
	- locked <0x00000007ff3bac40> (a java.lang.Object)
	at java.lang.ClassLoader.loadClass(java.base@21.0.10/ClassLoader.java:526)
	at net.minecraft.server.network.config.PrepareSpawnTask.start(PrepareSpawnTask.java:105)
	at net.minecraft.server.network.ServerConfigurationPacketListenerImpl.startNextTask(ServerConfigurationPacketListenerImpl.java:256)
	at net.minecraft.server.network.ServerConfigurationPacketListenerImpl.finishCurrentTask(ServerConfigurationPacketListenerImpl.java:271)
	at io.papermc.paper.connection.PaperConfigurationTask.start(PaperConfigurationTask.java:32)
	at net.minecraft.server.network.ServerConfigurationPacketListenerImpl.startNextTask(ServerConfigurationPacketListenerImpl.java:256)
	at net.minecraft.server.network.ServerConfigurationPacketListenerImpl.finishCurrentTask(ServerConfigurationPacketListenerImpl.java:271)
	at net.minecraft.server.network.ServerConfigurationPacketListenerImpl.handleSelectKnownPacks(ServerConfigurationPacketListenerImpl.java:192)
	at net.minecraft.network.protocol.configuration.ServerboundSelectKnownPacks.handle(ServerboundSelectKnownPacks.java:23)
	at net.minecraft.network.protocol.configuration.ServerboundSelectKnownPacks.handle(ServerboundSelectKnownPacks.java:11)
	at net.minecraft.network.PacketProcessor$ListenerAndPacket.handle(PacketProcessor.java:110)
	at net.minecraft.network.PacketProcessor.executeSinglePacket(PacketProcessor.java:33)
	at net.minecraft.server.MinecraftServer.pollTask(MinecraftServer.java:1506)
	at net.minecraft.server.MinecraftServer.recordTaskExecutionTimeWhileWaiting(MinecraftServer.java:1232)
	at net.minecraft.server.MinecraftServer.runServer(MinecraftServer.java:1348)
	at net.minecraft.server.MinecraftServer.lambda$spin$2(MinecraftServer.java:388)
	at net.minecraft.server.MinecraftServer$$Lambda/0x000001d781f339f0.run(Unknown Source)
	at java.lang.Thread.runWith(java.base@21.0.10/Thread.java:1596)
	at java.lang.Thread.run(java.base@21.0.10/Thread.java:1583)
=== sample +4459ms ===
"Server thread" #113 [56740] prio=8 os_prio=1 cpu=2062.50ms elapsed=9.35s tid=0x000001d7f1b37120 nid=56740 waiting on condition  [0x0000007dacdff000]
   java.lang.Thread.State: TIMED_WAITING (parking)
	at jdk.internal.misc.Unsafe.park(java.base@21.0.10/Native Method)
	- parking to wait for  <0x00000007288a0608> (a java.lang.String)
	at java.util.concurrent.locks.LockSupport.parkNanos(java.base@21.0.10/LockSupport.java:269)
	at net.minecraft.server.MinecraftServer.recordTaskExecutionTimeWhileWaiting(MinecraftServer.java:1242)
	at net.minecraft.server.MinecraftServer.runServer(MinecraftServer.java:1348)
	at net.minecraft.server.MinecraftServer.lambda$spin$2(MinecraftServer.java:388)
	at net.minecraft.server.MinecraftServer$$Lambda/0x000001d781f339f0.run(Unknown Source)
	at java.lang.Thread.runWith(java.base@21.0.10/Thread.java:1596)
	at java.lang.Thread.run(java.base@21.0.10/Thread.java:1583)
=== sample +4724ms ===
"Server thread" #113 [56740] prio=8 os_prio=1 cpu=2062.50ms elapsed=9.63s tid=0x000001d7f1b37120 nid=56740 waiting on condition  [0x0000007dacdff000]
   java.lang.Thread.State: TIMED_WAITING (parking)
	at jdk.internal.misc.Unsafe.park(java.base@21.0.10/Native Method)
	- parking to wait for  <0x00000007288a0608> (a java.lang.String)
	at java.util.concurrent.locks.LockSupport.parkNanos(java.base@21.0.10/LockSupport.java:269)
	at net.minecraft.server.MinecraftServer.recordTaskExecutionTimeWhileWaiting(MinecraftServer.java:1242)
	at net.minecraft.server.MinecraftServer.runServer(MinecraftServer.java:1348)
	at net.minecraft.server.MinecraftServer.lambda$spin$2(MinecraftServer.java:388)
	at net.minecraft.server.MinecraftServer$$Lambda/0x000001d781f339f0.run(Unknown Source)
	at java.lang.Thread.runWith(java.base@21.0.10/Thread.java:1596)
	at java.lang.Thread.run(java.base@21.0.10/Thread.java:1583)
=== sample +5002ms ===
"Server thread" #113 [56740] prio=8 os_prio=1 cpu=2093.75ms elapsed=9.89s tid=0x000001d7f1b37120 nid=56740 runnable  [0x0000007dacdff000]
   java.lang.Thread.State: TIMED_WAITING (parking)
	at jdk.internal.misc.Unsafe.park(java.base@21.0.10/Native Method)
	- parking to wait for  <0x00000007288a0608> (a java.lang.String)
	at java.util.concurrent.locks.LockSupport.parkNanos(java.base@21.0.10/LockSupport.java:269)
	at net.minecraft.server.MinecraftServer.recordTaskExecutionTimeWhileWaiting(MinecraftServer.java:1242)
	at net.minecraft.server.MinecraftServer.runServer(MinecraftServer.java:1348)
	at net.minecraft.server.MinecraftServer.lambda$spin$2(MinecraftServer.java:388)
	at net.minecraft.server.MinecraftServer$$Lambda/0x000001d781f339f0.run(Unknown Source)
	at java.lang.Thread.runWith(java.base@21.0.10/Thread.java:1596)
	at java.lang.Thread.run(java.base@21.0.10/Thread.java:1583)
=== sample +5279ms ===
"Server thread" #113 [56740] prio=8 os_prio=1 cpu=2093.75ms elapsed=10.17s tid=0x000001d7f1b37120 nid=56740 waiting on condition  [0x0000007dacdff000]
   java.lang.Thread.State: TIMED_WAITING (parking)
	at jdk.internal.misc.Unsafe.park(java.base@21.0.10/Native Method)
	- parking to wait for  <0x00000007176b3ef8> (a java.lang.String)
	at java.util.concurrent.locks.LockSupport.parkNanos(java.base@21.0.10/LockSupport.java:269)
	at net.minecraft.server.MinecraftServer.recordTaskExecutionTimeWhileWaiting(MinecraftServer.java:1242)
	at net.minecraft.server.MinecraftServer.runServer(MinecraftServer.java:1348)
	at net.minecraft.server.MinecraftServer.lambda$spin$2(MinecraftServer.java:388)
	at net.minecraft.server.MinecraftServer$$Lambda/0x000001d781f339f0.run(Unknown Source)
	at java.lang.Thread.runWith(java.base@21.0.10/Thread.java:1596)
	at java.lang.Thread.run(java.base@21.0.10/Thread.java:1583)
=== sample +5546ms ===
"Server thread" #113 [56740] prio=8 os_prio=1 cpu=2093.75ms elapsed=10.44s tid=0x000001d7f1b37120 nid=56740 waiting on condition  [0x0000007dacdff000]
   java.lang.Thread.State: TIMED_WAITING (parking)
	at jdk.internal.misc.Unsafe.park(java.base@21.0.10/Native Method)
	- parking to wait for  <0x00000007176b3ef8> (a java.lang.String)
	at java.util.concurrent.locks.LockSupport.parkNanos(java.base@21.0.10/LockSupport.java:269)
	at net.minecraft.server.MinecraftServer.recordTaskExecutionTimeWhileWaiting(MinecraftServer.java:1242)
	at net.minecraft.server.MinecraftServer.runServer(MinecraftServer.java:1348)
	at net.minecraft.server.MinecraftServer.lambda$spin$2(MinecraftServer.java:388)
	at net.minecraft.server.MinecraftServer$$Lambda/0x000001d781f339f0.run(Unknown Source)
	at java.lang.Thread.runWith(java.base@21.0.10/Thread.java:1596)
	at java.lang.Thread.run(java.base@21.0.10/Thread.java:1583)
=== sample +5811ms ===
"Server thread" #113 [56740] prio=8 os_prio=1 cpu=2093.75ms elapsed=10.71s tid=0x000001d7f1b37120 nid=56740 waiting on condition  [0x0000007dacdff000]
   java.lang.Thread.State: TIMED_WAITING (parking)
	at jdk.internal.misc.Unsafe.park(java.base@21.0.10/Native Method)
	- parking to wait for  <0x00000007176b3ef8> (a java.lang.String)
	at java.util.concurrent.locks.LockSupport.parkNanos(java.base@21.0.10/LockSupport.java:269)
	at net.minecraft.server.MinecraftServer.recordTaskExecutionTimeWhileWaiting(MinecraftServer.java:1242)
	at net.minecraft.server.MinecraftServer.runServer(MinecraftServer.java:1348)
	at net.minecraft.server.MinecraftServer.lambda$spin$2(MinecraftServer.java:388)
	at net.minecraft.server.MinecraftServer$$Lambda/0x000001d781f339f0.run(Unknown Source)
	at java.lang.Thread.runWith(java.base@21.0.10/Thread.java:1596)
	at java.lang.Thread.run(java.base@21.0.10/Thread.java:1583)
=== sample +6057ms ===
"Server thread" #113 [56740] prio=8 os_prio=1 cpu=2187.50ms elapsed=10.96s tid=0x000001d7f1b37120 nid=56740 runnable  [0x0000007dacdfb000]
   java.lang.Thread.State: RUNNABLE
	at java.lang.invoke.DirectMethodHandle$Constructor.<init>(java.base@21.0.10/DirectMethodHandle.java:476)
	at java.lang.invoke.DirectMethodHandle$Constructor.viewAsType(java.base@21.0.10/DirectMethodHandle.java:488)
	at java.lang.invoke.MethodHandleImpl.makePairwiseConvertByEditor(java.base@21.0.10/MethodHandleImpl.java:286)
	at java.lang.invoke.MethodHandleImpl.makePairwiseConvert(java.base@21.0.10/MethodHandleImpl.java:265)
	at java.lang.invoke.MethodHandleImpl.makePairwiseConvert(java.base@21.0.10/MethodHandleImpl.java:382)
	at java.lang.invoke.MethodHandle.asTypeUncached(java.base@21.0.10/MethodHandle.java:905)
	at java.lang.invoke.MethodHandle.asType(java.base@21.0.10/MethodHandle.java:870)
	at java.lang.invoke.InnerClassLambdaMetafactory.buildCallSite(java.base@21.0.10/InnerClassLambdaMetafactory.java:235)
	at java.lang.invoke.LambdaMetafactory.metafactory(java.base@21.0.10/LambdaMetafactory.java:341)
	at java.lang.invoke.LambdaForm$DMH/0x000001d781110400.invokeStatic(java.base@21.0.10/LambdaForm$DMH)
	at java.lang.invoke.Invokers$Holder.invokeExact_MT(java.base@21.0.10/Invokers$Holder)
	at java.lang.invoke.BootstrapMethodInvoker.invoke(java.base@21.0.10/BootstrapMethodInvoker.java:134)
	at java.lang.invoke.CallSite.makeSite(java.base@21.0.10/CallSite.java:310)
	at java.lang.invoke.MethodHandleNatives.linkCallSiteImpl(java.base@21.0.10/MethodHandleNatives.java:249)
	at java.lang.invoke.MethodHandleNatives.linkCallSite(java.base@21.0.10/MethodHandleNatives.java:239)
	at net.minecraft.network.protocol.game.ServerboundClientCommandPacket.<clinit>(ServerboundClientCommandPacket.java:9)
	at net.minecraft.network.protocol.game.GameProtocols.lambda$static$1(GameProtocols.java:75)
	at net.minecraft.network.protocol.game.GameProtocols$$Lambda/0x000001d782764188.accept(Unknown Source)
	at net.minecraft.network.protocol.ProtocolInfoBuilder.contextProtocol(ProtocolInfoBuilder.java:154)
	at net.minecraft.network.protocol.ProtocolInfoBuilder.contextServerboundProtocol(ProtocolInfoBuilder.java:161)
	at net.minecraft.network.protocol.game.GameProtocols.<clinit>(GameProtocols.java:61)
	at net.minecraft.server.network.ServerConfigurationPacketListenerImpl.handleConfigurationFinished(ServerConfigurationPacketListenerImpl.java:205)
	at net.minecraft.network.protocol.configuration.ServerboundFinishConfigurationPacket.handle(ServerboundFinishConfigurationPacket.java:22)
	at net.minecraft.network.protocol.configuration.ServerboundFinishConfigurationPacket.handle(ServerboundFinishConfigurationPacket.java:8)
	at net.minecraft.network.PacketProcessor$ListenerAndPacket.handle(PacketProcessor.java:110)
	at net.minecraft.network.PacketProcessor.executeSinglePacket(PacketProcessor.java:33)
	at net.minecraft.server.MinecraftServer.runAllTasksAtTickStart(MinecraftServer.java:1187)
	at net.minecraft.server.MinecraftServer.processPacketsAndTick(MinecraftServer.java:1675)
	at net.minecraft.server.MinecraftServer.runServer(MinecraftServer.java:1342)
	at net.minecraft.server.MinecraftServer.lambda$spin$2(MinecraftServer.java:388)
	at net.minecraft.server.MinecraftServer$$Lambda/0x000001d781f339f0.run(Unknown Source)
	at java.lang.Thread.runWith(java.base@21.0.10/Thread.java:1596)
	at java.lang.Thread.run(java.base@21.0.10/Thread.java:1583)
=== sample +6322ms ===
"Server thread" #113 [56740] prio=8 os_prio=1 cpu=2390.62ms elapsed=11.22s tid=0x000001d7f1b37120 nid=56740 runnable  [0x0000007dacdfe000]
   java.lang.Thread.State: RUNNABLE
	at java.lang.ClassLoader.defineClass1(java.base@21.0.10/Native Method)
	at java.lang.ClassLoader.defineClass(java.base@21.0.10/ClassLoader.java:1027)
	at java.security.SecureClassLoader.defineClass(java.base@21.0.10/SecureClassLoader.java:150)
	at java.net.URLClassLoader.defineClass(java.base@21.0.10/URLClassLoader.java:524)
	at java.net.URLClassLoader$1.run(java.base@21.0.10/URLClassLoader.java:427)
	at java.net.URLClassLoader$1.run(java.base@21.0.10/URLClassLoader.java:421)
	at java.security.AccessController.executePrivileged(java.base@21.0.10/AccessController.java:809)
	at java.security.AccessController.doPrivileged(java.base@21.0.10/AccessController.java:714)
	at java.net.URLClassLoader.findClass(java.base@21.0.10/URLClassLoader.java:420)
	at java.lang.ClassLoader.loadClass(java.base@21.0.10/ClassLoader.java:593)
	- locked <0x000000071f536808> (a java.lang.Object)
	at java.lang.ClassLoader.loadClass(java.base@21.0.10/ClassLoader.java:526)
	at net.minecraft.world.inventory.InventoryMenu.getBukkitView(InventoryMenu.java:204)
	at net.minecraft.world.inventory.InventoryMenu.getBukkitView(InventoryMenu.java:13)
	at net.minecraft.world.inventory.AbstractContainerMenu.transferTo(AbstractContainerMenu.java:70)
	at net.minecraft.server.players.PlayerList.placeNewPlayer(PlayerList.java:244)
	at net.minecraft.server.network.config.PrepareSpawnTask$Ready.spawn(PrepareSpawnTask.java:368)
	at net.minecraft.server.network.config.PrepareSpawnTask.spawnPlayer(PrepareSpawnTask.java:192)
	at net.minecraft.server.network.ServerConfigurationPacketListenerImpl.handleConfigurationFinished(ServerConfigurationPacketListenerImpl.java:220)
	at net.minecraft.network.protocol.configuration.ServerboundFinishConfigurationPacket.handle(ServerboundFinishConfigurationPacket.java:22)
	at net.minecraft.network.protocol.configuration.ServerboundFinishConfigurationPacket.handle(ServerboundFinishConfigurationPacket.java:8)
	at net.minecraft.network.PacketProcessor$ListenerAndPacket.handle(PacketProcessor.java:110)
	at net.minecraft.network.PacketProcessor.executeSinglePacket(PacketProcessor.java:33)
	at net.minecraft.server.MinecraftServer.runAllTasksAtTickStart(MinecraftServer.java:1187)
	at net.minecraft.server.MinecraftServer.processPacketsAndTick(MinecraftServer.java:1675)
	at net.minecraft.server.MinecraftServer.runServer(MinecraftServer.java:1342)
	at net.minecraft.server.MinecraftServer.lambda$spin$2(MinecraftServer.java:388)
	at net.minecraft.server.MinecraftServer$$Lambda/0x000001d781f339f0.run(Unknown Source)
	at java.lang.Thread.runWith(java.base@21.0.10/Thread.java:1596)
	at java.lang.Thread.run(java.base@21.0.10/Thread.java:1583)
=== sample +6585ms ===
"Server thread" #113 [56740] prio=8 os_prio=1 cpu=2546.88ms elapsed=11.48s tid=0x000001d7f1b37120 nid=56740 runnable  [0x0000007dacdfd000]
   java.lang.Thread.State: RUNNABLE
	at java.lang.ClassLoader.defineClass0(java.base@21.0.10/Native Method)
	at java.lang.System$2.defineClass(java.base@21.0.10/System.java:2394)
	at java.lang.invoke.MethodHandles$Lookup$ClassDefiner.defineClass(java.base@21.0.10/MethodHandles.java:2505)
	at java.lang.invoke.InvokerBytecodeGenerator.loadMethod(java.base@21.0.10/InvokerBytecodeGenerator.java:249)
	at java.lang.invoke.InvokerBytecodeGenerator.generateCustomizedCode(java.base@21.0.10/InvokerBytecodeGenerator.java:712)
	at java.lang.invoke.LambdaForm.compileToBytecode(java.base@21.0.10/LambdaForm.java:849)
	at java.lang.invoke.Invokers.callSiteForm(java.base@21.0.10/Invokers.java:608)
	at java.lang.invoke.Invokers.linkToTargetMethod(java.base@21.0.10/Invokers.java:573)
	at java.lang.invoke.MethodHandleNatives.linkCallSiteImpl(java.base@21.0.10/MethodHandleNatives.java:262)
	at java.lang.invoke.MethodHandleNatives.linkCallSite(java.base@21.0.10/MethodHandleNatives.java:239)
	at net.minecraft.core.BlockPos.betweenCornersInDirection(BlockPos.java:586)
	at net.minecraft.core.BlockPos.betweenCornersInDirection(BlockPos.java:556)
	at net.minecraft.world.level.BlockGetter.forEachBlockIntersectedBetween(BlockGetter.java:225)
	at net.minecraft.world.entity.Entity.checkInsideBlocks(Entity.java:1762)
	at net.minecraft.world.entity.Entity.checkInsideBlocks(Entity.java:1725)
	at net.minecraft.world.entity.Entity.applyEffectsFromBlocks(Entity.java:1365)
	at net.minecraft.world.entity.Entity.applyEffectsFromBlocks(Entity.java:1321)
	at net.minecraft.world.entity.LivingEntity.aiStep(LivingEntity.java:3774)
	at net.minecraft.world.entity.Mob.aiStep(Mob.java:554)
	at net.minecraft.world.entity.LivingEntity.tick(LivingEntity.java:3439)
	at net.minecraft.world.entity.Mob.tick(Mob.java:398)
	at net.minecraft.world.entity.ambient.Bat.tick(Bat.java:118)
	at net.minecraft.server.level.ServerLevel.tickNonPassenger(ServerLevel.java:1368)
	at net.minecraft.server.level.ServerLevel$$Lambda/0x000001d7827ef958.accept(Unknown Source)
	at net.minecraft.world.level.Level.guardEntityTick(Level.java:1434)
	at net.minecraft.server.level.ServerLevel.lambda$tick$4(ServerLevel.java:865)
	at net.minecraft.server.level.ServerLevel$$Lambda/0x000001d78229eab8.accept(Unknown Source)
	at net.minecraft.world.level.entity.EntityTickList.forEach(EntityTickList.java:39)
	at net.minecraft.server.level.ServerLevel.tick(ServerLevel.java:847)
	at net.minecraft.server.MinecraftServer.tickChildren(MinecraftServer.java:1836)
	at net.minecraft.server.MinecraftServer.tickServer(MinecraftServer.java:1619)
	at net.minecraft.server.dedicated.DedicatedServer.tickServer(DedicatedServer.java:449)
	at net.minecraft.server.MinecraftServer.processPacketsAndTick(MinecraftServer.java:1676)
	at net.minecraft.server.MinecraftServer.runServer(MinecraftServer.java:1342)
	at net.minecraft.server.MinecraftServer.lambda$spin$2(MinecraftServer.java:388)
	at net.minecraft.server.MinecraftServer$$Lambda/0x000001d781f339f0.run(Unknown Source)
	at java.lang.Thread.runWith(java.base@21.0.10/Thread.java:1596)
	at java.lang.Thread.run(java.base@21.0.10/Thread.java:1583)
=== sample +6866ms ===
"Server thread" #113 [56740] prio=8 os_prio=1 cpu=2609.38ms elapsed=11.74s tid=0x000001d7f1b37120 nid=56740 waiting on condition  [0x0000007dacdff000]
   java.lang.Thread.State: TIMED_WAITING (parking)
	at jdk.internal.misc.Unsafe.park(java.base@21.0.10/Native Method)
	- parking to wait for  <0x00000007176b3ef8> (a java.lang.String)
	at java.util.concurrent.locks.LockSupport.parkNanos(java.base@21.0.10/LockSupport.java:269)
	at net.minecraft.server.MinecraftServer.recordTaskExecutionTimeWhileWaiting(MinecraftServer.java:1242)
	at net.minecraft.server.MinecraftServer.runServer(MinecraftServer.java:1348)
	at net.minecraft.server.MinecraftServer.lambda$spin$2(MinecraftServer.java:388)
	at net.minecraft.server.MinecraftServer$$Lambda/0x000001d781f339f0.run(Unknown Source)
	at java.lang.Thread.runWith(java.base@21.0.10/Thread.java:1596)
	at java.lang.Thread.run(java.base@21.0.10/Thread.java:1583)
=== sample +7160ms ===
"Server thread" #113 [56740] prio=8 os_prio=1 cpu=2656.25ms elapsed=12.05s tid=0x000001d7f1b37120 nid=56740 runnable  [0x0000007dacdfd000]
   java.lang.Thread.State: RUNNABLE
	at java.lang.ClassLoader.defineClass1(java.base@21.0.10/Native Method)
	at java.lang.ClassLoader.defineClass(java.base@21.0.10/ClassLoader.java:1027)
	at java.security.SecureClassLoader.defineClass(java.base@21.0.10/SecureClassLoader.java:150)
	at java.net.URLClassLoader.defineClass(java.base@21.0.10/URLClassLoader.java:524)
	at java.net.URLClassLoader$1.run(java.base@21.0.10/URLClassLoader.java:427)
	at java.net.URLClassLoader$1.run(java.base@21.0.10/URLClassLoader.java:421)
	at java.security.AccessController.executePrivileged(java.base@21.0.10/AccessController.java:809)
	at java.security.AccessController.doPrivileged(java.base@21.0.10/AccessController.java:714)
	at java.net.URLClassLoader.findClass(java.base@21.0.10/URLClassLoader.java:420)
	at java.lang.ClassLoader.loadClass(java.base@21.0.10/ClassLoader.java:593)
	- locked <0x000000071b24cd28> (a java.lang.Object)
	at java.lang.ClassLoader.loadClass(java.base@21.0.10/ClassLoader.java:526)
	at net.minecraft.world.entity.Entity.vibrationAndSoundEffectsFromBlock(Entity.java:1401)
	at net.minecraft.world.entity.Entity.applyMovementEmissionAndPlaySound(Entity.java:1289)
	at net.minecraft.world.entity.Entity.move(Entity.java:1260)
	at net.minecraft.world.entity.LivingEntity.handleRelativeFrictionAndCalculateMovement(LivingEntity.java:3318)
	at net.minecraft.world.entity.LivingEntity.travelInAir(LivingEntity.java:3124)
	at net.minecraft.world.entity.LivingEntity.travel(LivingEntity.java:3092)
	at net.minecraft.world.entity.LivingEntity.aiStep(LivingEntity.java:3770)
	at net.minecraft.world.entity.Mob.aiStep(Mob.java:554)
	at net.minecraft.world.entity.LivingEntity.tick(LivingEntity.java:3439)
	at net.minecraft.world.entity.Mob.tick(Mob.java:398)
	at net.minecraft.world.entity.ambient.Bat.tick(Bat.java:118)
	at net.minecraft.server.level.ServerLevel.tickNonPassenger(ServerLevel.java:1368)
	at net.minecraft.server.level.ServerLevel$$Lambda/0x000001d7827ef958.accept(Unknown Source)
	at net.minecraft.world.level.Level.guardEntityTick(Level.java:1434)
	at net.minecraft.server.level.ServerLevel.lambda$tick$4(ServerLevel.java:865)
	at net.minecraft.server.level.ServerLevel$$Lambda/0x000001d78229eab8.accept(Unknown Source)
	at net.minecraft.world.level.entity.EntityTickList.forEach(EntityTickList.java:39)
	at net.minecraft.server.level.ServerLevel.tick(ServerLevel.java:847)
	at net.minecraft.server.MinecraftServer.tickChildren(MinecraftServer.java:1836)
	at net.minecraft.server.MinecraftServer.tickServer(MinecraftServer.java:1619)
	at net.minecraft.server.dedicated.DedicatedServer.tickServer(DedicatedServer.java:449)
	at net.minecraft.server.MinecraftServer.processPacketsAndTick(MinecraftServer.java:1676)
	at net.minecraft.server.MinecraftServer.runServer(MinecraftServer.java:1342)
	at net.minecraft.server.MinecraftServer.lambda$spin$2(MinecraftServer.java:388)
	at net.minecraft.server.MinecraftServer$$Lambda/0x000001d781f339f0.run(Unknown Source)
	at java.lang.Thread.runWith(java.base@21.0.10/Thread.java:1596)
	at java.lang.Thread.run(java.base@21.0.10/Thread.java:1583)
=== sample +7410ms ===
"Server thread" #113 [56740] prio=8 os_prio=1 cpu=2687.50ms elapsed=12.32s tid=0x000001d7f1b37120 nid=56740 runnable  [0x0000007dacdfc000]
   java.lang.Thread.State: RUNNABLE
	at java.lang.ClassLoader.defineClass1(java.base@21.0.10/Native Method)
	at java.lang.ClassLoader.defineClass(java.base@21.0.10/ClassLoader.java:1027)
	at java.security.SecureClassLoader.defineClass(java.base@21.0.10/SecureClassLoader.java:150)
	at java.net.URLClassLoader.defineClass(java.base@21.0.10/URLClassLoader.java:524)
	at java.net.URLClassLoader$1.run(java.base@21.0.10/URLClassLoader.java:427)
	at java.net.URLClassLoader$1.run(java.base@21.0.10/URLClassLoader.java:421)
	at java.security.AccessController.executePrivileged(java.base@21.0.10/AccessController.java:809)
	at java.security.AccessController.doPrivileged(java.base@21.0.10/AccessController.java:714)
	at java.net.URLClassLoader.findClass(java.base@21.0.10/URLClassLoader.java:420)
	at java.lang.ClassLoader.loadClass(java.base@21.0.10/ClassLoader.java:593)
	- locked <0x000000072f645620> (a java.lang.Object)
	at java.lang.ClassLoader.loadClass(java.base@21.0.10/ClassLoader.java:526)
	at org.bukkit.craftbukkit.block.CraftBlockStates.<clinit>(CraftBlockStates.java:116)
	at org.bukkit.craftbukkit.event.CraftEventFactory.handleBlockFormEvent(CraftEventFactory.java:2008)
	at org.bukkit.craftbukkit.event.CraftEventFactory.handleBlockFormEvent(CraftEventFactory.java:2004)
	at org.bukkit.craftbukkit.event.CraftEventFactory.handleBlockFormEvent(CraftEventFactory.java:2000)
	at net.minecraft.world.level.block.LiquidBlock.shouldSpreadLiquid(LiquidBlock.java:201)
	at net.minecraft.world.level.block.LiquidBlock.neighborChanged(LiquidBlock.java:187)
	at net.minecraft.world.level.block.state.BlockBehaviour$BlockStateBase.handleNeighborChanged(BlockBehaviour.java:834)
	at net.minecraft.world.level.redstone.NeighborUpdater.executeUpdate(NeighborUpdater.java:66)
	at net.minecraft.world.level.redstone.CollectingNeighborUpdater$MultiNeighborUpdate.runNext(CollectingNeighborUpdater.java:148)
	at net.minecraft.world.level.redstone.CollectingNeighborUpdater.runUpdates(CollectingNeighborUpdater.java:88)
	at net.minecraft.world.level.redstone.CollectingNeighborUpdater.addAndRun(CollectingNeighborUpdater.java:70)
	at net.minecraft.world.level.redstone.CollectingNeighborUpdater.updateNeighborsAtExceptFromFacing(CollectingNeighborUpdater.java:52)
	at net.minecraft.server.level.ServerLevel.updateNeighborsAt(ServerLevel.java:1895)
	at net.minecraft.server.level.ServerLevel.updateNeighborsAt(ServerLevel.java:1889)
	at net.minecraft.world.level.Level.notifyAndUpdatePhysics(Level.java:1158)
	at net.minecraft.world.level.Level.setBlock(Level.java:1130)
	at net.minecraft.world.level.Level.setBlock(Level.java:1042)
	at net.minecraft.world.level.material.FlowingFluid.spreadTo(FlowingFluid.java:342)
	at net.minecraft.world.level.material.FlowingFluid.spread(FlowingFluid.java:180)
	at net.minecraft.world.level.material.FlowingFluid.tick(FlowingFluid.java:529)
	at net.minecraft.world.level.material.FluidState.tick(FluidState.java:100)
	at net.minecraft.world.level.chunk.LevelChunk.postProcessGeneration(LevelChunk.java:842)
	at ca.spottedleaf.moonrise.patches.chunk_system.player.RegionizedPlayerChunkLoader$PlayerChunkLoaderData.updateQueues(RegionizedPlayerChunkLoader.java:836)
	at ca.spottedleaf.moonrise.patches.chunk_system.player.RegionizedPlayerChunkLoader.tick(RegionizedPlayerChunkLoader.java:316)
	at net.minecraft.server.level.ServerChunkCache.tick(ServerChunkCache.java:487)
	at net.minecraft.server.level.ServerLevel.tick(ServerLevel.java:815)
	at net.minecraft.server.MinecraftServer.tickChildren(MinecraftServer.java:1836)
	at net.minecraft.server.MinecraftServer.tickServer(MinecraftServer.java:1619)
	at net.minecraft.server.dedicated.DedicatedServer.tickServer(DedicatedServer.java:449)
	at net.minecraft.server.MinecraftServer.processPacketsAndTick(MinecraftServer.java:1676)
	at net.minecraft.server.MinecraftServer.runServer(MinecraftServer.java:1342)
	at net.minecraft.server.MinecraftServer.lambda$spin$2(MinecraftServer.java:388)
	at net.minecraft.server.MinecraftServer$$Lambda/0x000001d781f339f0.run(Unknown Source)
	at java.lang.Thread.runWith(java.base@21.0.10/Thread.java:1596)
	at java.lang.Thread.run(java.base@21.0.10/Thread.java:1583)
=== sample +7675ms ===
"Server thread" #113 [56740] prio=8 os_prio=1 cpu=2703.12ms elapsed=12.57s tid=0x000001d7f1b37120 nid=56740 runnable  [0x0000007dacdfd000]
   java.lang.Thread.State: RUNNABLE
	at java.lang.ClassLoader.defineClass0(java.base@21.0.10/Native Method)
	at java.lang.System$2.defineClass(java.base@21.0.10/System.java:2394)
	at java.lang.invoke.MethodHandles$Lookup$ClassDefiner.defineClass(java.base@21.0.10/MethodHandles.java:2505)
	at java.lang.invoke.InnerClassLambdaMetafactory.generateInnerClass(java.base@21.0.10/InnerClassLambdaMetafactory.java:361)
	at java.lang.invoke.InnerClassLambdaMetafactory.spinInnerClass(java.base@21.0.10/InnerClassLambdaMetafactory.java:286)
	at java.lang.invoke.InnerClassLambdaMetafactory.buildCallSite(java.base@21.0.10/InnerClassLambdaMetafactory.java:221)
	at java.lang.invoke.LambdaMetafactory.metafactory(java.base@21.0.10/LambdaMetafactory.java:341)
	at java.lang.invoke.LambdaForm$DMH/0x000001d781110400.invokeStatic(java.base@21.0.10/LambdaForm$DMH)
	at java.lang.invoke.Invokers$Holder.invokeExact_MT(java.base@21.0.10/Invokers$Holder)
	at java.lang.invoke.BootstrapMethodInvoker.invoke(java.base@21.0.10/BootstrapMethodInvoker.java:134)
	at java.lang.invoke.CallSite.makeSite(java.base@21.0.10/CallSite.java:310)
	at java.lang.invoke.MethodHandleNatives.linkCallSiteImpl(java.base@21.0.10/MethodHandleNatives.java:249)
	at java.lang.invoke.MethodHandleNatives.linkCallSite(java.base@21.0.10/MethodHandleNatives.java:239)
	at net.minecraft.world.entity.ai.village.poi.PoiSection.getRecords(PoiSection.java:67)
	at net.minecraft.world.entity.ai.village.poi.PoiManager.lambda$isVillageCenter$16(PoiManager.java:369)
	at net.minecraft.world.entity.ai.village.poi.PoiManager$$Lambda/0x000001d78229bdf8.apply(Unknown Source)
	at java.util.Optional.map(java.base@21.0.10/Optional.java:260)
	at net.minecraft.world.entity.ai.village.poi.PoiManager.isVillageCenter(PoiManager.java:368)
	at net.minecraft.world.entity.ai.village.poi.PoiManager.updateDistanceTracking(PoiManager.java:63)
	at net.minecraft.world.entity.ai.village.poi.PoiManager.setDirty(PoiManager.java:389)
	at ca.spottedleaf.moonrise.patches.chunk_system.level.poi.PoiChunk.lambda$getOrCreateSection$0(PoiChunk.java:85)
	at ca.spottedleaf.moonrise.patches.chunk_system.level.poi.PoiChunk$$Lambda/0x000001d7828338a8.run(Unknown Source)
	at net.minecraft.world.entity.ai.village.poi.PoiSection.add(PoiSection.java:76)
	at net.minecraft.world.entity.ai.village.poi.PoiManager.add(PoiManager.java:198)
	at net.minecraft.server.level.ServerLevel.lambda$updatePOIOnBlockStateChange$18(ServerLevel.java:2360)
	at net.minecraft.server.level.ServerLevel$$Lambda/0x000001d782833228.run(Unknown Source)
	at net.minecraft.server.TickTask.run(TickTask.java:18)
	at net.minecraft.util.thread.BlockableEventLoop.doRunTask(BlockableEventLoop.java:177)
	at net.minecraft.util.thread.ReentrantBlockableEventLoop.doRunTask(ReentrantBlockableEventLoop.java:24)
	at net.minecraft.server.MinecraftServer.doRunTask(MinecraftServer.java:1532)
	at net.minecraft.server.MinecraftServer.doRunTask(MinecraftServer.java:188)
	at net.minecraft.util.thread.BlockableEventLoop.pollTask(BlockableEventLoop.java:151)
	at net.minecraft.server.MinecraftServer.pollTaskInternal(MinecraftServer.java:1512)
	at net.minecraft.server.MinecraftServer.pollTask(MinecraftServer.java:1506)
	at net.minecraft.server.MinecraftServer.recordTaskExecutionTimeWhileWaiting(MinecraftServer.java:1232)
	at net.minecraft.server.MinecraftServer.runServer(MinecraftServer.java:1348)
	at net.minecraft.server.MinecraftServer.lambda$spin$2(MinecraftServer.java:388)
	at net.minecraft.server.MinecraftServer$$Lambda/0x000001d781f339f0.run(Unknown Source)
	at java.lang.Thread.runWith(java.base@21.0.10/Thread.java:1596)
	at java.lang.Thread.run(java.base@21.0.10/Thread.java:1583)
=== sample +7959ms ===
"Server thread" #113 [56740] prio=8 os_prio=1 cpu=2765.62ms elapsed=12.84s tid=0x000001d7f1b37120 nid=56740 runnable  [0x0000007dacdfd000]
   java.lang.Thread.State: RUNNABLE
	at java.util.PriorityQueue.siftUp(java.base@21.0.10/PriorityQueue.java:637)
	at java.util.PriorityQueue.offer(java.base@21.0.10/PriorityQueue.java:330)
	at java.util.PriorityQueue.add(java.base@21.0.10/PriorityQueue.java:311)
	at net.minecraft.world.ticks.LevelChunkTicks.scheduleUnchecked(LevelChunkTicks.java:82)
	at net.minecraft.world.ticks.LevelChunkTicks.schedule(LevelChunkTicks.java:77)
	at net.minecraft.world.ticks.LevelTicks.schedule(LevelTicks.java:78)
	at net.minecraft.world.level.ScheduledTickAccess.scheduleTick(ScheduledTickAccess.java:22)
	at net.minecraft.world.level.block.LeavesBlock.updateShape(LeavesBlock.java:120)
	at net.minecraft.world.level.block.state.BlockBehaviour$BlockStateBase.updateShape(BlockBehaviour.java:926)
	at net.minecraft.world.level.redstone.NeighborUpdater.executeShapeUpdate(NeighborUpdater.java:39)
	at net.minecraft.world.level.redstone.CollectingNeighborUpdater$ShapeUpdate.runNext(CollectingNeighborUpdater.java:177)
	at net.minecraft.world.level.redstone.CollectingNeighborUpdater.runUpdates(CollectingNeighborUpdater.java:88)
	at net.minecraft.world.level.redstone.CollectingNeighborUpdater.addAndRun(CollectingNeighborUpdater.java:70)
	at net.minecraft.world.level.redstone.CollectingNeighborUpdater.shapeUpdate(CollectingNeighborUpdater.java:37)
	at net.minecraft.world.level.Level.neighborShapeChanged(Level.java:1265)
	at net.minecraft.world.level.block.state.BlockBehaviour$BlockStateBase.updateNeighbourShapes(BlockBehaviour.java:846)
	at net.minecraft.world.level.Level.notifyAndUpdatePhysics(Level.java:1176)
	at net.minecraft.world.level.Level.setBlock(Level.java:1130)
	at net.minecraft.world.level.Level.setBlock(Level.java:1042)
	at net.minecraft.world.level.block.LeavesBlock.tick(LeavesBlock.java:95)
	at net.minecraft.world.level.block.state.BlockBehaviour$BlockStateBase.tick(BlockBehaviour.java:877)
	at net.minecraft.server.level.ServerLevel.tickBlock(ServerLevel.java:1330)
	at net.minecraft.server.level.ServerLevel$$Lambda/0x000001d78226ecc0.accept(Unknown Source)
	at net.minecraft.world.ticks.LevelTicks.runCollectedTicks(LevelTicks.java:189)
	at net.minecraft.world.ticks.LevelTicks.tick(LevelTicks.java:88)
	at net.minecraft.server.level.ServerLevel.tick(ServerLevel.java:799)
	at net.minecraft.server.MinecraftServer.tickChildren(MinecraftServer.java:1836)
	at net.minecraft.server.MinecraftServer.tickServer(MinecraftServer.java:1619)
	at net.minecraft.server.dedicated.DedicatedServer.tickServer(DedicatedServer.java:449)
	at net.minecraft.server.MinecraftServer.processPacketsAndTick(MinecraftServer.java:1676)
	at net.minecraft.server.MinecraftServer.runServer(MinecraftServer.java:1342)
	at net.minecraft.server.MinecraftServer.lambda$spin$2(MinecraftServer.java:388)
	at net.minecraft.server.MinecraftServer$$Lambda/0x000001d781f339f0.run(Unknown Source)
	at java.lang.Thread.runWith(java.base@21.0.10/Thread.java:1596)
	at java.lang.Thread.run(java.base@21.0.10/Thread.java:1583)
=== sample +8237ms ===
"Server thread" #113 [56740] prio=8 os_prio=1 cpu=2859.38ms elapsed=13.12s tid=0x000001d7f1b37120 nid=56740 waiting on condition  [0x0000007dacdff000]
   java.lang.Thread.State: TIMED_WAITING (parking)
	at jdk.internal.misc.Unsafe.park(java.base@21.0.10/Native Method)
	- parking to wait for  <0x0000000703ebbad8> (a java.lang.String)
	at java.util.concurrent.locks.LockSupport.parkNanos(java.base@21.0.10/LockSupport.java:269)
	at net.minecraft.server.MinecraftServer.recordTaskExecutionTimeWhileWaiting(MinecraftServer.java:1242)
	at net.minecraft.server.MinecraftServer.runServer(MinecraftServer.java:1348)
	at net.minecraft.server.MinecraftServer.lambda$spin$2(MinecraftServer.java:388)
	at net.minecraft.server.MinecraftServer$$Lambda/0x000001d781f339f0.run(Unknown Source)
	at java.lang.Thread.runWith(java.base@21.0.10/Thread.java:1596)
	at java.lang.Thread.run(java.base@21.0.10/Thread.java:1583)
=== sample +8501ms ===
"Server thread" #113 [56740] prio=8 os_prio=1 cpu=2921.88ms elapsed=13.40s tid=0x000001d7f1b37120 nid=56740 waiting on condition  [0x0000007dacdff000]
   java.lang.Thread.State: TIMED_WAITING (parking)
	at jdk.internal.misc.Unsafe.park(java.base@21.0.10/Native Method)
	- parking to wait for  <0x0000000703ebbad8> (a java.lang.String)
	at java.util.concurrent.locks.LockSupport.parkNanos(java.base@21.0.10/LockSupport.java:269)
	at net.minecraft.server.MinecraftServer.recordTaskExecutionTimeWhileWaiting(MinecraftServer.java:1242)
	at net.minecraft.server.MinecraftServer.runServer(MinecraftServer.java:1348)
	at net.minecraft.server.MinecraftServer.lambda$spin$2(MinecraftServer.java:388)
	at net.minecraft.server.MinecraftServer$$Lambda/0x000001d781f339f0.run(Unknown Source)
	at java.lang.Thread.runWith(java.base@21.0.10/Thread.java:1596)
	at java.lang.Thread.run(java.base@21.0.10/Thread.java:1583)
=== sample +8765ms ===
"Server thread" #113 [56740] prio=8 os_prio=1 cpu=2984.38ms elapsed=13.66s tid=0x000001d7f1b37120 nid=56740 waiting on condition  [0x0000007dacdff000]
   java.lang.Thread.State: TIMED_WAITING (parking)
	at jdk.internal.misc.Unsafe.park(java.base@21.0.10/Native Method)
	- parking to wait for  <0x0000000703ebbad8> (a java.lang.String)
	at java.util.concurrent.locks.LockSupport.parkNanos(java.base@21.0.10/LockSupport.java:269)
	at net.minecraft.server.MinecraftServer.recordTaskExecutionTimeWhileWaiting(MinecraftServer.java:1242)
	at net.minecraft.server.MinecraftServer.runServer(MinecraftServer.java:1348)
	at net.minecraft.server.MinecraftServer.lambda$spin$2(MinecraftServer.java:388)
	at net.minecraft.server.MinecraftServer$$Lambda/0x000001d781f339f0.run(Unknown Source)
	at java.lang.Thread.runWith(java.base@21.0.10/Thread.java:1596)
	at java.lang.Thread.run(java.base@21.0.10/Thread.java:1583)
=== sample +9026ms ===
"Server thread" #113 [56740] prio=8 os_prio=1 cpu=3062.50ms elapsed=13.93s tid=0x000001d7f1b37120 nid=56740 runnable  [0x0000007dacdfd000]
   java.lang.Thread.State: RUNNABLE
	at net.minecraft.world.level.LevelHeightAccessor.isOutsideBuildHeight(LevelHeightAccessor.java:32)
	at net.minecraft.world.level.PathNavigationRegion.getFluidState(PathNavigationRegion.java:138)
	at net.minecraft.world.level.pathfinder.WalkNodeEvaluator.getFloorLevel(WalkNodeEvaluator.java:220)
	at net.minecraft.world.level.pathfinder.WalkNodeEvaluator.findAcceptedNode(WalkNodeEvaluator.java:238)
	at net.minecraft.world.level.pathfinder.WalkNodeEvaluator.getNeighbors(WalkNodeEvaluator.java:142)
	at net.minecraft.world.level.pathfinder.PathFinder.findPath(PathFinder.java:106)
	at net.minecraft.world.level.pathfinder.PathFinder.findPath(PathFinder.java:56)
	at net.minecraft.world.entity.ai.navigation.PathNavigation.createPath(PathNavigation.java:195)
	at net.minecraft.world.entity.ai.navigation.PathNavigation.createPath(PathNavigation.java:154)
	at net.minecraft.world.entity.ai.navigation.PathNavigation.createPath(PathNavigation.java:132)
	at net.minecraft.world.entity.ai.navigation.GroundPathNavigation.createPath(GroundPathNavigation.java:54)
	at net.minecraft.world.entity.ai.navigation.PathNavigation.createPath(PathNavigation.java:129)
	at net.minecraft.world.entity.ai.navigation.PathNavigation.createPath(PathNavigation.java:116)
	at net.minecraft.world.entity.ai.navigation.PathNavigation.moveTo(PathNavigation.java:213)
	at net.minecraft.world.entity.ai.goal.RandomStrollGoal.start(RandomStrollGoal.java:75)
	at net.minecraft.world.entity.ai.goal.WrappedGoal.start(WrappedGoal.java:39)
	at net.minecraft.world.entity.ai.goal.GoalSelector.tick(GoalSelector.java:112)
	at net.minecraft.world.entity.Mob.serverAiStep(Mob.java:868)
	at net.minecraft.world.entity.LivingEntity.aiStep(LivingEntity.java:3717)
	at net.minecraft.world.entity.Mob.aiStep(Mob.java:554)
	at net.minecraft.world.entity.AgeableMob.aiStep(AgeableMob.java:149)
	at net.minecraft.world.entity.animal.Animal.aiStep(Animal.java:71)
	at net.minecraft.world.entity.LivingEntity.tick(LivingEntity.java:3439)
	at net.minecraft.world.entity.Mob.tick(Mob.java:398)
	at net.minecraft.server.level.ServerLevel.tickNonPassenger(ServerLevel.java:1368)
	at net.minecraft.server.level.ServerLevel$$Lambda/0x000001d7827ef958.accept(Unknown Source)
	at net.minecraft.world.level.Level.guardEntityTick(Level.java:1434)
	at net.minecraft.server.level.ServerLevel.lambda$tick$4(ServerLevel.java:865)
	at net.minecraft.server.level.ServerLevel$$Lambda/0x000001d78229eab8.accept(Unknown Source)
	at net.minecraft.world.level.entity.EntityTickList.forEach(EntityTickList.java:39)
	at net.minecraft.server.level.ServerLevel.tick(ServerLevel.java:847)
	at net.minecraft.server.MinecraftServer.tickChildren(MinecraftServer.java:1836)
	at net.minecraft.server.MinecraftServer.tickServer(MinecraftServer.java:1619)
	at net.minecraft.server.dedicated.DedicatedServer.tickServer(DedicatedServer.java:449)
	at net.minecraft.server.MinecraftServer.processPacketsAndTick(MinecraftServer.java:1676)
	at net.minecraft.server.MinecraftServer.runServer(MinecraftServer.java:1342)
	at net.minecraft.server.MinecraftServer.lambda$spin$2(MinecraftServer.java:388)
	at net.minecraft.server.MinecraftServer$$Lambda/0x000001d781f339f0.run(Unknown Source)
	at java.lang.Thread.runWith(java.base@21.0.10/Thread.java:1596)
	at java.lang.Thread.run(java.base@21.0.10/Thread.java:1583)
=== sample +9293ms ===
"Server thread" #113 [56740] prio=8 os_prio=1 cpu=3140.62ms elapsed=14.19s tid=0x000001d7f1b37120 nid=56740 waiting on condition  [0x0000007dacdff000]
   java.lang.Thread.State: TIMED_WAITING (parking)
	at jdk.internal.misc.Unsafe.park(java.base@21.0.10/Native Method)
	- parking to wait for  <0x0000000703ebbad8> (a java.lang.String)
	at java.util.concurrent.locks.LockSupport.parkNanos(java.base@21.0.10/LockSupport.java:269)
	at net.minecraft.server.MinecraftServer.recordTaskExecutionTimeWhileWaiting(MinecraftServer.java:1242)
	at net.minecraft.server.MinecraftServer.runServer(MinecraftServer.java:1348)
	at net.minecraft.server.MinecraftServer.lambda$spin$2(MinecraftServer.java:388)
	at net.minecraft.server.MinecraftServer$$Lambda/0x000001d781f339f0.run(Unknown Source)
	at java.lang.Thread.runWith(java.base@21.0.10/Thread.java:1596)
	at java.lang.Thread.run(java.base@21.0.10/Thread.java:1583)
=== sample +9556ms ===
"Server thread" #113 [56740] prio=8 os_prio=1 cpu=3140.62ms elapsed=14.46s tid=0x000001d7f1b37120 nid=56740 waiting on condition  [0x0000007dacdff000]
   java.lang.Thread.State: TIMED_WAITING (parking)
	at jdk.internal.misc.Unsafe.park(java.base@21.0.10/Native Method)
	- parking to wait for  <0x0000000703ebbad8> (a java.lang.String)
	at java.util.concurrent.locks.LockSupport.parkNanos(java.base@21.0.10/LockSupport.java:269)
	at net.minecraft.server.MinecraftServer.recordTaskExecutionTimeWhileWaiting(MinecraftServer.java:1242)
	at net.minecraft.server.MinecraftServer.runServer(MinecraftServer.java:1348)
	at net.minecraft.server.MinecraftServer.lambda$spin$2(MinecraftServer.java:388)
	at net.minecraft.server.MinecraftServer$$Lambda/0x000001d781f339f0.run(Unknown Source)
	at java.lang.Thread.runWith(java.base@21.0.10/Thread.java:1596)
	at java.lang.Thread.run(java.base@21.0.10/Thread.java:1583)
=== sample +9824ms ===
"Server thread" #113 [56740] prio=8 os_prio=1 cpu=3171.88ms elapsed=14.72s tid=0x000001d7f1b37120 nid=56740 waiting on condition  [0x0000007dacdff000]
   java.lang.Thread.State: TIMED_WAITING (parking)
	at jdk.internal.misc.Unsafe.park(java.base@21.0.10/Native Method)
	- parking to wait for  <0x0000000703ebbad8> (a java.lang.String)
	at java.util.concurrent.locks.LockSupport.parkNanos(java.base@21.0.10/LockSupport.java:269)
	at net.minecraft.server.MinecraftServer.recordTaskExecutionTimeWhileWaiting(MinecraftServer.java:1242)
	at net.minecraft.server.MinecraftServer.runServer(MinecraftServer.java:1348)
	at net.minecraft.server.MinecraftServer.lambda$spin$2(MinecraftServer.java:388)
	at net.minecraft.server.MinecraftServer$$Lambda/0x000001d781f339f0.run(Unknown Source)
	at java.lang.Thread.runWith(java.base@21.0.10/Thread.java:1596)
	at java.lang.Thread.run(java.base@21.0.10/Thread.java:1583)
=== sample +10073ms ===
"Server thread" #113 [56740] prio=8 os_prio=1 cpu=3187.50ms elapsed=14.98s tid=0x000001d7f1b37120 nid=56740 waiting on condition  [0x0000007dacdff000]
   java.lang.Thread.State: TIMED_WAITING (parking)
	at jdk.internal.misc.Unsafe.park(java.base@21.0.10/Native Method)
	- parking to wait for  <0x0000000703ebbad8> (a java.lang.String)
	at java.util.concurrent.locks.LockSupport.parkNanos(java.base@21.0.10/LockSupport.java:269)
	at net.minecraft.server.MinecraftServer.recordTaskExecutionTimeWhileWaiting(MinecraftServer.java:1242)
	at net.minecraft.server.MinecraftServer.runServer(MinecraftServer.java:1348)
	at net.minecraft.server.MinecraftServer.lambda$spin$2(MinecraftServer.java:388)
	at net.minecraft.server.MinecraftServer$$Lambda/0x000001d781f339f0.run(Unknown Source)
	at java.lang.Thread.runWith(java.base@21.0.10/Thread.java:1596)
	at java.lang.Thread.run(java.base@21.0.10/Thread.java:1583)
=== sample +10321ms ===
"Server thread" #113 [56740] prio=8 os_prio=1 cpu=3203.12ms elapsed=15.23s tid=0x000001d7f1b37120 nid=56740 waiting on condition  [0x0000007dacdff000]
   java.lang.Thread.State: TIMED_WAITING (parking)
	at jdk.internal.misc.Unsafe.park(java.base@21.0.10/Native Method)
	- parking to wait for  <0x0000000703ebbad8> (a java.lang.String)
	at java.util.concurrent.locks.LockSupport.parkNanos(java.base@21.0.10/LockSupport.java:269)
	at net.minecraft.server.MinecraftServer.recordTaskExecutionTimeWhileWaiting(MinecraftServer.java:1242)
	at net.minecraft.server.MinecraftServer.runServer(MinecraftServer.java:1348)
	at net.minecraft.server.MinecraftServer.lambda$spin$2(MinecraftServer.java:388)
	at net.minecraft.server.MinecraftServer$$Lambda/0x000001d781f339f0.run(Unknown Source)
	at java.lang.Thread.runWith(java.base@21.0.10/Thread.java:1596)
	at java.lang.Thread.run(java.base@21.0.10/Thread.java:1583)
=== sample +10569ms ===
"Server thread" #113 [56740] prio=8 os_prio=1 cpu=3203.12ms elapsed=15.48s tid=0x000001d7f1b37120 nid=56740 waiting on condition  [0x0000007dacdff000]
   java.lang.Thread.State: TIMED_WAITING (parking)
	at jdk.internal.misc.Unsafe.park(java.base@21.0.10/Native Method)
	- parking to wait for  <0x0000000703ebbad8> (a java.lang.String)
	at java.util.concurrent.locks.LockSupport.parkNanos(java.base@21.0.10/LockSupport.java:269)
	at net.minecraft.server.MinecraftServer.recordTaskExecutionTimeWhileWaiting(MinecraftServer.java:1242)
	at net.minecraft.server.MinecraftServer.runServer(MinecraftServer.java:1348)
	at net.minecraft.server.MinecraftServer.lambda$spin$2(MinecraftServer.java:388)
	at net.minecraft.server.MinecraftServer$$Lambda/0x000001d781f339f0.run(Unknown Source)
	at java.lang.Thread.runWith(java.base@21.0.10/Thread.java:1596)
	at java.lang.Thread.run(java.base@21.0.10/Thread.java:1583)
=== sample +10816ms ===
"Server thread" #113 [56740] prio=8 os_prio=1 cpu=3203.12ms elapsed=15.72s tid=0x000001d7f1b37120 nid=56740 waiting on condition  [0x0000007dacdff000]
   java.lang.Thread.State: TIMED_WAITING (parking)
	at jdk.internal.misc.Unsafe.park(java.base@21.0.10/Native Method)
	- parking to wait for  <0x0000000703ebbad8> (a java.lang.String)
	at java.util.concurrent.locks.LockSupport.parkNanos(java.base@21.0.10/LockSupport.java:269)
	at net.minecraft.server.MinecraftServer.recordTaskExecutionTimeWhileWaiting(MinecraftServer.java:1242)
	at net.minecraft.server.MinecraftServer.runServer(MinecraftServer.java:1348)
	at net.minecraft.server.MinecraftServer.lambda$spin$2(MinecraftServer.java:388)
	at net.minecraft.server.MinecraftServer$$Lambda/0x000001d781f339f0.run(Unknown Source)
	at java.lang.Thread.runWith(java.base@21.0.10/Thread.java:1596)
	at java.lang.Thread.run(java.base@21.0.10/Thread.java:1583)
=== sample +11064ms ===
"Server thread" #113 [56740] prio=8 os_prio=1 cpu=3250.00ms elapsed=15.97s tid=0x000001d7f1b37120 nid=56740 waiting on condition  [0x0000007dacdff000]
   java.lang.Thread.State: TIMED_WAITING (parking)
	at jdk.internal.misc.Unsafe.park(java.base@21.0.10/Native Method)
	- parking to wait for  <0x0000000703ebbad8> (a java.lang.String)
	at java.util.concurrent.locks.LockSupport.parkNanos(java.base@21.0.10/LockSupport.java:269)
	at net.minecraft.server.MinecraftServer.recordTaskExecutionTimeWhileWaiting(MinecraftServer.java:1242)
	at net.minecraft.server.MinecraftServer.runServer(MinecraftServer.java:1348)
	at net.minecraft.server.MinecraftServer.lambda$spin$2(MinecraftServer.java:388)
	at net.minecraft.server.MinecraftServer$$Lambda/0x000001d781f339f0.run(Unknown Source)
	at java.lang.Thread.runWith(java.base@21.0.10/Thread.java:1596)
	at java.lang.Thread.run(java.base@21.0.10/Thread.java:1583)
=== sample +11329ms ===
"Server thread" #113 [56740] prio=8 os_prio=1 cpu=3312.50ms elapsed=16.22s tid=0x000001d7f1b37120 nid=56740 waiting on condition  [0x0000007dacdff000]
   java.lang.Thread.State: TIMED_WAITING (parking)
	at jdk.internal.misc.Unsafe.park(java.base@21.0.10/Native Method)
	- parking to wait for  <0x0000000703ebbad8> (a java.lang.String)
	at java.util.concurrent.locks.LockSupport.parkNanos(java.base@21.0.10/LockSupport.java:269)
	at net.minecraft.server.MinecraftServer.recordTaskExecutionTimeWhileWaiting(MinecraftServer.java:1242)
	at net.minecraft.server.MinecraftServer.runServer(MinecraftServer.java:1348)
	at net.minecraft.server.MinecraftServer.lambda$spin$2(MinecraftServer.java:388)
	at net.minecraft.server.MinecraftServer$$Lambda/0x000001d781f339f0.run(Unknown Source)
	at java.lang.Thread.runWith(java.base@21.0.10/Thread.java:1596)
	at java.lang.Thread.run(java.base@21.0.10/Thread.java:1583)
=== sample +11594ms ===
"Server thread" #113 [56740] prio=8 os_prio=1 cpu=3390.62ms elapsed=16.49s tid=0x000001d7f1b37120 nid=56740 waiting on condition  [0x0000007dacdff000]
   java.lang.Thread.State: TIMED_WAITING (parking)
	at jdk.internal.misc.Unsafe.park(java.base@21.0.10/Native Method)
	- parking to wait for  <0x0000000703ebbad8> (a java.lang.String)
	at java.util.concurrent.locks.LockSupport.parkNanos(java.base@21.0.10/LockSupport.java:269)
	at net.minecraft.server.MinecraftServer.recordTaskExecutionTimeWhileWaiting(MinecraftServer.java:1242)
	at net.minecraft.server.MinecraftServer.runServer(MinecraftServer.java:1348)
	at net.minecraft.server.MinecraftServer.lambda$spin$2(MinecraftServer.java:388)
	at net.minecraft.server.MinecraftServer$$Lambda/0x000001d781f339f0.run(Unknown Source)
	at java.lang.Thread.runWith(java.base@21.0.10/Thread.java:1596)
	at java.lang.Thread.run(java.base@21.0.10/Thread.java:1583)
=== sample +11839ms ===
"Server thread" #113 [56740] prio=8 os_prio=1 cpu=3390.62ms elapsed=16.74s tid=0x000001d7f1b37120 nid=56740 waiting on condition  [0x0000007dacdff000]
   java.lang.Thread.State: TIMED_WAITING (parking)
	at jdk.internal.misc.Unsafe.park(java.base@21.0.10/Native Method)
	- parking to wait for  <0x0000000703ebbad8> (a java.lang.String)
	at java.util.concurrent.locks.LockSupport.parkNanos(java.base@21.0.10/LockSupport.java:269)
	at net.minecraft.server.MinecraftServer.recordTaskExecutionTimeWhileWaiting(MinecraftServer.java:1242)
	at net.minecraft.server.MinecraftServer.runServer(MinecraftServer.java:1348)
	at net.minecraft.server.MinecraftServer.lambda$spin$2(MinecraftServer.java:388)
	at net.minecraft.server.MinecraftServer$$Lambda/0x000001d781f339f0.run(Unknown Source)
	at java.lang.Thread.runWith(java.base@21.0.10/Thread.java:1596)
	at java.lang.Thread.run(java.base@21.0.10/Thread.java:1583)
=== sample +12085ms ===
"Server thread" #113 [56740] prio=8 os_prio=1 cpu=3390.62ms elapsed=16.99s tid=0x000001d7f1b37120 nid=56740 waiting on condition  [0x0000007dacdff000]
   java.lang.Thread.State: TIMED_WAITING (parking)
	at jdk.internal.misc.Unsafe.park(java.base@21.0.10/Native Method)
	- parking to wait for  <0x0000000703ebbad8> (a java.lang.String)
	at java.util.concurrent.locks.LockSupport.parkNanos(java.base@21.0.10/LockSupport.java:269)
	at net.minecraft.server.MinecraftServer.recordTaskExecutionTimeWhileWaiting(MinecraftServer.java:1242)
	at net.minecraft.server.MinecraftServer.runServer(MinecraftServer.java:1348)
	at net.minecraft.server.MinecraftServer.lambda$spin$2(MinecraftServer.java:388)
	at net.minecraft.server.MinecraftServer$$Lambda/0x000001d781f339f0.run(Unknown Source)
	at java.lang.Thread.runWith(java.base@21.0.10/Thread.java:1596)
	at java.lang.Thread.run(java.base@21.0.10/Thread.java:1583)
=== sample +12336ms ===
"Server thread" #113 [56740] prio=8 os_prio=1 cpu=3390.62ms elapsed=17.24s tid=0x000001d7f1b37120 nid=56740 waiting on condition  [0x0000007dacdff000]
   java.lang.Thread.State: TIMED_WAITING (parking)
	at jdk.internal.misc.Unsafe.park(java.base@21.0.10/Native Method)
	- parking to wait for  <0x0000000703ebbad8> (a java.lang.String)
	at java.util.concurrent.locks.LockSupport.parkNanos(java.base@21.0.10/LockSupport.java:269)
	at net.minecraft.server.MinecraftServer.recordTaskExecutionTimeWhileWaiting(MinecraftServer.java:1242)
	at net.minecraft.server.MinecraftServer.runServer(MinecraftServer.java:1348)
	at net.minecraft.server.MinecraftServer.lambda$spin$2(MinecraftServer.java:388)
	at net.minecraft.server.MinecraftServer$$Lambda/0x000001d781f339f0.run(Unknown Source)
	at java.lang.Thread.runWith(java.base@21.0.10/Thread.java:1596)
	at java.lang.Thread.run(java.base@21.0.10/Thread.java:1583)
=== sample +12581ms ===
"Server thread" #113 [56740] prio=8 os_prio=1 cpu=3421.88ms elapsed=17.49s tid=0x000001d7f1b37120 nid=56740 waiting on condition  [0x0000007dacdff000]
   java.lang.Thread.State: TIMED_WAITING (parking)
	at jdk.internal.misc.Unsafe.park(java.base@21.0.10/Native Method)
	- parking to wait for  <0x0000000703ebbad8> (a java.lang.String)
	at java.util.concurrent.locks.LockSupport.parkNanos(java.base@21.0.10/LockSupport.java:269)
	at net.minecraft.server.MinecraftServer.recordTaskExecutionTimeWhileWaiting(MinecraftServer.java:1242)
	at net.minecraft.server.MinecraftServer.runServer(MinecraftServer.java:1348)
	at net.minecraft.server.MinecraftServer.lambda$spin$2(MinecraftServer.java:388)
	at net.minecraft.server.MinecraftServer$$Lambda/0x000001d781f339f0.run(Unknown Source)
	at java.lang.Thread.runWith(java.base@21.0.10/Thread.java:1596)
	at java.lang.Thread.run(java.base@21.0.10/Thread.java:1583)
=== sample +12832ms ===
"Server thread" #113 [56740] prio=8 os_prio=1 cpu=3484.38ms elapsed=17.74s tid=0x000001d7f1b37120 nid=56740 waiting on condition  [0x0000007dacdff000]
   java.lang.Thread.State: TIMED_WAITING (parking)
	at jdk.internal.misc.Unsafe.park(java.base@21.0.10/Native Method)
	- parking to wait for  <0x0000000703ebbad8> (a java.lang.String)
	at java.util.concurrent.locks.LockSupport.parkNanos(java.base@21.0.10/LockSupport.java:269)
	at net.minecraft.server.MinecraftServer.recordTaskExecutionTimeWhileWaiting(MinecraftServer.java:1242)
	at net.minecraft.server.MinecraftServer.runServer(MinecraftServer.java:1348)
	at net.minecraft.server.MinecraftServer.lambda$spin$2(MinecraftServer.java:388)
	at net.minecraft.server.MinecraftServer$$Lambda/0x000001d781f339f0.run(Unknown Source)
	at java.lang.Thread.runWith(java.base@21.0.10/Thread.java:1596)
	at java.lang.Thread.run(java.base@21.0.10/Thread.java:1583)
=== sample +13093ms ===
"Server thread" #113 [56740] prio=8 os_prio=1 cpu=3562.50ms elapsed=17.99s tid=0x000001d7f1b37120 nid=56740 waiting on condition  [0x0000007dacdff000]
   java.lang.Thread.State: TIMED_WAITING (parking)
	at jdk.internal.misc.Unsafe.park(java.base@21.0.10/Native Method)
	- parking to wait for  <0x0000000703ebbad8> (a java.lang.String)
	at java.util.concurrent.locks.LockSupport.parkNanos(java.base@21.0.10/LockSupport.java:269)
	at net.minecraft.server.MinecraftServer.recordTaskExecutionTimeWhileWaiting(MinecraftServer.java:1242)
	at net.minecraft.server.MinecraftServer.runServer(MinecraftServer.java:1348)
	at net.minecraft.server.MinecraftServer.lambda$spin$2(MinecraftServer.java:388)
	at net.minecraft.server.MinecraftServer$$Lambda/0x000001d781f339f0.run(Unknown Source)
	at java.lang.Thread.runWith(java.base@21.0.10/Thread.java:1596)
	at java.lang.Thread.run(java.base@21.0.10/Thread.java:1583)
=== sample +13338ms ===
"Server thread" #113 [56740] prio=8 os_prio=1 cpu=3562.50ms elapsed=18.24s tid=0x000001d7f1b37120 nid=56740 runnable  [0x0000007dacdfd000]
   java.lang.Thread.State: RUNNABLE
	at net.minecraft.server.level.ServerLevel.tickNonPassenger(ServerLevel.java:1354)
	at net.minecraft.server.level.ServerLevel$$Lambda/0x000001d7827ef958.accept(Unknown Source)
	at net.minecraft.world.level.Level.guardEntityTick(Level.java:1434)
	at net.minecraft.server.level.ServerLevel.lambda$tick$4(ServerLevel.java:865)
	at net.minecraft.server.level.ServerLevel$$Lambda/0x000001d78229eab8.accept(Unknown Source)
	at net.minecraft.world.level.entity.EntityTickList.forEach(EntityTickList.java:39)
	at net.minecraft.server.level.ServerLevel.tick(ServerLevel.java:847)
	at net.minecraft.server.MinecraftServer.tickChildren(MinecraftServer.java:1836)
	at net.minecraft.server.MinecraftServer.tickServer(MinecraftServer.java:1619)
	at net.minecraft.server.dedicated.DedicatedServer.tickServer(DedicatedServer.java:449)
	at net.minecraft.server.MinecraftServer.processPacketsAndTick(MinecraftServer.java:1676)
	at net.minecraft.server.MinecraftServer.runServer(MinecraftServer.java:1342)
	at net.minecraft.server.MinecraftServer.lambda$spin$2(MinecraftServer.java:388)
	at net.minecraft.server.MinecraftServer$$Lambda/0x000001d781f339f0.run(Unknown Source)
	at java.lang.Thread.runWith(java.base@21.0.10/Thread.java:1596)
	at java.lang.Thread.run(java.base@21.0.10/Thread.java:1583)
=== sample +13587ms ===
"Server thread" #113 [56740] prio=8 os_prio=1 cpu=3562.50ms elapsed=18.49s tid=0x000001d7f1b37120 nid=56740 waiting on condition  [0x0000007dacdff000]
   java.lang.Thread.State: TIMED_WAITING (parking)
	at jdk.internal.misc.Unsafe.park(java.base@21.0.10/Native Method)
	- parking to wait for  <0x0000000703ebbad8> (a java.lang.String)
	at java.util.concurrent.locks.LockSupport.parkNanos(java.base@21.0.10/LockSupport.java:269)
	at net.minecraft.server.MinecraftServer.recordTaskExecutionTimeWhileWaiting(MinecraftServer.java:1242)
	at net.minecraft.server.MinecraftServer.runServer(MinecraftServer.java:1348)
	at net.minecraft.server.MinecraftServer.lambda$spin$2(MinecraftServer.java:388)
	at net.minecraft.server.MinecraftServer$$Lambda/0x000001d781f339f0.run(Unknown Source)
	at java.lang.Thread.runWith(java.base@21.0.10/Thread.java:1596)
	at java.lang.Thread.run(java.base@21.0.10/Thread.java:1583)
=== sample +13840ms ===
"Server thread" #113 [56740] prio=8 os_prio=1 cpu=3562.50ms elapsed=18.74s tid=0x000001d7f1b37120 nid=56740 runnable  [0x0000007dacdfd000]
   java.lang.Thread.State: RUNNABLE
	at net.minecraft.world.level.storage.loot.LootParams$Builder.<init>(LootParams.java:49)
	at net.minecraft.world.level.block.Block.getDrops(Block.java:368)
	at net.minecraft.world.level.block.Block.dropResources(Block.java:390)
	at net.minecraft.world.level.material.WaterFluid.beforeDestroyingBlock(WaterFluid.java:84)
	at net.minecraft.world.level.material.FlowingFluid.spreadTo(FlowingFluid.java:339)
	at net.minecraft.world.level.material.FlowingFluid.spreadToSides(FlowingFluid.java:222)
	at net.minecraft.world.level.material.FlowingFluid.spread(FlowingFluid.java:190)
	at net.minecraft.world.level.material.FlowingFluid.tick(FlowingFluid.java:529)
	at net.minecraft.world.level.material.FluidState.tick(FluidState.java:100)
	at net.minecraft.server.level.ServerLevel.tickFluid(ServerLevel.java:1316)
	at net.minecraft.server.level.ServerLevel$$Lambda/0x000001d782279310.accept(Unknown Source)
	at net.minecraft.world.ticks.LevelTicks.runCollectedTicks(LevelTicks.java:189)
	at net.minecraft.world.ticks.LevelTicks.tick(LevelTicks.java:88)
	at net.minecraft.server.level.ServerLevel.tick(ServerLevel.java:803)
	at net.minecraft.server.MinecraftServer.tickChildren(MinecraftServer.java:1836)
	at net.minecraft.server.MinecraftServer.tickServer(MinecraftServer.java:1619)
	at net.minecraft.server.dedicated.DedicatedServer.tickServer(DedicatedServer.java:449)
	at net.minecraft.server.MinecraftServer.processPacketsAndTick(MinecraftServer.java:1676)
	at net.minecraft.server.MinecraftServer.runServer(MinecraftServer.java:1342)
	at net.minecraft.server.MinecraftServer.lambda$spin$2(MinecraftServer.java:388)
	at net.minecraft.server.MinecraftServer$$Lambda/0x000001d781f339f0.run(Unknown Source)
	at java.lang.Thread.runWith(java.base@21.0.10/Thread.java:1596)
	at java.lang.Thread.run(java.base@21.0.10/Thread.java:1583)
=== sample +14085ms ===
"Server thread" #113 [56740] prio=8 os_prio=1 cpu=3562.50ms elapsed=18.99s tid=0x000001d7f1b37120 nid=56740 waiting on condition  [0x0000007dacdff000]
   java.lang.Thread.State: TIMED_WAITING (parking)
	at jdk.internal.misc.Unsafe.park(java.base@21.0.10/Native Method)
	- parking to wait for  <0x0000000703ebbad8> (a java.lang.String)
	at java.util.concurrent.locks.LockSupport.parkNanos(java.base@21.0.10/LockSupport.java:269)
	at net.minecraft.server.MinecraftServer.recordTaskExecutionTimeWhileWaiting(MinecraftServer.java:1242)
	at net.minecraft.server.MinecraftServer.runServer(MinecraftServer.java:1348)
	at net.minecraft.server.MinecraftServer.lambda$spin$2(MinecraftServer.java:388)
	at net.minecraft.server.MinecraftServer$$Lambda/0x000001d781f339f0.run(Unknown Source)
	at java.lang.Thread.runWith(java.base@21.0.10/Thread.java:1596)
	at java.lang.Thread.run(java.base@21.0.10/Thread.java:1583)
=== sample +14337ms ===
"Server thread" #113 [56740] prio=8 os_prio=1 cpu=3562.50ms elapsed=19.24s tid=0x000001d7f1b37120 nid=56740 runnable  [0x0000007dacdfd000]
   java.lang.Thread.State: RUNNABLE
	at ca.spottedleaf.concurrentutil.map.ConcurrentLong2ReferenceChainedHashTable.getNode(ConcurrentLong2ReferenceChainedHashTable.java:222)
	at ca.spottedleaf.concurrentutil.map.ConcurrentLong2ReferenceChainedHashTable.get(ConcurrentLong2ReferenceChainedHashTable.java:239)
	at net.minecraft.server.level.ServerChunkCache.getChunkAtIfLoadedImmediately(ServerChunkCache.java:282)
	at net.minecraft.world.level.Level.getChunkIfLoadedImmediately(Level.java:976)
	at net.minecraft.world.level.Level.getBlockStateIfLoaded(Level.java:993)
	at net.minecraft.world.level.material.FlowingFluid$SpreadContext.getBlockState(FlowingFluid.java:605)
	at net.minecraft.world.level.material.FlowingFluid$SpreadContext.getBlockStateIfLoaded(FlowingFluid.java:593)
	at net.minecraft.world.level.material.FlowingFluid.getSlopeDistance(FlowingFluid.java:356)
	at net.minecraft.world.level.material.FlowingFluid.getSpread(FlowingFluid.java:438)
	at net.minecraft.world.level.material.FlowingFluid.spreadToSides(FlowingFluid.java:202)
	at net.minecraft.world.level.material.FlowingFluid.spread(FlowingFluid.java:190)
	at net.minecraft.world.level.material.FlowingFluid.tick(FlowingFluid.java:529)
	at net.minecraft.world.level.material.FluidState.tick(FluidState.java:100)
	at net.minecraft.server.level.ServerLevel.tickFluid(ServerLevel.java:1316)
	at net.minecraft.server.level.ServerLevel$$Lambda/0x000001d782279310.accept(Unknown Source)
	at net.minecraft.world.ticks.LevelTicks.runCollectedTicks(LevelTicks.java:189)
	at net.minecraft.world.ticks.LevelTicks.tick(LevelTicks.java:88)
	at net.minecraft.server.level.ServerLevel.tick(ServerLevel.java:803)
	at net.minecraft.server.MinecraftServer.tickChildren(MinecraftServer.java:1836)
	at net.minecraft.server.MinecraftServer.tickServer(MinecraftServer.java:1619)
	at net.minecraft.server.dedicated.DedicatedServer.tickServer(DedicatedServer.java:449)
	at net.minecraft.server.MinecraftServer.processPacketsAndTick(MinecraftServer.java:1676)
	at net.minecraft.server.MinecraftServer.runServer(MinecraftServer.java:1342)
	at net.minecraft.server.MinecraftServer.lambda$spin$2(MinecraftServer.java:388)
	at net.minecraft.server.MinecraftServer$$Lambda/0x000001d781f339f0.run(Unknown Source)
	at java.lang.Thread.runWith(java.base@21.0.10/Thread.java:1596)
	at java.lang.Thread.run(java.base@21.0.10/Thread.java:1583)
=== sample +14583ms ===
"Server thread" #113 [56740] prio=8 os_prio=1 cpu=3562.50ms elapsed=19.49s tid=0x000001d7f1b37120 nid=56740 waiting on condition  [0x0000007dacdff000]
   java.lang.Thread.State: TIMED_WAITING (parking)
	at jdk.internal.misc.Unsafe.park(java.base@21.0.10/Native Method)
	- parking to wait for  <0x0000000703ebbad8> (a java.lang.String)
	at java.util.concurrent.locks.LockSupport.parkNanos(java.base@21.0.10/LockSupport.java:269)
	at net.minecraft.server.MinecraftServer.recordTaskExecutionTimeWhileWaiting(MinecraftServer.java:1242)
	at net.minecraft.server.MinecraftServer.runServer(MinecraftServer.java:1348)
	at net.minecraft.server.MinecraftServer.lambda$spin$2(MinecraftServer.java:388)
	at net.minecraft.server.MinecraftServer$$Lambda/0x000001d781f339f0.run(Unknown Source)
	at java.lang.Thread.runWith(java.base@21.0.10/Thread.java:1596)
	at java.lang.Thread.run(java.base@21.0.10/Thread.java:1583)
=== sample +14832ms ===
"Server thread" #113 [56740] prio=8 os_prio=1 cpu=3562.50ms elapsed=19.74s tid=0x000001d7f1b37120 nid=56740 waiting on condition  [0x0000007dacdff000]
   java.lang.Thread.State: TIMED_WAITING (parking)
	at jdk.internal.misc.Unsafe.park(java.base@21.0.10/Native Method)
	- parking to wait for  <0x0000000703ebbad8> (a java.lang.String)
	at java.util.concurrent.locks.LockSupport.parkNanos(java.base@21.0.10/LockSupport.java:269)
	at net.minecraft.server.MinecraftServer.recordTaskExecutionTimeWhileWaiting(MinecraftServer.java:1242)
	at net.minecraft.server.MinecraftServer.runServer(MinecraftServer.java:1348)
	at net.minecraft.server.MinecraftServer.lambda$spin$2(MinecraftServer.java:388)
	at net.minecraft.server.MinecraftServer$$Lambda/0x000001d781f339f0.run(Unknown Source)
	at java.lang.Thread.runWith(java.base@21.0.10/Thread.java:1596)
	at java.lang.Thread.run(java.base@21.0.10/Thread.java:1583)
=== sample +15081ms ===
"Server thread" #113 [56740] prio=8 os_prio=1 cpu=3625.00ms elapsed=19.98s tid=0x000001d7f1b37120 nid=56740 runnable  [0x0000007dacdfe000]
   java.lang.Thread.State: RUNNABLE
	at ca.spottedleaf.moonrise.patches.chunk_system.level.entity.EntityLookup.getEntities(EntityLookup.java:599)
	at net.minecraft.world.level.Level.getEntities(Level.java:1688)
	at io.papermc.paper.entity.activation.ActivationRange.activateEntities(ActivationRange.java:160)
	at net.minecraft.server.level.ServerLevel.tick(ServerLevel.java:845)
	at net.minecraft.server.MinecraftServer.tickChildren(MinecraftServer.java:1836)
	at net.minecraft.server.MinecraftServer.tickServer(MinecraftServer.java:1619)
	at net.minecraft.server.dedicated.DedicatedServer.tickServer(DedicatedServer.java:449)
	at net.minecraft.server.MinecraftServer.processPacketsAndTick(MinecraftServer.java:1676)
	at net.minecraft.server.MinecraftServer.runServer(MinecraftServer.java:1342)
	at net.minecraft.server.MinecraftServer.lambda$spin$2(MinecraftServer.java:388)
	at net.minecraft.server.MinecraftServer$$Lambda/0x000001d781f339f0.run(Unknown Source)
	at java.lang.Thread.runWith(java.base@21.0.10/Thread.java:1596)
	at java.lang.Thread.run(java.base@21.0.10/Thread.java:1583)
=== sample +15333ms ===
"Server thread" #113 [56740] prio=8 os_prio=1 cpu=3625.00ms elapsed=20.23s tid=0x000001d7f1b37120 nid=56740 runnable  [0x0000007dacdfe000]
   java.lang.Thread.State: RUNNABLE
	at java.math.BigDecimal.multiply(java.base@21.0.10/BigDecimal.java:5867)
	at java.math.BigDecimal.multiply(java.base@21.0.10/BigDecimal.java:5876)
	at java.math.BigDecimal.multiply(java.base@21.0.10/BigDecimal.java:1578)
	at me.lucko.spark.paper.common.monitor.tick.SparkTickStatistics$TpsRollingAverage.add(SparkTickStatistics.java:187)
	at me.lucko.spark.paper.common.monitor.tick.SparkTickStatistics.onTick(SparkTickStatistics.java:93)
	at me.lucko.spark.paper.common.tick.AbstractTickHook.onTick(AbstractTickHook.java:33)
	at me.lucko.spark.paper.PaperTickHook.onTick(PaperTickHook.java:43)
	at me.lucko.spark.paper.PaperSparkPlugin.onServerTickStart(PaperSparkPlugin.java:105)
	at io.papermc.paper.SparksFly.tickStart(SparksFly.java:158)
	at net.minecraft.server.MinecraftServer.tickServer(MinecraftServer.java:1615)
	at net.minecraft.server.dedicated.DedicatedServer.tickServer(DedicatedServer.java:449)
	at net.minecraft.server.MinecraftServer.processPacketsAndTick(MinecraftServer.java:1676)
	at net.minecraft.server.MinecraftServer.runServer(MinecraftServer.java:1342)
	at net.minecraft.server.MinecraftServer.lambda$spin$2(MinecraftServer.java:388)
	at net.minecraft.server.MinecraftServer$$Lambda/0x000001d781f339f0.run(Unknown Source)
	at java.lang.Thread.runWith(java.base@21.0.10/Thread.java:1596)
	at java.lang.Thread.run(java.base@21.0.10/Thread.java:1583)
=== sample +15583ms ===
"Server thread" #113 [56740] prio=8 os_prio=1 cpu=3640.62ms elapsed=20.48s tid=0x000001d7f1b37120 nid=56740 runnable  [0x0000007dacdfd000]
   java.lang.Thread.State: RUNNABLE
	at net.minecraft.world.entity.Entity.clearFire(Entity.java:1060)
	at net.minecraft.world.entity.InsideBlockEffectType$$Lambda/0x000001d78273b320.accept(Unknown Source)
	at net.minecraft.world.entity.InsideBlockEffectType.lambda$new$2(InsideBlockEffectType.java:22)
	at net.minecraft.world.entity.InsideBlockEffectType$$Lambda/0x000001d78273aac8.affect(Unknown Source)
	at net.minecraft.world.entity.InsideBlockEffectApplier$StepBasedCollector$RecordedEffect.accept(InsideBlockEffectApplier.java:112)
	at net.minecraft.world.entity.InsideBlockEffectApplier$StepBasedCollector$RecordedEffect.accept(InsideBlockEffectApplier.java:105)
	at net.minecraft.world.entity.InsideBlockEffectApplier$StepBasedCollector.applyAndClear(InsideBlockEffectApplier.java:61)
	at net.minecraft.world.entity.Entity.applyEffectsFromBlocks(Entity.java:1366)
	at net.minecraft.world.entity.Entity.applyEffectsFromBlocks(Entity.java:1321)
	at net.minecraft.world.entity.LivingEntity.aiStep(LivingEntity.java:3774)
	at net.minecraft.world.entity.player.Player.aiStep(Player.java:498)
	at net.minecraft.world.entity.LivingEntity.tick(LivingEntity.java:3439)
	at net.minecraft.world.entity.player.Player.tick(Player.java:283)
	at net.minecraft.server.level.ServerPlayer.doTick(ServerPlayer.java:803)
	at net.minecraft.server.network.ServerGamePacketListenerImpl.tickPlayer(ServerGamePacketListenerImpl.java:377)
	at net.minecraft.server.network.ServerGamePacketListenerImpl.tick(ServerGamePacketListenerImpl.java:357)
	at net.minecraft.network.Connection.tick(Connection.java:689)
	at net.minecraft.server.network.ServerConnectionListener.tick(ServerConnectionListener.java:234)
	- locked <0x00000007018ae250> (a java.util.Collections$SynchronizedRandomAccessList)
	at net.minecraft.server.MinecraftServer.tickConnection(MinecraftServer.java:1894)
	at net.minecraft.server.dedicated.DedicatedServer.tickConnection(DedicatedServer.java:571)
	at net.minecraft.server.MinecraftServer.tickChildren(MinecraftServer.java:1852)
	at net.minecraft.server.MinecraftServer.tickServer(MinecraftServer.java:1619)
	at net.minecraft.server.dedicated.DedicatedServer.tickServer(DedicatedServer.java:449)
	at net.minecraft.server.MinecraftServer.processPacketsAndTick(MinecraftServer.java:1676)
	at net.minecraft.server.MinecraftServer.runServer(MinecraftServer.java:1342)
	at net.minecraft.server.MinecraftServer.lambda$spin$2(MinecraftServer.java:388)
	at net.minecraft.server.MinecraftServer$$Lambda/0x000001d781f339f0.run(Unknown Source)
	at java.lang.Thread.runWith(java.base@21.0.10/Thread.java:1596)
	at java.lang.Thread.run(java.base@21.0.10/Thread.java:1583)
=== sample +15829ms ===
"Server thread" #113 [56740] prio=8 os_prio=1 cpu=3687.50ms elapsed=20.74s tid=0x000001d7f1b37120 nid=56740 waiting on condition  [0x0000007dacdff000]
   java.lang.Thread.State: TIMED_WAITING (parking)
	at jdk.internal.misc.Unsafe.park(java.base@21.0.10/Native Method)
	- parking to wait for  <0x0000000703ebbad8> (a java.lang.String)
	at java.util.concurrent.locks.LockSupport.parkNanos(java.base@21.0.10/LockSupport.java:269)
	at net.minecraft.server.MinecraftServer.recordTaskExecutionTimeWhileWaiting(MinecraftServer.java:1242)
	at net.minecraft.server.MinecraftServer.runServer(MinecraftServer.java:1348)
	at net.minecraft.server.MinecraftServer.lambda$spin$2(MinecraftServer.java:388)
	at net.minecraft.server.MinecraftServer$$Lambda/0x000001d781f339f0.run(Unknown Source)
	at java.lang.Thread.runWith(java.base@21.0.10/Thread.java:1596)
	at java.lang.Thread.run(java.base@21.0.10/Thread.java:1583)
=== sample +16077ms ===
"Server thread" #113 [56740] prio=8 os_prio=1 cpu=3687.50ms elapsed=20.98s tid=0x000001d7f1b37120 nid=56740 waiting on condition  [0x0000007dacdff000]
   java.lang.Thread.State: TIMED_WAITING (parking)
	at jdk.internal.misc.Unsafe.park(java.base@21.0.10/Native Method)
	- parking to wait for  <0x0000000703ebbad8> (a java.lang.String)
	at java.util.concurrent.locks.LockSupport.parkNanos(java.base@21.0.10/LockSupport.java:269)
	at net.minecraft.server.MinecraftServer.recordTaskExecutionTimeWhileWaiting(MinecraftServer.java:1242)
	at net.minecraft.server.MinecraftServer.runServer(MinecraftServer.java:1348)
	at net.minecraft.server.MinecraftServer.lambda$spin$2(MinecraftServer.java:388)
	at net.minecraft.server.MinecraftServer$$Lambda/0x000001d781f339f0.run(Unknown Source)
	at java.lang.Thread.runWith(java.base@21.0.10/Thread.java:1596)
	at java.lang.Thread.run(java.base@21.0.10/Thread.java:1583)
=== sample +16325ms ===
"Server thread" #113 [56740] prio=8 os_prio=1 cpu=3687.50ms elapsed=21.23s tid=0x000001d7f1b37120 nid=56740 waiting on condition  [0x0000007dacdff000]
   java.lang.Thread.State: TIMED_WAITING (parking)
	at jdk.internal.misc.Unsafe.park(java.base@21.0.10/Native Method)
	- parking to wait for  <0x0000000703ebbad8> (a java.lang.String)
	at java.util.concurrent.locks.LockSupport.parkNanos(java.base@21.0.10/LockSupport.java:269)
	at net.minecraft.server.MinecraftServer.recordTaskExecutionTimeWhileWaiting(MinecraftServer.java:1242)
	at net.minecraft.server.MinecraftServer.runServer(MinecraftServer.java:1348)
	at net.minecraft.server.MinecraftServer.lambda$spin$2(MinecraftServer.java:388)
	at net.minecraft.server.MinecraftServer$$Lambda/0x000001d781f339f0.run(Unknown Source)
	at java.lang.Thread.runWith(java.base@21.0.10/Thread.java:1596)
	at java.lang.Thread.run(java.base@21.0.10/Thread.java:1583)
=== sample +16575ms ===
"Server thread" #113 [56740] prio=8 os_prio=1 cpu=3687.50ms elapsed=21.48s tid=0x000001d7f1b37120 nid=56740 waiting on condition  [0x0000007dacdff000]
   java.lang.Thread.State: TIMED_WAITING (parking)
	at jdk.internal.misc.Unsafe.park(java.base@21.0.10/Native Method)
	- parking to wait for  <0x0000000703ebbad8> (a java.lang.String)
	at java.util.concurrent.locks.LockSupport.parkNanos(java.base@21.0.10/LockSupport.java:269)
	at net.minecraft.server.MinecraftServer.recordTaskExecutionTimeWhileWaiting(MinecraftServer.java:1242)
	at net.minecraft.server.MinecraftServer.runServer(MinecraftServer.java:1348)
	at net.minecraft.server.MinecraftServer.lambda$spin$2(MinecraftServer.java:388)
	at net.minecraft.server.MinecraftServer$$Lambda/0x000001d781f339f0.run(Unknown Source)
	at java.lang.Thread.runWith(java.base@21.0.10/Thread.java:1596)
	at java.lang.Thread.run(java.base@21.0.10/Thread.java:1583)
=== sample +16834ms ===
"Server thread" #113 [56740] prio=8 os_prio=1 cpu=3687.50ms elapsed=21.73s tid=0x000001d7f1b37120 nid=56740 waiting on condition  [0x0000007dacdff000]
   java.lang.Thread.State: TIMED_WAITING (parking)
	at jdk.internal.misc.Unsafe.park(java.base@21.0.10/Native Method)
	- parking to wait for  <0x0000000703ebbad8> (a java.lang.String)
	at java.util.concurrent.locks.LockSupport.parkNanos(java.base@21.0.10/LockSupport.java:269)
	at net.minecraft.server.MinecraftServer.recordTaskExecutionTimeWhileWaiting(MinecraftServer.java:1242)
	at net.minecraft.server.MinecraftServer.runServer(MinecraftServer.java:1348)
	at net.minecraft.server.MinecraftServer.lambda$spin$2(MinecraftServer.java:388)
	at net.minecraft.server.MinecraftServer$$Lambda/0x000001d781f339f0.run(Unknown Source)
	at java.lang.Thread.runWith(java.base@21.0.10/Thread.java:1596)
	at java.lang.Thread.run(java.base@21.0.10/Thread.java:1583)
=== sample +17097ms ===
"Server thread" #113 [56740] prio=8 os_prio=1 cpu=3703.12ms elapsed=22.00s tid=0x000001d7f1b37120 nid=56740 waiting on condition  [0x0000007dacdff000]
   java.lang.Thread.State: TIMED_WAITING (parking)
	at jdk.internal.misc.Unsafe.park(java.base@21.0.10/Native Method)
	- parking to wait for  <0x0000000703ebbad8> (a java.lang.String)
	at java.util.concurrent.locks.LockSupport.parkNanos(java.base@21.0.10/LockSupport.java:269)
	at net.minecraft.server.MinecraftServer.recordTaskExecutionTimeWhileWaiting(MinecraftServer.java:1242)
	at net.minecraft.server.MinecraftServer.runServer(MinecraftServer.java:1348)
	at net.minecraft.server.MinecraftServer.lambda$spin$2(MinecraftServer.java:388)
	at net.minecraft.server.MinecraftServer$$Lambda/0x000001d781f339f0.run(Unknown Source)
	at java.lang.Thread.runWith(java.base@21.0.10/Thread.java:1596)
	at java.lang.Thread.run(java.base@21.0.10/Thread.java:1583)
=== sample +17347ms ===
"Server thread" #113 [56740] prio=8 os_prio=1 cpu=3781.25ms elapsed=22.25s tid=0x000001d7f1b37120 nid=56740 waiting on condition  [0x0000007dacdff000]
   java.lang.Thread.State: TIMED_WAITING (parking)
	at jdk.internal.misc.Unsafe.park(java.base@21.0.10/Native Method)
	- parking to wait for  <0x0000000703ebbad8> (a java.lang.String)
	at java.util.concurrent.locks.LockSupport.parkNanos(java.base@21.0.10/LockSupport.java:269)
	at net.minecraft.server.MinecraftServer.recordTaskExecutionTimeWhileWaiting(MinecraftServer.java:1242)
	at net.minecraft.server.MinecraftServer.runServer(MinecraftServer.java:1348)
	at net.minecraft.server.MinecraftServer.lambda$spin$2(MinecraftServer.java:388)
	at net.minecraft.server.MinecraftServer$$Lambda/0x000001d781f339f0.run(Unknown Source)
	at java.lang.Thread.runWith(java.base@21.0.10/Thread.java:1596)
	at java.lang.Thread.run(java.base@21.0.10/Thread.java:1583)
=== sample +17597ms ===
"Server thread" #113 [56740] prio=8 os_prio=1 cpu=3843.75ms elapsed=22.50s tid=0x000001d7f1b37120 nid=56740 waiting on condition  [0x0000007dacdff000]
   java.lang.Thread.State: TIMED_WAITING (parking)
	at jdk.internal.misc.Unsafe.park(java.base@21.0.10/Native Method)
	- parking to wait for  <0x0000000703ebbad8> (a java.lang.String)
	at java.util.concurrent.locks.LockSupport.parkNanos(java.base@21.0.10/LockSupport.java:269)
	at net.minecraft.server.MinecraftServer.recordTaskExecutionTimeWhileWaiting(MinecraftServer.java:1242)
	at net.minecraft.server.MinecraftServer.runServer(MinecraftServer.java:1348)
	at net.minecraft.server.MinecraftServer.lambda$spin$2(MinecraftServer.java:388)
	at net.minecraft.server.MinecraftServer$$Lambda/0x000001d781f339f0.run(Unknown Source)
	at java.lang.Thread.runWith(java.base@21.0.10/Thread.java:1596)
	at java.lang.Thread.run(java.base@21.0.10/Thread.java:1583)
=== sample +17846ms ===
"Server thread" #113 [56740] prio=8 os_prio=1 cpu=3890.62ms elapsed=22.75s tid=0x000001d7f1b37120 nid=56740 waiting on condition  [0x0000007dacdff000]
   java.lang.Thread.State: TIMED_WAITING (parking)
	at jdk.internal.misc.Unsafe.park(java.base@21.0.10/Native Method)
	- parking to wait for  <0x0000000703ebbad8> (a java.lang.String)
	at java.util.concurrent.locks.LockSupport.parkNanos(java.base@21.0.10/LockSupport.java:269)
	at net.minecraft.server.MinecraftServer.recordTaskExecutionTimeWhileWaiting(MinecraftServer.java:1242)
	at net.minecraft.server.MinecraftServer.runServer(MinecraftServer.java:1348)
	at net.minecraft.server.MinecraftServer.lambda$spin$2(MinecraftServer.java:388)
	at net.minecraft.server.MinecraftServer$$Lambda/0x000001d781f339f0.run(Unknown Source)
	at java.lang.Thread.runWith(java.base@21.0.10/Thread.java:1596)
	at java.lang.Thread.run(java.base@21.0.10/Thread.java:1583)
botFailures=[] exited=true
======== run 2 ========
boot: [01:54:35 INFO]: Done (16.867s)! For help, type "help"
---- stalls ----
PapoTickProfile.stall tick=4 gapMs=270.0 durMs=269.9 at=01:54:36.230
PapoTickProfile.stall tick=115 gapMs=138.1 durMs=11.8 at=01:54:41.617
PapoTickProfile.stall tick=117 gapMs=439.7 durMs=162.6 at=01:54:42.132
PapoTickProfile.stall tick=126 gapMs=279.0 durMs=225.8 at=01:54:42.554
PapoTickProfile.stall tick=136 gapMs=115.8 durMs=72.2 at=01:54:42.889
---- jstack Server-thread samples ----
=== sample +2689ms ===
"Server thread" #113 [32860] prio=8 os_prio=1 cpu=1937.50ms elapsed=7.80s tid=0x000001e1f8dc65d0 nid=32860 waiting on condition  [0x00000076a9aff000]
   java.lang.Thread.State: TIMED_WAITING (parking)
	at jdk.internal.misc.Unsafe.park(java.base@21.0.10/Native Method)
	- parking to wait for  <0x0000000705d5bc40> (a java.lang.String)
	at java.util.concurrent.locks.LockSupport.parkNanos(java.base@21.0.10/LockSupport.java:269)
	at net.minecraft.server.MinecraftServer.recordTaskExecutionTimeWhileWaiting(MinecraftServer.java:1242)
	at net.minecraft.server.MinecraftServer.runServer(MinecraftServer.java:1348)
	at net.minecraft.server.MinecraftServer.lambda$spin$2(MinecraftServer.java:388)
	at net.minecraft.server.MinecraftServer$$Lambda/0x000001e181f54980.run(Unknown Source)
	at java.lang.Thread.runWith(java.base@21.0.10/Thread.java:1596)
	at java.lang.Thread.run(java.base@21.0.10/Thread.java:1583)
=== sample +2941ms ===
"Server thread" #113 [32860] prio=8 os_prio=1 cpu=1937.50ms elapsed=8.06s tid=0x000001e1f8dc65d0 nid=32860 waiting on condition  [0x00000076a9aff000]
   java.lang.Thread.State: TIMED_WAITING (parking)
	at jdk.internal.misc.Unsafe.park(java.base@21.0.10/Native Method)
	- parking to wait for  <0x0000000705d5bc40> (a java.lang.String)
	at java.util.concurrent.locks.LockSupport.parkNanos(java.base@21.0.10/LockSupport.java:269)
	at net.minecraft.server.MinecraftServer.recordTaskExecutionTimeWhileWaiting(MinecraftServer.java:1242)
	at net.minecraft.server.MinecraftServer.runServer(MinecraftServer.java:1348)
	at net.minecraft.server.MinecraftServer.lambda$spin$2(MinecraftServer.java:388)
	at net.minecraft.server.MinecraftServer$$Lambda/0x000001e181f54980.run(Unknown Source)
	at java.lang.Thread.runWith(java.base@21.0.10/Thread.java:1596)
	at java.lang.Thread.run(java.base@21.0.10/Thread.java:1583)
=== sample +3190ms ===
"Server thread" #113 [32860] prio=8 os_prio=1 cpu=1937.50ms elapsed=8.30s tid=0x000001e1f8dc65d0 nid=32860 waiting on condition  [0x00000076a9aff000]
   java.lang.Thread.State: TIMED_WAITING (parking)
	at jdk.internal.misc.Unsafe.park(java.base@21.0.10/Native Method)
	- parking to wait for  <0x0000000705d5bc40> (a java.lang.String)
	at java.util.concurrent.locks.LockSupport.parkNanos(java.base@21.0.10/LockSupport.java:269)
	at net.minecraft.server.MinecraftServer.recordTaskExecutionTimeWhileWaiting(MinecraftServer.java:1242)
	at net.minecraft.server.MinecraftServer.runServer(MinecraftServer.java:1348)
	at net.minecraft.server.MinecraftServer.lambda$spin$2(MinecraftServer.java:388)
	at net.minecraft.server.MinecraftServer$$Lambda/0x000001e181f54980.run(Unknown Source)
	at java.lang.Thread.runWith(java.base@21.0.10/Thread.java:1596)
	at java.lang.Thread.run(java.base@21.0.10/Thread.java:1583)
=== sample +3435ms ===
"Server thread" #113 [32860] prio=8 os_prio=1 cpu=1937.50ms elapsed=8.55s tid=0x000001e1f8dc65d0 nid=32860 waiting on condition  [0x00000076a9aff000]
   java.lang.Thread.State: TIMED_WAITING (parking)
	at jdk.internal.misc.Unsafe.park(java.base@21.0.10/Native Method)
	- parking to wait for  <0x0000000705d5bc40> (a java.lang.String)
	at java.util.concurrent.locks.LockSupport.parkNanos(java.base@21.0.10/LockSupport.java:269)
	at net.minecraft.server.MinecraftServer.recordTaskExecutionTimeWhileWaiting(MinecraftServer.java:1242)
	at net.minecraft.server.MinecraftServer.runServer(MinecraftServer.java:1348)
	at net.minecraft.server.MinecraftServer.lambda$spin$2(MinecraftServer.java:388)
	at net.minecraft.server.MinecraftServer$$Lambda/0x000001e181f54980.run(Unknown Source)
	at java.lang.Thread.runWith(java.base@21.0.10/Thread.java:1596)
	at java.lang.Thread.run(java.base@21.0.10/Thread.java:1583)
=== sample +3681ms ===
"Server thread" #113 [32860] prio=8 os_prio=1 cpu=1937.50ms elapsed=8.80s tid=0x000001e1f8dc65d0 nid=32860 waiting on condition  [0x00000076a9aff000]
   java.lang.Thread.State: TIMED_WAITING (parking)
	at jdk.internal.misc.Unsafe.park(java.base@21.0.10/Native Method)
	- parking to wait for  <0x0000000705d5bc40> (a java.lang.String)
	at java.util.concurrent.locks.LockSupport.parkNanos(java.base@21.0.10/LockSupport.java:269)
	at net.minecraft.server.MinecraftServer.recordTaskExecutionTimeWhileWaiting(MinecraftServer.java:1242)
	at net.minecraft.server.MinecraftServer.runServer(MinecraftServer.java:1348)
	at net.minecraft.server.MinecraftServer.lambda$spin$2(MinecraftServer.java:388)
	at net.minecraft.server.MinecraftServer$$Lambda/0x000001e181f54980.run(Unknown Source)
	at java.lang.Thread.runWith(java.base@21.0.10/Thread.java:1596)
	at java.lang.Thread.run(java.base@21.0.10/Thread.java:1583)
=== sample +3943ms ===
"Server thread" #113 [32860] prio=8 os_prio=1 cpu=1937.50ms elapsed=9.06s tid=0x000001e1f8dc65d0 nid=32860 waiting on condition  [0x00000076a9aff000]
   java.lang.Thread.State: TIMED_WAITING (parking)
	at jdk.internal.misc.Unsafe.park(java.base@21.0.10/Native Method)
	- parking to wait for  <0x0000000705d5bc40> (a java.lang.String)
	at java.util.concurrent.locks.LockSupport.parkNanos(java.base@21.0.10/LockSupport.java:269)
	at net.minecraft.server.MinecraftServer.recordTaskExecutionTimeWhileWaiting(MinecraftServer.java:1242)
	at net.minecraft.server.MinecraftServer.runServer(MinecraftServer.java:1348)
	at net.minecraft.server.MinecraftServer.lambda$spin$2(MinecraftServer.java:388)
	at net.minecraft.server.MinecraftServer$$Lambda/0x000001e181f54980.run(Unknown Source)
	at java.lang.Thread.runWith(java.base@21.0.10/Thread.java:1596)
	at java.lang.Thread.run(java.base@21.0.10/Thread.java:1583)
=== sample +4205ms ===
"Server thread" #113 [32860] prio=8 os_prio=1 cpu=2015.62ms elapsed=9.32s tid=0x000001e1f8dc65d0 nid=32860 runnable  [0x00000076a9afd000]
   java.lang.Thread.State: RUNNABLE
	at java.lang.ClassLoader.defineClass0(java.base@21.0.10/Native Method)
	at java.lang.System$2.defineClass(java.base@21.0.10/System.java:2394)
	at java.lang.invoke.MethodHandles$Lookup$ClassDefiner.defineClass(java.base@21.0.10/MethodHandles.java:2505)
	at java.lang.invoke.InvokerBytecodeGenerator.loadMethod(java.base@21.0.10/InvokerBytecodeGenerator.java:249)
	at java.lang.invoke.InvokerBytecodeGenerator.generateCustomizedCode(java.base@21.0.10/InvokerBytecodeGenerator.java:712)
	at java.lang.invoke.LambdaForm.compileToBytecode(java.base@21.0.10/LambdaForm.java:849)
	at java.lang.invoke.DirectMethodHandle.makePreparedLambdaForm(java.base@21.0.10/DirectMethodHandle.java:303)
	at java.lang.invoke.DirectMethodHandle.preparedLambdaForm(java.base@21.0.10/DirectMethodHandle.java:231)
	at java.lang.invoke.DirectMethodHandle.preparedLambdaForm(java.base@21.0.10/DirectMethodHandle.java:216)
	at java.lang.invoke.DirectMethodHandle.preparedLambdaForm(java.base@21.0.10/DirectMethodHandle.java:225)
	at java.lang.invoke.DirectMethodHandle.make(java.base@21.0.10/DirectMethodHandle.java:106)
	at java.lang.invoke.MethodHandles$Lookup.getDirectMethodCommon(java.base@21.0.10/MethodHandles.java:4109)
	at java.lang.invoke.MethodHandles$Lookup.getDirectMethodNoSecurityManager(java.base@21.0.10/MethodHandles.java:4065)
	at java.lang.invoke.MethodHandles$Lookup.getDirectMethodForConstant(java.base@21.0.10/MethodHandles.java:4314)
	at java.lang.invoke.MethodHandles$Lookup.linkMethodHandleConstant(java.base@21.0.10/MethodHandles.java:4262)
	at java.lang.invoke.MethodHandleNatives.linkMethodHandleConstant(java.base@21.0.10/MethodHandleNatives.java:602)
	at net.minecraft.server.level.PlayerSpawnFinder.scheduleCandidate(PlayerSpawnFinder.java:125)
	at net.minecraft.server.level.PlayerSpawnFinder.scheduleNext(PlayerSpawnFinder.java:78)
	at net.minecraft.server.level.PlayerSpawnFinder.findSpawn(PlayerSpawnFinder.java:63)
	at net.minecraft.server.network.config.PrepareSpawnTask.lambda$start$2(PrepareSpawnTask.java:132)
	at net.minecraft.server.network.config.PrepareSpawnTask$$Lambda/0x000001e18270f940.get(Unknown Source)
	at java.util.Optional.orElseGet(java.base@21.0.10/Optional.java:364)
	at net.minecraft.server.network.config.PrepareSpawnTask.start(PrepareSpawnTask.java:132)
	at net.minecraft.server.network.ServerConfigurationPacketListenerImpl.startNextTask(ServerConfigurationPacketListenerImpl.java:256)
	at net.minecraft.server.network.ServerConfigurationPacketListenerImpl.finishCurrentTask(ServerConfigurationPacketListenerImpl.java:271)
	at io.papermc.paper.connection.PaperConfigurationTask.start(PaperConfigurationTask.java:32)
	at net.minecraft.server.network.ServerConfigurationPacketListenerImpl.startNextTask(ServerConfigurationPacketListenerImpl.java:256)
	at net.minecraft.server.network.ServerConfigurationPacketListenerImpl.finishCurrentTask(ServerConfigurationPacketListenerImpl.java:271)
	at net.minecraft.server.network.ServerConfigurationPacketListenerImpl.handleSelectKnownPacks(ServerConfigurationPacketListenerImpl.java:192)
	at net.minecraft.network.protocol.configuration.ServerboundSelectKnownPacks.handle(ServerboundSelectKnownPacks.java:23)
	at net.minecraft.network.protocol.configuration.ServerboundSelectKnownPacks.handle(ServerboundSelectKnownPacks.java:11)
	at net.minecraft.network.PacketProcessor$ListenerAndPacket.handle(PacketProcessor.java:110)
	at net.minecraft.network.PacketProcessor.executeSinglePacket(PacketProcessor.java:33)
	at net.minecraft.server.MinecraftServer.pollTask(MinecraftServer.java:1506)
	at net.minecraft.server.MinecraftServer.recordTaskExecutionTimeWhileWaiting(MinecraftServer.java:1232)
	at net.minecraft.server.MinecraftServer.runServer(MinecraftServer.java:1348)
	at net.minecraft.server.MinecraftServer.lambda$spin$2(MinecraftServer.java:388)
	at net.minecraft.server.MinecraftServer$$Lambda/0x000001e181f54980.run(Unknown Source)
	at java.lang.Thread.runWith(java.base@21.0.10/Thread.java:1596)
	at java.lang.Thread.run(java.base@21.0.10/Thread.java:1583)
=== sample +4486ms ===
"Server thread" #113 [32860] prio=8 os_prio=1 cpu=2015.62ms elapsed=9.60s tid=0x000001e1f8dc65d0 nid=32860 waiting on condition  [0x00000076a9aff000]
   java.lang.Thread.State: TIMED_WAITING (parking)
	at jdk.internal.misc.Unsafe.park(java.base@21.0.10/Native Method)
	- parking to wait for  <0x0000000705d5bc40> (a java.lang.String)
	at java.util.concurrent.locks.LockSupport.parkNanos(java.base@21.0.10/LockSupport.java:269)
	at net.minecraft.server.MinecraftServer.recordTaskExecutionTimeWhileWaiting(MinecraftServer.java:1242)
	at net.minecraft.server.MinecraftServer.runServer(MinecraftServer.java:1348)
	at net.minecraft.server.MinecraftServer.lambda$spin$2(MinecraftServer.java:388)
	at net.minecraft.server.MinecraftServer$$Lambda/0x000001e181f54980.run(Unknown Source)
	at java.lang.Thread.runWith(java.base@21.0.10/Thread.java:1596)
	at java.lang.Thread.run(java.base@21.0.10/Thread.java:1583)
=== sample +4749ms ===
"Server thread" #113 [32860] prio=8 os_prio=1 cpu=2015.62ms elapsed=9.86s tid=0x000001e1f8dc65d0 nid=32860 waiting on condition  [0x00000076a9aff000]
   java.lang.Thread.State: TIMED_WAITING (parking)
	at jdk.internal.misc.Unsafe.park(java.base@21.0.10/Native Method)
	- parking to wait for  <0x0000000705d5bc40> (a java.lang.String)
	at java.util.concurrent.locks.LockSupport.parkNanos(java.base@21.0.10/LockSupport.java:269)
	at net.minecraft.server.MinecraftServer.recordTaskExecutionTimeWhileWaiting(MinecraftServer.java:1242)
	at net.minecraft.server.MinecraftServer.runServer(MinecraftServer.java:1348)
	at net.minecraft.server.MinecraftServer.lambda$spin$2(MinecraftServer.java:388)
	at net.minecraft.server.MinecraftServer$$Lambda/0x000001e181f54980.run(Unknown Source)
	at java.lang.Thread.runWith(java.base@21.0.10/Thread.java:1596)
	at java.lang.Thread.run(java.base@21.0.10/Thread.java:1583)
=== sample +5030ms ===
"Server thread" #113 [32860] prio=8 os_prio=1 cpu=2046.88ms elapsed=10.13s tid=0x000001e1f8dc65d0 nid=32860 runnable  [0x00000076a9aff000]
   java.lang.Thread.State: TIMED_WAITING (parking)
	at jdk.internal.misc.Unsafe.park(java.base@21.0.10/Native Method)
	- parking to wait for  <0x0000000705d5bc40> (a java.lang.String)
	at java.util.concurrent.locks.LockSupport.parkNanos(java.base@21.0.10/LockSupport.java:269)
	at net.minecraft.server.MinecraftServer.recordTaskExecutionTimeWhileWaiting(MinecraftServer.java:1242)
	at net.minecraft.server.MinecraftServer.runServer(MinecraftServer.java:1348)
	at net.minecraft.server.MinecraftServer.lambda$spin$2(MinecraftServer.java:388)
	at net.minecraft.server.MinecraftServer$$Lambda/0x000001e181f54980.run(Unknown Source)
	at java.lang.Thread.runWith(java.base@21.0.10/Thread.java:1596)
	at java.lang.Thread.run(java.base@21.0.10/Thread.java:1583)
=== sample +5309ms ===
"Server thread" #113 [32860] prio=8 os_prio=1 cpu=2046.88ms elapsed=10.41s tid=0x000001e1f8dc65d0 nid=32860 waiting on condition  [0x00000076a9aff000]
   java.lang.Thread.State: TIMED_WAITING (parking)
	at jdk.internal.misc.Unsafe.park(java.base@21.0.10/Native Method)
	- parking to wait for  <0x0000000705d5bc40> (a java.lang.String)
	at java.util.concurrent.locks.LockSupport.parkNanos(java.base@21.0.10/LockSupport.java:269)
	at net.minecraft.server.MinecraftServer.recordTaskExecutionTimeWhileWaiting(MinecraftServer.java:1242)
	at net.minecraft.server.MinecraftServer.runServer(MinecraftServer.java:1348)
	at net.minecraft.server.MinecraftServer.lambda$spin$2(MinecraftServer.java:388)
	at net.minecraft.server.MinecraftServer$$Lambda/0x000001e181f54980.run(Unknown Source)
	at java.lang.Thread.runWith(java.base@21.0.10/Thread.java:1596)
	at java.lang.Thread.run(java.base@21.0.10/Thread.java:1583)
=== sample +5573ms ===
"Server thread" #113 [32860] prio=8 os_prio=1 cpu=2062.50ms elapsed=10.68s tid=0x000001e1f8dc65d0 nid=32860 waiting on condition  [0x00000076a9aff000]
   java.lang.Thread.State: TIMED_WAITING (parking)
	at jdk.internal.misc.Unsafe.park(java.base@21.0.10/Native Method)
	- parking to wait for  <0x0000000705d5bc40> (a java.lang.String)
	at java.util.concurrent.locks.LockSupport.parkNanos(java.base@21.0.10/LockSupport.java:269)
	at net.minecraft.server.MinecraftServer.recordTaskExecutionTimeWhileWaiting(MinecraftServer.java:1242)
	at net.minecraft.server.MinecraftServer.runServer(MinecraftServer.java:1348)
	at net.minecraft.server.MinecraftServer.lambda$spin$2(MinecraftServer.java:388)
	at net.minecraft.server.MinecraftServer$$Lambda/0x000001e181f54980.run(Unknown Source)
	at java.lang.Thread.runWith(java.base@21.0.10/Thread.java:1596)
	at java.lang.Thread.run(java.base@21.0.10/Thread.java:1583)
=== sample +5837ms ===
"Server thread" #113 [32860] prio=8 os_prio=1 cpu=2078.12ms elapsed=10.95s tid=0x000001e1f8dc65d0 nid=32860 runnable  [0x00000076a9afd000]
   java.lang.Thread.State: RUNNABLE
	at java.lang.String.hashCode(java.base@21.0.10/String.java:2358)
	at java.util.zip.ZipCoder.hash(java.base@21.0.10/ZipCoder.java:153)
	at java.util.zip.ZipFile$Source.getEntryPos(java.base@21.0.10/ZipFile.java:1793)
	at java.util.zip.ZipFile.getEntry(java.base@21.0.10/ZipFile.java:339)
	- locked <0x00000007000613d0> (a java.util.jar.JarFile)
	at java.util.jar.JarFile.getVersionedEntry(java.base@21.0.10/JarFile.java:615)
	at java.util.jar.JarFile.getEntry(java.base@21.0.10/JarFile.java:511)
	at java.util.jar.JarFile.getJarEntry(java.base@21.0.10/JarFile.java:472)
	at jdk.internal.loader.URLClassPath$JarLoader.getResource(java.base@21.0.10/URLClassPath.java:923)
	at jdk.internal.loader.URLClassPath.getResource(java.base@21.0.10/URLClassPath.java:316)
	at java.net.URLClassLoader$1.run(java.base@21.0.10/URLClassLoader.java:424)
	at java.net.URLClassLoader$1.run(java.base@21.0.10/URLClassLoader.java:421)
	at java.security.AccessController.executePrivileged(java.base@21.0.10/AccessController.java:809)
	at java.security.AccessController.doPrivileged(java.base@21.0.10/AccessController.java:714)
	at java.net.URLClassLoader.findClass(java.base@21.0.10/URLClassLoader.java:420)
	at java.lang.ClassLoader.loadClass(java.base@21.0.10/ClassLoader.java:593)
	- locked <0x00000007249096c8> (a java.lang.Object)
	at java.lang.ClassLoader.loadClass(java.base@21.0.10/ClassLoader.java:526)
	at com.google.common.collect.Streams.mapWithIndex(Streams.java:503)
	at net.minecraft.world.level.storage.TagValueInput$CompoundListWrapper.stream(TagValueInput.java:270)
	at net.minecraft.world.entity.EntityType.loadEntitiesRecursive(EntityType.java:1619)
	at net.minecraft.world.level.chunk.status.ChunkStatusTasks.postLoadProtoChunk(ChunkStatusTasks.java:215)
	at ca.spottedleaf.moonrise.paper.PaperHooks.postLoadProtoChunk(PaperHooks.java:298)
	at ca.spottedleaf.moonrise.patches.chunk_system.scheduling.task.ChunkFullTask.lambda$run$0(ChunkFullTask.java:68)
	at ca.spottedleaf.moonrise.patches.chunk_system.scheduling.task.ChunkFullTask$$Lambda/0x000001e1821ee438.run(Unknown Source)
	at net.minecraft.world.level.chunk.LevelChunk.runPostLoad(LevelChunk.java:696)
	at ca.spottedleaf.moonrise.patches.chunk_system.scheduling.task.ChunkFullTask.run(ChunkFullTask.java:80)
	at ca.spottedleaf.concurrentutil.executor.queue.PrioritisedTaskQueue$PrioritisedQueuedTask.execute(PrioritisedTaskQueue.java:345)
	at ca.spottedleaf.concurrentutil.executor.queue.PrioritisedTaskQueue.executeTask(PrioritisedTaskQueue.java:126)
	at ca.spottedleaf.moonrise.patches.chunk_system.scheduling.ChunkTaskScheduler.executeAllRecentlyQueuedMainThreadTasks(ChunkTaskScheduler.java:349)
	at net.minecraft.server.MinecraftServer.runAllTasksAtTickStart(MinecraftServer.java:1202)
	at net.minecraft.server.MinecraftServer.processPacketsAndTick(MinecraftServer.java:1675)
	at net.minecraft.server.MinecraftServer.runServer(MinecraftServer.java:1342)
	at net.minecraft.server.MinecraftServer.lambda$spin$2(MinecraftServer.java:388)
	at net.minecraft.server.MinecraftServer$$Lambda/0x000001e181f54980.run(Unknown Source)
	at java.lang.Thread.runWith(java.base@21.0.10/Thread.java:1596)
	at java.lang.Thread.run(java.base@21.0.10/Thread.java:1583)
=== sample +6101ms ===
"Server thread" #113 [32860] prio=8 os_prio=1 cpu=2234.38ms elapsed=11.21s tid=0x000001e1f8dc65d0 nid=32860 runnable  [0x00000076a9afd000]
   java.lang.Thread.State: RUNNABLE
	at java.lang.ClassLoader.defineClass0(java.base@21.0.10/Native Method)
	at java.lang.System$2.defineClass(java.base@21.0.10/System.java:2394)
	at java.lang.invoke.MethodHandles$Lookup$ClassDefiner.defineClass(java.base@21.0.10/MethodHandles.java:2505)
	at java.lang.invoke.InnerClassLambdaMetafactory.generateInnerClass(java.base@21.0.10/InnerClassLambdaMetafactory.java:361)
	at java.lang.invoke.InnerClassLambdaMetafactory.spinInnerClass(java.base@21.0.10/InnerClassLambdaMetafactory.java:286)
	at java.lang.invoke.InnerClassLambdaMetafactory.buildCallSite(java.base@21.0.10/InnerClassLambdaMetafactory.java:221)
	at java.lang.invoke.LambdaMetafactory.metafactory(java.base@21.0.10/LambdaMetafactory.java:341)
	at java.lang.invoke.LambdaForm$DMH/0x000001e181110400.invokeStatic(java.base@21.0.10/LambdaForm$DMH)
	at java.lang.invoke.Invokers$Holder.invokeExact_MT(java.base@21.0.10/Invokers$Holder)
	at java.lang.invoke.BootstrapMethodInvoker.invoke(java.base@21.0.10/BootstrapMethodInvoker.java:134)
	at java.lang.invoke.CallSite.makeSite(java.base@21.0.10/CallSite.java:310)
	at java.lang.invoke.MethodHandleNatives.linkCallSiteImpl(java.base@21.0.10/MethodHandleNatives.java:249)
	at java.lang.invoke.MethodHandleNatives.linkCallSite(java.base@21.0.10/MethodHandleNatives.java:239)
	at net.minecraft.world.entity.monster.warden.WardenSpawnTracker.lambda$static$3(WardenSpawnTracker.java:24)
	at net.minecraft.world.entity.monster.warden.WardenSpawnTracker$$Lambda/0x000001e1827a2718.apply(Unknown Source)
	at com.mojang.serialization.codecs.RecordCodecBuilder.create(RecordCodecBuilder.java:72)
	at net.minecraft.world.entity.monster.warden.WardenSpawnTracker.<clinit>(WardenSpawnTracker.java:18)
	at net.minecraft.server.level.ServerPlayer.<init>(ServerPlayer.java:267)
	at net.minecraft.server.network.config.PrepareSpawnTask$Ready.spawn(PrepareSpawnTask.java:337)
	at net.minecraft.server.network.config.PrepareSpawnTask.spawnPlayer(PrepareSpawnTask.java:192)
	at net.minecraft.server.network.ServerConfigurationPacketListenerImpl.handleConfigurationFinished(ServerConfigurationPacketListenerImpl.java:220)
	at net.minecraft.network.protocol.configuration.ServerboundFinishConfigurationPacket.handle(ServerboundFinishConfigurationPacket.java:22)
	at net.minecraft.network.protocol.configuration.ServerboundFinishConfigurationPacket.handle(ServerboundFinishConfigurationPacket.java:8)
	at net.minecraft.network.PacketProcessor$ListenerAndPacket.handle(PacketProcessor.java:110)
	at net.minecraft.network.PacketProcessor.executeSinglePacket(PacketProcessor.java:33)
	at net.minecraft.server.MinecraftServer.runAllTasksAtTickStart(MinecraftServer.java:1187)
	at net.minecraft.server.MinecraftServer.processPacketsAndTick(MinecraftServer.java:1675)
	at net.minecraft.server.MinecraftServer.runServer(MinecraftServer.java:1342)
	at net.minecraft.server.MinecraftServer.lambda$spin$2(MinecraftServer.java:388)
	at net.minecraft.server.MinecraftServer$$Lambda/0x000001e181f54980.run(Unknown Source)
	at java.lang.Thread.runWith(java.base@21.0.10/Thread.java:1596)
	at java.lang.Thread.run(java.base@21.0.10/Thread.java:1583)
=== sample +6353ms ===
"Server thread" #113 [32860] prio=8 os_prio=1 cpu=2421.88ms elapsed=11.47s tid=0x000001e1f8dc65d0 nid=32860 runnable  [0x00000076a9afd000]
   java.lang.Thread.State: RUNNABLE
	at java.lang.ClassLoader.defineClass0(java.base@21.0.10/Native Method)
	at java.lang.System$2.defineClass(java.base@21.0.10/System.java:2394)
	at java.lang.invoke.MethodHandles$Lookup$ClassDefiner.defineClass(java.base@21.0.10/MethodHandles.java:2505)
	at java.lang.invoke.InnerClassLambdaMetafactory.generateInnerClass(java.base@21.0.10/InnerClassLambdaMetafactory.java:361)
	at java.lang.invoke.InnerClassLambdaMetafactory.spinInnerClass(java.base@21.0.10/InnerClassLambdaMetafactory.java:286)
	at java.lang.invoke.InnerClassLambdaMetafactory.buildCallSite(java.base@21.0.10/InnerClassLambdaMetafactory.java:221)
	at java.lang.invoke.LambdaMetafactory.metafactory(java.base@21.0.10/LambdaMetafactory.java:341)
	at java.lang.invoke.LambdaForm$DMH/0x000001e181110400.invokeStatic(java.base@21.0.10/LambdaForm$DMH)
	at java.lang.invoke.Invokers$Holder.invokeExact_MT(java.base@21.0.10/Invokers$Holder)
	at java.lang.invoke.BootstrapMethodInvoker.invoke(java.base@21.0.10/BootstrapMethodInvoker.java:134)
	at java.lang.invoke.CallSite.makeSite(java.base@21.0.10/CallSite.java:310)
	at java.lang.invoke.MethodHandleNatives.linkCallSiteImpl(java.base@21.0.10/MethodHandleNatives.java:249)
	at java.lang.invoke.MethodHandleNatives.linkCallSite(java.base@21.0.10/MethodHandleNatives.java:239)
	at net.minecraft.server.level.ServerLevel.lambda$tick$4(ServerLevel.java:865)
	at net.minecraft.server.level.ServerLevel$$Lambda/0x000001e1822db5c8.accept(Unknown Source)
	at net.minecraft.world.level.entity.EntityTickList.forEach(EntityTickList.java:39)
	at net.minecraft.server.level.ServerLevel.tick(ServerLevel.java:847)
	at net.minecraft.server.MinecraftServer.tickChildren(MinecraftServer.java:1836)
	at net.minecraft.server.MinecraftServer.tickServer(MinecraftServer.java:1619)
	at net.minecraft.server.dedicated.DedicatedServer.tickServer(DedicatedServer.java:449)
	at net.minecraft.server.MinecraftServer.processPacketsAndTick(MinecraftServer.java:1676)
	at net.minecraft.server.MinecraftServer.runServer(MinecraftServer.java:1342)
	at net.minecraft.server.MinecraftServer.lambda$spin$2(MinecraftServer.java:388)
	at net.minecraft.server.MinecraftServer$$Lambda/0x000001e181f54980.run(Unknown Source)
	at java.lang.Thread.runWith(java.base@21.0.10/Thread.java:1596)
	at java.lang.Thread.run(java.base@21.0.10/Thread.java:1583)
=== sample +6617ms ===
"Server thread" #113 [32860] prio=8 os_prio=1 cpu=2562.50ms elapsed=11.73s tid=0x000001e1f8dc65d0 nid=32860 runnable  [0x00000076a9aff000]
   java.lang.Thread.State: TIMED_WAITING (parking)
	at jdk.internal.misc.Unsafe.park(java.base@21.0.10/Native Method)
	- parking to wait for  <0x0000000705d5bc40> (a java.lang.String)
	at java.util.concurrent.locks.LockSupport.parkNanos(java.base@21.0.10/LockSupport.java:269)
	at net.minecraft.server.MinecraftServer.recordTaskExecutionTimeWhileWaiting(MinecraftServer.java:1242)
	at net.minecraft.server.MinecraftServer.runServer(MinecraftServer.java:1348)
	at net.minecraft.server.MinecraftServer.lambda$spin$2(MinecraftServer.java:388)
	at net.minecraft.server.MinecraftServer$$Lambda/0x000001e181f54980.run(Unknown Source)
	at java.lang.Thread.runWith(java.base@21.0.10/Thread.java:1596)
	at java.lang.Thread.run(java.base@21.0.10/Thread.java:1583)
=== sample +6897ms ===
"Server thread" #113 [32860] prio=8 os_prio=1 cpu=2593.75ms elapsed=11.99s tid=0x000001e1f8dc65d0 nid=32860 runnable  [0x00000076a9afd000]
   java.lang.Thread.State: RUNNABLE
	at net.minecraft.world.level.chunk.ImposterProtoChunk.getNoiseBiome(ImposterProtoChunk.java:166)
	at net.minecraft.world.level.Level.getNoiseBiome(Level.java:818)
	at net.minecraft.world.level.biome.BiomeManager.getBiome(BiomeManager.java:64)
	at net.minecraft.world.level.LevelReader.getBiome(LevelReader.java:55)
	at net.minecraft.world.level.NaturalSpawner.getRandomSpawnMobAt(NaturalSpawner.java:438)
	at net.minecraft.world.level.NaturalSpawner.spawnCategoryForPosition(NaturalSpawner.java:272)
	at net.minecraft.world.level.NaturalSpawner.spawnCategoryForChunk(NaturalSpawner.java:221)
	at net.minecraft.world.level.NaturalSpawner.spawnForChunk(NaturalSpawner.java:190)
	at net.minecraft.server.level.ServerChunkCache.tickSpawningChunk(ServerChunkCache.java:624)
	at net.minecraft.server.level.ServerChunkCache.tickChunks(ServerChunkCache.java:599)
	at net.minecraft.server.level.ServerChunkCache.tickChunks(ServerChunkCache.java:507)
	at net.minecraft.server.level.ServerChunkCache.tick(ServerChunkCache.java:488)
	at net.minecraft.server.level.ServerLevel.tick(ServerLevel.java:815)
	at net.minecraft.server.MinecraftServer.tickChildren(MinecraftServer.java:1836)
	at net.minecraft.server.MinecraftServer.tickServer(MinecraftServer.java:1619)
	at net.minecraft.server.dedicated.DedicatedServer.tickServer(DedicatedServer.java:449)
	at net.minecraft.server.MinecraftServer.processPacketsAndTick(MinecraftServer.java:1676)
	at net.minecraft.server.MinecraftServer.runServer(MinecraftServer.java:1342)
	at net.minecraft.server.MinecraftServer.lambda$spin$2(MinecraftServer.java:388)
	at net.minecraft.server.MinecraftServer$$Lambda/0x000001e181f54980.run(Unknown Source)
	at java.lang.Thread.runWith(java.base@21.0.10/Thread.java:1596)
	at java.lang.Thread.run(java.base@21.0.10/Thread.java:1583)
=== sample +7193ms ===
"Server thread" #113 [32860] prio=8 os_prio=1 cpu=2640.62ms elapsed=12.28s tid=0x000001e1f8dc65d0 nid=32860 runnable  [0x00000076a9afe000]
   java.lang.Thread.State: RUNNABLE
	at net.minecraft.advancements.criterion.EntityPredicate.createContext(EntityPredicate.java:172)
	at net.minecraft.advancements.criterion.SimpleCriterionTrigger.trigger(SimpleCriterionTrigger.java:60)
	at net.minecraft.advancements.criterion.PlayerTrigger.trigger(PlayerTrigger.java:20)
	at net.minecraft.server.level.ServerPlayer.doTick(ServerPlayer.java:887)
	at net.minecraft.server.network.ServerGamePacketListenerImpl.tickPlayer(ServerGamePacketListenerImpl.java:377)
	at net.minecraft.server.network.ServerGamePacketListenerImpl.tick(ServerGamePacketListenerImpl.java:357)
	at net.minecraft.network.Connection.tick(Connection.java:689)
	at net.minecraft.server.network.ServerConnectionListener.tick(ServerConnectionListener.java:234)
	- locked <0x000000070db38880> (a java.util.Collections$SynchronizedRandomAccessList)
	at net.minecraft.server.MinecraftServer.tickConnection(MinecraftServer.java:1894)
	at net.minecraft.server.dedicated.DedicatedServer.tickConnection(DedicatedServer.java:571)
	at net.minecraft.server.MinecraftServer.tickChildren(MinecraftServer.java:1852)
	at net.minecraft.server.MinecraftServer.tickServer(MinecraftServer.java:1619)
	at net.minecraft.server.dedicated.DedicatedServer.tickServer(DedicatedServer.java:449)
	at net.minecraft.server.MinecraftServer.processPacketsAndTick(MinecraftServer.java:1676)
	at net.minecraft.server.MinecraftServer.runServer(MinecraftServer.java:1342)
	at net.minecraft.server.MinecraftServer.lambda$spin$2(MinecraftServer.java:388)
	at net.minecraft.server.MinecraftServer$$Lambda/0x000001e181f54980.run(Unknown Source)
	at java.lang.Thread.runWith(java.base@21.0.10/Thread.java:1596)
	at java.lang.Thread.run(java.base@21.0.10/Thread.java:1583)
=== sample +7473ms ===
"Server thread" #113 [32860] prio=8 os_prio=1 cpu=2687.50ms elapsed=12.57s tid=0x000001e1f8dc65d0 nid=32860 runnable  [0x00000076a9afe000]
   java.lang.Thread.State: RUNNABLE
	at net.minecraft.world.entity.ai.village.poi.PoiManager.moonrise$checkConsistency(PoiManager.java:168)
	at ca.spottedleaf.moonrise.patches.chunk_system.scheduling.task.ChunkFullTask.run(ChunkFullTask.java:59)
	at ca.spottedleaf.concurrentutil.executor.queue.PrioritisedTaskQueue$PrioritisedQueuedTask.execute(PrioritisedTaskQueue.java:345)
	at ca.spottedleaf.concurrentutil.executor.queue.PrioritisedTaskQueue.executeTask(PrioritisedTaskQueue.java:126)
	at ca.spottedleaf.moonrise.patches.chunk_system.scheduling.ChunkTaskScheduler.executeMainThreadTask(ChunkTaskScheduler.java:338)
	at net.minecraft.server.level.ServerChunkCache$MainThreadExecutor.pollTask(ServerChunkCache.java:843)
	at net.minecraft.server.level.ServerChunkCache.pollTask(ServerChunkCache.java:429)
	at net.minecraft.server.MinecraftServer.pollTaskInternal(MinecraftServer.java:1519)
	at net.minecraft.server.MinecraftServer.pollTask(MinecraftServer.java:1506)
	at net.minecraft.server.MinecraftServer.recordTaskExecutionTimeWhileWaiting(MinecraftServer.java:1232)
	at net.minecraft.server.MinecraftServer.runServer(MinecraftServer.java:1348)
	at net.minecraft.server.MinecraftServer.lambda$spin$2(MinecraftServer.java:388)
	at net.minecraft.server.MinecraftServer$$Lambda/0x000001e181f54980.run(Unknown Source)
	at java.lang.Thread.runWith(java.base@21.0.10/Thread.java:1596)
	at java.lang.Thread.run(java.base@21.0.10/Thread.java:1583)
=== sample +7752ms ===
"Server thread" #113 [32860] prio=8 os_prio=1 cpu=2781.25ms elapsed=12.85s tid=0x000001e1f8dc65d0 nid=32860 runnable  [0x00000076a9afc000]
   java.lang.Thread.State: RUNNABLE
	at java.lang.ClassLoader.defineClass1(java.base@21.0.10/Native Method)
	at java.lang.ClassLoader.defineClass(java.base@21.0.10/ClassLoader.java:1027)
	at java.security.SecureClassLoader.defineClass(java.base@21.0.10/SecureClassLoader.java:150)
	at java.net.URLClassLoader.defineClass(java.base@21.0.10/URLClassLoader.java:524)
	at java.net.URLClassLoader$1.run(java.base@21.0.10/URLClassLoader.java:427)
	at java.net.URLClassLoader$1.run(java.base@21.0.10/URLClassLoader.java:421)
	at java.security.AccessController.executePrivileged(java.base@21.0.10/AccessController.java:809)
	at java.security.AccessController.doPrivileged(java.base@21.0.10/AccessController.java:714)
	at java.net.URLClassLoader.findClass(java.base@21.0.10/URLClassLoader.java:420)
	at java.lang.ClassLoader.loadClass(java.base@21.0.10/ClassLoader.java:593)
	- locked <0x0000000723ccde70> (a java.lang.Object)
	at java.lang.ClassLoader.loadClass(java.base@21.0.10/ClassLoader.java:526)
	at java.lang.ClassLoader.defineClass1(java.base@21.0.10/Native Method)
	at java.lang.ClassLoader.defineClass(java.base@21.0.10/ClassLoader.java:1027)
	at java.security.SecureClassLoader.defineClass(java.base@21.0.10/SecureClassLoader.java:150)
	at java.net.URLClassLoader.defineClass(java.base@21.0.10/URLClassLoader.java:524)
	at java.net.URLClassLoader$1.run(java.base@21.0.10/URLClassLoader.java:427)
	at java.net.URLClassLoader$1.run(java.base@21.0.10/URLClassLoader.java:421)
	at java.security.AccessController.executePrivileged(java.base@21.0.10/AccessController.java:809)
	at java.security.AccessController.doPrivileged(java.base@21.0.10/AccessController.java:714)
	at java.net.URLClassLoader.findClass(java.base@21.0.10/URLClassLoader.java:420)
	at java.lang.ClassLoader.loadClass(java.base@21.0.10/ClassLoader.java:593)
	- locked <0x0000000723ccaa68> (a java.lang.Object)
	at java.lang.ClassLoader.loadClass(java.base@21.0.10/ClassLoader.java:526)
	at it.unimi.dsi.fastutil.objects.Object2BooleanOpenHashMap$KeySet.iterator(Object2BooleanOpenHashMap.java:1121)
	at it.unimi.dsi.fastutil.objects.Object2BooleanOpenHashMap$KeySet.iterator(Object2BooleanOpenHashMap.java:1118)
	at net.minecraft.server.level.ChunkMap.anyPlayerCloseEnoughTo(ChunkMap.java:835)
	at net.minecraft.server.level.ServerLevel.canSpreadFireAround(ServerLevel.java:2670)
	at net.minecraft.world.level.material.LavaFluid.randomTick(LavaFluid.java:83)
	at net.minecraft.world.level.material.FluidState.randomTick(FluidState.java:112)
	at net.minecraft.world.level.block.LiquidBlock.randomTick(LiquidBlock.java:100)
	at net.minecraft.world.level.block.state.BlockBehaviour$BlockStateBase.randomTick(BlockBehaviour.java:881)
	at net.minecraft.server.level.ServerLevel.optimiseRandomTick(ServerLevel.java:972)
	at net.minecraft.server.level.ServerLevel.tickChunk(ServerLevel.java:1004)
	at net.minecraft.server.level.ServerChunkCache.iterateTickingChunksFaster(ServerChunkCache.java:175)
	at net.minecraft.server.level.ServerChunkCache.tickChunks(ServerChunkCache.java:606)
	at net.minecraft.server.level.ServerChunkCache.tickChunks(ServerChunkCache.java:507)
	at net.minecraft.server.level.ServerChunkCache.tick(ServerChunkCache.java:488)
	at net.minecraft.server.level.ServerLevel.tick(ServerLevel.java:815)
	at net.minecraft.server.MinecraftServer.tickChildren(MinecraftServer.java:1836)
	at net.minecraft.server.MinecraftServer.tickServer(MinecraftServer.java:1619)
	at net.minecraft.server.dedicated.DedicatedServer.tickServer(DedicatedServer.java:449)
	at net.minecraft.server.MinecraftServer.processPacketsAndTick(MinecraftServer.java:1676)
	at net.minecraft.server.MinecraftServer.runServer(MinecraftServer.java:1342)
	at net.minecraft.server.MinecraftServer.lambda$spin$2(MinecraftServer.java:388)
	at net.minecraft.server.MinecraftServer$$Lambda/0x000001e181f54980.run(Unknown Source)
	at java.lang.Thread.runWith(java.base@21.0.10/Thread.java:1596)
	at java.lang.Thread.run(java.base@21.0.10/Thread.java:1583)
=== sample +8027ms ===
"Server thread" #113 [32860] prio=8 os_prio=1 cpu=2828.12ms elapsed=13.13s tid=0x000001e1f8dc65d0 nid=32860 waiting on condition  [0x00000076a9aff000]
   java.lang.Thread.State: TIMED_WAITING (parking)
	at jdk.internal.misc.Unsafe.park(java.base@21.0.10/Native Method)
	- parking to wait for  <0x0000000705d5bc40> (a java.lang.String)
	at java.util.concurrent.locks.LockSupport.parkNanos(java.base@21.0.10/LockSupport.java:269)
	at net.minecraft.server.MinecraftServer.recordTaskExecutionTimeWhileWaiting(MinecraftServer.java:1242)
	at net.minecraft.server.MinecraftServer.runServer(MinecraftServer.java:1348)
	at net.minecraft.server.MinecraftServer.lambda$spin$2(MinecraftServer.java:388)
	at net.minecraft.server.MinecraftServer$$Lambda/0x000001e181f54980.run(Unknown Source)
	at java.lang.Thread.runWith(java.base@21.0.10/Thread.java:1596)
	at java.lang.Thread.run(java.base@21.0.10/Thread.java:1583)
=== sample +8292ms ===
"Server thread" #113 [32860] prio=8 os_prio=1 cpu=2921.88ms elapsed=13.40s tid=0x000001e1f8dc65d0 nid=32860 waiting on condition  [0x00000076a9aff000]
   java.lang.Thread.State: TIMED_WAITING (parking)
	at jdk.internal.misc.Unsafe.park(java.base@21.0.10/Native Method)
	- parking to wait for  <0x0000000705d5bc40> (a java.lang.String)
	at java.util.concurrent.locks.LockSupport.parkNanos(java.base@21.0.10/LockSupport.java:269)
	at net.minecraft.server.MinecraftServer.recordTaskExecutionTimeWhileWaiting(MinecraftServer.java:1242)
	at net.minecraft.server.MinecraftServer.runServer(MinecraftServer.java:1348)
	at net.minecraft.server.MinecraftServer.lambda$spin$2(MinecraftServer.java:388)
	at net.minecraft.server.MinecraftServer$$Lambda/0x000001e181f54980.run(Unknown Source)
	at java.lang.Thread.runWith(java.base@21.0.10/Thread.java:1596)
	at java.lang.Thread.run(java.base@21.0.10/Thread.java:1583)
=== sample +8570ms ===
"Server thread" #113 [32860] prio=8 os_prio=1 cpu=2984.38ms elapsed=13.67s tid=0x000001e1f8dc65d0 nid=32860 waiting on condition  [0x00000076a9aff000]
   java.lang.Thread.State: TIMED_WAITING (parking)
	at jdk.internal.misc.Unsafe.park(java.base@21.0.10/Native Method)
	- parking to wait for  <0x0000000705d5bc40> (a java.lang.String)
	at java.util.concurrent.locks.LockSupport.parkNanos(java.base@21.0.10/LockSupport.java:269)
	at net.minecraft.server.MinecraftServer.recordTaskExecutionTimeWhileWaiting(MinecraftServer.java:1242)
	at net.minecraft.server.MinecraftServer.runServer(MinecraftServer.java:1348)
	at net.minecraft.server.MinecraftServer.lambda$spin$2(MinecraftServer.java:388)
	at net.minecraft.server.MinecraftServer$$Lambda/0x000001e181f54980.run(Unknown Source)
	at java.lang.Thread.runWith(java.base@21.0.10/Thread.java:1596)
	at java.lang.Thread.run(java.base@21.0.10/Thread.java:1583)
=== sample +8838ms ===
"Server thread" #113 [32860] prio=8 os_prio=1 cpu=3078.12ms elapsed=13.95s tid=0x000001e1f8dc65d0 nid=32860 runnable  [0x00000076a9afd000]
   java.lang.Thread.State: RUNNABLE
	at net.minecraft.core.NonNullList.get(NonNullList.java:41)
	at net.minecraft.world.entity.player.Inventory.getSelectedItem(Inventory.java:153)
	at net.minecraft.world.entity.player.PlayerEquipment.get(PlayerEquipment.java:21)
	at net.minecraft.world.entity.LivingEntity.getItemBySlot(LivingEntity.java:2928)
	at net.minecraft.world.entity.LivingEntity.getMainHandItem(LivingEntity.java:2864)
	at net.minecraft.world.phys.shapes.EntityCollisionContext.<init>(EntityCollisionContext.java:39)
	at net.minecraft.world.phys.shapes.CollisionContext.of(CollisionContext.java:29)
	at ca.spottedleaf.moonrise.patches.collisions.CollisionUtil$LazyEntityCollisionContext.getDelegate(CollisionUtil.java:2151)
	at ca.spottedleaf.moonrise.patches.collisions.CollisionUtil$LazyEntityCollisionContext.alwaysCollideWithFluid(CollisionUtil.java:2182)
	at net.minecraft.world.level.block.LiquidBlock.getCollisionShape(LiquidBlock.java:82)
	at net.minecraft.world.level.block.state.BlockBehaviour$BlockStateBase.getCollisionShape(BlockBehaviour.java:793)
	at ca.spottedleaf.moonrise.patches.collisions.CollisionUtil.getCollisionsForBlocksOrWorldBorder(CollisionUtil.java:2011)
	at net.minecraft.world.level.Level.noCollision(Level.java:1453)
	at net.minecraft.world.entity.player.Player.canPlayerFitWithinBlocksAndEntitiesWhen(Player.java:400)
	at net.minecraft.world.entity.player.Player.updatePlayerPose(Player.java:373)
	at net.minecraft.world.entity.player.Player.tick(Player.java:307)
	at net.minecraft.server.level.ServerPlayer.doTick(ServerPlayer.java:803)
	at net.minecraft.server.network.ServerGamePacketListenerImpl.tickPlayer(ServerGamePacketListenerImpl.java:377)
	at net.minecraft.server.network.ServerGamePacketListenerImpl.tick(ServerGamePacketListenerImpl.java:357)
	at net.minecraft.network.Connection.tick(Connection.java:689)
	at net.minecraft.server.network.ServerConnectionListener.tick(ServerConnectionListener.java:234)
	- locked <0x000000070db38880> (a java.util.Collections$SynchronizedRandomAccessList)
	at net.minecraft.server.MinecraftServer.tickConnection(MinecraftServer.java:1894)
	at net.minecraft.server.dedicated.DedicatedServer.tickConnection(DedicatedServer.java:571)
	at net.minecraft.server.MinecraftServer.tickChildren(MinecraftServer.java:1852)
	at net.minecraft.server.MinecraftServer.tickServer(MinecraftServer.java:1619)
	at net.minecraft.server.dedicated.DedicatedServer.tickServer(DedicatedServer.java:449)
	at net.minecraft.server.MinecraftServer.processPacketsAndTick(MinecraftServer.java:1676)
	at net.minecraft.server.MinecraftServer.runServer(MinecraftServer.java:1342)
	at net.minecraft.server.MinecraftServer.lambda$spin$2(MinecraftServer.java:388)
	at net.minecraft.server.MinecraftServer$$Lambda/0x000001e181f54980.run(Unknown Source)
	at java.lang.Thread.runWith(java.base@21.0.10/Thread.java:1596)
	at java.lang.Thread.run(java.base@21.0.10/Thread.java:1583)
=== sample +9116ms ===
"Server thread" #113 [32860] prio=8 os_prio=1 cpu=3171.88ms elapsed=14.21s tid=0x000001e1f8dc65d0 nid=32860 waiting on condition  [0x00000076a9aff000]
   java.lang.Thread.State: TIMED_WAITING (parking)
	at jdk.internal.misc.Unsafe.park(java.base@21.0.10/Native Method)
	- parking to wait for  <0x0000000705d5bc40> (a java.lang.String)
	at java.util.concurrent.locks.LockSupport.parkNanos(java.base@21.0.10/LockSupport.java:269)
	at net.minecraft.server.MinecraftServer.recordTaskExecutionTimeWhileWaiting(MinecraftServer.java:1242)
	at net.minecraft.server.MinecraftServer.runServer(MinecraftServer.java:1348)
	at net.minecraft.server.MinecraftServer.lambda$spin$2(MinecraftServer.java:388)
	at net.minecraft.server.MinecraftServer$$Lambda/0x000001e181f54980.run(Unknown Source)
	at java.lang.Thread.runWith(java.base@21.0.10/Thread.java:1596)
	at java.lang.Thread.run(java.base@21.0.10/Thread.java:1583)
=== sample +9395ms ===
"Server thread" #113 [32860] prio=8 os_prio=1 cpu=3234.38ms elapsed=14.49s tid=0x000001e1f8dc65d0 nid=32860 runnable  [0x00000076a9aff000]
   java.lang.Thread.State: TIMED_WAITING (parking)
	at jdk.internal.misc.Unsafe.park(java.base@21.0.10/Native Method)
	- parking to wait for  <0x0000000705d5bc40> (a java.lang.String)
	at java.util.concurrent.locks.LockSupport.parkNanos(java.base@21.0.10/LockSupport.java:269)
	at net.minecraft.server.MinecraftServer.recordTaskExecutionTimeWhileWaiting(MinecraftServer.java:1242)
	at net.minecraft.server.MinecraftServer.runServer(MinecraftServer.java:1348)
	at net.minecraft.server.MinecraftServer.lambda$spin$2(MinecraftServer.java:388)
	at net.minecraft.server.MinecraftServer$$Lambda/0x000001e181f54980.run(Unknown Source)
	at java.lang.Thread.runWith(java.base@21.0.10/Thread.java:1596)
	at java.lang.Thread.run(java.base@21.0.10/Thread.java:1583)
=== sample +9658ms ===
"Server thread" #113 [32860] prio=8 os_prio=1 cpu=3281.25ms elapsed=14.77s tid=0x000001e1f8dc65d0 nid=32860 waiting on condition  [0x00000076a9aff000]
   java.lang.Thread.State: TIMED_WAITING (parking)
	at jdk.internal.misc.Unsafe.park(java.base@21.0.10/Native Method)
	- parking to wait for  <0x0000000705d5bc40> (a java.lang.String)
	at java.util.concurrent.locks.LockSupport.parkNanos(java.base@21.0.10/LockSupport.java:269)
	at net.minecraft.server.MinecraftServer.recordTaskExecutionTimeWhileWaiting(MinecraftServer.java:1242)
	at net.minecraft.server.MinecraftServer.runServer(MinecraftServer.java:1348)
	at net.minecraft.server.MinecraftServer.lambda$spin$2(MinecraftServer.java:388)
	at net.minecraft.server.MinecraftServer$$Lambda/0x000001e181f54980.run(Unknown Source)
	at java.lang.Thread.runWith(java.base@21.0.10/Thread.java:1596)
	at java.lang.Thread.run(java.base@21.0.10/Thread.java:1583)
=== sample +9922ms ===
"Server thread" #113 [32860] prio=8 os_prio=1 cpu=3281.25ms elapsed=15.03s tid=0x000001e1f8dc65d0 nid=32860 waiting on condition  [0x00000076a9aff000]
   java.lang.Thread.State: TIMED_WAITING (parking)
	at jdk.internal.misc.Unsafe.park(java.base@21.0.10/Native Method)
	- parking to wait for  <0x0000000705d5bc40> (a java.lang.String)
	at java.util.concurrent.locks.LockSupport.parkNanos(java.base@21.0.10/LockSupport.java:269)
	at net.minecraft.server.MinecraftServer.recordTaskExecutionTimeWhileWaiting(MinecraftServer.java:1242)
	at net.minecraft.server.MinecraftServer.runServer(MinecraftServer.java:1348)
	at net.minecraft.server.MinecraftServer.lambda$spin$2(MinecraftServer.java:388)
	at net.minecraft.server.MinecraftServer$$Lambda/0x000001e181f54980.run(Unknown Source)
	at java.lang.Thread.runWith(java.base@21.0.10/Thread.java:1596)
	at java.lang.Thread.run(java.base@21.0.10/Thread.java:1583)
=== sample +10170ms ===
"Server thread" #113 [32860] prio=8 os_prio=1 cpu=3281.25ms elapsed=15.29s tid=0x000001e1f8dc65d0 nid=32860 waiting on condition  [0x00000076a9aff000]
   java.lang.Thread.State: TIMED_WAITING (parking)
	at jdk.internal.misc.Unsafe.park(java.base@21.0.10/Native Method)
	- parking to wait for  <0x0000000705d5bc40> (a java.lang.String)
	at java.util.concurrent.locks.LockSupport.parkNanos(java.base@21.0.10/LockSupport.java:269)
	at net.minecraft.server.MinecraftServer.recordTaskExecutionTimeWhileWaiting(MinecraftServer.java:1242)
	at net.minecraft.server.MinecraftServer.runServer(MinecraftServer.java:1348)
	at net.minecraft.server.MinecraftServer.lambda$spin$2(MinecraftServer.java:388)
	at net.minecraft.server.MinecraftServer$$Lambda/0x000001e181f54980.run(Unknown Source)
	at java.lang.Thread.runWith(java.base@21.0.10/Thread.java:1596)
	at java.lang.Thread.run(java.base@21.0.10/Thread.java:1583)
=== sample +10418ms ===
"Server thread" #113 [32860] prio=8 os_prio=1 cpu=3296.88ms elapsed=15.53s tid=0x000001e1f8dc65d0 nid=32860 runnable  [0x00000076a9afd000]
   java.lang.Thread.State: RUNNABLE
	at net.minecraft.world.level.Level.getChunkAt(Level.java:957)
	at net.minecraft.world.level.Level.getFluidState(Level.java:1312)
	at net.minecraft.world.entity.Entity.updateFluidOnEyes(Entity.java:2121)
	at net.minecraft.world.entity.Entity.baseTick(Entity.java:879)
	at net.minecraft.world.entity.LivingEntity.baseTick(LivingEntity.java:452)
	at net.minecraft.world.entity.Mob.baseTick(Mob.java:338)
	at net.minecraft.world.entity.Entity.tick(Entity.java:845)
	at net.minecraft.world.entity.LivingEntity.tick(LivingEntity.java:3400)
	at net.minecraft.world.entity.Mob.tick(Mob.java:398)
	at net.minecraft.world.entity.ambient.Bat.tick(Bat.java:118)
	at net.minecraft.server.level.ServerLevel.tickNonPassenger(ServerLevel.java:1368)
	at net.minecraft.server.level.ServerLevel$$Lambda/0x000001e1827d4868.accept(Unknown Source)
	at net.minecraft.world.level.Level.guardEntityTick(Level.java:1434)
	at net.minecraft.server.level.ServerLevel.lambda$tick$4(ServerLevel.java:865)
	at net.minecraft.server.level.ServerLevel$$Lambda/0x000001e1822db5c8.accept(Unknown Source)
	at net.minecraft.world.level.entity.EntityTickList.forEach(EntityTickList.java:39)
	at net.minecraft.server.level.ServerLevel.tick(ServerLevel.java:847)
	at net.minecraft.server.MinecraftServer.tickChildren(MinecraftServer.java:1836)
	at net.minecraft.server.MinecraftServer.tickServer(MinecraftServer.java:1619)
	at net.minecraft.server.dedicated.DedicatedServer.tickServer(DedicatedServer.java:449)
	at net.minecraft.server.MinecraftServer.processPacketsAndTick(MinecraftServer.java:1676)
	at net.minecraft.server.MinecraftServer.runServer(MinecraftServer.java:1342)
	at net.minecraft.server.MinecraftServer.lambda$spin$2(MinecraftServer.java:388)
	at net.minecraft.server.MinecraftServer$$Lambda/0x000001e181f54980.run(Unknown Source)
	at java.lang.Thread.runWith(java.base@21.0.10/Thread.java:1596)
	at java.lang.Thread.run(java.base@21.0.10/Thread.java:1583)
=== sample +10665ms ===
"Server thread" #113 [32860] prio=8 os_prio=1 cpu=3375.00ms elapsed=15.78s tid=0x000001e1f8dc65d0 nid=32860 waiting on condition  [0x00000076a9aff000]
   java.lang.Thread.State: TIMED_WAITING (parking)
	at jdk.internal.misc.Unsafe.park(java.base@21.0.10/Native Method)
	- parking to wait for  <0x0000000705d5bc40> (a java.lang.String)
	at java.util.concurrent.locks.LockSupport.parkNanos(java.base@21.0.10/LockSupport.java:269)
	at net.minecraft.server.MinecraftServer.recordTaskExecutionTimeWhileWaiting(MinecraftServer.java:1242)
	at net.minecraft.server.MinecraftServer.runServer(MinecraftServer.java:1348)
	at net.minecraft.server.MinecraftServer.lambda$spin$2(MinecraftServer.java:388)
	at net.minecraft.server.MinecraftServer$$Lambda/0x000001e181f54980.run(Unknown Source)
	at java.lang.Thread.runWith(java.base@21.0.10/Thread.java:1596)
	at java.lang.Thread.run(java.base@21.0.10/Thread.java:1583)
=== sample +10911ms ===
"Server thread" #113 [32860] prio=8 os_prio=1 cpu=3390.62ms elapsed=16.03s tid=0x000001e1f8dc65d0 nid=32860 waiting on condition  [0x00000076a9aff000]
   java.lang.Thread.State: TIMED_WAITING (parking)
	at jdk.internal.misc.Unsafe.park(java.base@21.0.10/Native Method)
	- parking to wait for  <0x0000000705d5bc40> (a java.lang.String)
	at java.util.concurrent.locks.LockSupport.parkNanos(java.base@21.0.10/LockSupport.java:269)
	at net.minecraft.server.MinecraftServer.recordTaskExecutionTimeWhileWaiting(MinecraftServer.java:1242)
	at net.minecraft.server.MinecraftServer.runServer(MinecraftServer.java:1348)
	at net.minecraft.server.MinecraftServer.lambda$spin$2(MinecraftServer.java:388)
	at net.minecraft.server.MinecraftServer$$Lambda/0x000001e181f54980.run(Unknown Source)
	at java.lang.Thread.runWith(java.base@21.0.10/Thread.java:1596)
	at java.lang.Thread.run(java.base@21.0.10/Thread.java:1583)
=== sample +11159ms ===
"Server thread" #113 [32860] prio=8 os_prio=1 cpu=3390.62ms elapsed=16.28s tid=0x000001e1f8dc65d0 nid=32860 waiting on condition  [0x00000076a9aff000]
   java.lang.Thread.State: TIMED_WAITING (parking)
	at jdk.internal.misc.Unsafe.park(java.base@21.0.10/Native Method)
	- parking to wait for  <0x0000000705d5bc40> (a java.lang.String)
	at java.util.concurrent.locks.LockSupport.parkNanos(java.base@21.0.10/LockSupport.java:269)
	at net.minecraft.server.MinecraftServer.recordTaskExecutionTimeWhileWaiting(MinecraftServer.java:1242)
	at net.minecraft.server.MinecraftServer.runServer(MinecraftServer.java:1348)
	at net.minecraft.server.MinecraftServer.lambda$spin$2(MinecraftServer.java:388)
	at net.minecraft.server.MinecraftServer$$Lambda/0x000001e181f54980.run(Unknown Source)
	at java.lang.Thread.runWith(java.base@21.0.10/Thread.java:1596)
	at java.lang.Thread.run(java.base@21.0.10/Thread.java:1583)
=== sample +11407ms ===
"Server thread" #113 [32860] prio=8 os_prio=1 cpu=3390.62ms elapsed=16.52s tid=0x000001e1f8dc65d0 nid=32860 waiting on condition  [0x00000076a9aff000]
   java.lang.Thread.State: TIMED_WAITING (parking)
	at jdk.internal.misc.Unsafe.park(java.base@21.0.10/Native Method)
	- parking to wait for  <0x0000000705d5bc40> (a java.lang.String)
	at java.util.concurrent.locks.LockSupport.parkNanos(java.base@21.0.10/LockSupport.java:269)
	at net.minecraft.server.MinecraftServer.recordTaskExecutionTimeWhileWaiting(MinecraftServer.java:1242)
	at net.minecraft.server.MinecraftServer.runServer(MinecraftServer.java:1348)
	at net.minecraft.server.MinecraftServer.lambda$spin$2(MinecraftServer.java:388)
	at net.minecraft.server.MinecraftServer$$Lambda/0x000001e181f54980.run(Unknown Source)
	at java.lang.Thread.runWith(java.base@21.0.10/Thread.java:1596)
	at java.lang.Thread.run(java.base@21.0.10/Thread.java:1583)
=== sample +11655ms ===
"Server thread" #113 [32860] prio=8 os_prio=1 cpu=3390.62ms elapsed=16.77s tid=0x000001e1f8dc65d0 nid=32860 waiting on condition  [0x00000076a9aff000]
   java.lang.Thread.State: TIMED_WAITING (parking)
	at jdk.internal.misc.Unsafe.park(java.base@21.0.10/Native Method)
	- parking to wait for  <0x0000000705d5bc40> (a java.lang.String)
	at java.util.concurrent.locks.LockSupport.parkNanos(java.base@21.0.10/LockSupport.java:269)
	at net.minecraft.server.MinecraftServer.recordTaskExecutionTimeWhileWaiting(MinecraftServer.java:1242)
	at net.minecraft.server.MinecraftServer.runServer(MinecraftServer.java:1348)
	at net.minecraft.server.MinecraftServer.lambda$spin$2(MinecraftServer.java:388)
	at net.minecraft.server.MinecraftServer$$Lambda/0x000001e181f54980.run(Unknown Source)
	at java.lang.Thread.runWith(java.base@21.0.10/Thread.java:1596)
	at java.lang.Thread.run(java.base@21.0.10/Thread.java:1583)
=== sample +11902ms ===
"Server thread" #113 [32860] prio=8 os_prio=1 cpu=3390.62ms elapsed=17.02s tid=0x000001e1f8dc65d0 nid=32860 waiting on condition  [0x00000076a9aff000]
   java.lang.Thread.State: TIMED_WAITING (parking)
	at jdk.internal.misc.Unsafe.park(java.base@21.0.10/Native Method)
	- parking to wait for  <0x0000000705d5bc40> (a java.lang.String)
	at java.util.concurrent.locks.LockSupport.parkNanos(java.base@21.0.10/LockSupport.java:269)
	at net.minecraft.server.MinecraftServer.recordTaskExecutionTimeWhileWaiting(MinecraftServer.java:1242)
	at net.minecraft.server.MinecraftServer.runServer(MinecraftServer.java:1348)
	at net.minecraft.server.MinecraftServer.lambda$spin$2(MinecraftServer.java:388)
	at net.minecraft.server.MinecraftServer$$Lambda/0x000001e181f54980.run(Unknown Source)
	at java.lang.Thread.runWith(java.base@21.0.10/Thread.java:1596)
	at java.lang.Thread.run(java.base@21.0.10/Thread.java:1583)
=== sample +12152ms ===
"Server thread" #113 [32860] prio=8 os_prio=1 cpu=3468.75ms elapsed=17.26s tid=0x000001e1f8dc65d0 nid=32860 waiting on condition  [0x00000076a9aff000]
   java.lang.Thread.State: TIMED_WAITING (parking)
	at jdk.internal.misc.Unsafe.park(java.base@21.0.10/Native Method)
	- parking to wait for  <0x0000000705d5bc40> (a java.lang.String)
	at java.util.concurrent.locks.LockSupport.parkNanos(java.base@21.0.10/LockSupport.java:269)
	at net.minecraft.server.MinecraftServer.recordTaskExecutionTimeWhileWaiting(MinecraftServer.java:1242)
	at net.minecraft.server.MinecraftServer.runServer(MinecraftServer.java:1348)
	at net.minecraft.server.MinecraftServer.lambda$spin$2(MinecraftServer.java:388)
	at net.minecraft.server.MinecraftServer$$Lambda/0x000001e181f54980.run(Unknown Source)
	at java.lang.Thread.runWith(java.base@21.0.10/Thread.java:1596)
	at java.lang.Thread.run(java.base@21.0.10/Thread.java:1583)
=== sample +12418ms ===
"Server thread" #113 [32860] prio=8 os_prio=1 cpu=3531.25ms elapsed=17.52s tid=0x000001e1f8dc65d0 nid=32860 waiting on condition  [0x00000076a9aff000]
   java.lang.Thread.State: TIMED_WAITING (parking)
	at jdk.internal.misc.Unsafe.park(java.base@21.0.10/Native Method)
	- parking to wait for  <0x0000000705d5bc40> (a java.lang.String)
	at java.util.concurrent.locks.LockSupport.parkNanos(java.base@21.0.10/LockSupport.java:269)
	at net.minecraft.server.MinecraftServer.recordTaskExecutionTimeWhileWaiting(MinecraftServer.java:1242)
	at net.minecraft.server.MinecraftServer.runServer(MinecraftServer.java:1348)
	at net.minecraft.server.MinecraftServer.lambda$spin$2(MinecraftServer.java:388)
	at net.minecraft.server.MinecraftServer$$Lambda/0x000001e181f54980.run(Unknown Source)
	at java.lang.Thread.runWith(java.base@21.0.10/Thread.java:1596)
	at java.lang.Thread.run(java.base@21.0.10/Thread.java:1583)
=== sample +12666ms ===
"Server thread" #113 [32860] prio=8 os_prio=1 cpu=3609.38ms elapsed=17.78s tid=0x000001e1f8dc65d0 nid=32860 runnable  [0x00000076a9afc000]
   java.lang.Thread.State: RUNNABLE
	at java.lang.ClassLoader.defineClass0(java.base@21.0.10/Native Method)
	at java.lang.System$2.defineClass(java.base@21.0.10/System.java:2394)
	at java.lang.invoke.MethodHandles$Lookup$ClassDefiner.defineClass(java.base@21.0.10/MethodHandles.java:2505)
	at java.lang.invoke.InnerClassLambdaMetafactory.generateInnerClass(java.base@21.0.10/InnerClassLambdaMetafactory.java:361)
	at java.lang.invoke.InnerClassLambdaMetafactory.spinInnerClass(java.base@21.0.10/InnerClassLambdaMetafactory.java:286)
	at java.lang.invoke.InnerClassLambdaMetafactory.buildCallSite(java.base@21.0.10/InnerClassLambdaMetafactory.java:221)
	at java.lang.invoke.LambdaMetafactory.metafactory(java.base@21.0.10/LambdaMetafactory.java:341)
	at java.lang.invoke.LambdaForm$DMH/0x000001e181110400.invokeStatic(java.base@21.0.10/LambdaForm$DMH)
	at java.lang.invoke.Invokers$Holder.invokeExact_MT(java.base@21.0.10/Invokers$Holder)
	at java.lang.invoke.BootstrapMethodInvoker.invoke(java.base@21.0.10/BootstrapMethodInvoker.java:134)
	at java.lang.invoke.CallSite.makeSite(java.base@21.0.10/CallSite.java:310)
	at java.lang.invoke.MethodHandleNatives.linkCallSiteImpl(java.base@21.0.10/MethodHandleNatives.java:249)
	at java.lang.invoke.MethodHandleNatives.linkCallSite(java.base@21.0.10/MethodHandleNatives.java:239)
	at net.minecraft.world.level.ClipContext$Block.<clinit>(ClipContext.java:59)
	at net.minecraft.world.entity.ai.navigation.PathNavigation.isClearForMovementBetween(PathNavigation.java:482)
	at net.minecraft.world.entity.ai.navigation.FlyingPathNavigation.canMoveDirectly(FlyingPathNavigation.java:27)
	at net.minecraft.world.entity.ai.navigation.PathNavigation.shouldTargetNextNodeInDirection(PathNavigation.java:358)
	at net.minecraft.world.entity.ai.navigation.PathNavigation.followThePath(PathNavigation.java:329)
	at net.minecraft.world.entity.ai.navigation.FlyingPathNavigation.tick(FlyingPathNavigation.java:54)
	at net.minecraft.world.entity.animal.bee.Bee$1.tick(Bee.java:584)
	at net.minecraft.world.entity.Mob.serverAiStep(Mob.java:873)
	at net.minecraft.world.entity.LivingEntity.aiStep(LivingEntity.java:3717)
	at net.minecraft.world.entity.Mob.aiStep(Mob.java:554)
	at net.minecraft.world.entity.AgeableMob.aiStep(AgeableMob.java:149)
	at net.minecraft.world.entity.animal.Animal.aiStep(Animal.java:71)
	at net.minecraft.world.entity.animal.bee.Bee.aiStep(Bee.java:482)
	at net.minecraft.world.entity.LivingEntity.tick(LivingEntity.java:3439)
	at net.minecraft.world.entity.Mob.tick(Mob.java:398)
	at net.minecraft.world.entity.animal.bee.Bee.tick(Bee.java:281)
	at net.minecraft.server.level.ServerLevel.tickNonPassenger(ServerLevel.java:1368)
	at net.minecraft.server.level.ServerLevel$$Lambda/0x000001e1827d4868.accept(Unknown Source)
	at net.minecraft.world.level.Level.guardEntityTick(Level.java:1434)
	at net.minecraft.server.level.ServerLevel.lambda$tick$4(ServerLevel.java:865)
	at net.minecraft.server.level.ServerLevel$$Lambda/0x000001e1822db5c8.accept(Unknown Source)
	at net.minecraft.world.level.entity.EntityTickList.forEach(EntityTickList.java:39)
	at net.minecraft.server.level.ServerLevel.tick(ServerLevel.java:847)
	at net.minecraft.server.MinecraftServer.tickChildren(MinecraftServer.java:1836)
	at net.minecraft.server.MinecraftServer.tickServer(MinecraftServer.java:1619)
	at net.minecraft.server.dedicated.DedicatedServer.tickServer(DedicatedServer.java:449)
	at net.minecraft.server.MinecraftServer.processPacketsAndTick(MinecraftServer.java:1676)
	at net.minecraft.server.MinecraftServer.runServer(MinecraftServer.java:1342)
	at net.minecraft.server.MinecraftServer.lambda$spin$2(MinecraftServer.java:388)
	at net.minecraft.server.MinecraftServer$$Lambda/0x000001e181f54980.run(Unknown Source)
	at java.lang.Thread.runWith(java.base@21.0.10/Thread.java:1596)
	at java.lang.Thread.run(java.base@21.0.10/Thread.java:1583)
=== sample +12915ms ===
"Server thread" #113 [32860] prio=8 os_prio=1 cpu=3671.88ms elapsed=18.04s tid=0x000001e1f8dc65d0 nid=32860 waiting on condition  [0x00000076a9aff000]
   java.lang.Thread.State: TIMED_WAITING (parking)
	at jdk.internal.misc.Unsafe.park(java.base@21.0.10/Native Method)
	- parking to wait for  <0x0000000705d5bc40> (a java.lang.String)
	at java.util.concurrent.locks.LockSupport.parkNanos(java.base@21.0.10/LockSupport.java:269)
	at net.minecraft.server.MinecraftServer.recordTaskExecutionTimeWhileWaiting(MinecraftServer.java:1242)
	at net.minecraft.server.MinecraftServer.runServer(MinecraftServer.java:1348)
	at net.minecraft.server.MinecraftServer.lambda$spin$2(MinecraftServer.java:388)
	at net.minecraft.server.MinecraftServer$$Lambda/0x000001e181f54980.run(Unknown Source)
	at java.lang.Thread.runWith(java.base@21.0.10/Thread.java:1596)
	at java.lang.Thread.run(java.base@21.0.10/Thread.java:1583)
=== sample +13163ms ===
"Server thread" #113 [32860] prio=8 os_prio=1 cpu=3718.75ms elapsed=18.28s tid=0x000001e1f8dc65d0 nid=32860 waiting on condition  [0x00000076a9aff000]
   java.lang.Thread.State: TIMED_WAITING (parking)
	at jdk.internal.misc.Unsafe.park(java.base@21.0.10/Native Method)
	- parking to wait for  <0x0000000705d5bc40> (a java.lang.String)
	at java.util.concurrent.locks.LockSupport.parkNanos(java.base@21.0.10/LockSupport.java:269)
	at net.minecraft.server.MinecraftServer.recordTaskExecutionTimeWhileWaiting(MinecraftServer.java:1242)
	at net.minecraft.server.MinecraftServer.runServer(MinecraftServer.java:1348)
	at net.minecraft.server.MinecraftServer.lambda$spin$2(MinecraftServer.java:388)
	at net.minecraft.server.MinecraftServer$$Lambda/0x000001e181f54980.run(Unknown Source)
	at java.lang.Thread.runWith(java.base@21.0.10/Thread.java:1596)
	at java.lang.Thread.run(java.base@21.0.10/Thread.java:1583)
=== sample +13411ms ===
"Server thread" #113 [32860] prio=8 os_prio=1 cpu=3718.75ms elapsed=18.53s tid=0x000001e1f8dc65d0 nid=32860 waiting on condition  [0x00000076a9aff000]
   java.lang.Thread.State: TIMED_WAITING (parking)
	at jdk.internal.misc.Unsafe.park(java.base@21.0.10/Native Method)
	- parking to wait for  <0x0000000705d5bc40> (a java.lang.String)
	at java.util.concurrent.locks.LockSupport.parkNanos(java.base@21.0.10/LockSupport.java:269)
	at net.minecraft.server.MinecraftServer.recordTaskExecutionTimeWhileWaiting(MinecraftServer.java:1242)
	at net.minecraft.server.MinecraftServer.runServer(MinecraftServer.java:1348)
	at net.minecraft.server.MinecraftServer.lambda$spin$2(MinecraftServer.java:388)
	at net.minecraft.server.MinecraftServer$$Lambda/0x000001e181f54980.run(Unknown Source)
	at java.lang.Thread.runWith(java.base@21.0.10/Thread.java:1596)
	at java.lang.Thread.run(java.base@21.0.10/Thread.java:1583)
=== sample +13661ms ===
"Server thread" #113 [32860] prio=8 os_prio=1 cpu=3718.75ms elapsed=18.78s tid=0x000001e1f8dc65d0 nid=32860 waiting on condition  [0x00000076a9aff000]
   java.lang.Thread.State: TIMED_WAITING (parking)
	at jdk.internal.misc.Unsafe.park(java.base@21.0.10/Native Method)
	- parking to wait for  <0x0000000705d5bc40> (a java.lang.String)
	at java.util.concurrent.locks.LockSupport.parkNanos(java.base@21.0.10/LockSupport.java:269)
	at net.minecraft.server.MinecraftServer.recordTaskExecutionTimeWhileWaiting(MinecraftServer.java:1242)
	at net.minecraft.server.MinecraftServer.runServer(MinecraftServer.java:1348)
	at net.minecraft.server.MinecraftServer.lambda$spin$2(MinecraftServer.java:388)
	at net.minecraft.server.MinecraftServer$$Lambda/0x000001e181f54980.run(Unknown Source)
	at java.lang.Thread.runWith(java.base@21.0.10/Thread.java:1596)
	at java.lang.Thread.run(java.base@21.0.10/Thread.java:1583)
=== sample +13910ms ===
"Server thread" #113 [32860] prio=8 os_prio=1 cpu=3718.75ms elapsed=19.03s tid=0x000001e1f8dc65d0 nid=32860 waiting on condition  [0x00000076a9aff000]
   java.lang.Thread.State: TIMED_WAITING (parking)
	at jdk.internal.misc.Unsafe.park(java.base@21.0.10/Native Method)
	- parking to wait for  <0x0000000705d5bc40> (a java.lang.String)
	at java.util.concurrent.locks.LockSupport.parkNanos(java.base@21.0.10/LockSupport.java:269)
	at net.minecraft.server.MinecraftServer.recordTaskExecutionTimeWhileWaiting(MinecraftServer.java:1242)
	at net.minecraft.server.MinecraftServer.runServer(MinecraftServer.java:1348)
	at net.minecraft.server.MinecraftServer.lambda$spin$2(MinecraftServer.java:388)
	at net.minecraft.server.MinecraftServer$$Lambda/0x000001e181f54980.run(Unknown Source)
	at java.lang.Thread.runWith(java.base@21.0.10/Thread.java:1596)
	at java.lang.Thread.run(java.base@21.0.10/Thread.java:1583)
=== sample +14159ms ===
"Server thread" #113 [32860] prio=8 os_prio=1 cpu=3718.75ms elapsed=19.27s tid=0x000001e1f8dc65d0 nid=32860 waiting on condition  [0x00000076a9aff000]
   java.lang.Thread.State: TIMED_WAITING (parking)
	at jdk.internal.misc.Unsafe.park(java.base@21.0.10/Native Method)
	- parking to wait for  <0x0000000705d5bc40> (a java.lang.String)
	at java.util.concurrent.locks.LockSupport.parkNanos(java.base@21.0.10/LockSupport.java:269)
	at net.minecraft.server.MinecraftServer.recordTaskExecutionTimeWhileWaiting(MinecraftServer.java:1242)
	at net.minecraft.server.MinecraftServer.runServer(MinecraftServer.java:1348)
	at net.minecraft.server.MinecraftServer.lambda$spin$2(MinecraftServer.java:388)
	at net.minecraft.server.MinecraftServer$$Lambda/0x000001e181f54980.run(Unknown Source)
	at java.lang.Thread.runWith(java.base@21.0.10/Thread.java:1596)
	at java.lang.Thread.run(java.base@21.0.10/Thread.java:1583)
=== sample +14411ms ===
"Server thread" #113 [32860] prio=8 os_prio=1 cpu=3718.75ms elapsed=19.52s tid=0x000001e1f8dc65d0 nid=32860 waiting on condition  [0x00000076a9aff000]
   java.lang.Thread.State: TIMED_WAITING (parking)
	at jdk.internal.misc.Unsafe.park(java.base@21.0.10/Native Method)
	- parking to wait for  <0x0000000705d5bc40> (a java.lang.String)
	at java.util.concurrent.locks.LockSupport.parkNanos(java.base@21.0.10/LockSupport.java:269)
	at net.minecraft.server.MinecraftServer.recordTaskExecutionTimeWhileWaiting(MinecraftServer.java:1242)
	at net.minecraft.server.MinecraftServer.runServer(MinecraftServer.java:1348)
	at net.minecraft.server.MinecraftServer.lambda$spin$2(MinecraftServer.java:388)
	at net.minecraft.server.MinecraftServer$$Lambda/0x000001e181f54980.run(Unknown Source)
	at java.lang.Thread.runWith(java.base@21.0.10/Thread.java:1596)
	at java.lang.Thread.run(java.base@21.0.10/Thread.java:1583)
=== sample +14657ms ===
"Server thread" #113 [32860] prio=8 os_prio=1 cpu=3718.75ms elapsed=19.78s tid=0x000001e1f8dc65d0 nid=32860 waiting on condition  [0x00000076a9aff000]
   java.lang.Thread.State: TIMED_WAITING (parking)
	at jdk.internal.misc.Unsafe.park(java.base@21.0.10/Native Method)
	- parking to wait for  <0x0000000705d5bc40> (a java.lang.String)
	at java.util.concurrent.locks.LockSupport.parkNanos(java.base@21.0.10/LockSupport.java:269)
	at net.minecraft.server.MinecraftServer.recordTaskExecutionTimeWhileWaiting(MinecraftServer.java:1242)
	at net.minecraft.server.MinecraftServer.runServer(MinecraftServer.java:1348)
	at net.minecraft.server.MinecraftServer.lambda$spin$2(MinecraftServer.java:388)
	at net.minecraft.server.MinecraftServer$$Lambda/0x000001e181f54980.run(Unknown Source)
	at java.lang.Thread.runWith(java.base@21.0.10/Thread.java:1596)
	at java.lang.Thread.run(java.base@21.0.10/Thread.java:1583)
=== sample +14908ms ===
"Server thread" #113 [32860] prio=8 os_prio=1 cpu=3718.75ms elapsed=20.03s tid=0x000001e1f8dc65d0 nid=32860 waiting on condition  [0x00000076a9aff000]
   java.lang.Thread.State: TIMED_WAITING (parking)
	at jdk.internal.misc.Unsafe.park(java.base@21.0.10/Native Method)
	- parking to wait for  <0x0000000705d5bc40> (a java.lang.String)
	at java.util.concurrent.locks.LockSupport.parkNanos(java.base@21.0.10/LockSupport.java:269)
	at net.minecraft.server.MinecraftServer.recordTaskExecutionTimeWhileWaiting(MinecraftServer.java:1242)
	at net.minecraft.server.MinecraftServer.runServer(MinecraftServer.java:1348)
	at net.minecraft.server.MinecraftServer.lambda$spin$2(MinecraftServer.java:388)
	at net.minecraft.server.MinecraftServer$$Lambda/0x000001e181f54980.run(Unknown Source)
	at java.lang.Thread.runWith(java.base@21.0.10/Thread.java:1596)
	at java.lang.Thread.run(java.base@21.0.10/Thread.java:1583)
=== sample +15155ms ===
"Server thread" #113 [32860] prio=8 os_prio=1 cpu=3718.75ms elapsed=20.27s tid=0x000001e1f8dc65d0 nid=32860 waiting on condition  [0x00000076a9aff000]
   java.lang.Thread.State: TIMED_WAITING (parking)
	at jdk.internal.misc.Unsafe.park(java.base@21.0.10/Native Method)
	- parking to wait for  <0x0000000705d5bc40> (a java.lang.String)
	at java.util.concurrent.locks.LockSupport.parkNanos(java.base@21.0.10/LockSupport.java:269)
	at net.minecraft.server.MinecraftServer.recordTaskExecutionTimeWhileWaiting(MinecraftServer.java:1242)
	at net.minecraft.server.MinecraftServer.runServer(MinecraftServer.java:1348)
	at net.minecraft.server.MinecraftServer.lambda$spin$2(MinecraftServer.java:388)
	at net.minecraft.server.MinecraftServer$$Lambda/0x000001e181f54980.run(Unknown Source)
	at java.lang.Thread.runWith(java.base@21.0.10/Thread.java:1596)
	at java.lang.Thread.run(java.base@21.0.10/Thread.java:1583)
=== sample +15404ms ===
"Server thread" #113 [32860] prio=8 os_prio=1 cpu=3718.75ms elapsed=20.51s tid=0x000001e1f8dc65d0 nid=32860 waiting on condition  [0x00000076a9aff000]
   java.lang.Thread.State: TIMED_WAITING (parking)
	at jdk.internal.misc.Unsafe.park(java.base@21.0.10/Native Method)
	- parking to wait for  <0x0000000705d5bc40> (a java.lang.String)
	at java.util.concurrent.locks.LockSupport.parkNanos(java.base@21.0.10/LockSupport.java:269)
	at net.minecraft.server.MinecraftServer.recordTaskExecutionTimeWhileWaiting(MinecraftServer.java:1242)
	at net.minecraft.server.MinecraftServer.runServer(MinecraftServer.java:1348)
	at net.minecraft.server.MinecraftServer.lambda$spin$2(MinecraftServer.java:388)
	at net.minecraft.server.MinecraftServer$$Lambda/0x000001e181f54980.run(Unknown Source)
	at java.lang.Thread.runWith(java.base@21.0.10/Thread.java:1596)
	at java.lang.Thread.run(java.base@21.0.10/Thread.java:1583)
=== sample +15653ms ===
"Server thread" #113 [32860] prio=8 os_prio=1 cpu=3734.38ms elapsed=20.77s tid=0x000001e1f8dc65d0 nid=32860 waiting on condition  [0x00000076a9aff000]
   java.lang.Thread.State: TIMED_WAITING (parking)
	at jdk.internal.misc.Unsafe.park(java.base@21.0.10/Native Method)
	- parking to wait for  <0x0000000705d5bc40> (a java.lang.String)
	at java.util.concurrent.locks.LockSupport.parkNanos(java.base@21.0.10/LockSupport.java:269)
	at net.minecraft.server.MinecraftServer.recordTaskExecutionTimeWhileWaiting(MinecraftServer.java:1242)
	at net.minecraft.server.MinecraftServer.runServer(MinecraftServer.java:1348)
	at net.minecraft.server.MinecraftServer.lambda$spin$2(MinecraftServer.java:388)
	at net.minecraft.server.MinecraftServer$$Lambda/0x000001e181f54980.run(Unknown Source)
	at java.lang.Thread.runWith(java.base@21.0.10/Thread.java:1596)
	at java.lang.Thread.run(java.base@21.0.10/Thread.java:1583)
=== sample +15900ms ===
"Server thread" #113 [32860] prio=8 os_prio=1 cpu=3812.50ms elapsed=21.02s tid=0x000001e1f8dc65d0 nid=32860 waiting on condition  [0x00000076a9aff000]
   java.lang.Thread.State: TIMED_WAITING (parking)
	at jdk.internal.misc.Unsafe.park(java.base@21.0.10/Native Method)
	- parking to wait for  <0x0000000705d5bc40> (a java.lang.String)
	at java.util.concurrent.locks.LockSupport.parkNanos(java.base@21.0.10/LockSupport.java:269)
	at net.minecraft.server.MinecraftServer.recordTaskExecutionTimeWhileWaiting(MinecraftServer.java:1242)
	at net.minecraft.server.MinecraftServer.runServer(MinecraftServer.java:1348)
	at net.minecraft.server.MinecraftServer.lambda$spin$2(MinecraftServer.java:388)
	at net.minecraft.server.MinecraftServer$$Lambda/0x000001e181f54980.run(Unknown Source)
	at java.lang.Thread.runWith(java.base@21.0.10/Thread.java:1596)
	at java.lang.Thread.run(java.base@21.0.10/Thread.java:1583)
=== sample +16148ms ===
"Server thread" #113 [32860] prio=8 os_prio=1 cpu=3812.50ms elapsed=21.27s tid=0x000001e1f8dc65d0 nid=32860 waiting on condition  [0x00000076a9aff000]
   java.lang.Thread.State: TIMED_WAITING (parking)
	at jdk.internal.misc.Unsafe.park(java.base@21.0.10/Native Method)
	- parking to wait for  <0x0000000705d5bc40> (a java.lang.String)
	at java.util.concurrent.locks.LockSupport.parkNanos(java.base@21.0.10/LockSupport.java:269)
	at net.minecraft.server.MinecraftServer.recordTaskExecutionTimeWhileWaiting(MinecraftServer.java:1242)
	at net.minecraft.server.MinecraftServer.runServer(MinecraftServer.java:1348)
	at net.minecraft.server.MinecraftServer.lambda$spin$2(MinecraftServer.java:388)
	at net.minecraft.server.MinecraftServer$$Lambda/0x000001e181f54980.run(Unknown Source)
	at java.lang.Thread.runWith(java.base@21.0.10/Thread.java:1596)
	at java.lang.Thread.run(java.base@21.0.10/Thread.java:1583)
=== sample +16397ms ===
"Server thread" #113 [32860] prio=8 os_prio=1 cpu=3812.50ms elapsed=21.51s tid=0x000001e1f8dc65d0 nid=32860 waiting on condition  [0x00000076a9aff000]
   java.lang.Thread.State: TIMED_WAITING (parking)
	at jdk.internal.misc.Unsafe.park(java.base@21.0.10/Native Method)
	- parking to wait for  <0x0000000705d5bc40> (a java.lang.String)
	at java.util.concurrent.locks.LockSupport.parkNanos(java.base@21.0.10/LockSupport.java:269)
	at net.minecraft.server.MinecraftServer.recordTaskExecutionTimeWhileWaiting(MinecraftServer.java:1242)
	at net.minecraft.server.MinecraftServer.runServer(MinecraftServer.java:1348)
	at net.minecraft.server.MinecraftServer.lambda$spin$2(MinecraftServer.java:388)
	at net.minecraft.server.MinecraftServer$$Lambda/0x000001e181f54980.run(Unknown Source)
	at java.lang.Thread.runWith(java.base@21.0.10/Thread.java:1596)
	at java.lang.Thread.run(java.base@21.0.10/Thread.java:1583)
=== sample +16645ms ===
"Server thread" #113 [32860] prio=8 os_prio=1 cpu=3812.50ms elapsed=21.76s tid=0x000001e1f8dc65d0 nid=32860 waiting on condition  [0x00000076a9aff000]
   java.lang.Thread.State: TIMED_WAITING (parking)
	at jdk.internal.misc.Unsafe.park(java.base@21.0.10/Native Method)
	- parking to wait for  <0x0000000705d5bc40> (a java.lang.String)
	at java.util.concurrent.locks.LockSupport.parkNanos(java.base@21.0.10/LockSupport.java:269)
	at net.minecraft.server.MinecraftServer.recordTaskExecutionTimeWhileWaiting(MinecraftServer.java:1242)
	at net.minecraft.server.MinecraftServer.runServer(MinecraftServer.java:1348)
	at net.minecraft.server.MinecraftServer.lambda$spin$2(MinecraftServer.java:388)
	at net.minecraft.server.MinecraftServer$$Lambda/0x000001e181f54980.run(Unknown Source)
	at java.lang.Thread.runWith(java.base@21.0.10/Thread.java:1596)
	at java.lang.Thread.run(java.base@21.0.10/Thread.java:1583)
=== sample +16896ms ===
"Server thread" #113 [32860] prio=8 os_prio=1 cpu=3812.50ms elapsed=22.00s tid=0x000001e1f8dc65d0 nid=32860 waiting on condition  [0x00000076a9aff000]
   java.lang.Thread.State: TIMED_WAITING (parking)
	at jdk.internal.misc.Unsafe.park(java.base@21.0.10/Native Method)
	- parking to wait for  <0x0000000705d5bc40> (a java.lang.String)
	at java.util.concurrent.locks.LockSupport.parkNanos(java.base@21.0.10/LockSupport.java:269)
	at net.minecraft.server.MinecraftServer.recordTaskExecutionTimeWhileWaiting(MinecraftServer.java:1242)
	at net.minecraft.server.MinecraftServer.runServer(MinecraftServer.java:1348)
	at net.minecraft.server.MinecraftServer.lambda$spin$2(MinecraftServer.java:388)
	at net.minecraft.server.MinecraftServer$$Lambda/0x000001e181f54980.run(Unknown Source)
	at java.lang.Thread.runWith(java.base@21.0.10/Thread.java:1596)
	at java.lang.Thread.run(java.base@21.0.10/Thread.java:1583)
=== sample +17146ms ===
"Server thread" #113 [32860] prio=8 os_prio=1 cpu=3812.50ms elapsed=22.26s tid=0x000001e1f8dc65d0 nid=32860 waiting on condition  [0x00000076a9aff000]
   java.lang.Thread.State: TIMED_WAITING (parking)
	at jdk.internal.misc.Unsafe.park(java.base@21.0.10/Native Method)
	- parking to wait for  <0x0000000705d5bc40> (a java.lang.String)
	at java.util.concurrent.locks.LockSupport.parkNanos(java.base@21.0.10/LockSupport.java:269)
	at net.minecraft.server.MinecraftServer.recordTaskExecutionTimeWhileWaiting(MinecraftServer.java:1242)
	at net.minecraft.server.MinecraftServer.runServer(MinecraftServer.java:1348)
	at net.minecraft.server.MinecraftServer.lambda$spin$2(MinecraftServer.java:388)
	at net.minecraft.server.MinecraftServer$$Lambda/0x000001e181f54980.run(Unknown Source)
	at java.lang.Thread.runWith(java.base@21.0.10/Thread.java:1596)
	at java.lang.Thread.run(java.base@21.0.10/Thread.java:1583)
=== sample +17393ms ===
"Server thread" #113 [32860] prio=8 os_prio=1 cpu=3812.50ms elapsed=22.51s tid=0x000001e1f8dc65d0 nid=32860 waiting on condition  [0x00000076a9aff000]
   java.lang.Thread.State: TIMED_WAITING (parking)
	at jdk.internal.misc.Unsafe.park(java.base@21.0.10/Native Method)
	- parking to wait for  <0x0000000705d5bc40> (a java.lang.String)
	at java.util.concurrent.locks.LockSupport.parkNanos(java.base@21.0.10/LockSupport.java:269)
	at net.minecraft.server.MinecraftServer.recordTaskExecutionTimeWhileWaiting(MinecraftServer.java:1242)
	at net.minecraft.server.MinecraftServer.runServer(MinecraftServer.java:1348)
	at net.minecraft.server.MinecraftServer.lambda$spin$2(MinecraftServer.java:388)
	at net.minecraft.server.MinecraftServer$$Lambda/0x000001e181f54980.run(Unknown Source)
	at java.lang.Thread.runWith(java.base@21.0.10/Thread.java:1596)
	at java.lang.Thread.run(java.base@21.0.10/Thread.java:1583)
=== sample +17644ms ===
"Server thread" #113 [32860] prio=8 os_prio=1 cpu=3812.50ms elapsed=22.76s tid=0x000001e1f8dc65d0 nid=32860 waiting on condition  [0x00000076a9aff000]
   java.lang.Thread.State: TIMED_WAITING (parking)
	at jdk.internal.misc.Unsafe.park(java.base@21.0.10/Native Method)
	- parking to wait for  <0x0000000705d5bc40> (a java.lang.String)
	at java.util.concurrent.locks.LockSupport.parkNanos(java.base@21.0.10/LockSupport.java:269)
	at net.minecraft.server.MinecraftServer.recordTaskExecutionTimeWhileWaiting(MinecraftServer.java:1242)
	at net.minecraft.server.MinecraftServer.runServer(MinecraftServer.java:1348)
	at net.minecraft.server.MinecraftServer.lambda$spin$2(MinecraftServer.java:388)
	at net.minecraft.server.MinecraftServer$$Lambda/0x000001e181f54980.run(Unknown Source)
	at java.lang.Thread.runWith(java.base@21.0.10/Thread.java:1596)
	at java.lang.Thread.run(java.base@21.0.10/Thread.java:1583)
=== sample +17906ms ===
"Server thread" #113 [32860] prio=8 os_prio=1 cpu=3812.50ms elapsed=23.02s tid=0x000001e1f8dc65d0 nid=32860 waiting on condition  [0x00000076a9aff000]
   java.lang.Thread.State: TIMED_WAITING (parking)
	at jdk.internal.misc.Unsafe.park(java.base@21.0.10/Native Method)
	- parking to wait for  <0x0000000705d5bc40> (a java.lang.String)
	at java.util.concurrent.locks.LockSupport.parkNanos(java.base@21.0.10/LockSupport.java:269)
	at net.minecraft.server.MinecraftServer.recordTaskExecutionTimeWhileWaiting(MinecraftServer.java:1242)
	at net.minecraft.server.MinecraftServer.runServer(MinecraftServer.java:1348)
	at net.minecraft.server.MinecraftServer.lambda$spin$2(MinecraftServer.java:388)
	at net.minecraft.server.MinecraftServer$$Lambda/0x000001e181f54980.run(Unknown Source)
	at java.lang.Thread.runWith(java.base@21.0.10/Thread.java:1596)
	at java.lang.Thread.run(java.base@21.0.10/Thread.java:1583)
botFailures=[] exited=true
