boot: [00:56:33 INFO]: Done (18.736s)! For help, type "help"
BOT-FAIL java.lang.RuntimeException: bot WalkB03: java.net.SocketException: 你的主机中的软件中止了一个已建立的连接。
BOT-FAIL java.lang.RuntimeException: bot WalkB02: java.net.SocketException: 你的主机中的软件中止了一个已建立的连接。
BOT-FAIL java.lang.RuntimeException: bot WalkB07: java.net.SocketException: 你的主机中的软件中止了一个已建立的连接。
BOT-FAIL java.lang.RuntimeException: bot WalkB01: java.net.SocketException: 你的主机中的软件中止了一个已建立的连接。
BOT-FAIL java.lang.RuntimeException: bot WalkB09: java.net.SocketException: 你的主机中的软件中止了一个已建立的连接。
BOT-FAIL java.lang.RuntimeException: bot WalkB04: java.net.SocketException: 你的主机中的软件中止了一个已建立的连接。
BOT-FAIL java.lang.RuntimeException: bot WalkB06: java.net.SocketException: 你的主机中的软件中止了一个已建立的连接。
BOT-FAIL java.lang.RuntimeException: bot WalkB00: java.net.SocketException: 你的主机中的软件中止了一个已建立的连接。
BOT-FAIL java.lang.RuntimeException: bot WalkB08: java.net.SocketException: 你的主机中的软件中止了一个已建立的连接。
bots gate FAILED
---- PapoTickProfile windows ----
[00:56:33] [Server thread/INFO]: [STDOUT] [io.papermc.paper.util.PapoTickProfile] PapoTickProfile window=400ticks totalWallMs=0 measuredMs=0 gcMs=0
[00:56:54] [Server thread/INFO]: [STDOUT] [io.papermc.paper.util.PapoTickProfile] PapoTickProfile window=400ticks totalWallMs=20677 measuredMs=7709 gcMs=147
[00:56:54] [Server thread/INFO]: [STDOUT] [io.papermc.paper.util.PapoTickProfile] PapoTickProfile.phase worlds                     total= 2100.1ms avg/tick= 5250.4us share= 27.2% n=400
[00:56:54] [Server thread/INFO]: [STDOUT] [io.papermc.paper.util.PapoTickProfile] PapoTickProfile.phase level.tickPending+misc     total= 1242.0ms avg/tick= 3105.1us share= 16.1% n=1200
[00:56:54] [Server thread/INFO]: [STDOUT] [io.papermc.paper.util.PapoTickProfile] PapoTickProfile.phase server.taskDrain           total=  937.4ms avg/tick= 2343.5us share= 12.2% n=400
[00:56:54] [Server thread/INFO]: [STDOUT] [io.papermc.paper.util.PapoTickProfile] PapoTickProfile.phase level.chunkSource          total=  862.8ms avg/tick= 2156.9us share= 11.2% n=1200
[00:56:54] [Server thread/INFO]: [STDOUT] [io.papermc.paper.util.PapoTickProfile] PapoTickProfile.phase level.entities             total=  822.3ms avg/tick= 2055.8us share= 10.7% n=1200
[00:56:54] [Server thread/INFO]: [STDOUT] [io.papermc.paper.util.PapoTickProfile] PapoTickProfile.phase connection                 total=  532.2ms avg/tick= 1330.5us share=  6.9% n=400
[00:56:54] [Server thread/INFO]: [STDOUT] [io.papermc.paper.util.PapoTickProfile] PapoTickProfile.phase conn.listenerTick          total=  365.7ms avg/tick=  914.2us share=  4.7% n=3044
[00:56:54] [Server thread/INFO]: [STDOUT] [io.papermc.paper.util.PapoTickProfile] PapoTickProfile.phase level.blockTicks           total=  226.0ms avg/tick=  565.1us share=  2.9% n=1200
[00:56:54] [Server thread/INFO]: [STDOUT] [io.papermc.paper.util.PapoTickProfile] PapoTickProfile.phase player.superTick           total=  220.5ms avg/tick=  551.3us share=  2.9% n=2963
[00:56:54] [Server thread/INFO]: [STDOUT] [io.papermc.paper.util.PapoTickProfile] PapoTickProfile.phase level.fluidTicks           total=  146.8ms avg/tick=  366.9us share=  1.9% n=1200
[00:56:54] [Server thread/INFO]: [STDOUT] [io.papermc.paper.util.PapoTickProfile] PapoTickProfile.phase ent.serverAiStep           total=  131.7ms avg/tick=  329.3us share=  1.7% n=13711
[00:56:54] [Server thread/INFO]: [STDOUT] [io.papermc.paper.util.PapoTickProfile] PapoTickProfile.phase sendChunks                 total=   36.1ms avg/tick=   90.3us share=  0.5% n=400
[00:56:54] [Server thread/INFO]: [STDOUT] [io.papermc.paper.util.PapoTickProfile] PapoTickProfile.phase chunkMap.tracker.maintain  total=   32.6ms avg/tick=   81.5us share=  0.4% n=1200
[00:56:54] [Server thread/INFO]: [STDOUT] [io.papermc.paper.util.PapoTickProfile] PapoTickProfile.phase chunkMap.tracker.sendChanges total=   26.2ms avg/tick=   65.4us share=  0.3% n=1200
[00:56:54] [Server thread/INFO]: [STDOUT] [io.papermc.paper.util.PapoTickProfile] PapoTickProfile.phase player.pushEntities        total=   13.3ms avg/tick=   33.2us share=  0.2% n=9250
[00:56:54] [Server thread/INFO]: [STDOUT] [io.papermc.paper.util.PapoTickProfile] PapoTickProfile.phase chunkMap.tracker.fanout    total=    4.7ms avg/tick=   11.7us share=  0.1% n=1200
[00:56:54] [Server thread/INFO]: [STDOUT] [io.papermc.paper.util.PapoTickProfile] PapoTickProfile.phase player.aiStepTouchScan     total=    3.4ms avg/tick=    8.4us share=  0.0% n=2963
[00:56:54] [Server thread/INFO]: [STDOUT] [io.papermc.paper.util.PapoTickProfile] PapoTickProfile.phase level.blockEvents          total=    2.6ms avg/tick=    6.5us share=  0.0% n=1200
[00:56:54] [Server thread/INFO]: [STDOUT] [io.papermc.paper.util.PapoTickProfile] PapoTickProfile.phase conn.flushQueue            total=    1.4ms avg/tick=    3.6us share=  0.0% n=3044
[00:56:54] [Server thread/INFO]: [STDOUT] [io.papermc.paper.util.PapoTickProfile] PapoTickProfile.phase functions                  total=    1.1ms avg/tick=    2.7us share=  0.0% n=400
[00:56:54] [Server thread/INFO]: [STDOUT] [io.papermc.paper.util.PapoTickProfile] PapoTickProfile.phase players                    total=    0.3ms avg/tick=    0.8us share=  0.0% n=400
[00:56:54] [Server thread/INFO]: [STDOUT] [io.papermc.paper.util.PapoTickProfile] PapoTickProfile.count rs.blockTickRuns           total=    70147 avg/tick=    175.4 n=70147
[00:56:54] [Server thread/INFO]: [STDOUT] [io.papermc.paper.util.PapoTickProfile] PapoTickProfile.count fanout.sends               total=    31641 avg/tick=     79.1 n=1200
[00:56:54] [Server thread/INFO]: [STDOUT] [io.papermc.paper.util.PapoTickProfile] PapoTickProfile.count rs.fluidTickRuns           total=     7796 avg/tick=     19.5 n=7796
[00:56:54] [Server thread/INFO]: [STDOUT] [io.papermc.paper.util.PapoTickProfile] PapoTickProfile.count fanout.pkt.headRot         total=     1503 avg/tick=      3.8 n=316
[00:56:54] [Server thread/INFO]: [STDOUT] [io.papermc.paper.util.PapoTickProfile] PapoTickProfile.count fanout.pkt.movePosRot      total=     1176 avg/tick=      2.9 n=302
[00:56:54] [Server thread/INFO]: [STDOUT] [io.papermc.paper.util.PapoTickProfile] PapoTickProfile.count fanout.pkt.entityData      total=      356 avg/tick=      0.9 n=305
[00:56:54] [Server thread/INFO]: [STDOUT] [io.papermc.paper.util.PapoTickProfile] PapoTickProfile.count fanout.pkt.posSync         total=      340 avg/tick=      0.9 n=145
[00:56:54] [Server thread/INFO]: [STDOUT] [io.papermc.paper.util.PapoTickProfile] PapoTickProfile.count fanout.pkt.movePos         total=      192 avg/tick=      0.5 n=134
[00:56:54] [Server thread/INFO]: [STDOUT] [io.papermc.paper.util.PapoTickProfile] PapoTickProfile.count fanout.pkt.other           total=      159 avg/tick=      0.4 n=71
[00:56:54] [Server thread/INFO]: [STDOUT] [io.papermc.paper.util.PapoTickProfile] PapoTickProfile.count fanout.pkt.velocity        total=      105 avg/tick=      0.3 n=52
[00:56:54] [Server thread/INFO]: [STDOUT] [io.papermc.paper.util.PapoTickProfile] PapoTickProfile.count fanout.pkt.moveRot         total=       42 avg/tick=      0.1 n=24
[00:56:54] [Server thread/INFO]: [STDOUT] [io.papermc.paper.util.PapoTickProfile] PapoTickProfile.tickdist n=400 durMs[p50=3.41 p95=20.44 p99=47.32 max=225.77] over45=2 over50=2 | gapMs[p95=59.09 p99=81.54 max=660.95] stalls100ms=2 | tps=19.34
[00:57:14] [Server thread/INFO]: [STDOUT] [io.papermc.paper.util.PapoTickProfile] PapoTickProfile window=400ticks totalWallMs=19999 measuredMs=2103 gcMs=0
[00:57:14] [Server thread/INFO]: [STDOUT] [io.papermc.paper.util.PapoTickProfile] PapoTickProfile.phase worlds                     total=  649.8ms avg/tick= 1624.5us share= 30.9% n=400
[00:57:14] [Server thread/INFO]: [STDOUT] [io.papermc.paper.util.PapoTickProfile] PapoTickProfile.phase level.tickPending+misc     total=  372.3ms avg/tick=  930.8us share= 17.7% n=1200
[00:57:14] [Server thread/INFO]: [STDOUT] [io.papermc.paper.util.PapoTickProfile] PapoTickProfile.phase level.chunkSource          total=  342.1ms avg/tick=  855.1us share= 16.3% n=1200
[00:57:14] [Server thread/INFO]: [STDOUT] [io.papermc.paper.util.PapoTickProfile] PapoTickProfile.phase level.entities             total=  265.7ms avg/tick=  664.3us share= 12.6% n=1200
[00:57:14] [Server thread/INFO]: [STDOUT] [io.papermc.paper.util.PapoTickProfile] PapoTickProfile.phase connection                 total=  115.4ms avg/tick=  288.5us share=  5.5% n=400
[00:57:14] [Server thread/INFO]: [STDOUT] [io.papermc.paper.util.PapoTickProfile] PapoTickProfile.phase conn.listenerTick          total=  111.7ms avg/tick=  279.3us share=  5.3% n=4000
[00:57:14] [Server thread/INFO]: [STDOUT] [io.papermc.paper.util.PapoTickProfile] PapoTickProfile.phase player.superTick           total=   80.5ms avg/tick=  201.1us share=  3.8% n=4000
[00:57:14] [Server thread/INFO]: [STDOUT] [io.papermc.paper.util.PapoTickProfile] PapoTickProfile.phase ent.serverAiStep           total=   48.0ms avg/tick=  120.0us share=  2.3% n=14471
[00:57:14] [Server thread/INFO]: [STDOUT] [io.papermc.paper.util.PapoTickProfile] PapoTickProfile.phase sendChunks                 total=   36.6ms avg/tick=   91.4us share=  1.7% n=400
[00:57:14] [Server thread/INFO]: [STDOUT] [io.papermc.paper.util.PapoTickProfile] PapoTickProfile.phase level.fluidTicks           total=   18.5ms avg/tick=   46.4us share=  0.9% n=1200
[00:57:14] [Server thread/INFO]: [STDOUT] [io.papermc.paper.util.PapoTickProfile] PapoTickProfile.phase chunkMap.tracker.maintain  total=   17.6ms avg/tick=   44.0us share=  0.8% n=1200
[00:57:14] [Server thread/INFO]: [STDOUT] [io.papermc.paper.util.PapoTickProfile] PapoTickProfile.phase chunkMap.tracker.sendChanges total=   13.7ms avg/tick=   34.3us share=  0.7% n=1200
[00:57:14] [Server thread/INFO]: [STDOUT] [io.papermc.paper.util.PapoTickProfile] PapoTickProfile.phase server.taskDrain           total=   11.2ms avg/tick=   28.1us share=  0.5% n=400
[00:57:14] [Server thread/INFO]: [STDOUT] [io.papermc.paper.util.PapoTickProfile] PapoTickProfile.phase level.blockTicks           total=    8.7ms avg/tick=   21.9us share=  0.4% n=1200
[00:57:14] [Server thread/INFO]: [STDOUT] [io.papermc.paper.util.PapoTickProfile] PapoTickProfile.phase chunkMap.tracker.fanout    total=    3.5ms avg/tick=    8.7us share=  0.2% n=1200
[00:57:14] [Server thread/INFO]: [STDOUT] [io.papermc.paper.util.PapoTickProfile] PapoTickProfile.phase player.pushEntities        total=    2.5ms avg/tick=    6.3us share=  0.1% n=8481
[00:57:14] [Server thread/INFO]: [STDOUT] [io.papermc.paper.util.PapoTickProfile] PapoTickProfile.phase player.aiStepTouchScan     total=    2.5ms avg/tick=    6.2us share=  0.1% n=4000
[00:57:14] [Server thread/INFO]: [STDOUT] [io.papermc.paper.util.PapoTickProfile] PapoTickProfile.phase level.blockEvents          total=    1.2ms avg/tick=    3.1us share=  0.1% n=1200
[00:57:14] [Server thread/INFO]: [STDOUT] [io.papermc.paper.util.PapoTickProfile] PapoTickProfile.phase players                    total=    1.0ms avg/tick=    2.5us share=  0.0% n=400
[00:57:14] [Server thread/INFO]: [STDOUT] [io.papermc.paper.util.PapoTickProfile] PapoTickProfile.phase conn.flushQueue            total=    0.6ms avg/tick=    1.6us share=  0.0% n=4000
[00:57:14] [Server thread/INFO]: [STDOUT] [io.papermc.paper.util.PapoTickProfile] PapoTickProfile.phase functions                  total=    0.2ms avg/tick=    0.6us share=  0.0% n=400
[00:57:14] [Server thread/INFO]: [STDOUT] [io.papermc.paper.util.PapoTickProfile] PapoTickProfile.count fanout.sends               total=    33112 avg/tick=     82.8 n=1200
[00:57:14] [Server thread/INFO]: [STDOUT] [io.papermc.paper.util.PapoTickProfile] PapoTickProfile.count fanout.pkt.headRot         total=     1387 avg/tick=      3.5 n=395
[00:57:14] [Server thread/INFO]: [STDOUT] [io.papermc.paper.util.PapoTickProfile] PapoTickProfile.count fanout.pkt.movePosRot      total=     1196 avg/tick=      3.0 n=393
[00:57:14] [Server thread/INFO]: [STDOUT] [io.papermc.paper.util.PapoTickProfile] PapoTickProfile.count rs.fluidTickRuns           total=      870 avg/tick=      2.2 n=870
[00:57:14] [Server thread/INFO]: [STDOUT] [io.papermc.paper.util.PapoTickProfile] PapoTickProfile.count fanout.pkt.entityData      total=      416 avg/tick=      1.0 n=400
[00:57:14] [Server thread/INFO]: [STDOUT] [io.papermc.paper.util.PapoTickProfile] PapoTickProfile.count fanout.pkt.movePos         total=      279 avg/tick=      0.7 n=194
[00:57:14] [Server thread/INFO]: [STDOUT] [io.papermc.paper.util.PapoTickProfile] PapoTickProfile.count fanout.pkt.posSync         total=      123 avg/tick=      0.3 n=111
[00:57:14] [Server thread/INFO]: [STDOUT] [io.papermc.paper.util.PapoTickProfile] PapoTickProfile.count fanout.pkt.other           total=       82 avg/tick=      0.2 n=62
[00:57:14] [Server thread/INFO]: [STDOUT] [io.papermc.paper.util.PapoTickProfile] PapoTickProfile.count rs.blockTickRuns           total=       14 avg/tick=      0.0 n=14
[00:57:14] [Server thread/INFO]: [STDOUT] [io.papermc.paper.util.PapoTickProfile] PapoTickProfile.tickdist n=400 durMs[p50=1.99 p95=2.69 p99=3.33 max=9.55] over45=0 over50=0 | gapMs[p95=51.42 p99=52.91 max=58.16] stalls100ms=0 | tps=20.00
[00:57:34] [Server thread/INFO]: [STDOUT] [io.papermc.paper.util.PapoTickProfile] PapoTickProfile window=400ticks totalWallMs=20001 measuredMs=1825 gcMs=0
[00:57:34] [Server thread/INFO]: [STDOUT] [io.papermc.paper.util.PapoTickProfile] PapoTickProfile.phase worlds                     total=  576.5ms avg/tick= 1441.1us share= 31.6% n=400
[00:57:34] [Server thread/INFO]: [STDOUT] [io.papermc.paper.util.PapoTickProfile] PapoTickProfile.phase level.tickPending+misc     total=  345.3ms avg/tick=  863.2us share= 18.9% n=1200
[00:57:34] [Server thread/INFO]: [STDOUT] [io.papermc.paper.util.PapoTickProfile] PapoTickProfile.phase level.chunkSource          total=  332.6ms avg/tick=  831.4us share= 18.2% n=1200
[00:57:34] [Server thread/INFO]: [STDOUT] [io.papermc.paper.util.PapoTickProfile] PapoTickProfile.phase level.entities             total=  219.0ms avg/tick=  547.6us share= 12.0% n=1200
[00:57:34] [Server thread/INFO]: [STDOUT] [io.papermc.paper.util.PapoTickProfile] PapoTickProfile.phase connection                 total=   85.0ms avg/tick=  212.6us share=  4.7% n=400
[00:57:34] [Server thread/INFO]: [STDOUT] [io.papermc.paper.util.PapoTickProfile] PapoTickProfile.phase conn.listenerTick          total=   82.2ms avg/tick=  205.5us share=  4.5% n=4000
[00:57:34] [Server thread/INFO]: [STDOUT] [io.papermc.paper.util.PapoTickProfile] PapoTickProfile.phase player.superTick           total=   59.2ms avg/tick=  148.1us share=  3.2% n=4000
[00:57:34] [Server thread/INFO]: [STDOUT] [io.papermc.paper.util.PapoTickProfile] PapoTickProfile.phase ent.serverAiStep           total=   36.4ms avg/tick=   91.1us share=  2.0% n=13524
[00:57:34] [Server thread/INFO]: [STDOUT] [io.papermc.paper.util.PapoTickProfile] PapoTickProfile.phase sendChunks                 total=   34.3ms avg/tick=   85.7us share=  1.9% n=400
[00:57:34] [Server thread/INFO]: [STDOUT] [io.papermc.paper.util.PapoTickProfile] PapoTickProfile.phase chunkMap.tracker.maintain  total=   15.0ms avg/tick=   37.4us share=  0.8% n=1200
[00:57:34] [Server thread/INFO]: [STDOUT] [io.papermc.paper.util.PapoTickProfile] PapoTickProfile.phase chunkMap.tracker.sendChanges total=   13.5ms avg/tick=   33.7us share=  0.7% n=1200
[00:57:34] [Server thread/INFO]: [STDOUT] [io.papermc.paper.util.PapoTickProfile] PapoTickProfile.phase server.taskDrain           total=    8.3ms avg/tick=   20.6us share=  0.5% n=400
[00:57:34] [Server thread/INFO]: [STDOUT] [io.papermc.paper.util.PapoTickProfile] PapoTickProfile.phase level.fluidTicks           total=    5.0ms avg/tick=   12.4us share=  0.3% n=1200
[00:57:34] [Server thread/INFO]: [STDOUT] [io.papermc.paper.util.PapoTickProfile] PapoTickProfile.phase level.blockTicks           total=    4.5ms avg/tick=   11.2us share=  0.2% n=1200
[00:57:34] [Server thread/INFO]: [STDOUT] [io.papermc.paper.util.PapoTickProfile] PapoTickProfile.phase chunkMap.tracker.fanout    total=    3.1ms avg/tick=    7.8us share=  0.2% n=1200
[00:57:34] [Server thread/INFO]: [STDOUT] [io.papermc.paper.util.PapoTickProfile] PapoTickProfile.phase player.pushEntities        total=    2.3ms avg/tick=    5.7us share=  0.1% n=7538
[00:57:34] [Server thread/INFO]: [STDOUT] [io.papermc.paper.util.PapoTickProfile] PapoTickProfile.phase player.aiStepTouchScan     total=    2.0ms avg/tick=    5.1us share=  0.1% n=4000
[00:57:34] [Server thread/INFO]: [STDOUT] [io.papermc.paper.util.PapoTickProfile] PapoTickProfile.phase level.blockEvents          total=    1.4ms avg/tick=    3.4us share=  0.1% n=1200
[00:57:34] [Server thread/INFO]: [STDOUT] [io.papermc.paper.util.PapoTickProfile] PapoTickProfile.phase conn.flushQueue            total=    0.3ms avg/tick=    0.8us share=  0.0% n=4000
[00:57:34] [Server thread/INFO]: [STDOUT] [io.papermc.paper.util.PapoTickProfile] PapoTickProfile.phase functions                  total=    0.1ms avg/tick=    0.3us share=  0.0% n=400
[00:57:34] [Server thread/INFO]: [STDOUT] [io.papermc.paper.util.PapoTickProfile] PapoTickProfile.phase players                    total=    0.0ms avg/tick=    0.1us share=  0.0% n=400
[00:57:34] [Server thread/INFO]: [STDOUT] [io.papermc.paper.util.PapoTickProfile] PapoTickProfile.count fanout.sends               total=    26724 avg/tick=     66.8 n=1200
[00:57:34] [Server thread/INFO]: [STDOUT] [io.papermc.paper.util.PapoTickProfile] PapoTickProfile.count fanout.pkt.headRot         total=     1100 avg/tick=      2.8 n=390
[00:57:34] [Server thread/INFO]: [STDOUT] [io.papermc.paper.util.PapoTickProfile] PapoTickProfile.count fanout.pkt.movePosRot      total=      983 avg/tick=      2.5 n=368
[00:57:34] [Server thread/INFO]: [STDOUT] [io.papermc.paper.util.PapoTickProfile] PapoTickProfile.count fanout.pkt.entityData      total=      402 avg/tick=      1.0 n=400
[00:57:34] [Server thread/INFO]: [STDOUT] [io.papermc.paper.util.PapoTickProfile] PapoTickProfile.count fanout.pkt.movePos         total=      180 avg/tick=      0.5 n=145
[00:57:34] [Server thread/INFO]: [STDOUT] [io.papermc.paper.util.PapoTickProfile] PapoTickProfile.count rs.fluidTickRuns           total=      168 avg/tick=      0.4 n=168
[00:57:34] [Server thread/INFO]: [STDOUT] [io.papermc.paper.util.PapoTickProfile] PapoTickProfile.count fanout.pkt.other           total=       81 avg/tick=      0.2 n=60
[00:57:34] [Server thread/INFO]: [STDOUT] [io.papermc.paper.util.PapoTickProfile] PapoTickProfile.count fanout.pkt.posSync         total=       78 avg/tick=      0.2 n=69
[00:57:34] [Server thread/INFO]: [STDOUT] [io.papermc.paper.util.PapoTickProfile] PapoTickProfile.count rs.blockTickRuns           total=        1 avg/tick=      0.0 n=1
[00:57:34] [Server thread/INFO]: [STDOUT] [io.papermc.paper.util.PapoTickProfile] PapoTickProfile.tickdist n=400 durMs[p50=1.80 p95=2.15 p99=2.40 max=2.55] over45=0 over50=0 | gapMs[p95=51.09 p99=51.70 max=53.70] stalls100ms=0 | tps=20.00
[00:57:54] [Server thread/INFO]: [STDOUT] [io.papermc.paper.util.PapoTickProfile] PapoTickProfile window=400ticks totalWallMs=20011 measuredMs=1807 gcMs=0
[00:57:54] [Server thread/INFO]: [STDOUT] [io.papermc.paper.util.PapoTickProfile] PapoTickProfile.phase worlds                     total=  579.8ms avg/tick= 1449.5us share= 32.1% n=400
[00:57:54] [Server thread/INFO]: [STDOUT] [io.papermc.paper.util.PapoTickProfile] PapoTickProfile.phase level.tickPending+misc     total=  357.6ms avg/tick=  894.0us share= 19.8% n=1200
[00:57:54] [Server thread/INFO]: [STDOUT] [io.papermc.paper.util.PapoTickProfile] PapoTickProfile.phase level.chunkSource          total=  347.1ms avg/tick=  867.7us share= 19.2% n=1200
[00:57:54] [Server thread/INFO]: [STDOUT] [io.papermc.paper.util.PapoTickProfile] PapoTickProfile.phase level.entities             total=  209.5ms avg/tick=  523.8us share= 11.6% n=1200
[00:57:54] [Server thread/INFO]: [STDOUT] [io.papermc.paper.util.PapoTickProfile] PapoTickProfile.phase connection                 total=   59.9ms avg/tick=  149.7us share=  3.3% n=400
[00:57:54] [Server thread/INFO]: [STDOUT] [io.papermc.paper.util.PapoTickProfile] PapoTickProfile.phase conn.listenerTick          total=   57.0ms avg/tick=  142.4us share=  3.2% n=3329
[00:57:54] [Server thread/INFO]: [STDOUT] [io.papermc.paper.util.PapoTickProfile] PapoTickProfile.phase server.taskDrain           total=   50.9ms avg/tick=  127.4us share=  2.8% n=400
[00:57:54] [Server thread/INFO]: [STDOUT] [io.papermc.paper.util.PapoTickProfile] PapoTickProfile.phase player.superTick           total=   39.5ms avg/tick=   98.8us share=  2.2% n=3333
[00:57:54] [Server thread/INFO]: [STDOUT] [io.papermc.paper.util.PapoTickProfile] PapoTickProfile.phase ent.serverAiStep           total=   36.5ms avg/tick=   91.4us share=  2.0% n=12794
[00:57:54] [Server thread/INFO]: [STDOUT] [io.papermc.paper.util.PapoTickProfile] PapoTickProfile.phase sendChunks                 total=   27.8ms avg/tick=   69.4us share=  1.5% n=400
[00:57:54] [Server thread/INFO]: [STDOUT] [io.papermc.paper.util.PapoTickProfile] PapoTickProfile.phase chunkMap.tracker.maintain  total=   14.7ms avg/tick=   36.8us share=  0.8% n=1200
[00:57:54] [Server thread/INFO]: [STDOUT] [io.papermc.paper.util.PapoTickProfile] PapoTickProfile.phase chunkMap.tracker.sendChanges total=   12.0ms avg/tick=   30.0us share=  0.7% n=1200
[00:57:54] [Server thread/INFO]: [STDOUT] [io.papermc.paper.util.PapoTickProfile] PapoTickProfile.phase level.blockTicks           total=    4.0ms avg/tick=   10.1us share=  0.2% n=1200
[00:57:54] [Server thread/INFO]: [STDOUT] [io.papermc.paper.util.PapoTickProfile] PapoTickProfile.phase level.fluidTicks           total=    3.2ms avg/tick=    8.0us share=  0.2% n=1200
[00:57:54] [Server thread/INFO]: [STDOUT] [io.papermc.paper.util.PapoTickProfile] PapoTickProfile.phase chunkMap.tracker.fanout    total=    2.8ms avg/tick=    6.9us share=  0.2% n=1200
[00:57:54] [Server thread/INFO]: [STDOUT] [io.papermc.paper.util.PapoTickProfile] PapoTickProfile.phase player.pushEntities        total=    1.9ms avg/tick=    4.8us share=  0.1% n=6834
[00:57:54] [Server thread/INFO]: [STDOUT] [io.papermc.paper.util.PapoTickProfile] PapoTickProfile.phase level.blockEvents          total=    1.3ms avg/tick=    3.3us share=  0.1% n=1200
[00:57:54] [Server thread/INFO]: [STDOUT] [io.papermc.paper.util.PapoTickProfile] PapoTickProfile.phase player.aiStepTouchScan     total=    0.9ms avg/tick=    2.4us share=  0.1% n=3333
[00:57:54] [Server thread/INFO]: [STDOUT] [io.papermc.paper.util.PapoTickProfile] PapoTickProfile.phase players                    total=    0.3ms avg/tick=    0.8us share=  0.0% n=400
[00:57:54] [Server thread/INFO]: [STDOUT] [io.papermc.paper.util.PapoTickProfile] PapoTickProfile.phase functions                  total=    0.1ms avg/tick=    0.3us share=  0.0% n=400
[00:57:54] [Server thread/INFO]: [STDOUT] [io.papermc.paper.util.PapoTickProfile] PapoTickProfile.phase conn.flushQueue            total=    0.1ms avg/tick=    0.3us share=  0.0% n=3329
[00:57:54] [Server thread/INFO]: [STDOUT] [io.papermc.paper.util.PapoTickProfile] PapoTickProfile.count fanout.sends               total=    19585 avg/tick=     49.0 n=1200
[00:57:54] [Server thread/INFO]: [STDOUT] [io.papermc.paper.util.PapoTickProfile] PapoTickProfile.count fanout.pkt.headRot         total=     1086 avg/tick=      2.7 n=369
[00:57:54] [Server thread/INFO]: [STDOUT] [io.papermc.paper.util.PapoTickProfile] PapoTickProfile.count fanout.pkt.movePosRot      total=      962 avg/tick=      2.4 n=333
[00:57:54] [Server thread/INFO]: [STDOUT] [io.papermc.paper.util.PapoTickProfile] PapoTickProfile.count fanout.pkt.entityData      total=      340 avg/tick=      0.9 n=338
[00:57:54] [Server thread/INFO]: [STDOUT] [io.papermc.paper.util.PapoTickProfile] PapoTickProfile.count fanout.pkt.movePos         total=      155 avg/tick=      0.4 n=126
[00:57:54] [Server thread/INFO]: [STDOUT] [io.papermc.paper.util.PapoTickProfile] PapoTickProfile.count fanout.pkt.posSync         total=       89 avg/tick=      0.2 n=78
[00:57:54] [Server thread/INFO]: [STDOUT] [io.papermc.paper.util.PapoTickProfile] PapoTickProfile.count rs.fluidTickRuns           total=       82 avg/tick=      0.2 n=82
[00:57:54] [Server thread/INFO]: [STDOUT] [io.papermc.paper.util.PapoTickProfile] PapoTickProfile.count fanout.pkt.other           total=       75 avg/tick=      0.2 n=56
[00:57:54] [Server thread/INFO]: [STDOUT] [io.papermc.paper.util.PapoTickProfile] PapoTickProfile.count fanout.pkt.moveRot         total=        7 avg/tick=      0.0 n=7
[00:57:54] [Server thread/INFO]: [STDOUT] [io.papermc.paper.util.PapoTickProfile] PapoTickProfile.count fanout.pkt.velocity        total=        5 avg/tick=      0.0 n=5
[00:57:54] [Server thread/INFO]: [STDOUT] [io.papermc.paper.util.PapoTickProfile] PapoTickProfile.tickdist n=400 durMs[p50=1.72 p95=2.17 p99=2.85 max=4.86] over45=0 over50=0 | gapMs[p95=61.04 p99=63.04 max=64.77] stalls100ms=0 | tps=19.99
[00:58:14] [Server thread/INFO]: [STDOUT] [io.papermc.paper.util.PapoTickProfile] PapoTickProfile window=400ticks totalWallMs=20001 measuredMs=1592 gcMs=12
[00:58:14] [Server thread/INFO]: [STDOUT] [io.papermc.paper.util.PapoTickProfile] PapoTickProfile.phase worlds                     total=  550.3ms avg/tick= 1375.7us share= 34.6% n=400
[00:58:14] [Server thread/INFO]: [STDOUT] [io.papermc.paper.util.PapoTickProfile] PapoTickProfile.phase level.tickPending+misc     total=  345.0ms avg/tick=  862.6us share= 21.7% n=1200
[00:58:14] [Server thread/INFO]: [STDOUT] [io.papermc.paper.util.PapoTickProfile] PapoTickProfile.phase level.chunkSource          total=  330.5ms avg/tick=  826.3us share= 20.8% n=1200
[00:58:14] [Server thread/INFO]: [STDOUT] [io.papermc.paper.util.PapoTickProfile] PapoTickProfile.phase level.entities             total=  188.8ms avg/tick=  471.9us share= 11.9% n=1200
[00:58:14] [Server thread/INFO]: [STDOUT] [io.papermc.paper.util.PapoTickProfile] PapoTickProfile.phase ent.serverAiStep           total=   34.3ms avg/tick=   85.7us share=  2.2% n=13061
[00:58:14] [Server thread/INFO]: [STDOUT] [io.papermc.paper.util.PapoTickProfile] PapoTickProfile.phase connection                 total=   26.5ms avg/tick=   66.3us share=  1.7% n=400
[00:58:14] [Server thread/INFO]: [STDOUT] [io.papermc.paper.util.PapoTickProfile] PapoTickProfile.phase conn.listenerTick          total=   24.8ms avg/tick=   62.0us share=  1.6% n=1929
[00:58:14] [Server thread/INFO]: [STDOUT] [io.papermc.paper.util.PapoTickProfile] PapoTickProfile.phase server.taskDrain           total=   23.5ms avg/tick=   58.8us share=  1.5% n=400
[00:58:14] [Server thread/INFO]: [STDOUT] [io.papermc.paper.util.PapoTickProfile] PapoTickProfile.phase sendChunks                 total=   17.4ms avg/tick=   43.5us share=  1.1% n=400
[00:58:14] [Server thread/INFO]: [STDOUT] [io.papermc.paper.util.PapoTickProfile] PapoTickProfile.phase player.superTick           total=   14.7ms avg/tick=   36.8us share=  0.9% n=1932
[00:58:14] [Server thread/INFO]: [STDOUT] [io.papermc.paper.util.PapoTickProfile] PapoTickProfile.phase chunkMap.tracker.maintain  total=    9.8ms avg/tick=   24.6us share=  0.6% n=1200
[00:58:14] [Server thread/INFO]: [STDOUT] [io.papermc.paper.util.PapoTickProfile] PapoTickProfile.phase chunkMap.tracker.sendChanges total=    9.3ms avg/tick=   23.2us share=  0.6% n=1200
[00:58:14] [Server thread/INFO]: [STDOUT] [io.papermc.paper.util.PapoTickProfile] PapoTickProfile.phase level.blockTicks           total=    6.0ms avg/tick=   14.9us share=  0.4% n=1200
[00:58:14] [Server thread/INFO]: [STDOUT] [io.papermc.paper.util.PapoTickProfile] PapoTickProfile.phase level.fluidTicks           total=    4.6ms avg/tick=   11.6us share=  0.3% n=1200
[00:58:14] [Server thread/INFO]: [STDOUT] [io.papermc.paper.util.PapoTickProfile] PapoTickProfile.phase chunkMap.tracker.fanout    total=    2.2ms avg/tick=    5.6us share=  0.1% n=1200
[00:58:14] [Server thread/INFO]: [STDOUT] [io.papermc.paper.util.PapoTickProfile] PapoTickProfile.phase player.pushEntities        total=    2.0ms avg/tick=    5.0us share=  0.1% n=7089
[00:58:14] [Server thread/INFO]: [STDOUT] [io.papermc.paper.util.PapoTickProfile] PapoTickProfile.phase level.blockEvents          total=    1.3ms avg/tick=    3.4us share=  0.1% n=1200
[00:58:14] [Server thread/INFO]: [STDOUT] [io.papermc.paper.util.PapoTickProfile] PapoTickProfile.phase player.aiStepTouchScan     total=    0.5ms avg/tick=    1.3us share=  0.0% n=1932
[00:58:14] [Server thread/INFO]: [STDOUT] [io.papermc.paper.util.PapoTickProfile] PapoTickProfile.phase functions                  total=    0.3ms avg/tick=    0.7us share=  0.0% n=400
[00:58:14] [Server thread/INFO]: [STDOUT] [io.papermc.paper.util.PapoTickProfile] PapoTickProfile.phase players                    total=    0.3ms avg/tick=    0.7us share=  0.0% n=400
[00:58:14] [Server thread/INFO]: [STDOUT] [io.papermc.paper.util.PapoTickProfile] PapoTickProfile.phase conn.flushQueue            total=    0.1ms avg/tick=    0.2us share=  0.0% n=1929
[00:58:14] [Server thread/INFO]: [STDOUT] [io.papermc.paper.util.PapoTickProfile] PapoTickProfile.count fanout.sends               total=     7889 avg/tick=     19.7 n=1200
[00:58:14] [Server thread/INFO]: [STDOUT] [io.papermc.paper.util.PapoTickProfile] PapoTickProfile.count fanout.pkt.headRot         total=      844 avg/tick=      2.1 n=326
[00:58:14] [Server thread/INFO]: [STDOUT] [io.papermc.paper.util.PapoTickProfile] PapoTickProfile.count fanout.pkt.movePosRot      total=      737 avg/tick=      1.8 n=294
[00:58:14] [Server thread/INFO]: [STDOUT] [io.papermc.paper.util.PapoTickProfile] PapoTickProfile.count fanout.pkt.movePos         total=      148 avg/tick=      0.4 n=131
[00:58:14] [Server thread/INFO]: [STDOUT] [io.papermc.paper.util.PapoTickProfile] PapoTickProfile.count fanout.pkt.posSync         total=       70 avg/tick=      0.2 n=62
[00:58:14] [Server thread/INFO]: [STDOUT] [io.papermc.paper.util.PapoTickProfile] PapoTickProfile.count fanout.pkt.other           total=       45 avg/tick=      0.1 n=45
[00:58:14] [Server thread/INFO]: [STDOUT] [io.papermc.paper.util.PapoTickProfile] PapoTickProfile.count rs.fluidTickRuns           total=       39 avg/tick=      0.1 n=39
[00:58:14] [Server thread/INFO]: [STDOUT] [io.papermc.paper.util.PapoTickProfile] PapoTickProfile.count fanout.pkt.velocity        total=       31 avg/tick=      0.1 n=31
[00:58:14] [Server thread/INFO]: [STDOUT] [io.papermc.paper.util.PapoTickProfile] PapoTickProfile.count fanout.pkt.moveRot         total=       14 avg/tick=      0.0 n=14
[00:58:14] [Server thread/INFO]: [STDOUT] [io.papermc.paper.util.PapoTickProfile] PapoTickProfile.count fanout.pkt.entityData      total=        7 avg/tick=      0.0 n=6
[00:58:14] [Server thread/INFO]: [STDOUT] [io.papermc.paper.util.PapoTickProfile] PapoTickProfile.tickdist n=400 durMs[p50=1.56 p95=1.98 p99=2.59 max=3.22] over45=0 over50=0 | gapMs[p95=62.56 p99=63.38 max=64.58] stalls100ms=0 | tps=20.00
[00:58:34] [Server thread/INFO]: [STDOUT] [io.papermc.paper.util.PapoTickProfile] PapoTickProfile window=400ticks totalWallMs=19991 measuredMs=1424 gcMs=0
[00:58:34] [Server thread/INFO]: [STDOUT] [io.papermc.paper.util.PapoTickProfile] PapoTickProfile.phase worlds                     total=  505.3ms avg/tick= 1263.3us share= 35.5% n=400
[00:58:34] [Server thread/INFO]: [STDOUT] [io.papermc.paper.util.PapoTickProfile] PapoTickProfile.phase level.tickPending+misc     total=  311.5ms avg/tick=  778.7us share= 21.9% n=1200
[00:58:34] [Server thread/INFO]: [STDOUT] [io.papermc.paper.util.PapoTickProfile] PapoTickProfile.phase level.chunkSource          total=  297.8ms avg/tick=  744.5us share= 20.9% n=1200
[00:58:34] [Server thread/INFO]: [STDOUT] [io.papermc.paper.util.PapoTickProfile] PapoTickProfile.phase level.entities             total=  178.6ms avg/tick=  446.4us share= 12.5% n=1200
[00:58:34] [Server thread/INFO]: [STDOUT] [io.papermc.paper.util.PapoTickProfile] PapoTickProfile.phase ent.serverAiStep           total=   29.6ms avg/tick=   74.0us share=  2.1% n=10666
[00:58:34] [Server thread/INFO]: [STDOUT] [io.papermc.paper.util.PapoTickProfile] PapoTickProfile.phase connection                 total=   21.7ms avg/tick=   54.4us share=  1.5% n=400
[00:58:34] [Server thread/INFO]: [STDOUT] [io.papermc.paper.util.PapoTickProfile] PapoTickProfile.phase conn.listenerTick          total=   20.3ms avg/tick=   50.7us share=  1.4% n=1200
[00:58:34] [Server thread/INFO]: [STDOUT] [io.papermc.paper.util.PapoTickProfile] PapoTickProfile.phase player.superTick           total=   12.2ms avg/tick=   30.5us share=  0.9% n=1200
[00:58:34] [Server thread/INFO]: [STDOUT] [io.papermc.paper.util.PapoTickProfile] PapoTickProfile.phase sendChunks                 total=   10.9ms avg/tick=   27.4us share=  0.8% n=400
[00:58:34] [Server thread/INFO]: [STDOUT] [io.papermc.paper.util.PapoTickProfile] PapoTickProfile.phase chunkMap.tracker.sendChanges total=    8.7ms avg/tick=   21.8us share=  0.6% n=1200
[00:58:34] [Server thread/INFO]: [STDOUT] [io.papermc.paper.util.PapoTickProfile] PapoTickProfile.phase chunkMap.tracker.maintain  total=    7.7ms avg/tick=   19.2us share=  0.5% n=1200
[00:58:34] [Server thread/INFO]: [STDOUT] [io.papermc.paper.util.PapoTickProfile] PapoTickProfile.phase level.blockTicks           total=    6.7ms avg/tick=   16.7us share=  0.5% n=1200
[00:58:34] [Server thread/INFO]: [STDOUT] [io.papermc.paper.util.PapoTickProfile] PapoTickProfile.phase server.taskDrain           total=    4.6ms avg/tick=   11.5us share=  0.3% n=400
[00:58:34] [Server thread/INFO]: [STDOUT] [io.papermc.paper.util.PapoTickProfile] PapoTickProfile.phase level.fluidTicks           total=    3.7ms avg/tick=    9.4us share=  0.3% n=1200
[00:58:34] [Server thread/INFO]: [STDOUT] [io.papermc.paper.util.PapoTickProfile] PapoTickProfile.phase chunkMap.tracker.fanout    total=    1.8ms avg/tick=    4.6us share=  0.1% n=1200
[00:58:34] [Server thread/INFO]: [STDOUT] [io.papermc.paper.util.PapoTickProfile] PapoTickProfile.phase player.pushEntities        total=    1.5ms avg/tick=    3.7us share=  0.1% n=4718
[00:58:34] [Server thread/INFO]: [STDOUT] [io.papermc.paper.util.PapoTickProfile] PapoTickProfile.phase level.blockEvents          total=    0.8ms avg/tick=    2.1us share=  0.1% n=1200
[00:58:34] [Server thread/INFO]: [STDOUT] [io.papermc.paper.util.PapoTickProfile] PapoTickProfile.phase player.aiStepTouchScan     total=    0.4ms avg/tick=    0.9us share=  0.0% n=1200
[00:58:34] [Server thread/INFO]: [STDOUT] [io.papermc.paper.util.PapoTickProfile] PapoTickProfile.phase functions                  total=    0.2ms avg/tick=    0.5us share=  0.0% n=400
[00:58:34] [Server thread/INFO]: [STDOUT] [io.papermc.paper.util.PapoTickProfile] PapoTickProfile.phase conn.flushQueue            total=    0.1ms avg/tick=    0.1us share=  0.0% n=1200
[00:58:34] [Server thread/INFO]: [STDOUT] [io.papermc.paper.util.PapoTickProfile] PapoTickProfile.phase players                    total=    0.0ms avg/tick=    0.1us share=  0.0% n=400
[00:58:34] [Server thread/INFO]: [STDOUT] [io.papermc.paper.util.PapoTickProfile] PapoTickProfile.count fanout.sends               total=     3325 avg/tick=      8.3 n=1200
[00:58:34] [Server thread/INFO]: [STDOUT] [io.papermc.paper.util.PapoTickProfile] PapoTickProfile.count fanout.pkt.headRot         total=      502 avg/tick=      1.3 n=323
[00:58:34] [Server thread/INFO]: [STDOUT] [io.papermc.paper.util.PapoTickProfile] PapoTickProfile.count fanout.pkt.movePosRot      total=      431 avg/tick=      1.1 n=293
[00:58:34] [Server thread/INFO]: [STDOUT] [io.papermc.paper.util.PapoTickProfile] PapoTickProfile.count fanout.pkt.movePos         total=       89 avg/tick=      0.2 n=84
[00:58:34] [Server thread/INFO]: [STDOUT] [io.papermc.paper.util.PapoTickProfile] PapoTickProfile.count fanout.pkt.other           total=       43 avg/tick=      0.1 n=43
[00:58:34] [Server thread/INFO]: [STDOUT] [io.papermc.paper.util.PapoTickProfile] PapoTickProfile.count fanout.pkt.velocity        total=       30 avg/tick=      0.1 n=30
[00:58:34] [Server thread/INFO]: [STDOUT] [io.papermc.paper.util.PapoTickProfile] PapoTickProfile.count rs.fluidTickRuns           total=       26 avg/tick=      0.1 n=26
[00:58:34] [Server thread/INFO]: [STDOUT] [io.papermc.paper.util.PapoTickProfile] PapoTickProfile.count fanout.pkt.posSync         total=       23 avg/tick=      0.1 n=22
[00:58:34] [Server thread/INFO]: [STDOUT] [io.papermc.paper.util.PapoTickProfile] PapoTickProfile.count fanout.pkt.moveRot         total=       21 avg/tick=      0.1 n=21
[00:58:34] [Server thread/INFO]: [STDOUT] [io.papermc.paper.util.PapoTickProfile] PapoTickProfile.count fanout.pkt.entityData      total=        5 avg/tick=      0.0 n=5
[00:58:34] [Server thread/INFO]: [STDOUT] [io.papermc.paper.util.PapoTickProfile] PapoTickProfile.tickdist n=400 durMs[p50=1.41 p95=1.75 p99=1.94 max=4.85] over45=0 over50=0 | gapMs[p95=62.35 p99=63.18 max=64.57] stalls100ms=0 | tps=20.01
[00:58:54] [Server thread/INFO]: [STDOUT] [io.papermc.paper.util.PapoTickProfile] PapoTickProfile window=400ticks totalWallMs=20003 measuredMs=1454 gcMs=0
[00:58:54] [Server thread/INFO]: [STDOUT] [io.papermc.paper.util.PapoTickProfile] PapoTickProfile.phase worlds                     total=  513.8ms avg/tick= 1284.4us share= 35.3% n=400
[00:58:54] [Server thread/INFO]: [STDOUT] [io.papermc.paper.util.PapoTickProfile] PapoTickProfile.phase level.tickPending+misc     total=  314.8ms avg/tick=  786.9us share= 21.6% n=1200
[00:58:54] [Server thread/INFO]: [STDOUT] [io.papermc.paper.util.PapoTickProfile] PapoTickProfile.phase level.chunkSource          total=  305.2ms avg/tick=  763.1us share= 21.0% n=1200
[00:58:54] [Server thread/INFO]: [STDOUT] [io.papermc.paper.util.PapoTickProfile] PapoTickProfile.phase level.entities             total=  192.6ms avg/tick=  481.6us share= 13.2% n=1200
[00:58:54] [Server thread/INFO]: [STDOUT] [io.papermc.paper.util.PapoTickProfile] PapoTickProfile.phase ent.serverAiStep           total=   30.2ms avg/tick=   75.6us share=  2.1% n=10494
[00:58:54] [Server thread/INFO]: [STDOUT] [io.papermc.paper.util.PapoTickProfile] PapoTickProfile.phase connection                 total=   20.7ms avg/tick=   51.7us share=  1.4% n=400
[00:58:54] [Server thread/INFO]: [STDOUT] [io.papermc.paper.util.PapoTickProfile] PapoTickProfile.phase conn.listenerTick          total=   19.5ms avg/tick=   48.7us share=  1.3% n=1023
[00:58:54] [Server thread/INFO]: [STDOUT] [io.papermc.paper.util.PapoTickProfile] PapoTickProfile.phase player.superTick           total=   11.9ms avg/tick=   29.8us share=  0.8% n=1024
[00:58:54] [Server thread/INFO]: [STDOUT] [io.papermc.paper.util.PapoTickProfile] PapoTickProfile.phase sendChunks                 total=   11.5ms avg/tick=   28.7us share=  0.8% n=400
[00:58:54] [Server thread/INFO]: [STDOUT] [io.papermc.paper.util.PapoTickProfile] PapoTickProfile.phase chunkMap.tracker.sendChanges total=   10.1ms avg/tick=   25.3us share=  0.7% n=1200
[00:58:54] [Server thread/INFO]: [STDOUT] [io.papermc.paper.util.PapoTickProfile] PapoTickProfile.phase chunkMap.tracker.maintain  total=    7.7ms avg/tick=   19.2us share=  0.5% n=1200
[00:58:54] [Server thread/INFO]: [STDOUT] [io.papermc.paper.util.PapoTickProfile] PapoTickProfile.phase level.blockTicks           total=    4.6ms avg/tick=   11.6us share=  0.3% n=1200
[00:58:54] [Server thread/INFO]: [STDOUT] [io.papermc.paper.util.PapoTickProfile] PapoTickProfile.phase server.taskDrain           total=    4.2ms avg/tick=   10.5us share=  0.3% n=400
[00:58:54] [Server thread/INFO]: [STDOUT] [io.papermc.paper.util.PapoTickProfile] PapoTickProfile.phase level.fluidTicks           total=    3.2ms avg/tick=    8.1us share=  0.2% n=1200
[00:58:54] [Server thread/INFO]: [STDOUT] [io.papermc.paper.util.PapoTickProfile] PapoTickProfile.phase player.pushEntities        total=    1.7ms avg/tick=    4.3us share=  0.1% n=4538
[00:58:54] [Server thread/INFO]: [STDOUT] [io.papermc.paper.util.PapoTickProfile] PapoTickProfile.phase chunkMap.tracker.fanout    total=    1.3ms avg/tick=    3.3us share=  0.1% n=1200
[00:58:54] [Server thread/INFO]: [STDOUT] [io.papermc.paper.util.PapoTickProfile] PapoTickProfile.phase functions                  total=    0.4ms avg/tick=    1.0us share=  0.0% n=400
[00:58:54] [Server thread/INFO]: [STDOUT] [io.papermc.paper.util.PapoTickProfile] PapoTickProfile.phase level.blockEvents          total=    0.3ms avg/tick=    0.9us share=  0.0% n=1200
[00:58:54] [Server thread/INFO]: [STDOUT] [io.papermc.paper.util.PapoTickProfile] PapoTickProfile.phase player.aiStepTouchScan     total=    0.3ms avg/tick=    0.8us share=  0.0% n=1024
[00:58:54] [Server thread/INFO]: [STDOUT] [io.papermc.paper.util.PapoTickProfile] PapoTickProfile.phase players                    total=    0.1ms avg/tick=    0.4us share=  0.0% n=400
[00:58:54] [Server thread/INFO]: [STDOUT] [io.papermc.paper.util.PapoTickProfile] PapoTickProfile.phase conn.flushQueue            total=    0.0ms avg/tick=    0.1us share=  0.0% n=1023
[00:58:54] [Server thread/INFO]: [STDOUT] [io.papermc.paper.util.PapoTickProfile] PapoTickProfile.count fanout.sends               total=     2442 avg/tick=      6.1 n=1200
[00:58:54] [Server thread/INFO]: [STDOUT] [io.papermc.paper.util.PapoTickProfile] PapoTickProfile.count fanout.pkt.headRot         total=      473 avg/tick=      1.2 n=316
[00:58:54] [Server thread/INFO]: [STDOUT] [io.papermc.paper.util.PapoTickProfile] PapoTickProfile.count fanout.pkt.movePosRot      total=      405 avg/tick=      1.0 n=289
[00:58:54] [Server thread/INFO]: [STDOUT] [io.papermc.paper.util.PapoTickProfile] PapoTickProfile.count fanout.pkt.movePos         total=       86 avg/tick=      0.2 n=80
[00:58:54] [Server thread/INFO]: [STDOUT] [io.papermc.paper.util.PapoTickProfile] PapoTickProfile.count fanout.pkt.other           total=       48 avg/tick=      0.1 n=45
[00:58:54] [Server thread/INFO]: [STDOUT] [io.papermc.paper.util.PapoTickProfile] PapoTickProfile.count fanout.pkt.posSync         total=       27 avg/tick=      0.1 n=23
[00:58:54] [Server thread/INFO]: [STDOUT] [io.papermc.paper.util.PapoTickProfile] PapoTickProfile.count fanout.pkt.velocity        total=       26 avg/tick=      0.1 n=25
[00:58:54] [Server thread/INFO]: [STDOUT] [io.papermc.paper.util.PapoTickProfile] PapoTickProfile.count rs.fluidTickRuns           total=       15 avg/tick=      0.0 n=15
[00:58:54] [Server thread/INFO]: [STDOUT] [io.papermc.paper.util.PapoTickProfile] PapoTickProfile.count fanout.pkt.moveRot         total=        8 avg/tick=      0.0 n=8
[00:58:54] [Server thread/INFO]: [STDOUT] [io.papermc.paper.util.PapoTickProfile] PapoTickProfile.count fanout.pkt.entityData      total=        7 avg/tick=      0.0 n=7
[00:58:54] [Server thread/INFO]: [STDOUT] [io.papermc.paper.util.PapoTickProfile] PapoTickProfile.count rs.blockTickRuns           total=        2 avg/tick=      0.0 n=2
[00:58:54] [Server thread/INFO]: [STDOUT] [io.papermc.paper.util.PapoTickProfile] PapoTickProfile.tickdist n=400 durMs[p50=1.45 p95=1.74 p99=1.94 max=2.36] over45=0 over50=0 | gapMs[p95=62.61 p99=63.43 max=64.27] stalls100ms=0 | tps=20.00
[00:59:14] [Server thread/INFO]: [STDOUT] [io.papermc.paper.util.PapoTickProfile] PapoTickProfile window=400ticks totalWallMs=19996 measuredMs=1412 gcMs=0
[00:59:14] [Server thread/INFO]: [STDOUT] [io.papermc.paper.util.PapoTickProfile] PapoTickProfile.phase worlds                     total=  503.1ms avg/tick= 1257.6us share= 35.6% n=400
[00:59:14] [Server thread/INFO]: [STDOUT] [io.papermc.paper.util.PapoTickProfile] PapoTickProfile.phase level.tickPending+misc     total=  302.3ms avg/tick=  755.6us share= 21.4% n=1200
[00:59:14] [Server thread/INFO]: [STDOUT] [io.papermc.paper.util.PapoTickProfile] PapoTickProfile.phase level.chunkSource          total=  293.4ms avg/tick=  733.4us share= 20.8% n=1200
[00:59:14] [Server thread/INFO]: [STDOUT] [io.papermc.paper.util.PapoTickProfile] PapoTickProfile.phase level.entities             total=  195.2ms avg/tick=  488.1us share= 13.8% n=1200
[00:59:14] [Server thread/INFO]: [STDOUT] [io.papermc.paper.util.PapoTickProfile] PapoTickProfile.phase ent.serverAiStep           total=   32.2ms avg/tick=   80.4us share=  2.3% n=11940
[00:59:14] [Server thread/INFO]: [STDOUT] [io.papermc.paper.util.PapoTickProfile] PapoTickProfile.phase connection                 total=   17.4ms avg/tick=   43.5us share=  1.2% n=400
[00:59:14] [Server thread/INFO]: [STDOUT] [io.papermc.paper.util.PapoTickProfile] PapoTickProfile.phase conn.listenerTick          total=   16.3ms avg/tick=   40.7us share=  1.2% n=800
[00:59:14] [Server thread/INFO]: [STDOUT] [io.papermc.paper.util.PapoTickProfile] PapoTickProfile.phase sendChunks                 total=   11.7ms avg/tick=   29.2us share=  0.8% n=400
[00:59:14] [Server thread/INFO]: [STDOUT] [io.papermc.paper.util.PapoTickProfile] PapoTickProfile.phase chunkMap.tracker.sendChanges total=    9.8ms avg/tick=   24.6us share=  0.7% n=1200
[00:59:14] [Server thread/INFO]: [STDOUT] [io.papermc.paper.util.PapoTickProfile] PapoTickProfile.phase player.superTick           total=    9.7ms avg/tick=   24.3us share=  0.7% n=800
[00:59:14] [Server thread/INFO]: [STDOUT] [io.papermc.paper.util.PapoTickProfile] PapoTickProfile.phase chunkMap.tracker.maintain  total=    7.5ms avg/tick=   18.9us share=  0.5% n=1200
[00:59:14] [Server thread/INFO]: [STDOUT] [io.papermc.paper.util.PapoTickProfile] PapoTickProfile.phase level.blockTicks           total=    4.5ms avg/tick=   11.3us share=  0.3% n=1200
[00:59:14] [Server thread/INFO]: [STDOUT] [io.papermc.paper.util.PapoTickProfile] PapoTickProfile.phase server.taskDrain           total=    2.9ms avg/tick=    7.3us share=  0.2% n=400
[00:59:14] [Server thread/INFO]: [STDOUT] [io.papermc.paper.util.PapoTickProfile] PapoTickProfile.phase level.fluidTicks           total=    2.8ms avg/tick=    6.9us share=  0.2% n=1200
[00:59:14] [Server thread/INFO]: [STDOUT] [io.papermc.paper.util.PapoTickProfile] PapoTickProfile.phase player.pushEntities        total=    2.2ms avg/tick=    5.5us share=  0.2% n=5969
[00:59:14] [Server thread/INFO]: [STDOUT] [io.papermc.paper.util.PapoTickProfile] PapoTickProfile.phase chunkMap.tracker.fanout    total=    0.9ms avg/tick=    2.1us share=  0.1% n=1200
[00:59:14] [Server thread/INFO]: [STDOUT] [io.papermc.paper.util.PapoTickProfile] PapoTickProfile.phase functions                  total=    0.4ms avg/tick=    0.9us share=  0.0% n=400
[00:59:14] [Server thread/INFO]: [STDOUT] [io.papermc.paper.util.PapoTickProfile] PapoTickProfile.phase level.blockEvents          total=    0.3ms avg/tick=    0.8us share=  0.0% n=1200
[00:59:14] [Server thread/INFO]: [STDOUT] [io.papermc.paper.util.PapoTickProfile] PapoTickProfile.phase player.aiStepTouchScan     total=    0.3ms avg/tick=    0.7us share=  0.0% n=800
[00:59:14] [Server thread/INFO]: [STDOUT] [io.papermc.paper.util.PapoTickProfile] PapoTickProfile.phase players                    total=    0.1ms avg/tick=    0.3us share=  0.0% n=400
[00:59:14] [Server thread/INFO]: [STDOUT] [io.papermc.paper.util.PapoTickProfile] PapoTickProfile.phase conn.flushQueue            total=    0.0ms avg/tick=    0.1us share=  0.0% n=800
[00:59:14] [Server thread/INFO]: [STDOUT] [io.papermc.paper.util.PapoTickProfile] PapoTickProfile.count fanout.sends               total=     2081 avg/tick=      5.2 n=1200
[00:59:14] [Server thread/INFO]: [STDOUT] [io.papermc.paper.util.PapoTickProfile] PapoTickProfile.count fanout.pkt.headRot         total=      465 avg/tick=      1.2 n=184
[00:59:14] [Server thread/INFO]: [STDOUT] [io.papermc.paper.util.PapoTickProfile] PapoTickProfile.count fanout.pkt.movePosRot      total=      409 avg/tick=      1.0 n=165
[00:59:14] [Server thread/INFO]: [STDOUT] [io.papermc.paper.util.PapoTickProfile] PapoTickProfile.count fanout.pkt.movePos         total=      101 avg/tick=      0.3 n=83
[00:59:14] [Server thread/INFO]: [STDOUT] [io.papermc.paper.util.PapoTickProfile] PapoTickProfile.count fanout.pkt.other           total=       42 avg/tick=      0.1 n=42
[00:59:14] [Server thread/INFO]: [STDOUT] [io.papermc.paper.util.PapoTickProfile] PapoTickProfile.count fanout.pkt.velocity        total=       24 avg/tick=      0.1 n=24
[00:59:14] [Server thread/INFO]: [STDOUT] [io.papermc.paper.util.PapoTickProfile] PapoTickProfile.count rs.fluidTickRuns           total=       16 avg/tick=      0.0 n=16
[00:59:14] [Server thread/INFO]: [STDOUT] [io.papermc.paper.util.PapoTickProfile] PapoTickProfile.count fanout.pkt.posSync         total=       15 avg/tick=      0.0 n=15
[00:59:14] [Server thread/INFO]: [STDOUT] [io.papermc.paper.util.PapoTickProfile] PapoTickProfile.count fanout.pkt.moveRot         total=       14 avg/tick=      0.0 n=14
[00:59:14] [Server thread/INFO]: [STDOUT] [io.papermc.paper.util.PapoTickProfile] PapoTickProfile.count fanout.pkt.entityData      total=        3 avg/tick=      0.0 n=3
[00:59:14] [Server thread/INFO]: [STDOUT] [io.papermc.paper.util.PapoTickProfile] PapoTickProfile.tickdist n=400 durMs[p50=1.39 p95=1.81 p99=2.13 max=2.24] over45=0 over50=0 | gapMs[p95=62.50 p99=63.21 max=64.22] stalls100ms=0 | tps=20.00
[00:59:34] [Server thread/INFO]: [STDOUT] [io.papermc.paper.util.PapoTickProfile] PapoTickProfile window=400ticks totalWallMs=19999 measuredMs=1365 gcMs=0
[00:59:34] [Server thread/INFO]: [STDOUT] [io.papermc.paper.util.PapoTickProfile] PapoTickProfile.phase worlds                     total=  485.2ms avg/tick= 1213.1us share= 35.5% n=400
[00:59:34] [Server thread/INFO]: [STDOUT] [io.papermc.paper.util.PapoTickProfile] PapoTickProfile.phase level.tickPending+misc     total=  304.3ms avg/tick=  760.6us share= 22.3% n=1200
[00:59:34] [Server thread/INFO]: [STDOUT] [io.papermc.paper.util.PapoTickProfile] PapoTickProfile.phase level.chunkSource          total=  294.7ms avg/tick=  736.8us share= 21.6% n=1200
[00:59:34] [Server thread/INFO]: [STDOUT] [io.papermc.paper.util.PapoTickProfile] PapoTickProfile.phase level.entities             total=  174.3ms avg/tick=  435.8us share= 12.8% n=1200
[00:59:34] [Server thread/INFO]: [STDOUT] [io.papermc.paper.util.PapoTickProfile] PapoTickProfile.phase ent.serverAiStep           total=   27.6ms avg/tick=   68.9us share=  2.0% n=9985
[00:59:34] [Server thread/INFO]: [STDOUT] [io.papermc.paper.util.PapoTickProfile] PapoTickProfile.phase connection                 total=   14.2ms avg/tick=   35.5us share=  1.0% n=400
[00:59:34] [Server thread/INFO]: [STDOUT] [io.papermc.paper.util.PapoTickProfile] PapoTickProfile.phase conn.listenerTick          total=   13.2ms avg/tick=   33.0us share=  1.0% n=515
[00:59:34] [Server thread/INFO]: [STDOUT] [io.papermc.paper.util.PapoTickProfile] PapoTickProfile.phase chunkMap.tracker.sendChanges total=   10.0ms avg/tick=   25.1us share=  0.7% n=1200
[00:59:34] [Server thread/INFO]: [STDOUT] [io.papermc.paper.util.PapoTickProfile] PapoTickProfile.phase sendChunks                 total=    8.7ms avg/tick=   21.7us share=  0.6% n=400
[00:59:34] [Server thread/INFO]: [STDOUT] [io.papermc.paper.util.PapoTickProfile] PapoTickProfile.phase player.superTick           total=    7.8ms avg/tick=   19.4us share=  0.6% n=516
[00:59:34] [Server thread/INFO]: [STDOUT] [io.papermc.paper.util.PapoTickProfile] PapoTickProfile.phase chunkMap.tracker.maintain  total=    7.1ms avg/tick=   17.8us share=  0.5% n=1200
[00:59:34] [Server thread/INFO]: [STDOUT] [io.papermc.paper.util.PapoTickProfile] PapoTickProfile.phase server.taskDrain           total=    6.6ms avg/tick=   16.6us share=  0.5% n=400
[00:59:34] [Server thread/INFO]: [STDOUT] [io.papermc.paper.util.PapoTickProfile] PapoTickProfile.phase level.blockTicks           total=    5.2ms avg/tick=   12.9us share=  0.4% n=1200
[00:59:34] [Server thread/INFO]: [STDOUT] [io.papermc.paper.util.PapoTickProfile] PapoTickProfile.phase level.fluidTicks           total=    2.5ms avg/tick=    6.3us share=  0.2% n=1200
[00:59:34] [Server thread/INFO]: [STDOUT] [io.papermc.paper.util.PapoTickProfile] PapoTickProfile.phase player.pushEntities        total=    1.7ms avg/tick=    4.1us share=  0.1% n=4052
[00:59:34] [Server thread/INFO]: [STDOUT] [io.papermc.paper.util.PapoTickProfile] PapoTickProfile.phase chunkMap.tracker.fanout    total=    1.2ms avg/tick=    3.0us share=  0.1% n=1200
[00:59:34] [Server thread/INFO]: [STDOUT] [io.papermc.paper.util.PapoTickProfile] PapoTickProfile.phase level.blockEvents          total=    0.3ms avg/tick=    0.8us share=  0.0% n=1200
[00:59:34] [Server thread/INFO]: [STDOUT] [io.papermc.paper.util.PapoTickProfile] PapoTickProfile.phase functions                  total=    0.3ms avg/tick=    0.7us share=  0.0% n=400
[00:59:34] [Server thread/INFO]: [STDOUT] [io.papermc.paper.util.PapoTickProfile] PapoTickProfile.phase player.aiStepTouchScan     total=    0.2ms avg/tick=    0.5us share=  0.0% n=516
[00:59:34] [Server thread/INFO]: [STDOUT] [io.papermc.paper.util.PapoTickProfile] PapoTickProfile.phase players                    total=    0.0ms avg/tick=    0.1us share=  0.0% n=400
[00:59:34] [Server thread/INFO]: [STDOUT] [io.papermc.paper.util.PapoTickProfile] PapoTickProfile.phase conn.flushQueue            total=    0.0ms avg/tick=    0.0us share=  0.0% n=515
[00:59:34] [Server thread/INFO]: [STDOUT] [io.papermc.paper.util.PapoTickProfile] PapoTickProfile.count fanout.sends               total=     1620 avg/tick=      4.1 n=1200
[00:59:34] [Server thread/INFO]: [STDOUT] [io.papermc.paper.util.PapoTickProfile] PapoTickProfile.count fanout.pkt.headRot         total=      619 avg/tick=      1.5 n=341
[00:59:34] [Server thread/INFO]: [STDOUT] [io.papermc.paper.util.PapoTickProfile] PapoTickProfile.count fanout.pkt.movePosRot      total=      555 avg/tick=      1.4 n=320
[00:59:34] [Server thread/INFO]: [STDOUT] [io.papermc.paper.util.PapoTickProfile] PapoTickProfile.count fanout.pkt.movePos         total=       67 avg/tick=      0.2 n=55
[00:59:34] [Server thread/INFO]: [STDOUT] [io.papermc.paper.util.PapoTickProfile] PapoTickProfile.count fanout.pkt.other           total=       47 avg/tick=      0.1 n=45
[00:59:34] [Server thread/INFO]: [STDOUT] [io.papermc.paper.util.PapoTickProfile] PapoTickProfile.count fanout.pkt.posSync         total=       31 avg/tick=      0.1 n=30
[00:59:34] [Server thread/INFO]: [STDOUT] [io.papermc.paper.util.PapoTickProfile] PapoTickProfile.count rs.fluidTickRuns           total=       16 avg/tick=      0.0 n=16
[00:59:34] [Server thread/INFO]: [STDOUT] [io.papermc.paper.util.PapoTickProfile] PapoTickProfile.count fanout.pkt.entityData      total=       11 avg/tick=      0.0 n=11
[00:59:34] [Server thread/INFO]: [STDOUT] [io.papermc.paper.util.PapoTickProfile] PapoTickProfile.tickdist n=400 durMs[p50=1.34 p95=1.68 p99=1.98 max=2.51] over45=0 over50=0 | gapMs[p95=62.55 p99=63.32 max=63.92] stalls100ms=0 | tps=20.00
[00:59:54] [Server thread/INFO]: [STDOUT] [io.papermc.paper.util.PapoTickProfile] PapoTickProfile window=400ticks totalWallMs=20005 measuredMs=1245 gcMs=0
[00:59:54] [Server thread/INFO]: [STDOUT] [io.papermc.paper.util.PapoTickProfile] PapoTickProfile.phase worlds                     total=  444.4ms avg/tick= 1111.0us share= 35.7% n=400
[00:59:54] [Server thread/INFO]: [STDOUT] [io.papermc.paper.util.PapoTickProfile] PapoTickProfile.phase level.tickPending+misc     total=  268.9ms avg/tick=  672.3us share= 21.6% n=1200
[00:59:54] [Server thread/INFO]: [STDOUT] [io.papermc.paper.util.PapoTickProfile] PapoTickProfile.phase level.chunkSource          total=  260.0ms avg/tick=  650.0us share= 20.9% n=1200
[00:59:54] [Server thread/INFO]: [STDOUT] [io.papermc.paper.util.PapoTickProfile] PapoTickProfile.phase level.entities             total=  170.1ms avg/tick=  425.3us share= 13.7% n=1200
[00:59:54] [Server thread/INFO]: [STDOUT] [io.papermc.paper.util.PapoTickProfile] PapoTickProfile.phase ent.serverAiStep           total=   36.4ms avg/tick=   90.9us share=  2.9% n=9437
[00:59:54] [Server thread/INFO]: [STDOUT] [io.papermc.paper.util.PapoTickProfile] PapoTickProfile.phase connection                 total=   12.6ms avg/tick=   31.5us share=  1.0% n=400
[00:59:54] [Server thread/INFO]: [STDOUT] [io.papermc.paper.util.PapoTickProfile] PapoTickProfile.phase conn.listenerTick          total=   11.7ms avg/tick=   29.3us share=  0.9% n=400
[00:59:54] [Server thread/INFO]: [STDOUT] [io.papermc.paper.util.PapoTickProfile] PapoTickProfile.phase chunkMap.tracker.sendChanges total=    7.8ms avg/tick=   19.6us share=  0.6% n=1200
[00:59:54] [Server thread/INFO]: [STDOUT] [io.papermc.paper.util.PapoTickProfile] PapoTickProfile.phase sendChunks                 total=    7.1ms avg/tick=   17.7us share=  0.6% n=400
[00:59:54] [Server thread/INFO]: [STDOUT] [io.papermc.paper.util.PapoTickProfile] PapoTickProfile.phase player.superTick           total=    7.0ms avg/tick=   17.4us share=  0.6% n=400
[00:59:54] [Server thread/INFO]: [STDOUT] [io.papermc.paper.util.PapoTickProfile] PapoTickProfile.phase chunkMap.tracker.maintain  total=    6.7ms avg/tick=   16.8us share=  0.5% n=1200
[00:59:54] [Server thread/INFO]: [STDOUT] [io.papermc.paper.util.PapoTickProfile] PapoTickProfile.phase level.blockTicks           total=    4.7ms avg/tick=   11.7us share=  0.4% n=1200
[00:59:54] [Server thread/INFO]: [STDOUT] [io.papermc.paper.util.PapoTickProfile] PapoTickProfile.phase level.fluidTicks           total=    2.8ms avg/tick=    6.9us share=  0.2% n=1200
[00:59:54] [Server thread/INFO]: [STDOUT] [io.papermc.paper.util.PapoTickProfile] PapoTickProfile.phase server.taskDrain           total=    2.0ms avg/tick=    5.0us share=  0.2% n=400
[00:59:54] [Server thread/INFO]: [STDOUT] [io.papermc.paper.util.PapoTickProfile] PapoTickProfile.phase chunkMap.tracker.fanout    total=    1.3ms avg/tick=    3.3us share=  0.1% n=1200
[00:59:54] [Server thread/INFO]: [STDOUT] [io.papermc.paper.util.PapoTickProfile] PapoTickProfile.phase player.pushEntities        total=    1.3ms avg/tick=    3.2us share=  0.1% n=3506
[00:59:54] [Server thread/INFO]: [STDOUT] [io.papermc.paper.util.PapoTickProfile] PapoTickProfile.phase level.blockEvents          total=    0.4ms avg/tick=    0.9us share=  0.0% n=1200
[00:59:54] [Server thread/INFO]: [STDOUT] [io.papermc.paper.util.PapoTickProfile] PapoTickProfile.phase functions                  total=    0.2ms avg/tick=    0.6us share=  0.0% n=400
[00:59:54] [Server thread/INFO]: [STDOUT] [io.papermc.paper.util.PapoTickProfile] PapoTickProfile.phase player.aiStepTouchScan     total=    0.2ms avg/tick=    0.4us share=  0.0% n=400
[00:59:54] [Server thread/INFO]: [STDOUT] [io.papermc.paper.util.PapoTickProfile] PapoTickProfile.phase players                    total=    0.1ms avg/tick=    0.2us share=  0.0% n=400
[00:59:54] [Server thread/INFO]: [STDOUT] [io.papermc.paper.util.PapoTickProfile] PapoTickProfile.phase conn.flushQueue            total=    0.0ms avg/tick=    0.0us share=  0.0% n=400
[00:59:54] [Server thread/INFO]: [STDOUT] [io.papermc.paper.util.PapoTickProfile] PapoTickProfile.count fanout.sends               total=     1461 avg/tick=      3.7 n=1200
[00:59:54] [Server thread/INFO]: [STDOUT] [io.papermc.paper.util.PapoTickProfile] PapoTickProfile.count fanout.pkt.headRot         total=      672 avg/tick=      1.7 n=382
[00:59:54] [Server thread/INFO]: [STDOUT] [io.papermc.paper.util.PapoTickProfile] PapoTickProfile.count fanout.pkt.movePosRot      total=      596 avg/tick=      1.5 n=370
[00:59:54] [Server thread/INFO]: [STDOUT] [io.papermc.paper.util.PapoTickProfile] PapoTickProfile.count fanout.pkt.movePos         total=       71 avg/tick=      0.2 n=62
[00:59:54] [Server thread/INFO]: [STDOUT] [io.papermc.paper.util.PapoTickProfile] PapoTickProfile.count fanout.pkt.other           total=       47 avg/tick=      0.1 n=43
[00:59:54] [Server thread/INFO]: [STDOUT] [io.papermc.paper.util.PapoTickProfile] PapoTickProfile.count fanout.pkt.posSync         total=       45 avg/tick=      0.1 n=44
[00:59:54] [Server thread/INFO]: [STDOUT] [io.papermc.paper.util.PapoTickProfile] PapoTickProfile.count fanout.pkt.entityData      total=       21 avg/tick=      0.1 n=21
[00:59:54] [Server thread/INFO]: [STDOUT] [io.papermc.paper.util.PapoTickProfile] PapoTickProfile.count fanout.pkt.velocity        total=       19 avg/tick=      0.0 n=19
[00:59:54] [Server thread/INFO]: [STDOUT] [io.papermc.paper.util.PapoTickProfile] PapoTickProfile.count fanout.pkt.moveRot         total=       16 avg/tick=      0.0 n=16
[00:59:54] [Server thread/INFO]: [STDOUT] [io.papermc.paper.util.PapoTickProfile] PapoTickProfile.count rs.fluidTickRuns           total=        5 avg/tick=      0.0 n=5
[00:59:54] [Server thread/INFO]: [STDOUT] [io.papermc.paper.util.PapoTickProfile] PapoTickProfile.tickdist n=400 durMs[p50=1.18 p95=1.55 p99=2.12 max=9.73] over45=0 over50=0 | gapMs[p95=62.89 p99=63.68 max=64.76] stalls100ms=0 | tps=19.99
[01:00:14] [Server thread/INFO]: [STDOUT] [io.papermc.paper.util.PapoTickProfile] PapoTickProfile window=400ticks totalWallMs=19989 measuredMs=1233 gcMs=2
[01:00:14] [Server thread/INFO]: [STDOUT] [io.papermc.paper.util.PapoTickProfile] PapoTickProfile.phase worlds                     total=  443.5ms avg/tick= 1108.8us share= 36.0% n=400
[01:00:14] [Server thread/INFO]: [STDOUT] [io.papermc.paper.util.PapoTickProfile] PapoTickProfile.phase level.tickPending+misc     total=  273.0ms avg/tick=  682.5us share= 22.1% n=1200
[01:00:14] [Server thread/INFO]: [STDOUT] [io.papermc.paper.util.PapoTickProfile] PapoTickProfile.phase level.chunkSource          total=  264.3ms avg/tick=  660.7us share= 21.4% n=1200
[01:00:14] [Server thread/INFO]: [STDOUT] [io.papermc.paper.util.PapoTickProfile] PapoTickProfile.phase level.entities             total=  165.2ms avg/tick=  413.0us share= 13.4% n=1200
[01:00:14] [Server thread/INFO]: [STDOUT] [io.papermc.paper.util.PapoTickProfile] PapoTickProfile.phase ent.serverAiStep           total=   19.9ms avg/tick=   49.8us share=  1.6% n=10509
[01:00:14] [Server thread/INFO]: [STDOUT] [io.papermc.paper.util.PapoTickProfile] PapoTickProfile.phase connection                 total=   12.9ms avg/tick=   32.2us share=  1.0% n=400
[01:00:14] [Server thread/INFO]: [STDOUT] [io.papermc.paper.util.PapoTickProfile] PapoTickProfile.phase conn.listenerTick          total=   12.0ms avg/tick=   29.9us share=  1.0% n=400
[01:00:14] [Server thread/INFO]: [STDOUT] [io.papermc.paper.util.PapoTickProfile] PapoTickProfile.phase chunkMap.tracker.sendChanges total=    7.8ms avg/tick=   19.6us share=  0.6% n=1200
[01:00:14] [Server thread/INFO]: [STDOUT] [io.papermc.paper.util.PapoTickProfile] PapoTickProfile.phase player.superTick           total=    7.3ms avg/tick=   18.3us share=  0.6% n=400
[01:00:14] [Server thread/INFO]: [STDOUT] [io.papermc.paper.util.PapoTickProfile] PapoTickProfile.phase sendChunks                 total=    7.2ms avg/tick=   18.0us share=  0.6% n=400
[01:00:14] [Server thread/INFO]: [STDOUT] [io.papermc.paper.util.PapoTickProfile] PapoTickProfile.phase chunkMap.tracker.maintain  total=    6.7ms avg/tick=   16.8us share=  0.5% n=1200
[01:00:14] [Server thread/INFO]: [STDOUT] [io.papermc.paper.util.PapoTickProfile] PapoTickProfile.phase level.blockTicks           total=    4.5ms avg/tick=   11.3us share=  0.4% n=1200
[01:00:14] [Server thread/INFO]: [STDOUT] [io.papermc.paper.util.PapoTickProfile] PapoTickProfile.phase level.fluidTicks           total=    2.6ms avg/tick=    6.5us share=  0.2% n=1200
[01:00:14] [Server thread/INFO]: [STDOUT] [io.papermc.paper.util.PapoTickProfile] PapoTickProfile.phase server.taskDrain           total=    2.0ms avg/tick=    5.1us share=  0.2% n=400
[01:00:14] [Server thread/INFO]: [STDOUT] [io.papermc.paper.util.PapoTickProfile] PapoTickProfile.phase player.pushEntities        total=    1.8ms avg/tick=    4.4us share=  0.1% n=4562
[01:00:14] [Server thread/INFO]: [STDOUT] [io.papermc.paper.util.PapoTickProfile] PapoTickProfile.phase chunkMap.tracker.fanout    total=    1.4ms avg/tick=    3.6us share=  0.1% n=1200
[01:00:14] [Server thread/INFO]: [STDOUT] [io.papermc.paper.util.PapoTickProfile] PapoTickProfile.phase functions                  total=    0.4ms avg/tick=    1.1us share=  0.0% n=400
[01:00:14] [Server thread/INFO]: [STDOUT] [io.papermc.paper.util.PapoTickProfile] PapoTickProfile.phase level.blockEvents          total=    0.3ms avg/tick=    0.8us share=  0.0% n=1200
[01:00:14] [Server thread/INFO]: [STDOUT] [io.papermc.paper.util.PapoTickProfile] PapoTickProfile.phase player.aiStepTouchScan     total=    0.2ms avg/tick=    0.5us share=  0.0% n=400
[01:00:14] [Server thread/INFO]: [STDOUT] [io.papermc.paper.util.PapoTickProfile] PapoTickProfile.phase players                    total=    0.1ms avg/tick=    0.2us share=  0.0% n=400
[01:00:14] [Server thread/INFO]: [STDOUT] [io.papermc.paper.util.PapoTickProfile] PapoTickProfile.phase conn.flushQueue            total=    0.0ms avg/tick=    0.0us share=  0.0% n=400
[01:00:14] [Server thread/INFO]: [STDOUT] [io.papermc.paper.util.PapoTickProfile] PapoTickProfile.count fanout.sends               total=     1199 avg/tick=      3.0 n=1200
[01:00:14] [Server thread/INFO]: [STDOUT] [io.papermc.paper.util.PapoTickProfile] PapoTickProfile.count fanout.pkt.headRot         total=      580 avg/tick=      1.5 n=397
[01:00:14] [Server thread/INFO]: [STDOUT] [io.papermc.paper.util.PapoTickProfile] PapoTickProfile.count fanout.pkt.movePosRot      total=      545 avg/tick=      1.4 n=386
[01:00:14] [Server thread/INFO]: [STDOUT] [io.papermc.paper.util.PapoTickProfile] PapoTickProfile.count fanout.pkt.movePos         total=       46 avg/tick=      0.1 n=38
[01:00:14] [Server thread/INFO]: [STDOUT] [io.papermc.paper.util.PapoTickProfile] PapoTickProfile.count fanout.pkt.other           total=       41 avg/tick=      0.1 n=39
[01:00:14] [Server thread/INFO]: [STDOUT] [io.papermc.paper.util.PapoTickProfile] PapoTickProfile.count rs.fluidTickRuns           total=       16 avg/tick=      0.0 n=16
[01:00:14] [Server thread/INFO]: [STDOUT] [io.papermc.paper.util.PapoTickProfile] PapoTickProfile.count fanout.pkt.posSync         total=       10 avg/tick=      0.0 n=10
[01:00:14] [Server thread/INFO]: [STDOUT] [io.papermc.paper.util.PapoTickProfile] PapoTickProfile.count fanout.pkt.entityData      total=        3 avg/tick=      0.0 n=3
[01:00:14] [Server thread/INFO]: [STDOUT] [io.papermc.paper.util.PapoTickProfile] PapoTickProfile.tickdist n=400 durMs[p50=1.21 p95=1.55 p99=1.82 max=2.51] over45=0 over50=0 | gapMs[p95=62.37 p99=63.16 max=63.62] stalls100ms=0 | tps=20.01
[01:00:34] [Server thread/INFO]: [STDOUT] [io.papermc.paper.util.PapoTickProfile] PapoTickProfile window=400ticks totalWallMs=20000 measuredMs=1292 gcMs=0
[01:00:34] [Server thread/INFO]: [STDOUT] [io.papermc.paper.util.PapoTickProfile] PapoTickProfile.phase worlds                     total=  461.6ms avg/tick= 1154.0us share= 35.7% n=400
[01:00:34] [Server thread/INFO]: [STDOUT] [io.papermc.paper.util.PapoTickProfile] PapoTickProfile.phase level.tickPending+misc     total=  298.5ms avg/tick=  746.2us share= 23.1% n=1200
[01:00:34] [Server thread/INFO]: [STDOUT] [io.papermc.paper.util.PapoTickProfile] PapoTickProfile.phase level.chunkSource          total=  288.1ms avg/tick=  720.3us share= 22.3% n=1200
[01:00:34] [Server thread/INFO]: [STDOUT] [io.papermc.paper.util.PapoTickProfile] PapoTickProfile.phase level.entities             total=  156.6ms avg/tick=  391.5us share= 12.1% n=1200
[01:00:34] [Server thread/INFO]: [STDOUT] [io.papermc.paper.util.PapoTickProfile] PapoTickProfile.phase ent.serverAiStep           total=   17.6ms avg/tick=   44.0us share=  1.4% n=9004
[01:00:34] [Server thread/INFO]: [STDOUT] [io.papermc.paper.util.PapoTickProfile] PapoTickProfile.phase connection                 total=   13.7ms avg/tick=   34.2us share=  1.1% n=400
[01:00:34] [Server thread/INFO]: [STDOUT] [io.papermc.paper.util.PapoTickProfile] PapoTickProfile.phase conn.listenerTick          total=   12.7ms avg/tick=   31.8us share=  1.0% n=400
[01:00:34] [Server thread/INFO]: [STDOUT] [io.papermc.paper.util.PapoTickProfile] PapoTickProfile.phase player.superTick           total=    7.7ms avg/tick=   19.3us share=  0.6% n=400
[01:00:34] [Server thread/INFO]: [STDOUT] [io.papermc.paper.util.PapoTickProfile] PapoTickProfile.phase chunkMap.tracker.sendChanges total=    7.7ms avg/tick=   19.3us share=  0.6% n=1200
[01:00:34] [Server thread/INFO]: [STDOUT] [io.papermc.paper.util.PapoTickProfile] PapoTickProfile.phase sendChunks                 total=    7.4ms avg/tick=   18.5us share=  0.6% n=400
[01:00:34] [Server thread/INFO]: [STDOUT] [io.papermc.paper.util.PapoTickProfile] PapoTickProfile.phase chunkMap.tracker.maintain  total=    6.5ms avg/tick=   16.3us share=  0.5% n=1200
[01:00:34] [Server thread/INFO]: [STDOUT] [io.papermc.paper.util.PapoTickProfile] PapoTickProfile.phase level.blockTicks           total=    5.9ms avg/tick=   14.8us share=  0.5% n=1200
[01:00:34] [Server thread/INFO]: [STDOUT] [io.papermc.paper.util.PapoTickProfile] PapoTickProfile.phase server.taskDrain           total=    2.6ms avg/tick=    6.5us share=  0.2% n=400
[01:00:34] [Server thread/INFO]: [STDOUT] [io.papermc.paper.util.PapoTickProfile] PapoTickProfile.phase level.fluidTicks           total=    2.5ms avg/tick=    6.2us share=  0.2% n=1200
[01:00:34] [Server thread/INFO]: [STDOUT] [io.papermc.paper.util.PapoTickProfile] PapoTickProfile.phase player.pushEntities        total=    1.1ms avg/tick=    2.7us share=  0.1% n=3033
[01:00:34] [Server thread/INFO]: [STDOUT] [io.papermc.paper.util.PapoTickProfile] PapoTickProfile.phase chunkMap.tracker.fanout    total=    1.1ms avg/tick=    2.7us share=  0.1% n=1200
[01:00:34] [Server thread/INFO]: [STDOUT] [io.papermc.paper.util.PapoTickProfile] PapoTickProfile.phase level.blockEvents          total=    0.4ms avg/tick=    0.9us share=  0.0% n=1200
[01:00:34] [Server thread/INFO]: [STDOUT] [io.papermc.paper.util.PapoTickProfile] PapoTickProfile.phase functions                  total=    0.2ms avg/tick=    0.5us share=  0.0% n=400
[01:00:34] [Server thread/INFO]: [STDOUT] [io.papermc.paper.util.PapoTickProfile] PapoTickProfile.phase player.aiStepTouchScan     total=    0.2ms avg/tick=    0.5us share=  0.0% n=400
[01:00:34] [Server thread/INFO]: [STDOUT] [io.papermc.paper.util.PapoTickProfile] PapoTickProfile.phase players                    total=    0.0ms avg/tick=    0.1us share=  0.0% n=400
[01:00:34] [Server thread/INFO]: [STDOUT] [io.papermc.paper.util.PapoTickProfile] PapoTickProfile.phase conn.flushQueue            total=    0.0ms avg/tick=    0.0us share=  0.0% n=400
[01:00:34] [Server thread/INFO]: [STDOUT] [io.papermc.paper.util.PapoTickProfile] PapoTickProfile.count fanout.sends               total=     1243 avg/tick=      3.1 n=1200
[01:00:34] [Server thread/INFO]: [STDOUT] [io.papermc.paper.util.PapoTickProfile] PapoTickProfile.count fanout.pkt.headRot         total=      585 avg/tick=      1.5 n=284
[01:00:34] [Server thread/INFO]: [STDOUT] [io.papermc.paper.util.PapoTickProfile] PapoTickProfile.count fanout.pkt.movePosRot      total=      544 avg/tick=      1.4 n=281
[01:00:34] [Server thread/INFO]: [STDOUT] [io.papermc.paper.util.PapoTickProfile] PapoTickProfile.count fanout.pkt.movePos         total=       42 avg/tick=      0.1 n=33
[01:00:34] [Server thread/INFO]: [STDOUT] [io.papermc.paper.util.PapoTickProfile] PapoTickProfile.count fanout.pkt.other           total=       42 avg/tick=      0.1 n=37
[01:00:34] [Server thread/INFO]: [STDOUT] [io.papermc.paper.util.PapoTickProfile] PapoTickProfile.count fanout.pkt.velocity        total=       21 avg/tick=      0.1 n=21
[01:00:34] [Server thread/INFO]: [STDOUT] [io.papermc.paper.util.PapoTickProfile] PapoTickProfile.count fanout.pkt.posSync         total=       18 avg/tick=      0.0 n=17
[01:00:34] [Server thread/INFO]: [STDOUT] [io.papermc.paper.util.PapoTickProfile] PapoTickProfile.count fanout.pkt.moveRot         total=       10 avg/tick=      0.0 n=10
[01:00:34] [Server thread/INFO]: [STDOUT] [io.papermc.paper.util.PapoTickProfile] PapoTickProfile.count fanout.pkt.entityData      total=        5 avg/tick=      0.0 n=5
[01:00:34] [Server thread/INFO]: [STDOUT] [io.papermc.paper.util.PapoTickProfile] PapoTickProfile.count rs.fluidTickRuns           total=        3 avg/tick=      0.0 n=3
[01:00:34] [Server thread/INFO]: [STDOUT] [io.papermc.paper.util.PapoTickProfile] PapoTickProfile.tickdist n=400 durMs[p50=1.27 p95=1.57 p99=1.88 max=2.29] over45=0 over50=0 | gapMs[p95=62.16 p99=63.01 max=63.39] stalls100ms=0 | tps=20.00
[01:00:54] [Server thread/INFO]: [STDOUT] [io.papermc.paper.util.PapoTickProfile] PapoTickProfile window=400ticks totalWallMs=19999 measuredMs=1239 gcMs=0
[01:00:54] [Server thread/INFO]: [STDOUT] [io.papermc.paper.util.PapoTickProfile] PapoTickProfile.phase worlds                     total=  443.1ms avg/tick= 1107.7us share= 35.7% n=400
[01:00:54] [Server thread/INFO]: [STDOUT] [io.papermc.paper.util.PapoTickProfile] PapoTickProfile.phase level.tickPending+misc     total=  280.7ms avg/tick=  701.9us share= 22.6% n=1200
[01:00:54] [Server thread/INFO]: [STDOUT] [io.papermc.paper.util.PapoTickProfile] PapoTickProfile.phase level.chunkSource          total=  271.8ms avg/tick=  679.4us share= 21.9% n=1200
[01:00:54] [Server thread/INFO]: [STDOUT] [io.papermc.paper.util.PapoTickProfile] PapoTickProfile.phase level.entities             total=  156.7ms avg/tick=  391.8us share= 12.6% n=1200
[01:00:54] [Server thread/INFO]: [STDOUT] [io.papermc.paper.util.PapoTickProfile] PapoTickProfile.phase ent.serverAiStep           total=   20.7ms avg/tick=   51.7us share=  1.7% n=9492
[01:00:54] [Server thread/INFO]: [STDOUT] [io.papermc.paper.util.PapoTickProfile] PapoTickProfile.phase connection                 total=   13.2ms avg/tick=   33.0us share=  1.1% n=400
[01:00:54] [Server thread/INFO]: [STDOUT] [io.papermc.paper.util.PapoTickProfile] PapoTickProfile.phase conn.listenerTick          total=   12.3ms avg/tick=   30.7us share=  1.0% n=400
[01:00:54] [Server thread/INFO]: [STDOUT] [io.papermc.paper.util.PapoTickProfile] PapoTickProfile.phase chunkMap.tracker.sendChanges total=    7.5ms avg/tick=   18.9us share=  0.6% n=1200
[01:00:54] [Server thread/INFO]: [STDOUT] [io.papermc.paper.util.PapoTickProfile] PapoTickProfile.phase sendChunks                 total=    7.5ms avg/tick=   18.8us share=  0.6% n=400
[01:00:54] [Server thread/INFO]: [STDOUT] [io.papermc.paper.util.PapoTickProfile] PapoTickProfile.phase player.superTick           total=    7.5ms avg/tick=   18.6us share=  0.6% n=400
[01:00:54] [Server thread/INFO]: [STDOUT] [io.papermc.paper.util.PapoTickProfile] PapoTickProfile.phase chunkMap.tracker.maintain  total=    6.4ms avg/tick=   16.1us share=  0.5% n=1200
[01:00:54] [Server thread/INFO]: [STDOUT] [io.papermc.paper.util.PapoTickProfile] PapoTickProfile.phase level.blockTicks           total=    4.2ms avg/tick=   10.4us share=  0.3% n=1200
[01:00:54] [Server thread/INFO]: [STDOUT] [io.papermc.paper.util.PapoTickProfile] PapoTickProfile.phase level.fluidTicks           total=    2.8ms avg/tick=    7.1us share=  0.2% n=1200
[01:00:54] [Server thread/INFO]: [STDOUT] [io.papermc.paper.util.PapoTickProfile] PapoTickProfile.phase server.taskDrain           total=    2.1ms avg/tick=    5.3us share=  0.2% n=400
[01:00:54] [Server thread/INFO]: [STDOUT] [io.papermc.paper.util.PapoTickProfile] PapoTickProfile.phase player.pushEntities        total=    1.2ms avg/tick=    2.9us share=  0.1% n=3516
[01:00:54] [Server thread/INFO]: [STDOUT] [io.papermc.paper.util.PapoTickProfile] PapoTickProfile.phase chunkMap.tracker.fanout    total=    1.0ms avg/tick=    2.5us share=  0.1% n=1200
[01:00:54] [Server thread/INFO]: [STDOUT] [io.papermc.paper.util.PapoTickProfile] PapoTickProfile.phase level.blockEvents          total=    0.3ms avg/tick=    0.8us share=  0.0% n=1200
[01:00:54] [Server thread/INFO]: [STDOUT] [io.papermc.paper.util.PapoTickProfile] PapoTickProfile.phase player.aiStepTouchScan     total=    0.2ms avg/tick=    0.5us share=  0.0% n=400
[01:00:54] [Server thread/INFO]: [STDOUT] [io.papermc.paper.util.PapoTickProfile] PapoTickProfile.phase functions                  total=    0.2ms avg/tick=    0.4us share=  0.0% n=400
[01:00:54] [Server thread/INFO]: [STDOUT] [io.papermc.paper.util.PapoTickProfile] PapoTickProfile.phase players                    total=    0.1ms avg/tick=    0.2us share=  0.0% n=400
[01:00:54] [Server thread/INFO]: [STDOUT] [io.papermc.paper.util.PapoTickProfile] PapoTickProfile.phase conn.flushQueue            total=    0.0ms avg/tick=    0.0us share=  0.0% n=400
[01:00:54] [Server thread/INFO]: [STDOUT] [io.papermc.paper.util.PapoTickProfile] PapoTickProfile.count fanout.sends               total=     1199 avg/tick=      3.0 n=1200
[01:00:54] [Server thread/INFO]: [STDOUT] [io.papermc.paper.util.PapoTickProfile] PapoTickProfile.count fanout.pkt.headRot         total=      566 avg/tick=      1.4 n=265
[01:00:54] [Server thread/INFO]: [STDOUT] [io.papermc.paper.util.PapoTickProfile] PapoTickProfile.count fanout.pkt.movePosRot      total=      523 avg/tick=      1.3 n=265
[01:00:54] [Server thread/INFO]: [STDOUT] [io.papermc.paper.util.PapoTickProfile] PapoTickProfile.count fanout.pkt.movePos         total=       68 avg/tick=      0.2 n=59
[01:00:54] [Server thread/INFO]: [STDOUT] [io.papermc.paper.util.PapoTickProfile] PapoTickProfile.count fanout.pkt.other           total=       43 avg/tick=      0.1 n=42
[01:00:54] [Server thread/INFO]: [STDOUT] [io.papermc.paper.util.PapoTickProfile] PapoTickProfile.count fanout.pkt.posSync         total=       24 avg/tick=      0.1 n=24
[01:00:54] [Server thread/INFO]: [STDOUT] [io.papermc.paper.util.PapoTickProfile] PapoTickProfile.count rs.fluidTickRuns           total=        3 avg/tick=      0.0 n=3
[01:00:54] [Server thread/INFO]: [STDOUT] [io.papermc.paper.util.PapoTickProfile] PapoTickProfile.count fanout.pkt.entityData      total=        2 avg/tick=      0.0 n=2
[01:00:54] [Server thread/INFO]: [STDOUT] [io.papermc.paper.util.PapoTickProfile] PapoTickProfile.tickdist n=400 durMs[p50=1.21 p95=1.55 p99=1.63 max=1.73] over45=0 over50=0 | gapMs[p95=62.18 p99=63.31 max=63.74] stalls100ms=0 | tps=20.00
[01:01:14] [Server thread/INFO]: [STDOUT] [io.papermc.paper.util.PapoTickProfile] PapoTickProfile window=400ticks totalWallMs=20001 measuredMs=1230 gcMs=0
[01:01:14] [Server thread/INFO]: [STDOUT] [io.papermc.paper.util.PapoTickProfile] PapoTickProfile.phase worlds                     total=  439.9ms avg/tick= 1099.9us share= 35.8% n=400
[01:01:14] [Server thread/INFO]: [STDOUT] [io.papermc.paper.util.PapoTickProfile] PapoTickProfile.phase level.tickPending+misc     total=  269.6ms avg/tick=  674.0us share= 21.9% n=1200
[01:01:14] [Server thread/INFO]: [STDOUT] [io.papermc.paper.util.PapoTickProfile] PapoTickProfile.phase level.chunkSource          total=  264.1ms avg/tick=  660.2us share= 21.5% n=1200
[01:01:14] [Server thread/INFO]: [STDOUT] [io.papermc.paper.util.PapoTickProfile] PapoTickProfile.phase level.entities             total=  165.8ms avg/tick=  414.5us share= 13.5% n=1200
[01:01:14] [Server thread/INFO]: [STDOUT] [io.papermc.paper.util.PapoTickProfile] PapoTickProfile.phase ent.serverAiStep           total=   20.9ms avg/tick=   52.3us share=  1.7% n=9697
[01:01:14] [Server thread/INFO]: [STDOUT] [io.papermc.paper.util.PapoTickProfile] PapoTickProfile.phase connection                 total=   14.0ms avg/tick=   34.9us share=  1.1% n=400
[01:01:14] [Server thread/INFO]: [STDOUT] [io.papermc.paper.util.PapoTickProfile] PapoTickProfile.phase conn.listenerTick          total=   12.8ms avg/tick=   31.9us share=  1.0% n=400
[01:01:14] [Server thread/INFO]: [STDOUT] [io.papermc.paper.util.PapoTickProfile] PapoTickProfile.phase sendChunks                 total=    8.8ms avg/tick=   22.0us share=  0.7% n=400
[01:01:14] [Server thread/INFO]: [STDOUT] [io.papermc.paper.util.PapoTickProfile] PapoTickProfile.phase chunkMap.tracker.sendChanges total=    8.1ms avg/tick=   20.1us share=  0.7% n=1200
[01:01:14] [Server thread/INFO]: [STDOUT] [io.papermc.paper.util.PapoTickProfile] PapoTickProfile.phase player.superTick           total=    7.6ms avg/tick=   19.1us share=  0.6% n=400
[01:01:14] [Server thread/INFO]: [STDOUT] [io.papermc.paper.util.PapoTickProfile] PapoTickProfile.phase chunkMap.tracker.maintain  total=    6.8ms avg/tick=   17.1us share=  0.6% n=1200
[01:01:14] [Server thread/INFO]: [STDOUT] [io.papermc.paper.util.PapoTickProfile] PapoTickProfile.phase server.taskDrain           total=    4.6ms avg/tick=   11.4us share=  0.4% n=400
[01:01:14] [Server thread/INFO]: [STDOUT] [io.papermc.paper.util.PapoTickProfile] PapoTickProfile.phase level.blockTicks           total=    2.8ms avg/tick=    6.9us share=  0.2% n=1200
[01:01:14] [Server thread/INFO]: [STDOUT] [io.papermc.paper.util.PapoTickProfile] PapoTickProfile.phase player.pushEntities        total=    1.5ms avg/tick=    3.7us share=  0.1% n=3717
[01:01:14] [Server thread/INFO]: [STDOUT] [io.papermc.paper.util.PapoTickProfile] PapoTickProfile.phase level.fluidTicks           total=    1.4ms avg/tick=    3.6us share=  0.1% n=1200
[01:01:14] [Server thread/INFO]: [STDOUT] [io.papermc.paper.util.PapoTickProfile] PapoTickProfile.phase chunkMap.tracker.fanout    total=    1.2ms avg/tick=    3.1us share=  0.1% n=1200
[01:01:14] [Server thread/INFO]: [STDOUT] [io.papermc.paper.util.PapoTickProfile] PapoTickProfile.phase level.blockEvents          total=    0.3ms avg/tick=    0.8us share=  0.0% n=1200
[01:01:14] [Server thread/INFO]: [STDOUT] [io.papermc.paper.util.PapoTickProfile] PapoTickProfile.phase player.aiStepTouchScan     total=    0.2ms avg/tick=    0.5us share=  0.0% n=400
[01:01:14] [Server thread/INFO]: [STDOUT] [io.papermc.paper.util.PapoTickProfile] PapoTickProfile.phase functions                  total=    0.1ms avg/tick=    0.3us share=  0.0% n=400
[01:01:14] [Server thread/INFO]: [STDOUT] [io.papermc.paper.util.PapoTickProfile] PapoTickProfile.phase players                    total=    0.1ms avg/tick=    0.2us share=  0.0% n=400
[01:01:14] [Server thread/INFO]: [STDOUT] [io.papermc.paper.util.PapoTickProfile] PapoTickProfile.phase conn.flushQueue            total=    0.0ms avg/tick=    0.0us share=  0.0% n=400
[01:01:14] [Server thread/INFO]: [STDOUT] [io.papermc.paper.util.PapoTickProfile] PapoTickProfile.count fanout.sends               total=     1277 avg/tick=      3.2 n=1200
[01:01:14] [Server thread/INFO]: [STDOUT] [io.papermc.paper.util.PapoTickProfile] PapoTickProfile.count fanout.pkt.headRot         total=      584 avg/tick=      1.5 n=312
[01:01:14] [Server thread/INFO]: [STDOUT] [io.papermc.paper.util.PapoTickProfile] PapoTickProfile.count fanout.pkt.movePosRot      total=      515 avg/tick=      1.3 n=290
[01:01:14] [Server thread/INFO]: [STDOUT] [io.papermc.paper.util.PapoTickProfile] PapoTickProfile.count fanout.pkt.movePos         total=       73 avg/tick=      0.2 n=65
[01:01:14] [Server thread/INFO]: [STDOUT] [io.papermc.paper.util.PapoTickProfile] PapoTickProfile.count fanout.pkt.other           total=       45 avg/tick=      0.1 n=43
[01:01:14] [Server thread/INFO]: [STDOUT] [io.papermc.paper.util.PapoTickProfile] PapoTickProfile.count fanout.pkt.posSync         total=       36 avg/tick=      0.1 n=36
[01:01:14] [Server thread/INFO]: [STDOUT] [io.papermc.paper.util.PapoTickProfile] PapoTickProfile.count fanout.pkt.velocity        total=       25 avg/tick=      0.1 n=25
[01:01:14] [Server thread/INFO]: [STDOUT] [io.papermc.paper.util.PapoTickProfile] PapoTickProfile.count fanout.pkt.moveRot         total=       17 avg/tick=      0.0 n=17
[01:01:14] [Server thread/INFO]: [STDOUT] [io.papermc.paper.util.PapoTickProfile] PapoTickProfile.count fanout.pkt.entityData      total=        5 avg/tick=      0.0 n=5
[01:01:14] [Server thread/INFO]: [STDOUT] [io.papermc.paper.util.PapoTickProfile] PapoTickProfile.tickdist n=400 durMs[p50=1.19 p95=1.44 p99=1.82 max=1.98] over45=0 over50=0 | gapMs[p95=51.27 p99=51.97 max=52.13] stalls100ms=0 | tps=20.00
[01:01:34] [Server thread/INFO]: [STDOUT] [io.papermc.paper.util.PapoTickProfile] PapoTickProfile window=400ticks totalWallMs=19998 measuredMs=1252 gcMs=0
[01:01:34] [Server thread/INFO]: [STDOUT] [io.papermc.paper.util.PapoTickProfile] PapoTickProfile.phase worlds                     total=  450.7ms avg/tick= 1126.8us share= 36.0% n=400
[01:01:34] [Server thread/INFO]: [STDOUT] [io.papermc.paper.util.PapoTickProfile] PapoTickProfile.phase level.tickPending+misc     total=  269.3ms avg/tick=  673.2us share= 21.5% n=1200
[01:01:34] [Server thread/INFO]: [STDOUT] [io.papermc.paper.util.PapoTickProfile] PapoTickProfile.phase level.chunkSource          total=  263.8ms avg/tick=  659.5us share= 21.1% n=1200
[01:01:34] [Server thread/INFO]: [STDOUT] [io.papermc.paper.util.PapoTickProfile] PapoTickProfile.phase level.entities             total=  177.0ms avg/tick=  442.4us share= 14.1% n=1200
[01:01:34] [Server thread/INFO]: [STDOUT] [io.papermc.paper.util.PapoTickProfile] PapoTickProfile.phase ent.serverAiStep           total=   19.4ms avg/tick=   48.6us share=  1.6% n=10185
[01:01:34] [Server thread/INFO]: [STDOUT] [io.papermc.paper.util.PapoTickProfile] PapoTickProfile.phase connection                 total=   14.1ms avg/tick=   35.4us share=  1.1% n=400
[01:01:34] [Server thread/INFO]: [STDOUT] [io.papermc.paper.util.PapoTickProfile] PapoTickProfile.phase conn.listenerTick          total=   13.2ms avg/tick=   33.0us share=  1.1% n=400
[01:01:34] [Server thread/INFO]: [STDOUT] [io.papermc.paper.util.PapoTickProfile] PapoTickProfile.phase sendChunks                 total=    8.7ms avg/tick=   21.7us share=  0.7% n=400
[01:01:34] [Server thread/INFO]: [STDOUT] [io.papermc.paper.util.PapoTickProfile] PapoTickProfile.phase chunkMap.tracker.sendChanges total=    8.3ms avg/tick=   20.7us share=  0.7% n=1200
[01:01:34] [Server thread/INFO]: [STDOUT] [io.papermc.paper.util.PapoTickProfile] PapoTickProfile.phase player.superTick           total=    8.2ms avg/tick=   20.5us share=  0.7% n=400
[01:01:34] [Server thread/INFO]: [STDOUT] [io.papermc.paper.util.PapoTickProfile] PapoTickProfile.phase chunkMap.tracker.maintain  total=    6.9ms avg/tick=   17.2us share=  0.5% n=1200
[01:01:34] [Server thread/INFO]: [STDOUT] [io.papermc.paper.util.PapoTickProfile] PapoTickProfile.phase server.taskDrain           total=    4.5ms avg/tick=   11.3us share=  0.4% n=400
[01:01:34] [Server thread/INFO]: [STDOUT] [io.papermc.paper.util.PapoTickProfile] PapoTickProfile.phase level.blockTicks           total=    2.7ms avg/tick=    6.9us share=  0.2% n=1200
[01:01:34] [Server thread/INFO]: [STDOUT] [io.papermc.paper.util.PapoTickProfile] PapoTickProfile.phase player.pushEntities        total=    1.6ms avg/tick=    4.0us share=  0.1% n=4247
[01:01:34] [Server thread/INFO]: [STDOUT] [io.papermc.paper.util.PapoTickProfile] PapoTickProfile.phase chunkMap.tracker.fanout    total=    1.5ms avg/tick=    3.8us share=  0.1% n=1200
[01:01:34] [Server thread/INFO]: [STDOUT] [io.papermc.paper.util.PapoTickProfile] PapoTickProfile.phase level.fluidTicks           total=    1.5ms avg/tick=    3.7us share=  0.1% n=1200
[01:01:34] [Server thread/INFO]: [STDOUT] [io.papermc.paper.util.PapoTickProfile] PapoTickProfile.phase level.blockEvents          total=    0.3ms avg/tick=    0.9us share=  0.0% n=1200
[01:01:34] [Server thread/INFO]: [STDOUT] [io.papermc.paper.util.PapoTickProfile] PapoTickProfile.phase player.aiStepTouchScan     total=    0.2ms avg/tick=    0.5us share=  0.0% n=400
[01:01:34] [Server thread/INFO]: [STDOUT] [io.papermc.paper.util.PapoTickProfile] PapoTickProfile.phase functions                  total=    0.1ms avg/tick=    0.3us share=  0.0% n=400
[01:01:34] [Server thread/INFO]: [STDOUT] [io.papermc.paper.util.PapoTickProfile] PapoTickProfile.phase players                    total=    0.0ms avg/tick=    0.1us share=  0.0% n=400
[01:01:34] [Server thread/INFO]: [STDOUT] [io.papermc.paper.util.PapoTickProfile] PapoTickProfile.phase conn.flushQueue            total=    0.0ms avg/tick=    0.0us share=  0.0% n=400
[01:01:34] [Server thread/INFO]: [STDOUT] [io.papermc.paper.util.PapoTickProfile] PapoTickProfile.count fanout.sends               total=     1763 avg/tick=      4.4 n=1200
[01:01:34] [Server thread/INFO]: [STDOUT] [io.papermc.paper.util.PapoTickProfile] PapoTickProfile.count fanout.pkt.headRot         total=      819 avg/tick=      2.0 n=392
[01:01:34] [Server thread/INFO]: [STDOUT] [io.papermc.paper.util.PapoTickProfile] PapoTickProfile.count fanout.pkt.movePosRot      total=      745 avg/tick=      1.9 n=375
[01:01:34] [Server thread/INFO]: [STDOUT] [io.papermc.paper.util.PapoTickProfile] PapoTickProfile.count fanout.pkt.movePos         total=       87 avg/tick=      0.2 n=76
[01:01:34] [Server thread/INFO]: [STDOUT] [io.papermc.paper.util.PapoTickProfile] PapoTickProfile.count fanout.pkt.other           total=       50 avg/tick=      0.1 n=47
[01:01:34] [Server thread/INFO]: [STDOUT] [io.papermc.paper.util.PapoTickProfile] PapoTickProfile.count fanout.pkt.velocity        total=       31 avg/tick=      0.1 n=31
[01:01:34] [Server thread/INFO]: [STDOUT] [io.papermc.paper.util.PapoTickProfile] PapoTickProfile.count fanout.pkt.posSync         total=       25 avg/tick=      0.1 n=24
[01:01:34] [Server thread/INFO]: [STDOUT] [io.papermc.paper.util.PapoTickProfile] PapoTickProfile.count fanout.pkt.moveRot         total=       17 avg/tick=      0.0 n=17
[01:01:34] [Server thread/INFO]: [STDOUT] [io.papermc.paper.util.PapoTickProfile] PapoTickProfile.count fanout.pkt.entityData      total=       10 avg/tick=      0.0 n=10
[01:01:34] [Server thread/INFO]: [STDOUT] [io.papermc.paper.util.PapoTickProfile] PapoTickProfile.count rs.fluidTickRuns           total=        3 avg/tick=      0.0 n=3
[01:01:34] [Server thread/INFO]: [STDOUT] [io.papermc.paper.util.PapoTickProfile] PapoTickProfile.tickdist n=400 durMs[p50=1.19 p95=1.54 p99=1.85 max=15.89] over45=0 over50=0 | gapMs[p95=51.25 p99=51.99 max=65.17] stalls100ms=0 | tps=20.00
[01:01:54] [Server thread/INFO]: [STDOUT] [io.papermc.paper.util.PapoTickProfile] PapoTickProfile window=400ticks totalWallMs=20001 measuredMs=1368 gcMs=5
[01:01:54] [Server thread/INFO]: [STDOUT] [io.papermc.paper.util.PapoTickProfile] PapoTickProfile.phase worlds                     total=  488.7ms avg/tick= 1221.8us share= 35.7% n=400
[01:01:54] [Server thread/INFO]: [STDOUT] [io.papermc.paper.util.PapoTickProfile] PapoTickProfile.phase level.tickPending+misc     total=  314.8ms avg/tick=  787.0us share= 23.0% n=1200
[01:01:54] [Server thread/INFO]: [STDOUT] [io.papermc.paper.util.PapoTickProfile] PapoTickProfile.phase level.chunkSource          total=  306.8ms avg/tick=  767.0us share= 22.4% n=1200
[01:01:54] [Server thread/INFO]: [STDOUT] [io.papermc.paper.util.PapoTickProfile] PapoTickProfile.phase level.entities             total=  166.9ms avg/tick=  417.3us share= 12.2% n=1200
[01:01:54] [Server thread/INFO]: [STDOUT] [io.papermc.paper.util.PapoTickProfile] PapoTickProfile.phase ent.serverAiStep           total=   17.9ms avg/tick=   44.7us share=  1.3% n=9076
[01:01:54] [Server thread/INFO]: [STDOUT] [io.papermc.paper.util.PapoTickProfile] PapoTickProfile.phase connection                 total=   14.4ms avg/tick=   35.9us share=  1.0% n=400
[01:01:54] [Server thread/INFO]: [STDOUT] [io.papermc.paper.util.PapoTickProfile] PapoTickProfile.phase conn.listenerTick          total=   13.4ms avg/tick=   33.5us share=  1.0% n=400
[01:01:54] [Server thread/INFO]: [STDOUT] [io.papermc.paper.util.PapoTickProfile] PapoTickProfile.phase sendChunks                 total=    8.8ms avg/tick=   21.9us share=  0.6% n=400
[01:01:54] [Server thread/INFO]: [STDOUT] [io.papermc.paper.util.PapoTickProfile] PapoTickProfile.phase player.superTick           total=    8.3ms avg/tick=   20.9us share=  0.6% n=400
[01:01:54] [Server thread/INFO]: [STDOUT] [io.papermc.paper.util.PapoTickProfile] PapoTickProfile.phase chunkMap.tracker.sendChanges total=    7.9ms avg/tick=   19.8us share=  0.6% n=1200
[01:01:54] [Server thread/INFO]: [STDOUT] [io.papermc.paper.util.PapoTickProfile] PapoTickProfile.phase chunkMap.tracker.maintain  total=    6.7ms avg/tick=   16.7us share=  0.5% n=1200
[01:01:54] [Server thread/INFO]: [STDOUT] [io.papermc.paper.util.PapoTickProfile] PapoTickProfile.phase server.taskDrain           total=    4.8ms avg/tick=   11.9us share=  0.3% n=400
[01:01:54] [Server thread/INFO]: [STDOUT] [io.papermc.paper.util.PapoTickProfile] PapoTickProfile.phase level.blockTicks           total=    3.6ms avg/tick=    9.0us share=  0.3% n=1200
[01:01:54] [Server thread/INFO]: [STDOUT] [io.papermc.paper.util.PapoTickProfile] PapoTickProfile.phase level.fluidTicks           total=    1.9ms avg/tick=    4.7us share=  0.1% n=1200
[01:01:54] [Server thread/INFO]: [STDOUT] [io.papermc.paper.util.PapoTickProfile] PapoTickProfile.phase chunkMap.tracker.fanout    total=    1.6ms avg/tick=    4.0us share=  0.1% n=1200
[01:01:54] [Server thread/INFO]: [STDOUT] [io.papermc.paper.util.PapoTickProfile] PapoTickProfile.phase player.pushEntities        total=    1.2ms avg/tick=    2.9us share=  0.1% n=3103
[01:01:54] [Server thread/INFO]: [STDOUT] [io.papermc.paper.util.PapoTickProfile] PapoTickProfile.phase level.blockEvents          total=    0.4ms avg/tick=    0.9us share=  0.0% n=1200
[01:01:54] [Server thread/INFO]: [STDOUT] [io.papermc.paper.util.PapoTickProfile] PapoTickProfile.phase player.aiStepTouchScan     total=    0.2ms avg/tick=    0.5us share=  0.0% n=400
[01:01:54] [Server thread/INFO]: [STDOUT] [io.papermc.paper.util.PapoTickProfile] PapoTickProfile.phase functions                  total=    0.1ms avg/tick=    0.3us share=  0.0% n=400
[01:01:54] [Server thread/INFO]: [STDOUT] [io.papermc.paper.util.PapoTickProfile] PapoTickProfile.phase players                    total=    0.1ms avg/tick=    0.2us share=  0.0% n=400
[01:01:54] [Server thread/INFO]: [STDOUT] [io.papermc.paper.util.PapoTickProfile] PapoTickProfile.phase conn.flushQueue            total=    0.0ms avg/tick=    0.1us share=  0.0% n=400
[01:01:54] [Server thread/INFO]: [STDOUT] [io.papermc.paper.util.PapoTickProfile] PapoTickProfile.count fanout.sends               total=     2160 avg/tick=      5.4 n=1200
[01:01:54] [Server thread/INFO]: [STDOUT] [io.papermc.paper.util.PapoTickProfile] PapoTickProfile.count fanout.pkt.headRot         total=      997 avg/tick=      2.5 n=388
[01:01:54] [Server thread/INFO]: [STDOUT] [io.papermc.paper.util.PapoTickProfile] PapoTickProfile.count fanout.pkt.movePosRot      total=      885 avg/tick=      2.2 n=378
[01:01:54] [Server thread/INFO]: [STDOUT] [io.papermc.paper.util.PapoTickProfile] PapoTickProfile.count fanout.pkt.movePos         total=      102 avg/tick=      0.3 n=91
[01:01:54] [Server thread/INFO]: [STDOUT] [io.papermc.paper.util.PapoTickProfile] PapoTickProfile.count fanout.pkt.posSync         total=       50 avg/tick=      0.1 n=49
[01:01:54] [Server thread/INFO]: [STDOUT] [io.papermc.paper.util.PapoTickProfile] PapoTickProfile.count fanout.pkt.velocity        total=       44 avg/tick=      0.1 n=44
[01:01:54] [Server thread/INFO]: [STDOUT] [io.papermc.paper.util.PapoTickProfile] PapoTickProfile.count fanout.pkt.other           total=       44 avg/tick=      0.1 n=42
[01:01:54] [Server thread/INFO]: [STDOUT] [io.papermc.paper.util.PapoTickProfile] PapoTickProfile.count fanout.pkt.moveRot         total=       34 avg/tick=      0.1 n=30
[01:01:54] [Server thread/INFO]: [STDOUT] [io.papermc.paper.util.PapoTickProfile] PapoTickProfile.count fanout.pkt.entityData      total=       11 avg/tick=      0.0 n=11
[01:01:54] [Server thread/INFO]: [STDOUT] [io.papermc.paper.util.PapoTickProfile] PapoTickProfile.count rs.fluidTickRuns           total=        6 avg/tick=      0.0 n=6
[01:01:54] [Server thread/INFO]: [STDOUT] [io.papermc.paper.util.PapoTickProfile] PapoTickProfile.tickdist n=400 durMs[p50=1.24 p95=1.87 p99=3.17 max=7.69] over45=0 over50=0 | gapMs[p95=51.02 p99=52.05 max=56.18] stalls100ms=0 | tps=20.00
[01:02:14] [Server thread/INFO]: [STDOUT] [io.papermc.paper.util.PapoTickProfile] PapoTickProfile window=400ticks totalWallMs=19998 measuredMs=1205 gcMs=0
[01:02:14] [Server thread/INFO]: [STDOUT] [io.papermc.paper.util.PapoTickProfile] PapoTickProfile.phase worlds                     total=  427.5ms avg/tick= 1068.7us share= 35.4% n=400
[01:02:14] [Server thread/INFO]: [STDOUT] [io.papermc.paper.util.PapoTickProfile] PapoTickProfile.phase level.tickPending+misc     total=  279.2ms avg/tick=  698.0us share= 23.2% n=1200
[01:02:14] [Server thread/INFO]: [STDOUT] [io.papermc.paper.util.PapoTickProfile] PapoTickProfile.phase level.chunkSource          total=  270.3ms avg/tick=  675.8us share= 22.4% n=1200
[01:02:14] [Server thread/INFO]: [STDOUT] [io.papermc.paper.util.PapoTickProfile] PapoTickProfile.phase level.entities             total=  141.9ms avg/tick=  354.7us share= 11.8% n=1200
[01:02:14] [Server thread/INFO]: [STDOUT] [io.papermc.paper.util.PapoTickProfile] PapoTickProfile.phase connection                 total=   14.9ms avg/tick=   37.2us share=  1.2% n=400
[01:02:14] [Server thread/INFO]: [STDOUT] [io.papermc.paper.util.PapoTickProfile] PapoTickProfile.phase conn.listenerTick          total=   13.8ms avg/tick=   34.6us share=  1.1% n=400
[01:02:14] [Server thread/INFO]: [STDOUT] [io.papermc.paper.util.PapoTickProfile] PapoTickProfile.phase ent.serverAiStep           total=   12.3ms avg/tick=   30.6us share=  1.0% n=8740
[01:02:14] [Server thread/INFO]: [STDOUT] [io.papermc.paper.util.PapoTickProfile] PapoTickProfile.phase sendChunks                 total=    9.0ms avg/tick=   22.5us share=  0.7% n=400
[01:02:14] [Server thread/INFO]: [STDOUT] [io.papermc.paper.util.PapoTickProfile] PapoTickProfile.phase player.superTick           total=    8.7ms avg/tick=   21.6us share=  0.7% n=400
[01:02:14] [Server thread/INFO]: [STDOUT] [io.papermc.paper.util.PapoTickProfile] PapoTickProfile.phase chunkMap.tracker.sendChanges total=    7.4ms avg/tick=   18.5us share=  0.6% n=1200
[01:02:14] [Server thread/INFO]: [STDOUT] [io.papermc.paper.util.PapoTickProfile] PapoTickProfile.phase chunkMap.tracker.maintain  total=    6.5ms avg/tick=   16.1us share=  0.5% n=1200
[01:02:14] [Server thread/INFO]: [STDOUT] [io.papermc.paper.util.PapoTickProfile] PapoTickProfile.phase level.blockTicks           total=    4.8ms avg/tick=   12.1us share=  0.4% n=1200
[01:02:14] [Server thread/INFO]: [STDOUT] [io.papermc.paper.util.PapoTickProfile] PapoTickProfile.phase server.taskDrain           total=    4.5ms avg/tick=   11.1us share=  0.4% n=400
[01:02:14] [Server thread/INFO]: [STDOUT] [io.papermc.paper.util.PapoTickProfile] PapoTickProfile.phase level.fluidTicks           total=    1.9ms avg/tick=    4.6us share=  0.2% n=1200
[01:02:14] [Server thread/INFO]: [STDOUT] [io.papermc.paper.util.PapoTickProfile] PapoTickProfile.phase chunkMap.tracker.fanout    total=    1.5ms avg/tick=    3.9us share=  0.1% n=1200
[01:02:14] [Server thread/INFO]: [STDOUT] [io.papermc.paper.util.PapoTickProfile] PapoTickProfile.phase player.pushEntities        total=    1.1ms avg/tick=    2.6us share=  0.1% n=2789
[01:02:14] [Server thread/INFO]: [STDOUT] [io.papermc.paper.util.PapoTickProfile] PapoTickProfile.phase level.blockEvents          total=    0.3ms avg/tick=    0.9us share=  0.0% n=1200
[01:02:14] [Server thread/INFO]: [STDOUT] [io.papermc.paper.util.PapoTickProfile] PapoTickProfile.phase functions                  total=    0.2ms avg/tick=    0.5us share=  0.0% n=400
[01:02:14] [Server thread/INFO]: [STDOUT] [io.papermc.paper.util.PapoTickProfile] PapoTickProfile.phase player.aiStepTouchScan     total=    0.2ms avg/tick=    0.5us share=  0.0% n=400
[01:02:14] [Server thread/INFO]: [STDOUT] [io.papermc.paper.util.PapoTickProfile] PapoTickProfile.phase players                    total=    0.1ms avg/tick=    0.2us share=  0.0% n=400
[01:02:14] [Server thread/INFO]: [STDOUT] [io.papermc.paper.util.PapoTickProfile] PapoTickProfile.phase conn.flushQueue            total=    0.0ms avg/tick=    0.1us share=  0.0% n=400
[01:02:14] [Server thread/INFO]: [STDOUT] [io.papermc.paper.util.PapoTickProfile] PapoTickProfile.count fanout.sends               total=     1729 avg/tick=      4.3 n=1200
[01:02:14] [Server thread/INFO]: [STDOUT] [io.papermc.paper.util.PapoTickProfile] PapoTickProfile.count fanout.pkt.headRot         total=      819 avg/tick=      2.0 n=396
[01:02:14] [Server thread/INFO]: [STDOUT] [io.papermc.paper.util.PapoTickProfile] PapoTickProfile.count fanout.pkt.movePosRot      total=      768 avg/tick=      1.9 n=389
[01:02:14] [Server thread/INFO]: [STDOUT] [io.papermc.paper.util.PapoTickProfile] PapoTickProfile.count fanout.pkt.movePos         total=       66 avg/tick=      0.2 n=64
[01:02:14] [Server thread/INFO]: [STDOUT] [io.papermc.paper.util.PapoTickProfile] PapoTickProfile.count fanout.pkt.other           total=       40 avg/tick=      0.1 n=37
[01:02:14] [Server thread/INFO]: [STDOUT] [io.papermc.paper.util.PapoTickProfile] PapoTickProfile.count fanout.pkt.posSync         total=       22 avg/tick=      0.1 n=22
[01:02:14] [Server thread/INFO]: [STDOUT] [io.papermc.paper.util.PapoTickProfile] PapoTickProfile.count fanout.pkt.entityData      total=       14 avg/tick=      0.0 n=14
[01:02:14] [Server thread/INFO]: [STDOUT] [io.papermc.paper.util.PapoTickProfile] PapoTickProfile.count rs.fluidTickRuns           total=       11 avg/tick=      0.0 n=11
[01:02:14] [Server thread/INFO]: [STDOUT] [io.papermc.paper.util.PapoTickProfile] PapoTickProfile.count fanout.pkt.moveRot         total=        6 avg/tick=      0.0 n=6
[01:02:14] [Server thread/INFO]: [STDOUT] [io.papermc.paper.util.PapoTickProfile] PapoTickProfile.count fanout.pkt.velocity        total=        6 avg/tick=      0.0 n=6
[01:02:14] [Server thread/INFO]: [STDOUT] [io.papermc.paper.util.PapoTickProfile] PapoTickProfile.tickdist n=400 durMs[p50=1.17 p95=1.41 p99=1.78 max=1.93] over45=0 over50=0 | gapMs[p95=51.25 p99=51.70 max=52.34] stalls100ms=0 | tps=20.00
[01:02:34] [Server thread/INFO]: [STDOUT] [io.papermc.paper.util.PapoTickProfile] PapoTickProfile window=400ticks totalWallMs=20000 measuredMs=1234 gcMs=0
[01:02:34] [Server thread/INFO]: [STDOUT] [io.papermc.paper.util.PapoTickProfile] PapoTickProfile.phase worlds                     total=  442.4ms avg/tick= 1106.0us share= 35.8% n=400
[01:02:34] [Server thread/INFO]: [STDOUT] [io.papermc.paper.util.PapoTickProfile] PapoTickProfile.phase level.tickPending+misc     total=  276.3ms avg/tick=  690.8us share= 22.4% n=1200
[01:02:34] [Server thread/INFO]: [STDOUT] [io.papermc.paper.util.PapoTickProfile] PapoTickProfile.phase level.chunkSource          total=  268.0ms avg/tick=  670.0us share= 21.7% n=1200
[01:02:34] [Server thread/INFO]: [STDOUT] [io.papermc.paper.util.PapoTickProfile] PapoTickProfile.phase level.entities             total=  159.8ms avg/tick=  399.5us share= 12.9% n=1200
[01:02:34] [Server thread/INFO]: [STDOUT] [io.papermc.paper.util.PapoTickProfile] PapoTickProfile.phase ent.serverAiStep           total=   14.5ms avg/tick=   36.2us share=  1.2% n=10324
[01:02:34] [Server thread/INFO]: [STDOUT] [io.papermc.paper.util.PapoTickProfile] PapoTickProfile.phase connection                 total=   14.3ms avg/tick=   35.8us share=  1.2% n=400
[01:02:34] [Server thread/INFO]: [STDOUT] [io.papermc.paper.util.PapoTickProfile] PapoTickProfile.phase conn.listenerTick          total=   13.3ms avg/tick=   33.3us share=  1.1% n=400
[01:02:34] [Server thread/INFO]: [STDOUT] [io.papermc.paper.util.PapoTickProfile] PapoTickProfile.phase sendChunks                 total=    8.9ms avg/tick=   22.3us share=  0.7% n=400
[01:02:34] [Server thread/INFO]: [STDOUT] [io.papermc.paper.util.PapoTickProfile] PapoTickProfile.phase player.superTick           total=    8.1ms avg/tick=   20.3us share=  0.7% n=400
[01:02:34] [Server thread/INFO]: [STDOUT] [io.papermc.paper.util.PapoTickProfile] PapoTickProfile.phase chunkMap.tracker.sendChanges total=    7.5ms avg/tick=   18.7us share=  0.6% n=1200
[01:02:34] [Server thread/INFO]: [STDOUT] [io.papermc.paper.util.PapoTickProfile] PapoTickProfile.phase chunkMap.tracker.maintain  total=    6.3ms avg/tick=   15.7us share=  0.5% n=1200
[01:02:34] [Server thread/INFO]: [STDOUT] [io.papermc.paper.util.PapoTickProfile] PapoTickProfile.phase level.blockTicks           total=    4.7ms avg/tick=   11.9us share=  0.4% n=1200
[01:02:34] [Server thread/INFO]: [STDOUT] [io.papermc.paper.util.PapoTickProfile] PapoTickProfile.phase server.taskDrain           total=    4.6ms avg/tick=   11.5us share=  0.4% n=400
[01:02:34] [Server thread/INFO]: [STDOUT] [io.papermc.paper.util.PapoTickProfile] PapoTickProfile.phase level.fluidTicks           total=    1.8ms avg/tick=    4.4us share=  0.1% n=1200
[01:02:34] [Server thread/INFO]: [STDOUT] [io.papermc.paper.util.PapoTickProfile] PapoTickProfile.phase player.pushEntities        total=    1.6ms avg/tick=    4.0us share=  0.1% n=4358
[01:02:34] [Server thread/INFO]: [STDOUT] [io.papermc.paper.util.PapoTickProfile] PapoTickProfile.phase chunkMap.tracker.fanout    total=    1.6ms avg/tick=    3.9us share=  0.1% n=1200
[01:02:34] [Server thread/INFO]: [STDOUT] [io.papermc.paper.util.PapoTickProfile] PapoTickProfile.phase level.blockEvents          total=    0.3ms avg/tick=    0.9us share=  0.0% n=1200
[01:02:34] [Server thread/INFO]: [STDOUT] [io.papermc.paper.util.PapoTickProfile] PapoTickProfile.phase functions                  total=    0.2ms avg/tick=    0.5us share=  0.0% n=400
[01:02:34] [Server thread/INFO]: [STDOUT] [io.papermc.paper.util.PapoTickProfile] PapoTickProfile.phase player.aiStepTouchScan     total=    0.2ms avg/tick=    0.5us share=  0.0% n=400
[01:02:34] [Server thread/INFO]: [STDOUT] [io.papermc.paper.util.PapoTickProfile] PapoTickProfile.phase players                    total=    0.0ms avg/tick=    0.1us share=  0.0% n=400
[01:02:34] [Server thread/INFO]: [STDOUT] [io.papermc.paper.util.PapoTickProfile] PapoTickProfile.phase conn.flushQueue            total=    0.0ms avg/tick=    0.1us share=  0.0% n=400
[01:02:34] [Server thread/INFO]: [STDOUT] [io.papermc.paper.util.PapoTickProfile] PapoTickProfile.count fanout.sends               total=     1679 avg/tick=      4.2 n=1200
[01:02:34] [Server thread/INFO]: [STDOUT] [io.papermc.paper.util.PapoTickProfile] PapoTickProfile.count fanout.pkt.headRot         total=      758 avg/tick=      1.9 n=399
[01:02:34] [Server thread/INFO]: [STDOUT] [io.papermc.paper.util.PapoTickProfile] PapoTickProfile.count fanout.pkt.movePosRot      total=      707 avg/tick=      1.8 n=385
[01:02:34] [Server thread/INFO]: [STDOUT] [io.papermc.paper.util.PapoTickProfile] PapoTickProfile.count fanout.pkt.movePos         total=       82 avg/tick=      0.2 n=75
[01:02:34] [Server thread/INFO]: [STDOUT] [io.papermc.paper.util.PapoTickProfile] PapoTickProfile.count fanout.pkt.entityData      total=       58 avg/tick=      0.1 n=58
[01:02:34] [Server thread/INFO]: [STDOUT] [io.papermc.paper.util.PapoTickProfile] PapoTickProfile.count fanout.pkt.other           total=       49 avg/tick=      0.1 n=47
[01:02:34] [Server thread/INFO]: [STDOUT] [io.papermc.paper.util.PapoTickProfile] PapoTickProfile.count fanout.pkt.posSync         total=       26 avg/tick=      0.1 n=26
[01:02:34] [Server thread/INFO]: [STDOUT] [io.papermc.paper.util.PapoTickProfile] PapoTickProfile.count fanout.pkt.velocity        total=       16 avg/tick=      0.0 n=16
[01:02:34] [Server thread/INFO]: [STDOUT] [io.papermc.paper.util.PapoTickProfile] PapoTickProfile.tickdist n=400 durMs[p50=1.19 p95=1.45 p99=1.75 max=2.10] over45=0 over50=0 | gapMs[p95=51.22 p99=51.69 max=51.87] stalls100ms=0 | tps=20.00
logErrors=0 exited=true
