rsimpl=eigencraft (prewritten paper-world-defaults.yml)
boot: [04:15:07 INFO]: Done (17.021s)! For help, type "help"
built platform (half=88) + 256 ring cells (side=16, pitch=8, blocks/cell=12)
verify round 0: RING=256 REP=256 missing=[]
ringStructuralA=256 seedRepeaterA=256 expectedCells=256
forensics entry: missing=[]
ringStructuralB=256 seedRepeaterB=256
window done (10 bots x 360000ms, cells=256)
presence gate PASS (RING A=B=256 REP A=B=256 == N=256)
echoes dumped: C:\Users\Z\AppData\Local\Temp\papo-rsscale-16441714899380802566\echoes.txt
---- PapoTickProfile windows (from logs/latest.log) ----
[04:15:07] [Server thread/INFO]: [STDOUT] [io.papermc.paper.util.PapoTickProfile] PapoTickProfile window=400ticks totalWallMs=0 measuredMs=0 gcMs=0
[04:15:28] [Server thread/INFO]: [STDOUT] [io.papermc.paper.util.PapoTickProfile] PapoTickProfile window=400ticks totalWallMs=20588 measuredMs=6131 gcMs=139
[04:15:28] [Server thread/INFO]: [STDOUT] [io.papermc.paper.util.PapoTickProfile] PapoTickProfile.phase worlds                     total= 1705.9ms avg/tick= 4264.7us share= 27.8% n=400
[04:15:28] [Server thread/INFO]: [STDOUT] [io.papermc.paper.util.PapoTickProfile] PapoTickProfile.phase level.tickPending+misc     total= 1071.6ms avg/tick= 2678.9us share= 17.5% n=1200
[04:15:28] [Server thread/INFO]: [STDOUT] [io.papermc.paper.util.PapoTickProfile] PapoTickProfile.phase level.chunkSource          total=  760.3ms avg/tick= 1900.8us share= 12.4% n=1200
[04:15:28] [Server thread/INFO]: [STDOUT] [io.papermc.paper.util.PapoTickProfile] PapoTickProfile.phase server.taskDrain           total=  707.4ms avg/tick= 1768.6us share= 11.5% n=400
[04:15:28] [Server thread/INFO]: [STDOUT] [io.papermc.paper.util.PapoTickProfile] PapoTickProfile.phase level.entities             total=  605.3ms avg/tick= 1513.1us share=  9.9% n=1200
[04:15:28] [Server thread/INFO]: [STDOUT] [io.papermc.paper.util.PapoTickProfile] PapoTickProfile.phase connection                 total=  360.3ms avg/tick=  900.7us share=  5.9% n=400
[04:15:28] [Server thread/INFO]: [STDOUT] [io.papermc.paper.util.PapoTickProfile] PapoTickProfile.phase conn.listenerTick          total=  255.0ms avg/tick=  637.6us share=  4.2% n=3552
[04:15:28] [Server thread/INFO]: [STDOUT] [io.papermc.paper.util.PapoTickProfile] PapoTickProfile.phase level.blockTicks           total=  175.8ms avg/tick=  439.6us share=  2.9% n=1200
[04:15:28] [Server thread/INFO]: [STDOUT] [io.papermc.paper.util.PapoTickProfile] PapoTickProfile.phase player.superTick           total=  170.7ms avg/tick=  426.7us share=  2.8% n=3283
[04:15:28] [Server thread/INFO]: [STDOUT] [io.papermc.paper.util.PapoTickProfile] PapoTickProfile.phase level.fluidTicks           total=  129.8ms avg/tick=  324.5us share=  2.1% n=1200
[04:15:28] [Server thread/INFO]: [STDOUT] [io.papermc.paper.util.PapoTickProfile] PapoTickProfile.phase ent.serverAiStep           total=   90.9ms avg/tick=  227.2us share=  1.5% n=14206
[04:15:28] [Server thread/INFO]: [STDOUT] [io.papermc.paper.util.PapoTickProfile] PapoTickProfile.phase sendChunks                 total=   28.5ms avg/tick=   71.3us share=  0.5% n=400
[04:15:28] [Server thread/INFO]: [STDOUT] [io.papermc.paper.util.PapoTickProfile] PapoTickProfile.phase chunkMap.tracker.maintain  total=   26.9ms avg/tick=   67.3us share=  0.4% n=1200
[04:15:28] [Server thread/INFO]: [STDOUT] [io.papermc.paper.util.PapoTickProfile] PapoTickProfile.phase chunkMap.tracker.sendChanges total=   20.5ms avg/tick=   51.3us share=  0.3% n=1200
[04:15:28] [Server thread/INFO]: [STDOUT] [io.papermc.paper.util.PapoTickProfile] PapoTickProfile.phase player.pushEntities        total=    9.6ms avg/tick=   24.1us share=  0.2% n=9678
[04:15:28] [Server thread/INFO]: [STDOUT] [io.papermc.paper.util.PapoTickProfile] PapoTickProfile.phase player.aiStepTouchScan     total=    4.3ms avg/tick=   10.8us share=  0.1% n=3283
[04:15:28] [Server thread/INFO]: [STDOUT] [io.papermc.paper.util.PapoTickProfile] PapoTickProfile.phase chunkMap.tracker.fanout    total=    3.9ms avg/tick=    9.9us share=  0.1% n=1200
[04:15:28] [Server thread/INFO]: [STDOUT] [io.papermc.paper.util.PapoTickProfile] PapoTickProfile.phase level.blockEvents          total=    2.3ms avg/tick=    5.7us share=  0.0% n=1200
[04:15:28] [Server thread/INFO]: [STDOUT] [io.papermc.paper.util.PapoTickProfile] PapoTickProfile.phase conn.flushQueue            total=    0.9ms avg/tick=    2.3us share=  0.0% n=3552
[04:15:28] [Server thread/INFO]: [STDOUT] [io.papermc.paper.util.PapoTickProfile] PapoTickProfile.phase functions                  total=    0.9ms avg/tick=    2.3us share=  0.0% n=400
[04:15:28] [Server thread/INFO]: [STDOUT] [io.papermc.paper.util.PapoTickProfile] PapoTickProfile.phase players                    total=    0.3ms avg/tick=    0.7us share=  0.0% n=400
[04:15:28] [Server thread/INFO]: [STDOUT] [io.papermc.paper.util.PapoTickProfile] PapoTickProfile.count rs.blockTickRuns           total=    70802 avg/tick=    177.0 n=70802
[04:15:28] [Server thread/INFO]: [STDOUT] [io.papermc.paper.util.PapoTickProfile] PapoTickProfile.count fanout.sends               total=    35626 avg/tick=     89.1 n=1200
[04:15:28] [Server thread/INFO]: [STDOUT] [io.papermc.paper.util.PapoTickProfile] PapoTickProfile.count rs.fluidTickRuns           total=     7899 avg/tick=     19.7 n=7899
[04:15:28] [Server thread/INFO]: [STDOUT] [io.papermc.paper.util.PapoTickProfile] PapoTickProfile.count fanout.pkt.headRot         total=     1564 avg/tick=      3.9 n=318
[04:15:28] [Server thread/INFO]: [STDOUT] [io.papermc.paper.util.PapoTickProfile] PapoTickProfile.count fanout.pkt.movePosRot      total=     1262 avg/tick=      3.2 n=307
[04:15:28] [Server thread/INFO]: [STDOUT] [io.papermc.paper.util.PapoTickProfile] PapoTickProfile.count fanout.pkt.entityData      total=      357 avg/tick=      0.9 n=309
[04:15:28] [Server thread/INFO]: [STDOUT] [io.papermc.paper.util.PapoTickProfile] PapoTickProfile.count fanout.pkt.posSync         total=      302 avg/tick=      0.8 n=158
[04:15:28] [Server thread/INFO]: [STDOUT] [io.papermc.paper.util.PapoTickProfile] PapoTickProfile.count fanout.pkt.movePos         total=      220 avg/tick=      0.6 n=135
[04:15:28] [Server thread/INFO]: [STDOUT] [io.papermc.paper.util.PapoTickProfile] PapoTickProfile.count fanout.pkt.other           total=      162 avg/tick=      0.4 n=73
[04:15:28] [Server thread/INFO]: [STDOUT] [io.papermc.paper.util.PapoTickProfile] PapoTickProfile.count fanout.pkt.velocity        total=      122 avg/tick=      0.3 n=69
[04:15:28] [Server thread/INFO]: [STDOUT] [io.papermc.paper.util.PapoTickProfile] PapoTickProfile.count fanout.pkt.moveRot         total=       40 avg/tick=      0.1 n=31
[04:15:48] [Server thread/INFO]: [STDOUT] [io.papermc.paper.util.PapoTickProfile] PapoTickProfile window=400ticks totalWallMs=19998 measuredMs=2420 gcMs=5
[04:15:48] [Server thread/INFO]: [STDOUT] [io.papermc.paper.util.PapoTickProfile] PapoTickProfile.phase connection                 total=  615.8ms avg/tick= 1539.4us share= 25.4% n=400
[04:15:48] [Server thread/INFO]: [STDOUT] [io.papermc.paper.util.PapoTickProfile] PapoTickProfile.phase worlds                     total=  586.8ms avg/tick= 1467.1us share= 24.2% n=400
[04:15:48] [Server thread/INFO]: [STDOUT] [io.papermc.paper.util.PapoTickProfile] PapoTickProfile.phase level.tickPending+misc     total=  383.7ms avg/tick=  959.2us share= 15.9% n=1200
[04:15:48] [Server thread/INFO]: [STDOUT] [io.papermc.paper.util.PapoTickProfile] PapoTickProfile.phase level.chunkSource          total=  334.8ms avg/tick=  837.0us share= 13.8% n=1200
[04:15:48] [Server thread/INFO]: [STDOUT] [io.papermc.paper.util.PapoTickProfile] PapoTickProfile.phase level.entities             total=  192.3ms avg/tick=  480.8us share=  7.9% n=1200
[04:15:48] [Server thread/INFO]: [STDOUT] [io.papermc.paper.util.PapoTickProfile] PapoTickProfile.phase conn.listenerTick          total=   93.0ms avg/tick=  232.4us share=  3.8% n=4000
[04:15:48] [Server thread/INFO]: [STDOUT] [io.papermc.paper.util.PapoTickProfile] PapoTickProfile.phase player.superTick           total=   70.6ms avg/tick=  176.4us share=  2.9% n=4000
[04:15:48] [Server thread/INFO]: [STDOUT] [io.papermc.paper.util.PapoTickProfile] PapoTickProfile.phase level.blockTicks           total=   30.8ms avg/tick=   76.9us share=  1.3% n=1200
[04:15:48] [Server thread/INFO]: [STDOUT] [io.papermc.paper.util.PapoTickProfile] PapoTickProfile.phase sendChunks                 total=   29.5ms avg/tick=   73.8us share=  1.2% n=400
[04:15:48] [Server thread/INFO]: [STDOUT] [io.papermc.paper.util.PapoTickProfile] PapoTickProfile.phase ent.serverAiStep           total=   20.2ms avg/tick=   50.6us share=  0.8% n=12583
[04:15:48] [Server thread/INFO]: [STDOUT] [io.papermc.paper.util.PapoTickProfile] PapoTickProfile.phase level.fluidTicks           total=   15.4ms avg/tick=   38.6us share=  0.6% n=1200
[04:15:48] [Server thread/INFO]: [STDOUT] [io.papermc.paper.util.PapoTickProfile] PapoTickProfile.phase chunkMap.tracker.sendChanges total=   14.2ms avg/tick=   35.5us share=  0.6% n=1200
[04:15:48] [Server thread/INFO]: [STDOUT] [io.papermc.paper.util.PapoTickProfile] PapoTickProfile.phase server.taskDrain           total=   11.9ms avg/tick=   29.8us share=  0.5% n=400
[04:15:48] [Server thread/INFO]: [STDOUT] [io.papermc.paper.util.PapoTickProfile] PapoTickProfile.phase chunkMap.tracker.maintain  total=   11.6ms avg/tick=   29.1us share=  0.5% n=1200
[04:15:48] [Server thread/INFO]: [STDOUT] [io.papermc.paper.util.PapoTickProfile] PapoTickProfile.phase chunkMap.tracker.fanout    total=    3.3ms avg/tick=    8.3us share=  0.1% n=1200
[04:15:48] [Server thread/INFO]: [STDOUT] [io.papermc.paper.util.PapoTickProfile] PapoTickProfile.phase player.pushEntities        total=    2.3ms avg/tick=    5.8us share=  0.1% n=6942
[04:15:48] [Server thread/INFO]: [STDOUT] [io.papermc.paper.util.PapoTickProfile] PapoTickProfile.phase player.aiStepTouchScan     total=    1.5ms avg/tick=    3.7us share=  0.1% n=4000
[04:15:48] [Server thread/INFO]: [STDOUT] [io.papermc.paper.util.PapoTickProfile] PapoTickProfile.phase level.blockEvents          total=    1.0ms avg/tick=    2.6us share=  0.0% n=1200
[04:15:48] [Server thread/INFO]: [STDOUT] [io.papermc.paper.util.PapoTickProfile] PapoTickProfile.phase players                    total=    0.9ms avg/tick=    2.4us share=  0.0% n=400
[04:15:48] [Server thread/INFO]: [STDOUT] [io.papermc.paper.util.PapoTickProfile] PapoTickProfile.phase conn.flushQueue            total=    0.4ms avg/tick=    1.1us share=  0.0% n=4000
[04:15:48] [Server thread/INFO]: [STDOUT] [io.papermc.paper.util.PapoTickProfile] PapoTickProfile.phase functions                  total=    0.2ms avg/tick=    0.6us share=  0.0% n=400
[04:15:48] [Server thread/INFO]: [STDOUT] [io.papermc.paper.util.PapoTickProfile] PapoTickProfile.count fanout.sends               total=    44506 avg/tick=    111.3 n=1200
[04:15:48] [Server thread/INFO]: [STDOUT] [io.papermc.paper.util.PapoTickProfile] PapoTickProfile.count fanout.pkt.headRot         total=     1615 avg/tick=      4.0 n=374
[04:15:48] [Server thread/INFO]: [STDOUT] [io.papermc.paper.util.PapoTickProfile] PapoTickProfile.count fanout.pkt.movePosRot      total=     1381 avg/tick=      3.5 n=367
[04:15:48] [Server thread/INFO]: [STDOUT] [io.papermc.paper.util.PapoTickProfile] PapoTickProfile.count rs.fluidTickRuns           total=      846 avg/tick=      2.1 n=846
[04:15:48] [Server thread/INFO]: [STDOUT] [io.papermc.paper.util.PapoTickProfile] PapoTickProfile.count fanout.pkt.movePos         total=      539 avg/tick=      1.3 n=176
[04:15:48] [Server thread/INFO]: [STDOUT] [io.papermc.paper.util.PapoTickProfile] PapoTickProfile.count rs.blockTickRuns           total=      527 avg/tick=      1.3 n=527
[04:15:48] [Server thread/INFO]: [STDOUT] [io.papermc.paper.util.PapoTickProfile] PapoTickProfile.count fanout.pkt.entityData      total=      463 avg/tick=      1.2 n=400
[04:15:48] [Server thread/INFO]: [STDOUT] [io.papermc.paper.util.PapoTickProfile] PapoTickProfile.count fanout.pkt.velocity        total=      341 avg/tick=      0.9 n=99
[04:15:48] [Server thread/INFO]: [STDOUT] [io.papermc.paper.util.PapoTickProfile] PapoTickProfile.count fanout.pkt.other           total=      247 avg/tick=      0.6 n=72
[04:15:48] [Server thread/INFO]: [STDOUT] [io.papermc.paper.util.PapoTickProfile] PapoTickProfile.count fanout.pkt.posSync         total=      150 avg/tick=      0.4 n=109
[04:15:48] [Server thread/INFO]: [STDOUT] [io.papermc.paper.util.PapoTickProfile] PapoTickProfile.count fanout.pkt.moveRot         total=       70 avg/tick=      0.2 n=48
[04:16:08] [Server thread/INFO]: [STDOUT] [io.papermc.paper.util.PapoTickProfile] PapoTickProfile window=400ticks totalWallMs=20000 measuredMs=8164 gcMs=17
[04:16:08] [Server thread/INFO]: [STDOUT] [io.papermc.paper.util.PapoTickProfile] PapoTickProfile.phase worlds                     total= 2689.7ms avg/tick= 6724.2us share= 32.9% n=400
[04:16:08] [Server thread/INFO]: [STDOUT] [io.papermc.paper.util.PapoTickProfile] PapoTickProfile.phase level.tickPending+misc     total= 2566.2ms avg/tick= 6415.5us share= 31.4% n=1200
[04:16:08] [Server thread/INFO]: [STDOUT] [io.papermc.paper.util.PapoTickProfile] PapoTickProfile.phase level.blockTicks           total= 2230.5ms avg/tick= 5576.2us share= 27.3% n=1200
[04:16:08] [Server thread/INFO]: [STDOUT] [io.papermc.paper.util.PapoTickProfile] PapoTickProfile.phase level.chunkSource          total=  328.6ms avg/tick=  821.4us share=  4.0% n=1200
[04:16:08] [Server thread/INFO]: [STDOUT] [io.papermc.paper.util.PapoTickProfile] PapoTickProfile.phase level.entities             total=  111.9ms avg/tick=  279.8us share=  1.4% n=1200
[04:16:08] [Server thread/INFO]: [STDOUT] [io.papermc.paper.util.PapoTickProfile] PapoTickProfile.phase connection                 total=   66.9ms avg/tick=  167.3us share=  0.8% n=400
[04:16:08] [Server thread/INFO]: [STDOUT] [io.papermc.paper.util.PapoTickProfile] PapoTickProfile.phase conn.listenerTick          total=   60.7ms avg/tick=  151.7us share=  0.7% n=4000
[04:16:08] [Server thread/INFO]: [STDOUT] [io.papermc.paper.util.PapoTickProfile] PapoTickProfile.phase player.superTick           total=   46.0ms avg/tick=  115.0us share=  0.6% n=4000
[04:16:08] [Server thread/INFO]: [STDOUT] [io.papermc.paper.util.PapoTickProfile] PapoTickProfile.phase sendChunks                 total=   28.0ms avg/tick=   70.1us share=  0.3% n=400
[04:16:08] [Server thread/INFO]: [STDOUT] [io.papermc.paper.util.PapoTickProfile] PapoTickProfile.phase ent.serverAiStep           total=    8.2ms avg/tick=   20.6us share=  0.1% n=11991
[04:16:08] [Server thread/INFO]: [STDOUT] [io.papermc.paper.util.PapoTickProfile] PapoTickProfile.phase chunkMap.tracker.maintain  total=    7.0ms avg/tick=   17.4us share=  0.1% n=1200
[04:16:08] [Server thread/INFO]: [STDOUT] [io.papermc.paper.util.PapoTickProfile] PapoTickProfile.phase chunkMap.tracker.sendChanges total=    6.6ms avg/tick=   16.5us share=  0.1% n=1200
[04:16:08] [Server thread/INFO]: [STDOUT] [io.papermc.paper.util.PapoTickProfile] PapoTickProfile.phase server.taskDrain           total=    5.1ms avg/tick=   12.8us share=  0.1% n=400
[04:16:08] [Server thread/INFO]: [STDOUT] [io.papermc.paper.util.PapoTickProfile] PapoTickProfile.phase level.fluidTicks           total=    4.3ms avg/tick=   10.8us share=  0.1% n=1200
[04:16:08] [Server thread/INFO]: [STDOUT] [io.papermc.paper.util.PapoTickProfile] PapoTickProfile.phase chunkMap.tracker.fanout    total=    1.4ms avg/tick=    3.6us share=  0.0% n=1200
[04:16:08] [Server thread/INFO]: [STDOUT] [io.papermc.paper.util.PapoTickProfile] PapoTickProfile.phase player.pushEntities        total=    1.4ms avg/tick=    3.5us share=  0.0% n=6004
[04:16:08] [Server thread/INFO]: [STDOUT] [io.papermc.paper.util.PapoTickProfile] PapoTickProfile.phase level.blockEvents          total=    1.0ms avg/tick=    2.6us share=  0.0% n=1200
[04:16:08] [Server thread/INFO]: [STDOUT] [io.papermc.paper.util.PapoTickProfile] PapoTickProfile.phase player.aiStepTouchScan     total=    1.0ms avg/tick=    2.6us share=  0.0% n=4000
[04:16:08] [Server thread/INFO]: [STDOUT] [io.papermc.paper.util.PapoTickProfile] PapoTickProfile.phase functions                  total=    0.1ms avg/tick=    0.3us share=  0.0% n=400
[04:16:08] [Server thread/INFO]: [STDOUT] [io.papermc.paper.util.PapoTickProfile] PapoTickProfile.phase conn.flushQueue            total=    0.1ms avg/tick=    0.3us share=  0.0% n=4000
[04:16:08] [Server thread/INFO]: [STDOUT] [io.papermc.paper.util.PapoTickProfile] PapoTickProfile.phase players                    total=    0.0ms avg/tick=    0.0us share=  0.0% n=400
[04:16:08] [Server thread/INFO]: [STDOUT] [io.papermc.paper.util.PapoTickProfile] PapoTickProfile.count rs.blockTickRuns           total=   102272 avg/tick=    255.7 n=102272
[04:16:08] [Server thread/INFO]: [STDOUT] [io.papermc.paper.util.PapoTickProfile] PapoTickProfile.count fanout.sends               total=    33644 avg/tick=     84.1 n=1200
[04:16:08] [Server thread/INFO]: [STDOUT] [io.papermc.paper.util.PapoTickProfile] PapoTickProfile.count fanout.pkt.headRot         total=     1408 avg/tick=      3.5 n=398
[04:16:08] [Server thread/INFO]: [STDOUT] [io.papermc.paper.util.PapoTickProfile] PapoTickProfile.count fanout.pkt.movePosRot      total=     1306 avg/tick=      3.3 n=396
[04:16:08] [Server thread/INFO]: [STDOUT] [io.papermc.paper.util.PapoTickProfile] PapoTickProfile.count fanout.pkt.entityData      total=      402 avg/tick=      1.0 n=400
[04:16:08] [Server thread/INFO]: [STDOUT] [io.papermc.paper.util.PapoTickProfile] PapoTickProfile.count rs.fluidTickRuns           total=      201 avg/tick=      0.5 n=201
[04:16:08] [Server thread/INFO]: [STDOUT] [io.papermc.paper.util.PapoTickProfile] PapoTickProfile.count fanout.pkt.movePos         total=      183 avg/tick=      0.5 n=92
[04:16:08] [Server thread/INFO]: [STDOUT] [io.papermc.paper.util.PapoTickProfile] PapoTickProfile.count fanout.pkt.other           total=       93 avg/tick=      0.2 n=67
[04:16:08] [Server thread/INFO]: [STDOUT] [io.papermc.paper.util.PapoTickProfile] PapoTickProfile.count fanout.pkt.posSync         total=       75 avg/tick=      0.2 n=69
[04:16:28] [Server thread/INFO]: [STDOUT] [io.papermc.paper.util.PapoTickProfile] PapoTickProfile window=400ticks totalWallMs=19999 measuredMs=7857 gcMs=31
[04:16:28] [Server thread/INFO]: [STDOUT] [io.papermc.paper.util.PapoTickProfile] PapoTickProfile.phase worlds                     total= 2595.4ms avg/tick= 6488.6us share= 33.0% n=400
[04:16:28] [Server thread/INFO]: [STDOUT] [io.papermc.paper.util.PapoTickProfile] PapoTickProfile.phase level.tickPending+misc     total= 2468.8ms avg/tick= 6172.0us share= 31.4% n=1200
[04:16:28] [Server thread/INFO]: [STDOUT] [io.papermc.paper.util.PapoTickProfile] PapoTickProfile.phase level.blockTicks           total= 2172.1ms avg/tick= 5430.1us share= 27.6% n=1200
[04:16:28] [Server thread/INFO]: [STDOUT] [io.papermc.paper.util.PapoTickProfile] PapoTickProfile.phase level.chunkSource          total=  292.6ms avg/tick=  731.6us share=  3.7% n=1200
[04:16:28] [Server thread/INFO]: [STDOUT] [io.papermc.paper.util.PapoTickProfile] PapoTickProfile.phase level.entities             total=  117.7ms avg/tick=  294.2us share=  1.5% n=1200
[04:16:28] [Server thread/INFO]: [STDOUT] [io.papermc.paper.util.PapoTickProfile] PapoTickProfile.phase connection                 total=   56.0ms avg/tick=  139.9us share=  0.7% n=400
[04:16:28] [Server thread/INFO]: [STDOUT] [io.papermc.paper.util.PapoTickProfile] PapoTickProfile.phase conn.listenerTick          total=   54.2ms avg/tick=  135.4us share=  0.7% n=4000
[04:16:28] [Server thread/INFO]: [STDOUT] [io.papermc.paper.util.PapoTickProfile] PapoTickProfile.phase player.superTick           total=   37.6ms avg/tick=   94.0us share=  0.5% n=4000
[04:16:28] [Server thread/INFO]: [STDOUT] [io.papermc.paper.util.PapoTickProfile] PapoTickProfile.phase sendChunks                 total=   25.1ms avg/tick=   62.7us share=  0.3% n=400
[04:16:28] [Server thread/INFO]: [STDOUT] [io.papermc.paper.util.PapoTickProfile] PapoTickProfile.phase ent.serverAiStep           total=   15.7ms avg/tick=   39.2us share=  0.2% n=12987
[04:16:28] [Server thread/INFO]: [STDOUT] [io.papermc.paper.util.PapoTickProfile] PapoTickProfile.phase chunkMap.tracker.maintain  total=    6.3ms avg/tick=   15.9us share=  0.1% n=1200
[04:16:28] [Server thread/INFO]: [STDOUT] [io.papermc.paper.util.PapoTickProfile] PapoTickProfile.phase chunkMap.tracker.sendChanges total=    5.3ms avg/tick=   13.3us share=  0.1% n=1200
[04:16:28] [Server thread/INFO]: [STDOUT] [io.papermc.paper.util.PapoTickProfile] PapoTickProfile.phase server.taskDrain           total=    4.0ms avg/tick=   10.1us share=  0.1% n=400
[04:16:28] [Server thread/INFO]: [STDOUT] [io.papermc.paper.util.PapoTickProfile] PapoTickProfile.phase level.fluidTicks           total=    1.9ms avg/tick=    4.9us share=  0.0% n=1200
[04:16:28] [Server thread/INFO]: [STDOUT] [io.papermc.paper.util.PapoTickProfile] PapoTickProfile.phase player.pushEntities        total=    1.6ms avg/tick=    4.1us share=  0.0% n=7186
[04:16:28] [Server thread/INFO]: [STDOUT] [io.papermc.paper.util.PapoTickProfile] PapoTickProfile.phase chunkMap.tracker.fanout    total=    1.1ms avg/tick=    2.6us share=  0.0% n=1200
[04:16:28] [Server thread/INFO]: [STDOUT] [io.papermc.paper.util.PapoTickProfile] PapoTickProfile.phase level.blockEvents          total=    0.8ms avg/tick=    2.1us share=  0.0% n=1200
[04:16:28] [Server thread/INFO]: [STDOUT] [io.papermc.paper.util.PapoTickProfile] PapoTickProfile.phase player.aiStepTouchScan     total=    0.8ms avg/tick=    2.0us share=  0.0% n=4000
[04:16:28] [Server thread/INFO]: [STDOUT] [io.papermc.paper.util.PapoTickProfile] PapoTickProfile.phase players                    total=    0.4ms avg/tick=    0.9us share=  0.0% n=400
[04:16:28] [Server thread/INFO]: [STDOUT] [io.papermc.paper.util.PapoTickProfile] PapoTickProfile.phase conn.flushQueue            total=    0.1ms avg/tick=    0.3us share=  0.0% n=4000
[04:16:28] [Server thread/INFO]: [STDOUT] [io.papermc.paper.util.PapoTickProfile] PapoTickProfile.phase functions                  total=    0.1ms avg/tick=    0.3us share=  0.0% n=400
[04:16:28] [Server thread/INFO]: [STDOUT] [io.papermc.paper.util.PapoTickProfile] PapoTickProfile.count rs.blockTickRuns           total=   102401 avg/tick=    256.0 n=102401
[04:16:28] [Server thread/INFO]: [STDOUT] [io.papermc.paper.util.PapoTickProfile] PapoTickProfile.count fanout.sends               total=    22026 avg/tick=     55.1 n=1200
[04:16:28] [Server thread/INFO]: [STDOUT] [io.papermc.paper.util.PapoTickProfile] PapoTickProfile.count fanout.pkt.headRot         total=      852 avg/tick=      2.1 n=399
[04:16:28] [Server thread/INFO]: [STDOUT] [io.papermc.paper.util.PapoTickProfile] PapoTickProfile.count fanout.pkt.movePosRot      total=      778 avg/tick=      1.9 n=398
[04:16:28] [Server thread/INFO]: [STDOUT] [io.papermc.paper.util.PapoTickProfile] PapoTickProfile.count fanout.pkt.entityData      total=      404 avg/tick=      1.0 n=400
[04:16:28] [Server thread/INFO]: [STDOUT] [io.papermc.paper.util.PapoTickProfile] PapoTickProfile.count fanout.pkt.movePos         total=      155 avg/tick=      0.4 n=84
[04:16:28] [Server thread/INFO]: [STDOUT] [io.papermc.paper.util.PapoTickProfile] PapoTickProfile.count fanout.pkt.other           total=       86 avg/tick=      0.2 n=65
[04:16:28] [Server thread/INFO]: [STDOUT] [io.papermc.paper.util.PapoTickProfile] PapoTickProfile.count rs.fluidTickRuns           total=       65 avg/tick=      0.2 n=65
[04:16:28] [Server thread/INFO]: [STDOUT] [io.papermc.paper.util.PapoTickProfile] PapoTickProfile.count fanout.pkt.posSync         total=       46 avg/tick=      0.1 n=46
[04:16:48] [Server thread/INFO]: [STDOUT] [io.papermc.paper.util.PapoTickProfile] PapoTickProfile window=400ticks totalWallMs=20000 measuredMs=7834 gcMs=15
[04:16:48] [Server thread/INFO]: [STDOUT] [io.papermc.paper.util.PapoTickProfile] PapoTickProfile.phase worlds                     total= 2562.6ms avg/tick= 6406.6us share= 32.7% n=400
[04:16:48] [Server thread/INFO]: [STDOUT] [io.papermc.paper.util.PapoTickProfile] PapoTickProfile.phase level.tickPending+misc     total= 2460.4ms avg/tick= 6150.9us share= 31.4% n=1200
[04:16:48] [Server thread/INFO]: [STDOUT] [io.papermc.paper.util.PapoTickProfile] PapoTickProfile.phase level.blockTicks           total= 2174.7ms avg/tick= 5436.8us share= 27.8% n=1200
[04:16:48] [Server thread/INFO]: [STDOUT] [io.papermc.paper.util.PapoTickProfile] PapoTickProfile.phase level.chunkSource          total=  282.0ms avg/tick=  705.1us share=  3.6% n=1200
[04:16:48] [Server thread/INFO]: [STDOUT] [io.papermc.paper.util.PapoTickProfile] PapoTickProfile.phase level.entities             total=   94.3ms avg/tick=  235.8us share=  1.2% n=1200
[04:16:48] [Server thread/INFO]: [STDOUT] [io.papermc.paper.util.PapoTickProfile] PapoTickProfile.phase connection                 total=   85.4ms avg/tick=  213.5us share=  1.1% n=400
[04:16:48] [Server thread/INFO]: [STDOUT] [io.papermc.paper.util.PapoTickProfile] PapoTickProfile.phase conn.listenerTick          total=   49.8ms avg/tick=  124.5us share=  0.6% n=4000
[04:16:48] [Server thread/INFO]: [STDOUT] [io.papermc.paper.util.PapoTickProfile] PapoTickProfile.phase server.taskDrain           total=   40.8ms avg/tick=  102.1us share=  0.5% n=400
[04:16:48] [Server thread/INFO]: [STDOUT] [io.papermc.paper.util.PapoTickProfile] PapoTickProfile.phase player.superTick           total=   36.1ms avg/tick=   90.2us share=  0.5% n=4000
[04:16:48] [Server thread/INFO]: [STDOUT] [io.papermc.paper.util.PapoTickProfile] PapoTickProfile.phase sendChunks                 total=   24.3ms avg/tick=   60.6us share=  0.3% n=400
[04:16:48] [Server thread/INFO]: [STDOUT] [io.papermc.paper.util.PapoTickProfile] PapoTickProfile.phase ent.serverAiStep           total=    7.0ms avg/tick=   17.5us share=  0.1% n=11753
[04:16:48] [Server thread/INFO]: [STDOUT] [io.papermc.paper.util.PapoTickProfile] PapoTickProfile.phase chunkMap.tracker.maintain  total=    6.3ms avg/tick=   15.8us share=  0.1% n=1200
[04:16:48] [Server thread/INFO]: [STDOUT] [io.papermc.paper.util.PapoTickProfile] PapoTickProfile.phase chunkMap.tracker.sendChanges total=    5.0ms avg/tick=   12.4us share=  0.1% n=1200
[04:16:48] [Server thread/INFO]: [STDOUT] [io.papermc.paper.util.PapoTickProfile] PapoTickProfile.phase level.fluidTicks           total=    1.8ms avg/tick=    4.5us share=  0.0% n=1200
[04:16:48] [Server thread/INFO]: [STDOUT] [io.papermc.paper.util.PapoTickProfile] PapoTickProfile.phase player.pushEntities        total=    1.3ms avg/tick=    3.1us share=  0.0% n=6069
[04:16:48] [Server thread/INFO]: [STDOUT] [io.papermc.paper.util.PapoTickProfile] PapoTickProfile.phase chunkMap.tracker.fanout    total=    1.0ms avg/tick=    2.4us share=  0.0% n=1200
[04:16:48] [Server thread/INFO]: [STDOUT] [io.papermc.paper.util.PapoTickProfile] PapoTickProfile.phase player.aiStepTouchScan     total=    0.8ms avg/tick=    1.9us share=  0.0% n=4000
[04:16:48] [Server thread/INFO]: [STDOUT] [io.papermc.paper.util.PapoTickProfile] PapoTickProfile.phase level.blockEvents          total=    0.5ms avg/tick=    1.3us share=  0.0% n=1200
[04:16:48] [Server thread/INFO]: [STDOUT] [io.papermc.paper.util.PapoTickProfile] PapoTickProfile.phase players                    total=    0.2ms avg/tick=    0.6us share=  0.0% n=400
[04:16:48] [Server thread/INFO]: [STDOUT] [io.papermc.paper.util.PapoTickProfile] PapoTickProfile.phase conn.flushQueue            total=    0.1ms avg/tick=    0.3us share=  0.0% n=4000
[04:16:48] [Server thread/INFO]: [STDOUT] [io.papermc.paper.util.PapoTickProfile] PapoTickProfile.phase functions                  total=    0.1ms avg/tick=    0.3us share=  0.0% n=400
[04:16:48] [Server thread/INFO]: [STDOUT] [io.papermc.paper.util.PapoTickProfile] PapoTickProfile.count rs.blockTickRuns           total=   102400 avg/tick=    256.0 n=102400
[04:16:48] [Server thread/INFO]: [STDOUT] [io.papermc.paper.util.PapoTickProfile] PapoTickProfile.count fanout.sends               total=    19947 avg/tick=     49.9 n=1200
[04:16:48] [Server thread/INFO]: [STDOUT] [io.papermc.paper.util.PapoTickProfile] PapoTickProfile.count fanout.pkt.headRot         total=      773 avg/tick=      1.9 n=367
[04:16:48] [Server thread/INFO]: [STDOUT] [io.papermc.paper.util.PapoTickProfile] PapoTickProfile.count fanout.pkt.movePosRot      total=      710 avg/tick=      1.8 n=360
[04:16:48] [Server thread/INFO]: [STDOUT] [io.papermc.paper.util.PapoTickProfile] PapoTickProfile.count fanout.pkt.entityData      total=      408 avg/tick=      1.0 n=400
[04:16:48] [Server thread/INFO]: [STDOUT] [io.papermc.paper.util.PapoTickProfile] PapoTickProfile.count fanout.pkt.movePos         total=      136 avg/tick=      0.3 n=64
[04:16:48] [Server thread/INFO]: [STDOUT] [io.papermc.paper.util.PapoTickProfile] PapoTickProfile.count rs.fluidTickRuns           total=       99 avg/tick=      0.2 n=99
[04:16:48] [Server thread/INFO]: [STDOUT] [io.papermc.paper.util.PapoTickProfile] PapoTickProfile.count fanout.pkt.other           total=       83 avg/tick=      0.2 n=61
[04:16:48] [Server thread/INFO]: [STDOUT] [io.papermc.paper.util.PapoTickProfile] PapoTickProfile.count fanout.pkt.posSync         total=       58 avg/tick=      0.1 n=52
[04:17:08] [Server thread/INFO]: [STDOUT] [io.papermc.paper.util.PapoTickProfile] PapoTickProfile window=400ticks totalWallMs=20000 measuredMs=7980 gcMs=22
[04:17:08] [Server thread/INFO]: [STDOUT] [io.papermc.paper.util.PapoTickProfile] PapoTickProfile.phase worlds                     total= 2619.8ms avg/tick= 6549.6us share= 32.8% n=400
[04:17:08] [Server thread/INFO]: [STDOUT] [io.papermc.paper.util.PapoTickProfile] PapoTickProfile.phase level.tickPending+misc     total= 2511.4ms avg/tick= 6278.5us share= 31.5% n=1200
[04:17:08] [Server thread/INFO]: [STDOUT] [io.papermc.paper.util.PapoTickProfile] PapoTickProfile.phase level.blockTicks           total= 2206.5ms avg/tick= 5516.4us share= 27.6% n=1200
[04:17:08] [Server thread/INFO]: [STDOUT] [io.papermc.paper.util.PapoTickProfile] PapoTickProfile.phase level.chunkSource          total=  301.5ms avg/tick=  753.7us share=  3.8% n=1200
[04:17:08] [Server thread/INFO]: [STDOUT] [io.papermc.paper.util.PapoTickProfile] PapoTickProfile.phase level.entities             total=  100.5ms avg/tick=  251.2us share=  1.3% n=1200
[04:17:08] [Server thread/INFO]: [STDOUT] [io.papermc.paper.util.PapoTickProfile] PapoTickProfile.phase connection                 total=   67.1ms avg/tick=  167.8us share=  0.8% n=400
[04:17:08] [Server thread/INFO]: [STDOUT] [io.papermc.paper.util.PapoTickProfile] PapoTickProfile.phase conn.listenerTick          total=   65.7ms avg/tick=  164.3us share=  0.8% n=4000
[04:17:08] [Server thread/INFO]: [STDOUT] [io.papermc.paper.util.PapoTickProfile] PapoTickProfile.phase player.superTick           total=   50.3ms avg/tick=  125.8us share=  0.6% n=4000
[04:17:08] [Server thread/INFO]: [STDOUT] [io.papermc.paper.util.PapoTickProfile] PapoTickProfile.phase sendChunks                 total=   25.6ms avg/tick=   64.0us share=  0.3% n=400
[04:17:08] [Server thread/INFO]: [STDOUT] [io.papermc.paper.util.PapoTickProfile] PapoTickProfile.phase ent.serverAiStep           total=    7.5ms avg/tick=   18.8us share=  0.1% n=11776
[04:17:08] [Server thread/INFO]: [STDOUT] [io.papermc.paper.util.PapoTickProfile] PapoTickProfile.phase chunkMap.tracker.maintain  total=    6.8ms avg/tick=   16.9us share=  0.1% n=1200
[04:17:08] [Server thread/INFO]: [STDOUT] [io.papermc.paper.util.PapoTickProfile] PapoTickProfile.phase chunkMap.tracker.sendChanges total=    6.1ms avg/tick=   15.2us share=  0.1% n=1200
[04:17:08] [Server thread/INFO]: [STDOUT] [io.papermc.paper.util.PapoTickProfile] PapoTickProfile.phase server.taskDrain           total=    6.0ms avg/tick=   15.1us share=  0.1% n=400
[04:17:08] [Server thread/INFO]: [STDOUT] [io.papermc.paper.util.PapoTickProfile] PapoTickProfile.phase level.fluidTicks           total=    1.9ms avg/tick=    4.8us share=  0.0% n=1200
[04:17:08] [Server thread/INFO]: [STDOUT] [io.papermc.paper.util.PapoTickProfile] PapoTickProfile.phase player.pushEntities        total=    1.3ms avg/tick=    3.1us share=  0.0% n=5877
[04:17:08] [Server thread/INFO]: [STDOUT] [io.papermc.paper.util.PapoTickProfile] PapoTickProfile.phase chunkMap.tracker.fanout    total=    1.2ms avg/tick=    3.0us share=  0.0% n=1200
[04:17:08] [Server thread/INFO]: [STDOUT] [io.papermc.paper.util.PapoTickProfile] PapoTickProfile.phase player.aiStepTouchScan     total=    1.0ms avg/tick=    2.6us share=  0.0% n=3805
[04:17:08] [Server thread/INFO]: [STDOUT] [io.papermc.paper.util.PapoTickProfile] PapoTickProfile.phase level.blockEvents          total=    0.2ms avg/tick=    0.6us share=  0.0% n=1200
[04:17:08] [Server thread/INFO]: [STDOUT] [io.papermc.paper.util.PapoTickProfile] PapoTickProfile.phase conn.flushQueue            total=    0.1ms avg/tick=    0.3us share=  0.0% n=4000
[04:17:08] [Server thread/INFO]: [STDOUT] [io.papermc.paper.util.PapoTickProfile] PapoTickProfile.phase functions                  total=    0.1ms avg/tick=    0.3us share=  0.0% n=400
[04:17:08] [Server thread/INFO]: [STDOUT] [io.papermc.paper.util.PapoTickProfile] PapoTickProfile.phase players                    total=    0.0ms avg/tick=    0.0us share=  0.0% n=400
[04:17:08] [Server thread/INFO]: [STDOUT] [io.papermc.paper.util.PapoTickProfile] PapoTickProfile.count rs.blockTickRuns           total=   102400 avg/tick=    256.0 n=102400
[04:17:08] [Server thread/INFO]: [STDOUT] [io.papermc.paper.util.PapoTickProfile] PapoTickProfile.count fanout.sends               total=    22913 avg/tick=     57.3 n=1200
[04:17:08] [Server thread/INFO]: [STDOUT] [io.papermc.paper.util.PapoTickProfile] PapoTickProfile.count fanout.pkt.headRot         total=     1126 avg/tick=      2.8 n=400
[04:17:08] [Server thread/INFO]: [STDOUT] [io.papermc.paper.util.PapoTickProfile] PapoTickProfile.count fanout.pkt.movePosRot      total=     1033 avg/tick=      2.6 n=400
[04:17:08] [Server thread/INFO]: [STDOUT] [io.papermc.paper.util.PapoTickProfile] PapoTickProfile.count fanout.pkt.entityData      total=      243 avg/tick=      0.6 n=226
[04:17:08] [Server thread/INFO]: [STDOUT] [io.papermc.paper.util.PapoTickProfile] PapoTickProfile.count fanout.pkt.movePos         total=      152 avg/tick=      0.4 n=96
[04:17:08] [Server thread/INFO]: [STDOUT] [io.papermc.paper.util.PapoTickProfile] PapoTickProfile.count rs.fluidTickRuns           total=       80 avg/tick=      0.2 n=80
[04:17:08] [Server thread/INFO]: [STDOUT] [io.papermc.paper.util.PapoTickProfile] PapoTickProfile.count fanout.pkt.other           total=       73 avg/tick=      0.2 n=57
[04:17:08] [Server thread/INFO]: [STDOUT] [io.papermc.paper.util.PapoTickProfile] PapoTickProfile.count fanout.pkt.posSync         total=       54 avg/tick=      0.1 n=52
[04:17:08] [Server thread/INFO]: [STDOUT] [io.papermc.paper.util.PapoTickProfile] PapoTickProfile.count fanout.pkt.velocity        total=       11 avg/tick=      0.0 n=11
[04:17:08] [Server thread/INFO]: [STDOUT] [io.papermc.paper.util.PapoTickProfile] PapoTickProfile.count fanout.pkt.moveRot         total=        6 avg/tick=      0.0 n=6
[04:17:28] [Server thread/INFO]: [STDOUT] [io.papermc.paper.util.PapoTickProfile] PapoTickProfile window=400ticks totalWallMs=19998 measuredMs=7990 gcMs=10
[04:17:28] [Server thread/INFO]: [STDOUT] [io.papermc.paper.util.PapoTickProfile] PapoTickProfile.phase worlds                     total= 2648.0ms avg/tick= 6620.1us share= 33.1% n=400
[04:17:28] [Server thread/INFO]: [STDOUT] [io.papermc.paper.util.PapoTickProfile] PapoTickProfile.phase level.tickPending+misc     total= 2544.2ms avg/tick= 6360.6us share= 31.8% n=1200
[04:17:28] [Server thread/INFO]: [STDOUT] [io.papermc.paper.util.PapoTickProfile] PapoTickProfile.phase level.blockTicks           total= 2243.1ms avg/tick= 5607.6us share= 28.1% n=1200
[04:17:28] [Server thread/INFO]: [STDOUT] [io.papermc.paper.util.PapoTickProfile] PapoTickProfile.phase level.chunkSource          total=  298.9ms avg/tick=  747.1us share=  3.7% n=1200
[04:17:28] [Server thread/INFO]: [STDOUT] [io.papermc.paper.util.PapoTickProfile] PapoTickProfile.phase level.entities             total=  100.7ms avg/tick=  251.7us share=  1.3% n=1200
[04:17:28] [Server thread/INFO]: [STDOUT] [io.papermc.paper.util.PapoTickProfile] PapoTickProfile.phase connection                 total=   37.5ms avg/tick=   93.7us share=  0.5% n=400
[04:17:28] [Server thread/INFO]: [STDOUT] [io.papermc.paper.util.PapoTickProfile] PapoTickProfile.phase conn.listenerTick          total=   35.9ms avg/tick=   89.8us share=  0.4% n=4000
[04:17:28] [Server thread/INFO]: [STDOUT] [io.papermc.paper.util.PapoTickProfile] PapoTickProfile.phase sendChunks                 total=   25.4ms avg/tick=   63.4us share=  0.3% n=400
[04:17:28] [Server thread/INFO]: [STDOUT] [io.papermc.paper.util.PapoTickProfile] PapoTickProfile.phase player.superTick           total=   24.0ms avg/tick=   60.0us share=  0.3% n=4000
[04:17:28] [Server thread/INFO]: [STDOUT] [io.papermc.paper.util.PapoTickProfile] PapoTickProfile.phase ent.serverAiStep           total=    8.7ms avg/tick=   21.8us share=  0.1% n=11928
[04:17:28] [Server thread/INFO]: [STDOUT] [io.papermc.paper.util.PapoTickProfile] PapoTickProfile.phase chunkMap.tracker.maintain  total=    7.3ms avg/tick=   18.3us share=  0.1% n=1200
[04:17:28] [Server thread/INFO]: [STDOUT] [io.papermc.paper.util.PapoTickProfile] PapoTickProfile.phase server.taskDrain           total=    6.5ms avg/tick=   16.3us share=  0.1% n=400
[04:17:28] [Server thread/INFO]: [STDOUT] [io.papermc.paper.util.PapoTickProfile] PapoTickProfile.phase chunkMap.tracker.sendChanges total=    5.5ms avg/tick=   13.7us share=  0.1% n=1200
[04:17:28] [Server thread/INFO]: [STDOUT] [io.papermc.paper.util.PapoTickProfile] PapoTickProfile.phase level.fluidTicks           total=    1.2ms avg/tick=    3.1us share=  0.0% n=1200
[04:17:28] [Server thread/INFO]: [STDOUT] [io.papermc.paper.util.PapoTickProfile] PapoTickProfile.phase player.pushEntities        total=    1.2ms avg/tick=    3.1us share=  0.0% n=5980
[04:17:28] [Server thread/INFO]: [STDOUT] [io.papermc.paper.util.PapoTickProfile] PapoTickProfile.phase player.aiStepTouchScan     total=    1.1ms avg/tick=    2.6us share=  0.0% n=3600
[04:17:28] [Server thread/INFO]: [STDOUT] [io.papermc.paper.util.PapoTickProfile] PapoTickProfile.phase chunkMap.tracker.fanout    total=    1.0ms avg/tick=    2.5us share=  0.0% n=1200
[04:17:28] [Server thread/INFO]: [STDOUT] [io.papermc.paper.util.PapoTickProfile] PapoTickProfile.phase level.blockEvents          total=    0.2ms avg/tick=    0.5us share=  0.0% n=1200
[04:17:28] [Server thread/INFO]: [STDOUT] [io.papermc.paper.util.PapoTickProfile] PapoTickProfile.phase players                    total=    0.2ms avg/tick=    0.4us share=  0.0% n=400
[04:17:28] [Server thread/INFO]: [STDOUT] [io.papermc.paper.util.PapoTickProfile] PapoTickProfile.phase conn.flushQueue            total=    0.1ms avg/tick=    0.3us share=  0.0% n=4000
[04:17:28] [Server thread/INFO]: [STDOUT] [io.papermc.paper.util.PapoTickProfile] PapoTickProfile.phase functions                  total=    0.1ms avg/tick=    0.3us share=  0.0% n=400
[04:17:28] [Server thread/INFO]: [STDOUT] [io.papermc.paper.util.PapoTickProfile] PapoTickProfile.count rs.blockTickRuns           total=   102401 avg/tick=    256.0 n=102401
[04:17:28] [Server thread/INFO]: [STDOUT] [io.papermc.paper.util.PapoTickProfile] PapoTickProfile.count fanout.sends               total=    19027 avg/tick=     47.6 n=1200
[04:17:28] [Server thread/INFO]: [STDOUT] [io.papermc.paper.util.PapoTickProfile] PapoTickProfile.count fanout.pkt.headRot         total=     1174 avg/tick=      2.9 n=392
[04:17:28] [Server thread/INFO]: [STDOUT] [io.papermc.paper.util.PapoTickProfile] PapoTickProfile.count fanout.pkt.movePosRot      total=     1066 avg/tick=      2.7 n=392
[04:17:28] [Server thread/INFO]: [STDOUT] [io.papermc.paper.util.PapoTickProfile] PapoTickProfile.count fanout.pkt.movePos         total=      186 avg/tick=      0.5 n=119
[04:17:28] [Server thread/INFO]: [STDOUT] [io.papermc.paper.util.PapoTickProfile] PapoTickProfile.count fanout.pkt.posSync         total=       81 avg/tick=      0.2 n=71
[04:17:28] [Server thread/INFO]: [STDOUT] [io.papermc.paper.util.PapoTickProfile] PapoTickProfile.count fanout.pkt.other           total=       48 avg/tick=      0.1 n=47
[04:17:28] [Server thread/INFO]: [STDOUT] [io.papermc.paper.util.PapoTickProfile] PapoTickProfile.count rs.fluidTickRuns           total=       38 avg/tick=      0.1 n=38
[04:17:28] [Server thread/INFO]: [STDOUT] [io.papermc.paper.util.PapoTickProfile] PapoTickProfile.count fanout.pkt.entityData      total=       19 avg/tick=      0.0 n=19
[04:17:28] [Server thread/INFO]: [STDOUT] [io.papermc.paper.util.PapoTickProfile] PapoTickProfile.count fanout.pkt.velocity        total=       12 avg/tick=      0.0 n=12
[04:17:48] [Server thread/INFO]: [STDOUT] [io.papermc.paper.util.PapoTickProfile] PapoTickProfile window=400ticks totalWallMs=20000 measuredMs=8121 gcMs=11
[04:17:48] [Server thread/INFO]: [STDOUT] [io.papermc.paper.util.PapoTickProfile] PapoTickProfile.phase worlds                     total= 2692.6ms avg/tick= 6731.5us share= 33.2% n=400
[04:17:48] [Server thread/INFO]: [STDOUT] [io.papermc.paper.util.PapoTickProfile] PapoTickProfile.phase level.tickPending+misc     total= 2585.7ms avg/tick= 6464.2us share= 31.8% n=1200
[04:17:48] [Server thread/INFO]: [STDOUT] [io.papermc.paper.util.PapoTickProfile] PapoTickProfile.phase level.blockTicks           total= 2273.9ms avg/tick= 5684.7us share= 28.0% n=1200
[04:17:48] [Server thread/INFO]: [STDOUT] [io.papermc.paper.util.PapoTickProfile] PapoTickProfile.phase level.chunkSource          total=  309.4ms avg/tick=  773.4us share=  3.8% n=1200
[04:17:48] [Server thread/INFO]: [STDOUT] [io.papermc.paper.util.PapoTickProfile] PapoTickProfile.phase level.entities             total=  103.5ms avg/tick=  258.8us share=  1.3% n=1200
[04:17:48] [Server thread/INFO]: [STDOUT] [io.papermc.paper.util.PapoTickProfile] PapoTickProfile.phase connection                 total=   37.2ms avg/tick=   92.9us share=  0.5% n=400
[04:17:48] [Server thread/INFO]: [STDOUT] [io.papermc.paper.util.PapoTickProfile] PapoTickProfile.phase conn.listenerTick          total=   35.5ms avg/tick=   88.8us share=  0.4% n=4000
[04:17:48] [Server thread/INFO]: [STDOUT] [io.papermc.paper.util.PapoTickProfile] PapoTickProfile.phase sendChunks                 total=   27.3ms avg/tick=   68.1us share=  0.3% n=400
[04:17:48] [Server thread/INFO]: [STDOUT] [io.papermc.paper.util.PapoTickProfile] PapoTickProfile.phase player.superTick           total=   24.4ms avg/tick=   60.9us share=  0.3% n=4000
[04:17:48] [Server thread/INFO]: [STDOUT] [io.papermc.paper.util.PapoTickProfile] PapoTickProfile.phase ent.serverAiStep           total=    8.2ms avg/tick=   20.5us share=  0.1% n=11689
[04:17:48] [Server thread/INFO]: [STDOUT] [io.papermc.paper.util.PapoTickProfile] PapoTickProfile.phase chunkMap.tracker.maintain  total=    8.0ms avg/tick=   20.1us share=  0.1% n=1200
[04:17:48] [Server thread/INFO]: [STDOUT] [io.papermc.paper.util.PapoTickProfile] PapoTickProfile.phase chunkMap.tracker.sendChanges total=    5.5ms avg/tick=   13.6us share=  0.1% n=1200
[04:17:48] [Server thread/INFO]: [STDOUT] [io.papermc.paper.util.PapoTickProfile] PapoTickProfile.phase server.taskDrain           total=    5.3ms avg/tick=   13.2us share=  0.1% n=400
[04:17:48] [Server thread/INFO]: [STDOUT] [io.papermc.paper.util.PapoTickProfile] PapoTickProfile.phase player.pushEntities        total=    1.3ms avg/tick=    3.2us share=  0.0% n=5731
[04:17:48] [Server thread/INFO]: [STDOUT] [io.papermc.paper.util.PapoTickProfile] PapoTickProfile.phase level.fluidTicks           total=    1.2ms avg/tick=    3.1us share=  0.0% n=1200
[04:17:48] [Server thread/INFO]: [STDOUT] [io.papermc.paper.util.PapoTickProfile] PapoTickProfile.phase chunkMap.tracker.fanout    total=    1.0ms avg/tick=    2.4us share=  0.0% n=1200
[04:17:48] [Server thread/INFO]: [STDOUT] [io.papermc.paper.util.PapoTickProfile] PapoTickProfile.phase player.aiStepTouchScan     total=    0.7ms avg/tick=    1.8us share=  0.0% n=3600
[04:17:48] [Server thread/INFO]: [STDOUT] [io.papermc.paper.util.PapoTickProfile] PapoTickProfile.phase level.blockEvents          total=    0.2ms avg/tick=    0.6us share=  0.0% n=1200
[04:17:48] [Server thread/INFO]: [STDOUT] [io.papermc.paper.util.PapoTickProfile] PapoTickProfile.phase functions                  total=    0.1ms avg/tick=    0.3us share=  0.0% n=400
[04:17:48] [Server thread/INFO]: [STDOUT] [io.papermc.paper.util.PapoTickProfile] PapoTickProfile.phase conn.flushQueue            total=    0.1ms avg/tick=    0.3us share=  0.0% n=4000
[04:17:48] [Server thread/INFO]: [STDOUT] [io.papermc.paper.util.PapoTickProfile] PapoTickProfile.phase players                    total=    0.1ms avg/tick=    0.3us share=  0.0% n=400
[04:17:48] [Server thread/INFO]: [STDOUT] [io.papermc.paper.util.PapoTickProfile] PapoTickProfile.count rs.blockTickRuns           total=   102400 avg/tick=    256.0 n=102400
[04:17:48] [Server thread/INFO]: [STDOUT] [io.papermc.paper.util.PapoTickProfile] PapoTickProfile.count fanout.sends               total=    17351 avg/tick=     43.4 n=1200
[04:17:48] [Server thread/INFO]: [STDOUT] [io.papermc.paper.util.PapoTickProfile] PapoTickProfile.count fanout.pkt.headRot         total=     1065 avg/tick=      2.7 n=400
[04:17:48] [Server thread/INFO]: [STDOUT] [io.papermc.paper.util.PapoTickProfile] PapoTickProfile.count fanout.pkt.movePosRot      total=      962 avg/tick=      2.4 n=400
[04:17:48] [Server thread/INFO]: [STDOUT] [io.papermc.paper.util.PapoTickProfile] PapoTickProfile.count fanout.pkt.movePos         total=      146 avg/tick=      0.4 n=92
[04:17:48] [Server thread/INFO]: [STDOUT] [io.papermc.paper.util.PapoTickProfile] PapoTickProfile.count fanout.pkt.posSync         total=       72 avg/tick=      0.2 n=66
[04:17:48] [Server thread/INFO]: [STDOUT] [io.papermc.paper.util.PapoTickProfile] PapoTickProfile.count rs.fluidTickRuns           total=       65 avg/tick=      0.2 n=65
[04:17:48] [Server thread/INFO]: [STDOUT] [io.papermc.paper.util.PapoTickProfile] PapoTickProfile.count fanout.pkt.other           total=       38 avg/tick=      0.1 n=36
[04:18:08] [Server thread/INFO]: [STDOUT] [io.papermc.paper.util.PapoTickProfile] PapoTickProfile window=400ticks totalWallMs=20000 measuredMs=8085 gcMs=8
[04:18:08] [Server thread/INFO]: [STDOUT] [io.papermc.paper.util.PapoTickProfile] PapoTickProfile.phase worlds                     total= 2681.7ms avg/tick= 6704.1us share= 33.2% n=400
[04:18:08] [Server thread/INFO]: [STDOUT] [io.papermc.paper.util.PapoTickProfile] PapoTickProfile.phase level.tickPending+misc     total= 2577.7ms avg/tick= 6444.3us share= 31.9% n=1200
[04:18:08] [Server thread/INFO]: [STDOUT] [io.papermc.paper.util.PapoTickProfile] PapoTickProfile.phase level.blockTicks           total= 2277.9ms avg/tick= 5694.7us share= 28.2% n=1200
[04:18:08] [Server thread/INFO]: [STDOUT] [io.papermc.paper.util.PapoTickProfile] PapoTickProfile.phase level.chunkSource          total=  297.5ms avg/tick=  743.7us share=  3.7% n=1200
[04:18:08] [Server thread/INFO]: [STDOUT] [io.papermc.paper.util.PapoTickProfile] PapoTickProfile.phase level.entities             total=  100.7ms avg/tick=  251.9us share=  1.2% n=1200
[04:18:08] [Server thread/INFO]: [STDOUT] [io.papermc.paper.util.PapoTickProfile] PapoTickProfile.phase connection                 total=   36.4ms avg/tick=   91.1us share=  0.5% n=400
[04:18:08] [Server thread/INFO]: [STDOUT] [io.papermc.paper.util.PapoTickProfile] PapoTickProfile.phase conn.listenerTick          total=   34.9ms avg/tick=   87.2us share=  0.4% n=4000
[04:18:08] [Server thread/INFO]: [STDOUT] [io.papermc.paper.util.PapoTickProfile] PapoTickProfile.phase sendChunks                 total=   25.7ms avg/tick=   64.2us share=  0.3% n=400
[04:18:08] [Server thread/INFO]: [STDOUT] [io.papermc.paper.util.PapoTickProfile] PapoTickProfile.phase player.superTick           total=   24.3ms avg/tick=   60.7us share=  0.3% n=4000
[04:18:08] [Server thread/INFO]: [STDOUT] [io.papermc.paper.util.PapoTickProfile] PapoTickProfile.phase ent.serverAiStep           total=    7.3ms avg/tick=   18.3us share=  0.1% n=11654
[04:18:08] [Server thread/INFO]: [STDOUT] [io.papermc.paper.util.PapoTickProfile] PapoTickProfile.phase chunkMap.tracker.maintain  total=    7.0ms avg/tick=   17.4us share=  0.1% n=1200
[04:18:08] [Server thread/INFO]: [STDOUT] [io.papermc.paper.util.PapoTickProfile] PapoTickProfile.phase server.taskDrain           total=    5.1ms avg/tick=   12.7us share=  0.1% n=400
[04:18:08] [Server thread/INFO]: [STDOUT] [io.papermc.paper.util.PapoTickProfile] PapoTickProfile.phase chunkMap.tracker.sendChanges total=    5.0ms avg/tick=   12.5us share=  0.1% n=1200
[04:18:08] [Server thread/INFO]: [STDOUT] [io.papermc.paper.util.PapoTickProfile] PapoTickProfile.phase level.fluidTicks           total=    1.3ms avg/tick=    3.2us share=  0.0% n=1200
[04:18:08] [Server thread/INFO]: [STDOUT] [io.papermc.paper.util.PapoTickProfile] PapoTickProfile.phase player.pushEntities        total=    1.2ms avg/tick=    2.9us share=  0.0% n=5666
[04:18:08] [Server thread/INFO]: [STDOUT] [io.papermc.paper.util.PapoTickProfile] PapoTickProfile.phase chunkMap.tracker.fanout    total=    0.9ms avg/tick=    2.3us share=  0.0% n=1200
[04:18:08] [Server thread/INFO]: [STDOUT] [io.papermc.paper.util.PapoTickProfile] PapoTickProfile.phase player.aiStepTouchScan     total=    0.7ms avg/tick=    1.7us share=  0.0% n=3600
[04:18:08] [Server thread/INFO]: [STDOUT] [io.papermc.paper.util.PapoTickProfile] PapoTickProfile.phase level.blockEvents          total=    0.2ms avg/tick=    0.5us share=  0.0% n=1200
[04:18:08] [Server thread/INFO]: [STDOUT] [io.papermc.paper.util.PapoTickProfile] PapoTickProfile.phase conn.flushQueue            total=    0.1ms avg/tick=    0.3us share=  0.0% n=4000
[04:18:08] [Server thread/INFO]: [STDOUT] [io.papermc.paper.util.PapoTickProfile] PapoTickProfile.phase functions                  total=    0.1ms avg/tick=    0.3us share=  0.0% n=400
[04:18:08] [Server thread/INFO]: [STDOUT] [io.papermc.paper.util.PapoTickProfile] PapoTickProfile.phase players                    total=    0.0ms avg/tick=    0.0us share=  0.0% n=400
[04:18:08] [Server thread/INFO]: [STDOUT] [io.papermc.paper.util.PapoTickProfile] PapoTickProfile.count rs.blockTickRuns           total=   102400 avg/tick=    256.0 n=102400
[04:18:08] [Server thread/INFO]: [STDOUT] [io.papermc.paper.util.PapoTickProfile] PapoTickProfile.count fanout.sends               total=    16903 avg/tick=     42.3 n=1200
[04:18:08] [Server thread/INFO]: [STDOUT] [io.papermc.paper.util.PapoTickProfile] PapoTickProfile.count fanout.pkt.headRot         total=     1071 avg/tick=      2.7 n=399
[04:18:08] [Server thread/INFO]: [STDOUT] [io.papermc.paper.util.PapoTickProfile] PapoTickProfile.count fanout.pkt.movePosRot      total=      959 avg/tick=      2.4 n=394
[04:18:08] [Server thread/INFO]: [STDOUT] [io.papermc.paper.util.PapoTickProfile] PapoTickProfile.count fanout.pkt.movePos         total=      145 avg/tick=      0.4 n=94
[04:18:08] [Server thread/INFO]: [STDOUT] [io.papermc.paper.util.PapoTickProfile] PapoTickProfile.count rs.fluidTickRuns           total=       89 avg/tick=      0.2 n=89
[04:18:08] [Server thread/INFO]: [STDOUT] [io.papermc.paper.util.PapoTickProfile] PapoTickProfile.count fanout.pkt.posSync         total=       81 avg/tick=      0.2 n=72
[04:18:08] [Server thread/INFO]: [STDOUT] [io.papermc.paper.util.PapoTickProfile] PapoTickProfile.count fanout.pkt.velocity        total=       53 avg/tick=      0.1 n=51
[04:18:08] [Server thread/INFO]: [STDOUT] [io.papermc.paper.util.PapoTickProfile] PapoTickProfile.count fanout.pkt.other           total=       46 avg/tick=      0.1 n=46
[04:18:08] [Server thread/INFO]: [STDOUT] [io.papermc.paper.util.PapoTickProfile] PapoTickProfile.count fanout.pkt.entityData      total=       24 avg/tick=      0.1 n=23
[04:18:08] [Server thread/INFO]: [STDOUT] [io.papermc.paper.util.PapoTickProfile] PapoTickProfile.count fanout.pkt.moveRot         total=       18 avg/tick=      0.0 n=18
[04:18:28] [Server thread/INFO]: [STDOUT] [io.papermc.paper.util.PapoTickProfile] PapoTickProfile window=400ticks totalWallMs=19999 measuredMs=8033 gcMs=9
[04:18:28] [Server thread/INFO]: [STDOUT] [io.papermc.paper.util.PapoTickProfile] PapoTickProfile.phase worlds                     total= 2662.8ms avg/tick= 6656.9us share= 33.1% n=400
[04:18:28] [Server thread/INFO]: [STDOUT] [io.papermc.paper.util.PapoTickProfile] PapoTickProfile.phase level.tickPending+misc     total= 2557.9ms avg/tick= 6394.9us share= 31.8% n=1200
[04:18:28] [Server thread/INFO]: [STDOUT] [io.papermc.paper.util.PapoTickProfile] PapoTickProfile.phase level.blockTicks           total= 2247.9ms avg/tick= 5619.8us share= 28.0% n=1200
[04:18:28] [Server thread/INFO]: [STDOUT] [io.papermc.paper.util.PapoTickProfile] PapoTickProfile.phase level.chunkSource          total=  307.8ms avg/tick=  769.4us share=  3.8% n=1200
[04:18:28] [Server thread/INFO]: [STDOUT] [io.papermc.paper.util.PapoTickProfile] PapoTickProfile.phase level.entities             total=  101.5ms avg/tick=  253.7us share=  1.3% n=1200
[04:18:28] [Server thread/INFO]: [STDOUT] [io.papermc.paper.util.PapoTickProfile] PapoTickProfile.phase connection                 total=   37.7ms avg/tick=   94.3us share=  0.5% n=400
[04:18:28] [Server thread/INFO]: [STDOUT] [io.papermc.paper.util.PapoTickProfile] PapoTickProfile.phase conn.listenerTick          total=   36.1ms avg/tick=   90.2us share=  0.4% n=4000
[04:18:28] [Server thread/INFO]: [STDOUT] [io.papermc.paper.util.PapoTickProfile] PapoTickProfile.phase sendChunks                 total=   26.3ms avg/tick=   65.8us share=  0.3% n=400
[04:18:28] [Server thread/INFO]: [STDOUT] [io.papermc.paper.util.PapoTickProfile] PapoTickProfile.phase player.superTick           total=   24.9ms avg/tick=   62.1us share=  0.3% n=4000
[04:18:28] [Server thread/INFO]: [STDOUT] [io.papermc.paper.util.PapoTickProfile] PapoTickProfile.phase ent.serverAiStep           total=    8.0ms avg/tick=   19.9us share=  0.1% n=11658
[04:18:28] [Server thread/INFO]: [STDOUT] [io.papermc.paper.util.PapoTickProfile] PapoTickProfile.phase chunkMap.tracker.maintain  total=    7.8ms avg/tick=   19.5us share=  0.1% n=1200
[04:18:28] [Server thread/INFO]: [STDOUT] [io.papermc.paper.util.PapoTickProfile] PapoTickProfile.phase chunkMap.tracker.sendChanges total=    5.3ms avg/tick=   13.3us share=  0.1% n=1200
[04:18:28] [Server thread/INFO]: [STDOUT] [io.papermc.paper.util.PapoTickProfile] PapoTickProfile.phase server.taskDrain           total=    5.1ms avg/tick=   12.8us share=  0.1% n=400
[04:18:28] [Server thread/INFO]: [STDOUT] [io.papermc.paper.util.PapoTickProfile] PapoTickProfile.phase player.pushEntities        total=    1.2ms avg/tick=    2.9us share=  0.0% n=5675
[04:18:28] [Server thread/INFO]: [STDOUT] [io.papermc.paper.util.PapoTickProfile] PapoTickProfile.phase level.fluidTicks           total=    1.1ms avg/tick=    2.7us share=  0.0% n=1200
[04:18:28] [Server thread/INFO]: [STDOUT] [io.papermc.paper.util.PapoTickProfile] PapoTickProfile.phase chunkMap.tracker.fanout    total=    0.9ms avg/tick=    2.3us share=  0.0% n=1200
[04:18:28] [Server thread/INFO]: [STDOUT] [io.papermc.paper.util.PapoTickProfile] PapoTickProfile.phase player.aiStepTouchScan     total=    0.9ms avg/tick=    2.1us share=  0.0% n=3600
[04:18:28] [Server thread/INFO]: [STDOUT] [io.papermc.paper.util.PapoTickProfile] PapoTickProfile.phase level.blockEvents          total=    0.2ms avg/tick=    0.6us share=  0.0% n=1200
[04:18:28] [Server thread/INFO]: [STDOUT] [io.papermc.paper.util.PapoTickProfile] PapoTickProfile.phase conn.flushQueue            total=    0.1ms avg/tick=    0.3us share=  0.0% n=4000
[04:18:28] [Server thread/INFO]: [STDOUT] [io.papermc.paper.util.PapoTickProfile] PapoTickProfile.phase functions                  total=    0.1ms avg/tick=    0.3us share=  0.0% n=400
[04:18:28] [Server thread/INFO]: [STDOUT] [io.papermc.paper.util.PapoTickProfile] PapoTickProfile.phase players                    total=    0.1ms avg/tick=    0.3us share=  0.0% n=400
[04:18:28] [Server thread/INFO]: [STDOUT] [io.papermc.paper.util.PapoTickProfile] PapoTickProfile.count rs.blockTickRuns           total=   102400 avg/tick=    256.0 n=102400
[04:18:28] [Server thread/INFO]: [STDOUT] [io.papermc.paper.util.PapoTickProfile] PapoTickProfile.count fanout.sends               total=    15625 avg/tick=     39.1 n=1200
[04:18:28] [Server thread/INFO]: [STDOUT] [io.papermc.paper.util.PapoTickProfile] PapoTickProfile.count fanout.pkt.headRot         total=      933 avg/tick=      2.3 n=396
[04:18:28] [Server thread/INFO]: [STDOUT] [io.papermc.paper.util.PapoTickProfile] PapoTickProfile.count fanout.pkt.movePosRot      total=      831 avg/tick=      2.1 n=391
[04:18:28] [Server thread/INFO]: [STDOUT] [io.papermc.paper.util.PapoTickProfile] PapoTickProfile.count fanout.pkt.movePos         total=      153 avg/tick=      0.4 n=96
[04:18:28] [Server thread/INFO]: [STDOUT] [io.papermc.paper.util.PapoTickProfile] PapoTickProfile.count fanout.pkt.posSync         total=       66 avg/tick=      0.2 n=66
[04:18:28] [Server thread/INFO]: [STDOUT] [io.papermc.paper.util.PapoTickProfile] PapoTickProfile.count fanout.pkt.other           total=       46 avg/tick=      0.1 n=42
[04:18:28] [Server thread/INFO]: [STDOUT] [io.papermc.paper.util.PapoTickProfile] PapoTickProfile.count fanout.pkt.entityData      total=       23 avg/tick=      0.1 n=23
[04:18:28] [Server thread/INFO]: [STDOUT] [io.papermc.paper.util.PapoTickProfile] PapoTickProfile.count rs.fluidTickRuns           total=       14 avg/tick=      0.0 n=14
[04:18:28] [Server thread/INFO]: [STDOUT] [io.papermc.paper.util.PapoTickProfile] PapoTickProfile.count fanout.pkt.moveRot         total=       12 avg/tick=      0.0 n=12
[04:18:48] [Server thread/INFO]: [STDOUT] [io.papermc.paper.util.PapoTickProfile] PapoTickProfile window=400ticks totalWallMs=20000 measuredMs=8525 gcMs=12
[04:18:48] [Server thread/INFO]: [STDOUT] [io.papermc.paper.util.PapoTickProfile] PapoTickProfile.phase worlds                     total= 2826.2ms avg/tick= 7065.6us share= 33.2% n=400
[04:18:48] [Server thread/INFO]: [STDOUT] [io.papermc.paper.util.PapoTickProfile] PapoTickProfile.phase level.tickPending+misc     total= 2686.4ms avg/tick= 6716.0us share= 31.5% n=1200
[04:18:48] [Server thread/INFO]: [STDOUT] [io.papermc.paper.util.PapoTickProfile] PapoTickProfile.phase level.blockTicks           total= 2341.1ms avg/tick= 5852.7us share= 27.5% n=1200
[04:18:48] [Server thread/INFO]: [STDOUT] [io.papermc.paper.util.PapoTickProfile] PapoTickProfile.phase level.chunkSource          total=  342.7ms avg/tick=  856.7us share=  4.0% n=1200
[04:18:48] [Server thread/INFO]: [STDOUT] [io.papermc.paper.util.PapoTickProfile] PapoTickProfile.phase level.entities             total=  136.0ms avg/tick=  340.0us share=  1.6% n=1200
[04:18:48] [Server thread/INFO]: [STDOUT] [io.papermc.paper.util.PapoTickProfile] PapoTickProfile.phase connection                 total=   44.2ms avg/tick=  110.4us share=  0.5% n=400
[04:18:48] [Server thread/INFO]: [STDOUT] [io.papermc.paper.util.PapoTickProfile] PapoTickProfile.phase conn.listenerTick          total=   42.3ms avg/tick=  105.8us share=  0.5% n=4000
[04:18:48] [Server thread/INFO]: [STDOUT] [io.papermc.paper.util.PapoTickProfile] PapoTickProfile.phase player.superTick           total=   30.5ms avg/tick=   76.2us share=  0.4% n=4000
[04:18:48] [Server thread/INFO]: [STDOUT] [io.papermc.paper.util.PapoTickProfile] PapoTickProfile.phase sendChunks                 total=   30.0ms avg/tick=   75.0us share=  0.4% n=400
[04:18:48] [Server thread/INFO]: [STDOUT] [io.papermc.paper.util.PapoTickProfile] PapoTickProfile.phase ent.serverAiStep           total=   18.2ms avg/tick=   45.4us share=  0.2% n=13237
[04:18:48] [Server thread/INFO]: [STDOUT] [io.papermc.paper.util.PapoTickProfile] PapoTickProfile.phase chunkMap.tracker.maintain  total=    9.7ms avg/tick=   24.2us share=  0.1% n=1200
[04:18:48] [Server thread/INFO]: [STDOUT] [io.papermc.paper.util.PapoTickProfile] PapoTickProfile.phase chunkMap.tracker.sendChanges total=    6.5ms avg/tick=   16.2us share=  0.1% n=1200
[04:18:48] [Server thread/INFO]: [STDOUT] [io.papermc.paper.util.PapoTickProfile] PapoTickProfile.phase server.taskDrain           total=    6.0ms avg/tick=   15.1us share=  0.1% n=400
[04:18:48] [Server thread/INFO]: [STDOUT] [io.papermc.paper.util.PapoTickProfile] PapoTickProfile.phase player.pushEntities        total=    1.7ms avg/tick=    4.3us share=  0.0% n=7267
[04:18:48] [Server thread/INFO]: [STDOUT] [io.papermc.paper.util.PapoTickProfile] PapoTickProfile.phase level.fluidTicks           total=    1.4ms avg/tick=    3.4us share=  0.0% n=1200
[04:18:48] [Server thread/INFO]: [STDOUT] [io.papermc.paper.util.PapoTickProfile] PapoTickProfile.phase chunkMap.tracker.fanout    total=    1.0ms avg/tick=    2.6us share=  0.0% n=1200
[04:18:48] [Server thread/INFO]: [STDOUT] [io.papermc.paper.util.PapoTickProfile] PapoTickProfile.phase player.aiStepTouchScan     total=    0.8ms avg/tick=    2.1us share=  0.0% n=3600
[04:18:48] [Server thread/INFO]: [STDOUT] [io.papermc.paper.util.PapoTickProfile] PapoTickProfile.phase level.blockEvents          total=    0.3ms avg/tick=    0.7us share=  0.0% n=1200
[04:18:48] [Server thread/INFO]: [STDOUT] [io.papermc.paper.util.PapoTickProfile] PapoTickProfile.phase conn.flushQueue            total=    0.1ms avg/tick=    0.4us share=  0.0% n=4000
[04:18:48] [Server thread/INFO]: [STDOUT] [io.papermc.paper.util.PapoTickProfile] PapoTickProfile.phase functions                  total=    0.1ms avg/tick=    0.3us share=  0.0% n=400
[04:18:48] [Server thread/INFO]: [STDOUT] [io.papermc.paper.util.PapoTickProfile] PapoTickProfile.phase players                    total=    0.1ms avg/tick=    0.3us share=  0.0% n=400
[04:18:48] [Server thread/INFO]: [STDOUT] [io.papermc.paper.util.PapoTickProfile] PapoTickProfile.count rs.blockTickRuns           total=   102401 avg/tick=    256.0 n=102401
[04:18:48] [Server thread/INFO]: [STDOUT] [io.papermc.paper.util.PapoTickProfile] PapoTickProfile.count fanout.sends               total=    15535 avg/tick=     38.8 n=1200
[04:18:48] [Server thread/INFO]: [STDOUT] [io.papermc.paper.util.PapoTickProfile] PapoTickProfile.count fanout.pkt.headRot         total=     1112 avg/tick=      2.8 n=399
[04:18:48] [Server thread/INFO]: [STDOUT] [io.papermc.paper.util.PapoTickProfile] PapoTickProfile.count fanout.pkt.movePosRot      total=      998 avg/tick=      2.5 n=395
[04:18:48] [Server thread/INFO]: [STDOUT] [io.papermc.paper.util.PapoTickProfile] PapoTickProfile.count fanout.pkt.movePos         total=      155 avg/tick=      0.4 n=96
[04:18:48] [Server thread/INFO]: [STDOUT] [io.papermc.paper.util.PapoTickProfile] PapoTickProfile.count fanout.pkt.posSync         total=      110 avg/tick=      0.3 n=96
[04:18:48] [Server thread/INFO]: [STDOUT] [io.papermc.paper.util.PapoTickProfile] PapoTickProfile.count rs.fluidTickRuns           total=       55 avg/tick=      0.1 n=55
[04:18:48] [Server thread/INFO]: [STDOUT] [io.papermc.paper.util.PapoTickProfile] PapoTickProfile.count fanout.pkt.other           total=       48 avg/tick=      0.1 n=46
[04:18:48] [Server thread/INFO]: [STDOUT] [io.papermc.paper.util.PapoTickProfile] PapoTickProfile.count fanout.pkt.entityData      total=       31 avg/tick=      0.1 n=31
[04:19:08] [Server thread/INFO]: [STDOUT] [io.papermc.paper.util.PapoTickProfile] PapoTickProfile window=400ticks totalWallMs=20000 measuredMs=8279 gcMs=9
[04:19:08] [Server thread/INFO]: [STDOUT] [io.papermc.paper.util.PapoTickProfile] PapoTickProfile.phase worlds                     total= 2744.5ms avg/tick= 6861.4us share= 33.2% n=400
[04:19:08] [Server thread/INFO]: [STDOUT] [io.papermc.paper.util.PapoTickProfile] PapoTickProfile.phase level.tickPending+misc     total= 2632.7ms avg/tick= 6581.8us share= 31.8% n=1200
[04:19:08] [Server thread/INFO]: [STDOUT] [io.papermc.paper.util.PapoTickProfile] PapoTickProfile.phase level.blockTicks           total= 2311.6ms avg/tick= 5779.0us share= 27.9% n=1200
[04:19:08] [Server thread/INFO]: [STDOUT] [io.papermc.paper.util.PapoTickProfile] PapoTickProfile.phase level.chunkSource          total=  318.8ms avg/tick=  797.0us share=  3.9% n=1200
[04:19:08] [Server thread/INFO]: [STDOUT] [io.papermc.paper.util.PapoTickProfile] PapoTickProfile.phase level.entities             total=  108.4ms avg/tick=  271.1us share=  1.3% n=1200
[04:19:08] [Server thread/INFO]: [STDOUT] [io.papermc.paper.util.PapoTickProfile] PapoTickProfile.phase connection                 total=   38.9ms avg/tick=   97.3us share=  0.5% n=400
[04:19:08] [Server thread/INFO]: [STDOUT] [io.papermc.paper.util.PapoTickProfile] PapoTickProfile.phase conn.listenerTick          total=   37.1ms avg/tick=   92.7us share=  0.4% n=4000
[04:19:08] [Server thread/INFO]: [STDOUT] [io.papermc.paper.util.PapoTickProfile] PapoTickProfile.phase sendChunks                 total=   28.4ms avg/tick=   71.1us share=  0.3% n=400
[04:19:08] [Server thread/INFO]: [STDOUT] [io.papermc.paper.util.PapoTickProfile] PapoTickProfile.phase player.superTick           total=   25.6ms avg/tick=   64.0us share=  0.3% n=4000
[04:19:08] [Server thread/INFO]: [STDOUT] [io.papermc.paper.util.PapoTickProfile] PapoTickProfile.phase chunkMap.tracker.maintain  total=    9.0ms avg/tick=   22.5us share=  0.1% n=1200
[04:19:08] [Server thread/INFO]: [STDOUT] [io.papermc.paper.util.PapoTickProfile] PapoTickProfile.phase ent.serverAiStep           total=    8.3ms avg/tick=   20.7us share=  0.1% n=11726
[04:19:08] [Server thread/INFO]: [STDOUT] [io.papermc.paper.util.PapoTickProfile] PapoTickProfile.phase chunkMap.tracker.sendChanges total=    5.7ms avg/tick=   14.1us share=  0.1% n=1200
[04:19:08] [Server thread/INFO]: [STDOUT] [io.papermc.paper.util.PapoTickProfile] PapoTickProfile.phase server.taskDrain           total=    5.2ms avg/tick=   12.9us share=  0.1% n=400
[04:19:08] [Server thread/INFO]: [STDOUT] [io.papermc.paper.util.PapoTickProfile] PapoTickProfile.phase player.pushEntities        total=    1.4ms avg/tick=    3.5us share=  0.0% n=5746
[04:19:08] [Server thread/INFO]: [STDOUT] [io.papermc.paper.util.PapoTickProfile] PapoTickProfile.phase level.fluidTicks           total=    1.2ms avg/tick=    3.0us share=  0.0% n=1200
[04:19:08] [Server thread/INFO]: [STDOUT] [io.papermc.paper.util.PapoTickProfile] PapoTickProfile.phase chunkMap.tracker.fanout    total=    0.9ms avg/tick=    2.3us share=  0.0% n=1200
[04:19:08] [Server thread/INFO]: [STDOUT] [io.papermc.paper.util.PapoTickProfile] PapoTickProfile.phase player.aiStepTouchScan     total=    0.8ms avg/tick=    1.9us share=  0.0% n=3600
[04:19:08] [Server thread/INFO]: [STDOUT] [io.papermc.paper.util.PapoTickProfile] PapoTickProfile.phase level.blockEvents          total=    0.2ms avg/tick=    0.6us share=  0.0% n=1200
[04:19:08] [Server thread/INFO]: [STDOUT] [io.papermc.paper.util.PapoTickProfile] PapoTickProfile.phase conn.flushQueue            total=    0.2ms avg/tick=    0.4us share=  0.0% n=4000
[04:19:08] [Server thread/INFO]: [STDOUT] [io.papermc.paper.util.PapoTickProfile] PapoTickProfile.phase functions                  total=    0.1ms avg/tick=    0.3us share=  0.0% n=400
[04:19:08] [Server thread/INFO]: [STDOUT] [io.papermc.paper.util.PapoTickProfile] PapoTickProfile.phase players                    total=    0.0ms avg/tick=    0.0us share=  0.0% n=400
[04:19:08] [Server thread/INFO]: [STDOUT] [io.papermc.paper.util.PapoTickProfile] PapoTickProfile.count rs.blockTickRuns           total=   102401 avg/tick=    256.0 n=102401
[04:19:08] [Server thread/INFO]: [STDOUT] [io.papermc.paper.util.PapoTickProfile] PapoTickProfile.count fanout.sends               total=    16220 avg/tick=     40.6 n=1200
[04:19:08] [Server thread/INFO]: [STDOUT] [io.papermc.paper.util.PapoTickProfile] PapoTickProfile.count fanout.pkt.headRot         total=      998 avg/tick=      2.5 n=399
[04:19:08] [Server thread/INFO]: [STDOUT] [io.papermc.paper.util.PapoTickProfile] PapoTickProfile.count fanout.pkt.movePosRot      total=      897 avg/tick=      2.2 n=399
[04:19:08] [Server thread/INFO]: [STDOUT] [io.papermc.paper.util.PapoTickProfile] PapoTickProfile.count fanout.pkt.movePos         total=      133 avg/tick=      0.3 n=80
[04:19:08] [Server thread/INFO]: [STDOUT] [io.papermc.paper.util.PapoTickProfile] PapoTickProfile.count fanout.pkt.posSync         total=       86 avg/tick=      0.2 n=75
[04:19:08] [Server thread/INFO]: [STDOUT] [io.papermc.paper.util.PapoTickProfile] PapoTickProfile.count rs.fluidTickRuns           total=       49 avg/tick=      0.1 n=49
[04:19:08] [Server thread/INFO]: [STDOUT] [io.papermc.paper.util.PapoTickProfile] PapoTickProfile.count fanout.pkt.other           total=       46 avg/tick=      0.1 n=44
[04:19:08] [Server thread/INFO]: [STDOUT] [io.papermc.paper.util.PapoTickProfile] PapoTickProfile.count fanout.pkt.moveRot         total=        4 avg/tick=      0.0 n=4
[04:19:08] [Server thread/INFO]: [STDOUT] [io.papermc.paper.util.PapoTickProfile] PapoTickProfile.count fanout.pkt.entityData      total=        1 avg/tick=      0.0 n=1
[04:19:28] [Server thread/INFO]: [STDOUT] [io.papermc.paper.util.PapoTickProfile] PapoTickProfile window=400ticks totalWallMs=19999 measuredMs=7654 gcMs=8
[04:19:28] [Server thread/INFO]: [STDOUT] [io.papermc.paper.util.PapoTickProfile] PapoTickProfile.phase worlds                     total= 2537.0ms avg/tick= 6342.5us share= 33.1% n=400
[04:19:28] [Server thread/INFO]: [STDOUT] [io.papermc.paper.util.PapoTickProfile] PapoTickProfile.phase level.tickPending+misc     total= 2445.7ms avg/tick= 6114.2us share= 32.0% n=1200
[04:19:28] [Server thread/INFO]: [STDOUT] [io.papermc.paper.util.PapoTickProfile] PapoTickProfile.phase level.blockTicks           total= 2179.8ms avg/tick= 5449.6us share= 28.5% n=1200
[04:19:28] [Server thread/INFO]: [STDOUT] [io.papermc.paper.util.PapoTickProfile] PapoTickProfile.phase level.chunkSource          total=  264.0ms avg/tick=  660.0us share=  3.4% n=1200
[04:19:28] [Server thread/INFO]: [STDOUT] [io.papermc.paper.util.PapoTickProfile] PapoTickProfile.phase level.entities             total=   88.8ms avg/tick=  221.9us share=  1.2% n=1200
[04:19:28] [Server thread/INFO]: [STDOUT] [io.papermc.paper.util.PapoTickProfile] PapoTickProfile.phase connection                 total=   33.2ms avg/tick=   83.0us share=  0.4% n=400
[04:19:28] [Server thread/INFO]: [STDOUT] [io.papermc.paper.util.PapoTickProfile] PapoTickProfile.phase conn.listenerTick          total=   31.9ms avg/tick=   79.6us share=  0.4% n=4000
[04:19:28] [Server thread/INFO]: [STDOUT] [io.papermc.paper.util.PapoTickProfile] PapoTickProfile.phase sendChunks                 total=   23.0ms avg/tick=   57.6us share=  0.3% n=400
[04:19:28] [Server thread/INFO]: [STDOUT] [io.papermc.paper.util.PapoTickProfile] PapoTickProfile.phase player.superTick           total=   22.5ms avg/tick=   56.3us share=  0.3% n=4000
[04:19:28] [Server thread/INFO]: [STDOUT] [io.papermc.paper.util.PapoTickProfile] PapoTickProfile.phase chunkMap.tracker.maintain  total=    7.2ms avg/tick=   18.1us share=  0.1% n=1200
[04:19:28] [Server thread/INFO]: [STDOUT] [io.papermc.paper.util.PapoTickProfile] PapoTickProfile.phase ent.serverAiStep           total=    6.3ms avg/tick=   15.7us share=  0.1% n=11730
[04:19:28] [Server thread/INFO]: [STDOUT] [io.papermc.paper.util.PapoTickProfile] PapoTickProfile.phase chunkMap.tracker.sendChanges total=    4.4ms avg/tick=   11.0us share=  0.1% n=1200
[04:19:28] [Server thread/INFO]: [STDOUT] [io.papermc.paper.util.PapoTickProfile] PapoTickProfile.phase server.taskDrain           total=    4.4ms avg/tick=   11.0us share=  0.1% n=400
[04:19:28] [Server thread/INFO]: [STDOUT] [io.papermc.paper.util.PapoTickProfile] PapoTickProfile.phase player.pushEntities        total=    2.0ms avg/tick=    4.9us share=  0.0% n=5752
[04:19:28] [Server thread/INFO]: [STDOUT] [io.papermc.paper.util.PapoTickProfile] PapoTickProfile.phase player.aiStepTouchScan     total=    1.6ms avg/tick=    4.0us share=  0.0% n=3600
[04:19:28] [Server thread/INFO]: [STDOUT] [io.papermc.paper.util.PapoTickProfile] PapoTickProfile.phase level.fluidTicks           total=    0.9ms avg/tick=    2.3us share=  0.0% n=1200
[04:19:28] [Server thread/INFO]: [STDOUT] [io.papermc.paper.util.PapoTickProfile] PapoTickProfile.phase chunkMap.tracker.fanout    total=    0.9ms avg/tick=    2.3us share=  0.0% n=1200
[04:19:28] [Server thread/INFO]: [STDOUT] [io.papermc.paper.util.PapoTickProfile] PapoTickProfile.phase level.blockEvents          total=    0.2ms avg/tick=    0.4us share=  0.0% n=1200
[04:19:28] [Server thread/INFO]: [STDOUT] [io.papermc.paper.util.PapoTickProfile] PapoTickProfile.phase conn.flushQueue            total=    0.1ms avg/tick=    0.3us share=  0.0% n=4000
[04:19:28] [Server thread/INFO]: [STDOUT] [io.papermc.paper.util.PapoTickProfile] PapoTickProfile.phase players                    total=    0.1ms avg/tick=    0.3us share=  0.0% n=400
[04:19:28] [Server thread/INFO]: [STDOUT] [io.papermc.paper.util.PapoTickProfile] PapoTickProfile.phase functions                  total=    0.1ms avg/tick=    0.3us share=  0.0% n=400
[04:19:28] [Server thread/INFO]: [STDOUT] [io.papermc.paper.util.PapoTickProfile] PapoTickProfile.count rs.blockTickRuns           total=   102400 avg/tick=    256.0 n=102400
[04:19:28] [Server thread/INFO]: [STDOUT] [io.papermc.paper.util.PapoTickProfile] PapoTickProfile.count fanout.sends               total=    20512 avg/tick=     51.3 n=1200
[04:19:28] [Server thread/INFO]: [STDOUT] [io.papermc.paper.util.PapoTickProfile] PapoTickProfile.count fanout.pkt.headRot         total=     1142 avg/tick=      2.9 n=398
[04:19:28] [Server thread/INFO]: [STDOUT] [io.papermc.paper.util.PapoTickProfile] PapoTickProfile.count fanout.pkt.movePosRot      total=      987 avg/tick=      2.5 n=395
[04:19:28] [Server thread/INFO]: [STDOUT] [io.papermc.paper.util.PapoTickProfile] PapoTickProfile.count fanout.pkt.movePos         total=      137 avg/tick=      0.3 n=81
[04:19:28] [Server thread/INFO]: [STDOUT] [io.papermc.paper.util.PapoTickProfile] PapoTickProfile.count fanout.pkt.posSync         total=      111 avg/tick=      0.3 n=97
[04:19:28] [Server thread/INFO]: [STDOUT] [io.papermc.paper.util.PapoTickProfile] PapoTickProfile.count rs.fluidTickRuns           total=       77 avg/tick=      0.2 n=77
[04:19:28] [Server thread/INFO]: [STDOUT] [io.papermc.paper.util.PapoTickProfile] PapoTickProfile.count fanout.pkt.other           total=       46 avg/tick=      0.1 n=42
[04:19:28] [Server thread/INFO]: [STDOUT] [io.papermc.paper.util.PapoTickProfile] PapoTickProfile.count fanout.pkt.velocity        total=       40 avg/tick=      0.1 n=40
[04:19:28] [Server thread/INFO]: [STDOUT] [io.papermc.paper.util.PapoTickProfile] PapoTickProfile.count fanout.pkt.moveRot         total=       31 avg/tick=      0.1 n=31
[04:19:28] [Server thread/INFO]: [STDOUT] [io.papermc.paper.util.PapoTickProfile] PapoTickProfile.count fanout.pkt.entityData      total=        8 avg/tick=      0.0 n=8
[04:19:48] [Server thread/INFO]: [STDOUT] [io.papermc.paper.util.PapoTickProfile] PapoTickProfile window=400ticks totalWallMs=19999 measuredMs=7805 gcMs=14
[04:19:48] [Server thread/INFO]: [STDOUT] [io.papermc.paper.util.PapoTickProfile] PapoTickProfile.phase worlds                     total= 2589.8ms avg/tick= 6474.5us share= 33.2% n=400
[04:19:48] [Server thread/INFO]: [STDOUT] [io.papermc.paper.util.PapoTickProfile] PapoTickProfile.phase level.tickPending+misc     total= 2487.8ms avg/tick= 6219.4us share= 31.9% n=1200
[04:19:48] [Server thread/INFO]: [STDOUT] [io.papermc.paper.util.PapoTickProfile] PapoTickProfile.phase level.blockTicks           total= 2198.9ms avg/tick= 5497.3us share= 28.2% n=1200
[04:19:48] [Server thread/INFO]: [STDOUT] [io.papermc.paper.util.PapoTickProfile] PapoTickProfile.phase level.chunkSource          total=  286.8ms avg/tick=  717.0us share=  3.7% n=1200
[04:19:48] [Server thread/INFO]: [STDOUT] [io.papermc.paper.util.PapoTickProfile] PapoTickProfile.phase level.entities             total=   99.2ms avg/tick=  248.1us share=  1.3% n=1200
[04:19:48] [Server thread/INFO]: [STDOUT] [io.papermc.paper.util.PapoTickProfile] PapoTickProfile.phase connection                 total=   33.7ms avg/tick=   84.2us share=  0.4% n=400
[04:19:48] [Server thread/INFO]: [STDOUT] [io.papermc.paper.util.PapoTickProfile] PapoTickProfile.phase conn.listenerTick          total=   32.2ms avg/tick=   80.5us share=  0.4% n=4000
[04:19:48] [Server thread/INFO]: [STDOUT] [io.papermc.paper.util.PapoTickProfile] PapoTickProfile.phase sendChunks                 total=   23.8ms avg/tick=   59.5us share=  0.3% n=400
[04:19:48] [Server thread/INFO]: [STDOUT] [io.papermc.paper.util.PapoTickProfile] PapoTickProfile.phase player.superTick           total=   22.3ms avg/tick=   55.7us share=  0.3% n=4000
[04:19:48] [Server thread/INFO]: [STDOUT] [io.papermc.paper.util.PapoTickProfile] PapoTickProfile.phase ent.serverAiStep           total=    8.9ms avg/tick=   22.3us share=  0.1% n=12413
[04:19:48] [Server thread/INFO]: [STDOUT] [io.papermc.paper.util.PapoTickProfile] PapoTickProfile.phase chunkMap.tracker.maintain  total=    7.5ms avg/tick=   18.7us share=  0.1% n=1200
[04:19:48] [Server thread/INFO]: [STDOUT] [io.papermc.paper.util.PapoTickProfile] PapoTickProfile.phase server.taskDrain           total=    4.8ms avg/tick=   12.1us share=  0.1% n=400
[04:19:48] [Server thread/INFO]: [STDOUT] [io.papermc.paper.util.PapoTickProfile] PapoTickProfile.phase chunkMap.tracker.sendChanges total=    4.7ms avg/tick=   11.6us share=  0.1% n=1200
[04:19:48] [Server thread/INFO]: [STDOUT] [io.papermc.paper.util.PapoTickProfile] PapoTickProfile.phase player.pushEntities        total=    1.6ms avg/tick=    4.0us share=  0.0% n=6469
[04:19:48] [Server thread/INFO]: [STDOUT] [io.papermc.paper.util.PapoTickProfile] PapoTickProfile.phase player.aiStepTouchScan     total=    1.3ms avg/tick=    3.2us share=  0.0% n=3600
[04:19:48] [Server thread/INFO]: [STDOUT] [io.papermc.paper.util.PapoTickProfile] PapoTickProfile.phase level.fluidTicks           total=    1.1ms avg/tick=    2.7us share=  0.0% n=1200
[04:19:48] [Server thread/INFO]: [STDOUT] [io.papermc.paper.util.PapoTickProfile] PapoTickProfile.phase chunkMap.tracker.fanout    total=    0.8ms avg/tick=    2.0us share=  0.0% n=1200
[04:19:48] [Server thread/INFO]: [STDOUT] [io.papermc.paper.util.PapoTickProfile] PapoTickProfile.phase level.blockEvents          total=    0.2ms avg/tick=    0.5us share=  0.0% n=1200
[04:19:48] [Server thread/INFO]: [STDOUT] [io.papermc.paper.util.PapoTickProfile] PapoTickProfile.phase conn.flushQueue            total=    0.1ms avg/tick=    0.3us share=  0.0% n=4000
[04:19:48] [Server thread/INFO]: [STDOUT] [io.papermc.paper.util.PapoTickProfile] PapoTickProfile.phase players                    total=    0.1ms avg/tick=    0.3us share=  0.0% n=400
[04:19:48] [Server thread/INFO]: [STDOUT] [io.papermc.paper.util.PapoTickProfile] PapoTickProfile.phase functions                  total=    0.1ms avg/tick=    0.3us share=  0.0% n=400
[04:19:48] [Server thread/INFO]: [STDOUT] [io.papermc.paper.util.PapoTickProfile] PapoTickProfile.count rs.blockTickRuns           total=   102400 avg/tick=    256.0 n=102400
[04:19:48] [Server thread/INFO]: [STDOUT] [io.papermc.paper.util.PapoTickProfile] PapoTickProfile.count fanout.sends               total=    17259 avg/tick=     43.1 n=1200
[04:19:48] [Server thread/INFO]: [STDOUT] [io.papermc.paper.util.PapoTickProfile] PapoTickProfile.count fanout.pkt.headRot         total=     1002 avg/tick=      2.5 n=328
[04:19:48] [Server thread/INFO]: [STDOUT] [io.papermc.paper.util.PapoTickProfile] PapoTickProfile.count fanout.pkt.movePosRot      total=      918 avg/tick=      2.3 n=303
[04:19:48] [Server thread/INFO]: [STDOUT] [io.papermc.paper.util.PapoTickProfile] PapoTickProfile.count fanout.pkt.movePos         total=      167 avg/tick=      0.4 n=108
[04:19:48] [Server thread/INFO]: [STDOUT] [io.papermc.paper.util.PapoTickProfile] PapoTickProfile.count rs.fluidTickRuns           total=       82 avg/tick=      0.2 n=82
[04:19:48] [Server thread/INFO]: [STDOUT] [io.papermc.paper.util.PapoTickProfile] PapoTickProfile.count fanout.pkt.posSync         total=       56 avg/tick=      0.1 n=55
[04:19:48] [Server thread/INFO]: [STDOUT] [io.papermc.paper.util.PapoTickProfile] PapoTickProfile.count fanout.pkt.other           total=       51 avg/tick=      0.1 n=49
[04:19:48] [Server thread/INFO]: [STDOUT] [io.papermc.paper.util.PapoTickProfile] PapoTickProfile.count fanout.pkt.entityData      total=        7 avg/tick=      0.0 n=7
[04:20:08] [Server thread/INFO]: [STDOUT] [io.papermc.paper.util.PapoTickProfile] PapoTickProfile window=400ticks totalWallMs=20019 measuredMs=7669 gcMs=8
[04:20:08] [Server thread/INFO]: [STDOUT] [io.papermc.paper.util.PapoTickProfile] PapoTickProfile.phase worlds                     total= 2543.5ms avg/tick= 6358.8us share= 33.2% n=400
[04:20:08] [Server thread/INFO]: [STDOUT] [io.papermc.paper.util.PapoTickProfile] PapoTickProfile.phase level.tickPending+misc     total= 2451.2ms avg/tick= 6128.1us share= 32.0% n=1200
[04:20:08] [Server thread/INFO]: [STDOUT] [io.papermc.paper.util.PapoTickProfile] PapoTickProfile.phase level.blockTicks           total= 2189.2ms avg/tick= 5472.9us share= 28.5% n=1200
[04:20:08] [Server thread/INFO]: [STDOUT] [io.papermc.paper.util.PapoTickProfile] PapoTickProfile.phase level.chunkSource          total=  260.3ms avg/tick=  650.8us share=  3.4% n=1200
[04:20:08] [Server thread/INFO]: [STDOUT] [io.papermc.paper.util.PapoTickProfile] PapoTickProfile.phase level.entities             total=   89.7ms avg/tick=  224.4us share=  1.2% n=1200
[04:20:08] [Server thread/INFO]: [STDOUT] [io.papermc.paper.util.PapoTickProfile] PapoTickProfile.phase connection                 total=   32.7ms avg/tick=   81.8us share=  0.4% n=400
[04:20:08] [Server thread/INFO]: [STDOUT] [io.papermc.paper.util.PapoTickProfile] PapoTickProfile.phase conn.listenerTick          total=   31.5ms avg/tick=   78.8us share=  0.4% n=4000
[04:20:08] [Server thread/INFO]: [STDOUT] [io.papermc.paper.util.PapoTickProfile] PapoTickProfile.phase sendChunks                 total=   23.1ms avg/tick=   57.8us share=  0.3% n=400
[04:20:08] [Server thread/INFO]: [STDOUT] [io.papermc.paper.util.PapoTickProfile] PapoTickProfile.phase player.superTick           total=   22.1ms avg/tick=   55.2us share=  0.3% n=4000
[04:20:08] [Server thread/INFO]: [STDOUT] [io.papermc.paper.util.PapoTickProfile] PapoTickProfile.phase ent.serverAiStep           total=    6.6ms avg/tick=   16.5us share=  0.1% n=11725
[04:20:08] [Server thread/INFO]: [STDOUT] [io.papermc.paper.util.PapoTickProfile] PapoTickProfile.phase chunkMap.tracker.maintain  total=    6.2ms avg/tick=   15.5us share=  0.1% n=1200
[04:20:08] [Server thread/INFO]: [STDOUT] [io.papermc.paper.util.PapoTickProfile] PapoTickProfile.phase server.taskDrain           total=    4.4ms avg/tick=   11.0us share=  0.1% n=400
[04:20:08] [Server thread/INFO]: [STDOUT] [io.papermc.paper.util.PapoTickProfile] PapoTickProfile.phase chunkMap.tracker.sendChanges total=    4.3ms avg/tick=   10.7us share=  0.1% n=1200
[04:20:08] [Server thread/INFO]: [STDOUT] [io.papermc.paper.util.PapoTickProfile] PapoTickProfile.phase player.pushEntities        total=    1.2ms avg/tick=    2.9us share=  0.0% n=5801
[04:20:08] [Server thread/INFO]: [STDOUT] [io.papermc.paper.util.PapoTickProfile] PapoTickProfile.phase level.fluidTicks           total=    0.9ms avg/tick=    2.2us share=  0.0% n=1200
[04:20:08] [Server thread/INFO]: [STDOUT] [io.papermc.paper.util.PapoTickProfile] PapoTickProfile.phase chunkMap.tracker.fanout    total=    0.9ms avg/tick=    2.1us share=  0.0% n=1200
[04:20:08] [Server thread/INFO]: [STDOUT] [io.papermc.paper.util.PapoTickProfile] PapoTickProfile.phase player.aiStepTouchScan     total=    0.7ms avg/tick=    1.9us share=  0.0% n=3600
[04:20:08] [Server thread/INFO]: [STDOUT] [io.papermc.paper.util.PapoTickProfile] PapoTickProfile.phase level.blockEvents          total=    0.2ms avg/tick=    0.4us share=  0.0% n=1200
[04:20:08] [Server thread/INFO]: [STDOUT] [io.papermc.paper.util.PapoTickProfile] PapoTickProfile.phase conn.flushQueue            total=    0.1ms avg/tick=    0.3us share=  0.0% n=4000
[04:20:08] [Server thread/INFO]: [STDOUT] [io.papermc.paper.util.PapoTickProfile] PapoTickProfile.phase functions                  total=    0.1ms avg/tick=    0.3us share=  0.0% n=400
[04:20:08] [Server thread/INFO]: [STDOUT] [io.papermc.paper.util.PapoTickProfile] PapoTickProfile.phase players                    total=    0.0ms avg/tick=    0.0us share=  0.0% n=400
[04:20:08] [Server thread/INFO]: [STDOUT] [io.papermc.paper.util.PapoTickProfile] PapoTickProfile.count rs.blockTickRuns           total=   102400 avg/tick=    256.0 n=102400
[04:20:08] [Server thread/INFO]: [STDOUT] [io.papermc.paper.util.PapoTickProfile] PapoTickProfile.count fanout.sends               total=    17367 avg/tick=     43.4 n=1200
[04:20:08] [Server thread/INFO]: [STDOUT] [io.papermc.paper.util.PapoTickProfile] PapoTickProfile.count fanout.pkt.headRot         total=      912 avg/tick=      2.3 n=385
[04:20:08] [Server thread/INFO]: [STDOUT] [io.papermc.paper.util.PapoTickProfile] PapoTickProfile.count fanout.pkt.movePosRot      total=      878 avg/tick=      2.2 n=377
[04:20:08] [Server thread/INFO]: [STDOUT] [io.papermc.paper.util.PapoTickProfile] PapoTickProfile.count fanout.pkt.movePos         total=      140 avg/tick=      0.4 n=93
[04:20:08] [Server thread/INFO]: [STDOUT] [io.papermc.paper.util.PapoTickProfile] PapoTickProfile.count rs.fluidTickRuns           total=       66 avg/tick=      0.2 n=66
[04:20:08] [Server thread/INFO]: [STDOUT] [io.papermc.paper.util.PapoTickProfile] PapoTickProfile.count fanout.pkt.other           total=       42 avg/tick=      0.1 n=40
[04:20:08] [Server thread/INFO]: [STDOUT] [io.papermc.paper.util.PapoTickProfile] PapoTickProfile.count fanout.pkt.entityData      total=       42 avg/tick=      0.1 n=42
[04:20:08] [Server thread/INFO]: [STDOUT] [io.papermc.paper.util.PapoTickProfile] PapoTickProfile.count fanout.pkt.posSync         total=       25 avg/tick=      0.1 n=20
[04:20:28] [Server thread/INFO]: [STDOUT] [io.papermc.paper.util.PapoTickProfile] PapoTickProfile window=400ticks totalWallMs=19981 measuredMs=7953 gcMs=12
[04:20:28] [Server thread/INFO]: [STDOUT] [io.papermc.paper.util.PapoTickProfile] PapoTickProfile.phase worlds                     total= 2638.6ms avg/tick= 6596.5us share= 33.2% n=400
[04:20:28] [Server thread/INFO]: [STDOUT] [io.papermc.paper.util.PapoTickProfile] PapoTickProfile.phase level.tickPending+misc     total= 2542.1ms avg/tick= 6355.2us share= 32.0% n=1200
[04:20:28] [Server thread/INFO]: [STDOUT] [io.papermc.paper.util.PapoTickProfile] PapoTickProfile.phase level.blockTicks           total= 2219.6ms avg/tick= 5548.9us share= 27.9% n=1200
[04:20:28] [Server thread/INFO]: [STDOUT] [io.papermc.paper.util.PapoTickProfile] PapoTickProfile.phase level.chunkSource          total=  320.7ms avg/tick=  801.6us share=  4.0% n=1200
[04:20:28] [Server thread/INFO]: [STDOUT] [io.papermc.paper.util.PapoTickProfile] PapoTickProfile.phase level.entities             total=   93.8ms avg/tick=  234.6us share=  1.2% n=1200
[04:20:28] [Server thread/INFO]: [STDOUT] [io.papermc.paper.util.PapoTickProfile] PapoTickProfile.phase connection                 total=   33.5ms avg/tick=   83.8us share=  0.4% n=400
[04:20:28] [Server thread/INFO]: [STDOUT] [io.papermc.paper.util.PapoTickProfile] PapoTickProfile.phase conn.listenerTick          total=   32.2ms avg/tick=   80.4us share=  0.4% n=4000
[04:20:28] [Server thread/INFO]: [STDOUT] [io.papermc.paper.util.PapoTickProfile] PapoTickProfile.phase sendChunks                 total=   24.0ms avg/tick=   59.9us share=  0.3% n=400
[04:20:28] [Server thread/INFO]: [STDOUT] [io.papermc.paper.util.PapoTickProfile] PapoTickProfile.phase player.superTick           total=   22.5ms avg/tick=   56.2us share=  0.3% n=4000
[04:20:28] [Server thread/INFO]: [STDOUT] [io.papermc.paper.util.PapoTickProfile] PapoTickProfile.phase ent.serverAiStep           total=    6.6ms avg/tick=   16.6us share=  0.1% n=11720
[04:20:28] [Server thread/INFO]: [STDOUT] [io.papermc.paper.util.PapoTickProfile] PapoTickProfile.phase chunkMap.tracker.maintain  total=    6.4ms avg/tick=   16.0us share=  0.1% n=1200
[04:20:28] [Server thread/INFO]: [STDOUT] [io.papermc.paper.util.PapoTickProfile] PapoTickProfile.phase server.taskDrain           total=    4.7ms avg/tick=   11.8us share=  0.1% n=400
[04:20:28] [Server thread/INFO]: [STDOUT] [io.papermc.paper.util.PapoTickProfile] PapoTickProfile.phase chunkMap.tracker.sendChanges total=    4.5ms avg/tick=   11.2us share=  0.1% n=1200
[04:20:28] [Server thread/INFO]: [STDOUT] [io.papermc.paper.util.PapoTickProfile] PapoTickProfile.phase player.pushEntities        total=    1.2ms avg/tick=    3.1us share=  0.0% n=5759
[04:20:28] [Server thread/INFO]: [STDOUT] [io.papermc.paper.util.PapoTickProfile] PapoTickProfile.phase level.fluidTicks           total=    0.9ms avg/tick=    2.2us share=  0.0% n=1200
[04:20:28] [Server thread/INFO]: [STDOUT] [io.papermc.paper.util.PapoTickProfile] PapoTickProfile.phase chunkMap.tracker.fanout    total=    0.9ms avg/tick=    2.2us share=  0.0% n=1200
[04:20:28] [Server thread/INFO]: [STDOUT] [io.papermc.paper.util.PapoTickProfile] PapoTickProfile.phase player.aiStepTouchScan     total=    0.8ms avg/tick=    2.0us share=  0.0% n=3600
[04:20:28] [Server thread/INFO]: [STDOUT] [io.papermc.paper.util.PapoTickProfile] PapoTickProfile.phase level.blockEvents          total=    0.2ms avg/tick=    0.5us share=  0.0% n=1200
[04:20:28] [Server thread/INFO]: [STDOUT] [io.papermc.paper.util.PapoTickProfile] PapoTickProfile.phase conn.flushQueue            total=    0.1ms avg/tick=    0.3us share=  0.0% n=4000
[04:20:28] [Server thread/INFO]: [STDOUT] [io.papermc.paper.util.PapoTickProfile] PapoTickProfile.phase functions                  total=    0.1ms avg/tick=    0.3us share=  0.0% n=400
[04:20:28] [Server thread/INFO]: [STDOUT] [io.papermc.paper.util.PapoTickProfile] PapoTickProfile.phase players                    total=    0.1ms avg/tick=    0.2us share=  0.0% n=400
[04:20:28] [Server thread/INFO]: [STDOUT] [io.papermc.paper.util.PapoTickProfile] PapoTickProfile.count rs.blockTickRuns           total=   102400 avg/tick=    256.0 n=102400
[04:20:28] [Server thread/INFO]: [STDOUT] [io.papermc.paper.util.PapoTickProfile] PapoTickProfile.count fanout.sends               total=    19749 avg/tick=     49.4 n=1200
[04:20:28] [Server thread/INFO]: [STDOUT] [io.papermc.paper.util.PapoTickProfile] PapoTickProfile.count fanout.pkt.headRot         total=     1070 avg/tick=      2.7 n=389
[04:20:28] [Server thread/INFO]: [STDOUT] [io.papermc.paper.util.PapoTickProfile] PapoTickProfile.count fanout.pkt.movePosRot      total=     1000 avg/tick=      2.5 n=385
[04:20:28] [Server thread/INFO]: [STDOUT] [io.papermc.paper.util.PapoTickProfile] PapoTickProfile.count fanout.pkt.movePos         total=      147 avg/tick=      0.4 n=89
[04:20:28] [Server thread/INFO]: [STDOUT] [io.papermc.paper.util.PapoTickProfile] PapoTickProfile.count rs.fluidTickRuns           total=       55 avg/tick=      0.1 n=55
[04:20:28] [Server thread/INFO]: [STDOUT] [io.papermc.paper.util.PapoTickProfile] PapoTickProfile.count fanout.pkt.posSync         total=       51 avg/tick=      0.1 n=47
[04:20:28] [Server thread/INFO]: [STDOUT] [io.papermc.paper.util.PapoTickProfile] PapoTickProfile.count fanout.pkt.other           total=       48 avg/tick=      0.1 n=47
[04:20:28] [Server thread/INFO]: [STDOUT] [io.papermc.paper.util.PapoTickProfile] PapoTickProfile.count fanout.pkt.entityData      total=       22 avg/tick=      0.1 n=22
[04:20:48] [Server thread/INFO]: [STDOUT] [io.papermc.paper.util.PapoTickProfile] PapoTickProfile window=400ticks totalWallMs=20000 measuredMs=7676 gcMs=10
[04:20:48] [Server thread/INFO]: [STDOUT] [io.papermc.paper.util.PapoTickProfile] PapoTickProfile.phase worlds                     total= 2546.6ms avg/tick= 6366.4us share= 33.2% n=400
[04:20:48] [Server thread/INFO]: [STDOUT] [io.papermc.paper.util.PapoTickProfile] PapoTickProfile.phase level.tickPending+misc     total= 2453.3ms avg/tick= 6133.3us share= 32.0% n=1200
[04:20:48] [Server thread/INFO]: [STDOUT] [io.papermc.paper.util.PapoTickProfile] PapoTickProfile.phase level.blockTicks           total= 2184.4ms avg/tick= 5460.9us share= 28.5% n=1200
[04:20:48] [Server thread/INFO]: [STDOUT] [io.papermc.paper.util.PapoTickProfile] PapoTickProfile.phase level.chunkSource          total=  267.0ms avg/tick=  667.4us share=  3.5% n=1200
[04:20:48] [Server thread/INFO]: [STDOUT] [io.papermc.paper.util.PapoTickProfile] PapoTickProfile.phase level.entities             total=   90.7ms avg/tick=  226.6us share=  1.2% n=1200
[04:20:48] [Server thread/INFO]: [STDOUT] [io.papermc.paper.util.PapoTickProfile] PapoTickProfile.phase connection                 total=   31.7ms avg/tick=   79.2us share=  0.4% n=400
[04:20:48] [Server thread/INFO]: [STDOUT] [io.papermc.paper.util.PapoTickProfile] PapoTickProfile.phase conn.listenerTick          total=   30.4ms avg/tick=   76.1us share=  0.4% n=4000
[04:20:48] [Server thread/INFO]: [STDOUT] [io.papermc.paper.util.PapoTickProfile] PapoTickProfile.phase sendChunks                 total=   23.3ms avg/tick=   58.2us share=  0.3% n=400
[04:20:48] [Server thread/INFO]: [STDOUT] [io.papermc.paper.util.PapoTickProfile] PapoTickProfile.phase player.superTick           total=   21.0ms avg/tick=   52.4us share=  0.3% n=4000
[04:20:48] [Server thread/INFO]: [STDOUT] [io.papermc.paper.util.PapoTickProfile] PapoTickProfile.phase ent.serverAiStep           total=    7.9ms avg/tick=   19.8us share=  0.1% n=12085
[04:20:48] [Server thread/INFO]: [STDOUT] [io.papermc.paper.util.PapoTickProfile] PapoTickProfile.phase chunkMap.tracker.maintain  total=    6.5ms avg/tick=   16.1us share=  0.1% n=1200
[04:20:48] [Server thread/INFO]: [STDOUT] [io.papermc.paper.util.PapoTickProfile] PapoTickProfile.phase server.taskDrain           total=    4.6ms avg/tick=   11.5us share=  0.1% n=400
[04:20:48] [Server thread/INFO]: [STDOUT] [io.papermc.paper.util.PapoTickProfile] PapoTickProfile.phase chunkMap.tracker.sendChanges total=    4.4ms avg/tick=   10.9us share=  0.1% n=1200
[04:20:48] [Server thread/INFO]: [STDOUT] [io.papermc.paper.util.PapoTickProfile] PapoTickProfile.phase player.pushEntities        total=    1.2ms avg/tick=    3.1us share=  0.0% n=6127
[04:20:48] [Server thread/INFO]: [STDOUT] [io.papermc.paper.util.PapoTickProfile] PapoTickProfile.phase level.fluidTicks           total=    1.0ms avg/tick=    2.5us share=  0.0% n=1200
[04:20:48] [Server thread/INFO]: [STDOUT] [io.papermc.paper.util.PapoTickProfile] PapoTickProfile.phase chunkMap.tracker.fanout    total=    0.8ms avg/tick=    2.1us share=  0.0% n=1200
[04:20:48] [Server thread/INFO]: [STDOUT] [io.papermc.paper.util.PapoTickProfile] PapoTickProfile.phase player.aiStepTouchScan     total=    0.7ms avg/tick=    1.9us share=  0.0% n=3600
[04:20:48] [Server thread/INFO]: [STDOUT] [io.papermc.paper.util.PapoTickProfile] PapoTickProfile.phase level.blockEvents          total=    0.2ms avg/tick=    0.5us share=  0.0% n=1200
[04:20:48] [Server thread/INFO]: [STDOUT] [io.papermc.paper.util.PapoTickProfile] PapoTickProfile.phase functions                  total=    0.2ms avg/tick=    0.4us share=  0.0% n=400
[04:20:48] [Server thread/INFO]: [STDOUT] [io.papermc.paper.util.PapoTickProfile] PapoTickProfile.phase conn.flushQueue            total=    0.1ms avg/tick=    0.3us share=  0.0% n=4000
[04:20:48] [Server thread/INFO]: [STDOUT] [io.papermc.paper.util.PapoTickProfile] PapoTickProfile.phase players                    total=    0.1ms avg/tick=    0.3us share=  0.0% n=400
[04:20:48] [Server thread/INFO]: [STDOUT] [io.papermc.paper.util.PapoTickProfile] PapoTickProfile.count rs.blockTickRuns           total=   102400 avg/tick=    256.0 n=102400
[04:20:48] [Server thread/INFO]: [STDOUT] [io.papermc.paper.util.PapoTickProfile] PapoTickProfile.count fanout.sends               total=    18586 avg/tick=     46.5 n=1200
[04:20:48] [Server thread/INFO]: [STDOUT] [io.papermc.paper.util.PapoTickProfile] PapoTickProfile.count fanout.pkt.headRot         total=     1082 avg/tick=      2.7 n=391
[04:20:48] [Server thread/INFO]: [STDOUT] [io.papermc.paper.util.PapoTickProfile] PapoTickProfile.count fanout.pkt.movePosRot      total=      995 avg/tick=      2.5 n=384
[04:20:48] [Server thread/INFO]: [STDOUT] [io.papermc.paper.util.PapoTickProfile] PapoTickProfile.count fanout.pkt.movePos         total=      150 avg/tick=      0.4 n=82
[04:20:48] [Server thread/INFO]: [STDOUT] [io.papermc.paper.util.PapoTickProfile] PapoTickProfile.count fanout.pkt.posSync         total=       71 avg/tick=      0.2 n=63
[04:20:48] [Server thread/INFO]: [STDOUT] [io.papermc.paper.util.PapoTickProfile] PapoTickProfile.count fanout.pkt.other           total=       49 avg/tick=      0.1 n=45
[04:20:48] [Server thread/INFO]: [STDOUT] [io.papermc.paper.util.PapoTickProfile] PapoTickProfile.count rs.fluidTickRuns           total=       36 avg/tick=      0.1 n=36
[04:20:48] [Server thread/INFO]: [STDOUT] [io.papermc.paper.util.PapoTickProfile] PapoTickProfile.count fanout.pkt.entityData      total=        6 avg/tick=      0.0 n=6
[04:21:08] [Server thread/INFO]: [STDOUT] [io.papermc.paper.util.PapoTickProfile] PapoTickProfile window=400ticks totalWallMs=19999 measuredMs=7721 gcMs=9
[04:21:08] [Server thread/INFO]: [STDOUT] [io.papermc.paper.util.PapoTickProfile] PapoTickProfile.phase worlds                     total= 2562.4ms avg/tick= 6406.1us share= 33.2% n=400
[04:21:08] [Server thread/INFO]: [STDOUT] [io.papermc.paper.util.PapoTickProfile] PapoTickProfile.phase level.tickPending+misc     total= 2463.0ms avg/tick= 6157.6us share= 31.9% n=1200
[04:21:08] [Server thread/INFO]: [STDOUT] [io.papermc.paper.util.PapoTickProfile] PapoTickProfile.phase level.blockTicks           total= 2195.4ms avg/tick= 5488.6us share= 28.4% n=1200
[04:21:08] [Server thread/INFO]: [STDOUT] [io.papermc.paper.util.PapoTickProfile] PapoTickProfile.phase level.chunkSource          total=  265.9ms avg/tick=  664.7us share=  3.4% n=1200
[04:21:08] [Server thread/INFO]: [STDOUT] [io.papermc.paper.util.PapoTickProfile] PapoTickProfile.phase level.entities             total=   96.8ms avg/tick=  242.0us share=  1.3% n=1200
[04:21:08] [Server thread/INFO]: [STDOUT] [io.papermc.paper.util.PapoTickProfile] PapoTickProfile.phase connection                 total=   33.1ms avg/tick=   82.9us share=  0.4% n=400
[04:21:08] [Server thread/INFO]: [STDOUT] [io.papermc.paper.util.PapoTickProfile] PapoTickProfile.phase conn.listenerTick          total=   31.9ms avg/tick=   79.7us share=  0.4% n=4000
[04:21:08] [Server thread/INFO]: [STDOUT] [io.papermc.paper.util.PapoTickProfile] PapoTickProfile.phase sendChunks                 total=   23.2ms avg/tick=   57.9us share=  0.3% n=400
[04:21:08] [Server thread/INFO]: [STDOUT] [io.papermc.paper.util.PapoTickProfile] PapoTickProfile.phase player.superTick           total=   22.6ms avg/tick=   56.6us share=  0.3% n=4000
[04:21:08] [Server thread/INFO]: [STDOUT] [io.papermc.paper.util.PapoTickProfile] PapoTickProfile.phase ent.serverAiStep           total=    7.4ms avg/tick=   18.6us share=  0.1% n=12081
[04:21:08] [Server thread/INFO]: [STDOUT] [io.papermc.paper.util.PapoTickProfile] PapoTickProfile.phase chunkMap.tracker.maintain  total=    6.6ms avg/tick=   16.5us share=  0.1% n=1200
[04:21:08] [Server thread/INFO]: [STDOUT] [io.papermc.paper.util.PapoTickProfile] PapoTickProfile.phase server.taskDrain           total=    4.3ms avg/tick=   10.8us share=  0.1% n=400
[04:21:08] [Server thread/INFO]: [STDOUT] [io.papermc.paper.util.PapoTickProfile] PapoTickProfile.phase chunkMap.tracker.sendChanges total=    4.3ms avg/tick=   10.8us share=  0.1% n=1200
[04:21:08] [Server thread/INFO]: [STDOUT] [io.papermc.paper.util.PapoTickProfile] PapoTickProfile.phase player.pushEntities        total=    1.4ms avg/tick=    3.5us share=  0.0% n=6144
[04:21:08] [Server thread/INFO]: [STDOUT] [io.papermc.paper.util.PapoTickProfile] PapoTickProfile.phase level.fluidTicks           total=    0.8ms avg/tick=    2.0us share=  0.0% n=1200
[04:21:08] [Server thread/INFO]: [STDOUT] [io.papermc.paper.util.PapoTickProfile] PapoTickProfile.phase player.aiStepTouchScan     total=    0.8ms avg/tick=    2.0us share=  0.0% n=3600
[04:21:08] [Server thread/INFO]: [STDOUT] [io.papermc.paper.util.PapoTickProfile] PapoTickProfile.phase chunkMap.tracker.fanout    total=    0.8ms avg/tick=    2.0us share=  0.0% n=1200
[04:21:08] [Server thread/INFO]: [STDOUT] [io.papermc.paper.util.PapoTickProfile] PapoTickProfile.phase level.blockEvents          total=    0.2ms avg/tick=    0.4us share=  0.0% n=1200
[04:21:08] [Server thread/INFO]: [STDOUT] [io.papermc.paper.util.PapoTickProfile] PapoTickProfile.phase functions                  total=    0.2ms avg/tick=    0.4us share=  0.0% n=400
[04:21:08] [Server thread/INFO]: [STDOUT] [io.papermc.paper.util.PapoTickProfile] PapoTickProfile.phase conn.flushQueue            total=    0.1ms avg/tick=    0.3us share=  0.0% n=4000
[04:21:08] [Server thread/INFO]: [STDOUT] [io.papermc.paper.util.PapoTickProfile] PapoTickProfile.phase players                    total=    0.0ms avg/tick=    0.0us share=  0.0% n=400
[04:21:08] [Server thread/INFO]: [STDOUT] [io.papermc.paper.util.PapoTickProfile] PapoTickProfile.count rs.blockTickRuns           total=   102400 avg/tick=    256.0 n=102400
[04:21:08] [Server thread/INFO]: [STDOUT] [io.papermc.paper.util.PapoTickProfile] PapoTickProfile.count fanout.sends               total=    16371 avg/tick=     40.9 n=1200
[04:21:08] [Server thread/INFO]: [STDOUT] [io.papermc.paper.util.PapoTickProfile] PapoTickProfile.count fanout.pkt.headRot         total=     1039 avg/tick=      2.6 n=396
[04:21:08] [Server thread/INFO]: [STDOUT] [io.papermc.paper.util.PapoTickProfile] PapoTickProfile.count fanout.pkt.movePosRot      total=      959 avg/tick=      2.4 n=389
[04:21:08] [Server thread/INFO]: [STDOUT] [io.papermc.paper.util.PapoTickProfile] PapoTickProfile.count fanout.pkt.movePos         total=      120 avg/tick=      0.3 n=71
[04:21:08] [Server thread/INFO]: [STDOUT] [io.papermc.paper.util.PapoTickProfile] PapoTickProfile.count fanout.pkt.posSync         total=       66 avg/tick=      0.2 n=64
[04:21:08] [Server thread/INFO]: [STDOUT] [io.papermc.paper.util.PapoTickProfile] PapoTickProfile.count fanout.pkt.other           total=       53 avg/tick=      0.1 n=48
[04:21:08] [Server thread/INFO]: [STDOUT] [io.papermc.paper.util.PapoTickProfile] PapoTickProfile.count rs.fluidTickRuns           total=       22 avg/tick=      0.1 n=22
[04:21:08] [Server thread/INFO]: [STDOUT] [io.papermc.paper.util.PapoTickProfile] PapoTickProfile.count fanout.pkt.entityData      total=       10 avg/tick=      0.0 n=10
[04:21:28] [Server thread/INFO]: [STDOUT] [io.papermc.paper.util.PapoTickProfile] PapoTickProfile window=400ticks totalWallMs=20000 measuredMs=7673 gcMs=9
[04:21:28] [Server thread/INFO]: [STDOUT] [io.papermc.paper.util.PapoTickProfile] PapoTickProfile.phase worlds                     total= 2546.4ms avg/tick= 6366.1us share= 33.2% n=400
[04:21:28] [Server thread/INFO]: [STDOUT] [io.papermc.paper.util.PapoTickProfile] PapoTickProfile.phase level.tickPending+misc     total= 2455.3ms avg/tick= 6138.3us share= 32.0% n=1200
[04:21:28] [Server thread/INFO]: [STDOUT] [io.papermc.paper.util.PapoTickProfile] PapoTickProfile.phase level.blockTicks           total= 2190.0ms avg/tick= 5475.0us share= 28.5% n=1200
[04:21:28] [Server thread/INFO]: [STDOUT] [io.papermc.paper.util.PapoTickProfile] PapoTickProfile.phase level.chunkSource          total=  263.5ms avg/tick=  658.9us share=  3.4% n=1200
[04:21:28] [Server thread/INFO]: [STDOUT] [io.papermc.paper.util.PapoTickProfile] PapoTickProfile.phase level.entities             total=   88.6ms avg/tick=  221.4us share=  1.2% n=1200
[04:21:28] [Server thread/INFO]: [STDOUT] [io.papermc.paper.util.PapoTickProfile] PapoTickProfile.phase connection                 total=   31.0ms avg/tick=   77.4us share=  0.4% n=400
[04:21:28] [Server thread/INFO]: [STDOUT] [io.papermc.paper.util.PapoTickProfile] PapoTickProfile.phase conn.listenerTick          total=   29.7ms avg/tick=   74.2us share=  0.4% n=4000
[04:21:28] [Server thread/INFO]: [STDOUT] [io.papermc.paper.util.PapoTickProfile] PapoTickProfile.phase sendChunks                 total=   23.2ms avg/tick=   58.1us share=  0.3% n=400
[04:21:28] [Server thread/INFO]: [STDOUT] [io.papermc.paper.util.PapoTickProfile] PapoTickProfile.phase player.superTick           total=   20.5ms avg/tick=   51.2us share=  0.3% n=4000
[04:21:28] [Server thread/INFO]: [STDOUT] [io.papermc.paper.util.PapoTickProfile] PapoTickProfile.phase ent.serverAiStep           total=    6.4ms avg/tick=   16.1us share=  0.1% n=11738
[04:21:28] [Server thread/INFO]: [STDOUT] [io.papermc.paper.util.PapoTickProfile] PapoTickProfile.phase chunkMap.tracker.maintain  total=    6.4ms avg/tick=   16.1us share=  0.1% n=1200
[04:21:28] [Server thread/INFO]: [STDOUT] [io.papermc.paper.util.PapoTickProfile] PapoTickProfile.phase chunkMap.tracker.sendChanges total=    4.3ms avg/tick=   10.8us share=  0.1% n=1200
[04:21:28] [Server thread/INFO]: [STDOUT] [io.papermc.paper.util.PapoTickProfile] PapoTickProfile.phase server.taskDrain           total=    4.3ms avg/tick=   10.7us share=  0.1% n=400
[04:21:28] [Server thread/INFO]: [STDOUT] [io.papermc.paper.util.PapoTickProfile] PapoTickProfile.phase player.pushEntities        total=    1.2ms avg/tick=    3.1us share=  0.0% n=5757
[04:21:28] [Server thread/INFO]: [STDOUT] [io.papermc.paper.util.PapoTickProfile] PapoTickProfile.phase level.fluidTicks           total=    0.8ms avg/tick=    2.1us share=  0.0% n=1200
[04:21:28] [Server thread/INFO]: [STDOUT] [io.papermc.paper.util.PapoTickProfile] PapoTickProfile.phase player.aiStepTouchScan     total=    0.8ms avg/tick=    2.0us share=  0.0% n=3600
[04:21:28] [Server thread/INFO]: [STDOUT] [io.papermc.paper.util.PapoTickProfile] PapoTickProfile.phase chunkMap.tracker.fanout    total=    0.8ms avg/tick=    1.9us share=  0.0% n=1200
[04:21:28] [Server thread/INFO]: [STDOUT] [io.papermc.paper.util.PapoTickProfile] PapoTickProfile.phase level.blockEvents          total=    0.2ms avg/tick=    0.4us share=  0.0% n=1200
[04:21:28] [Server thread/INFO]: [STDOUT] [io.papermc.paper.util.PapoTickProfile] PapoTickProfile.phase functions                  total=    0.2ms avg/tick=    0.4us share=  0.0% n=400
[04:21:28] [Server thread/INFO]: [STDOUT] [io.papermc.paper.util.PapoTickProfile] PapoTickProfile.phase conn.flushQueue            total=    0.1ms avg/tick=    0.3us share=  0.0% n=4000
[04:21:28] [Server thread/INFO]: [STDOUT] [io.papermc.paper.util.PapoTickProfile] PapoTickProfile.phase players                    total=    0.1ms avg/tick=    0.3us share=  0.0% n=400
[04:21:28] [Server thread/INFO]: [STDOUT] [io.papermc.paper.util.PapoTickProfile] PapoTickProfile.count rs.blockTickRuns           total=   102400 avg/tick=    256.0 n=102400
[04:21:28] [Server thread/INFO]: [STDOUT] [io.papermc.paper.util.PapoTickProfile] PapoTickProfile.count fanout.sends               total=    15637 avg/tick=     39.1 n=1200
[04:21:28] [Server thread/INFO]: [STDOUT] [io.papermc.paper.util.PapoTickProfile] PapoTickProfile.count fanout.pkt.headRot         total=      953 avg/tick=      2.4 n=396
[04:21:28] [Server thread/INFO]: [STDOUT] [io.papermc.paper.util.PapoTickProfile] PapoTickProfile.count fanout.pkt.movePosRot      total=      869 avg/tick=      2.2 n=389
[04:21:28] [Server thread/INFO]: [STDOUT] [io.papermc.paper.util.PapoTickProfile] PapoTickProfile.count fanout.pkt.movePos         total=      141 avg/tick=      0.4 n=84
[04:21:28] [Server thread/INFO]: [STDOUT] [io.papermc.paper.util.PapoTickProfile] PapoTickProfile.count fanout.pkt.posSync         total=       68 avg/tick=      0.2 n=58
[04:21:28] [Server thread/INFO]: [STDOUT] [io.papermc.paper.util.PapoTickProfile] PapoTickProfile.count rs.fluidTickRuns           total=       55 avg/tick=      0.1 n=55
[04:21:28] [Server thread/INFO]: [STDOUT] [io.papermc.paper.util.PapoTickProfile] PapoTickProfile.count fanout.pkt.other           total=       47 avg/tick=      0.1 n=46
[04:21:28] [Server thread/INFO]: [STDOUT] [io.papermc.paper.util.PapoTickProfile] PapoTickProfile.count fanout.pkt.entityData      total=       15 avg/tick=      0.0 n=15
[04:21:48] [Server thread/INFO]: [STDOUT] [io.papermc.paper.util.PapoTickProfile] PapoTickProfile window=400ticks totalWallMs=19999 measuredMs=7691 gcMs=9
[04:21:48] [Server thread/INFO]: [STDOUT] [io.papermc.paper.util.PapoTickProfile] PapoTickProfile.phase worlds                     total= 2552.1ms avg/tick= 6380.3us share= 33.2% n=400
[04:21:48] [Server thread/INFO]: [STDOUT] [io.papermc.paper.util.PapoTickProfile] PapoTickProfile.phase level.tickPending+misc     total= 2457.7ms avg/tick= 6144.1us share= 32.0% n=1200
[04:21:48] [Server thread/INFO]: [STDOUT] [io.papermc.paper.util.PapoTickProfile] PapoTickProfile.phase level.blockTicks           total= 2189.7ms avg/tick= 5474.3us share= 28.5% n=1200
[04:21:48] [Server thread/INFO]: [STDOUT] [io.papermc.paper.util.PapoTickProfile] PapoTickProfile.phase level.chunkSource          total=  266.2ms avg/tick=  665.5us share=  3.5% n=1200
[04:21:48] [Server thread/INFO]: [STDOUT] [io.papermc.paper.util.PapoTickProfile] PapoTickProfile.phase level.entities             total=   91.8ms avg/tick=  229.5us share=  1.2% n=1200
[04:21:48] [Server thread/INFO]: [STDOUT] [io.papermc.paper.util.PapoTickProfile] PapoTickProfile.phase connection                 total=   31.6ms avg/tick=   78.9us share=  0.4% n=400
[04:21:48] [Server thread/INFO]: [STDOUT] [io.papermc.paper.util.PapoTickProfile] PapoTickProfile.phase conn.listenerTick          total=   30.2ms avg/tick=   75.6us share=  0.4% n=4000
[04:21:48] [Server thread/INFO]: [STDOUT] [io.papermc.paper.util.PapoTickProfile] PapoTickProfile.phase sendChunks                 total=   23.5ms avg/tick=   58.6us share=  0.3% n=400
[04:21:48] [Server thread/INFO]: [STDOUT] [io.papermc.paper.util.PapoTickProfile] PapoTickProfile.phase player.superTick           total=   20.7ms avg/tick=   51.7us share=  0.3% n=4000
[04:21:48] [Server thread/INFO]: [STDOUT] [io.papermc.paper.util.PapoTickProfile] PapoTickProfile.phase ent.serverAiStep           total=    7.4ms avg/tick=   18.6us share=  0.1% n=11996
[04:21:48] [Server thread/INFO]: [STDOUT] [io.papermc.paper.util.PapoTickProfile] PapoTickProfile.phase chunkMap.tracker.maintain  total=    6.9ms avg/tick=   17.2us share=  0.1% n=1200
[04:21:48] [Server thread/INFO]: [STDOUT] [io.papermc.paper.util.PapoTickProfile] PapoTickProfile.phase server.taskDrain           total=    4.6ms avg/tick=   11.4us share=  0.1% n=400
[04:21:48] [Server thread/INFO]: [STDOUT] [io.papermc.paper.util.PapoTickProfile] PapoTickProfile.phase chunkMap.tracker.sendChanges total=    4.4ms avg/tick=   11.1us share=  0.1% n=1200
[04:21:48] [Server thread/INFO]: [STDOUT] [io.papermc.paper.util.PapoTickProfile] PapoTickProfile.phase player.pushEntities        total=    1.4ms avg/tick=    3.4us share=  0.0% n=6022
[04:21:48] [Server thread/INFO]: [STDOUT] [io.papermc.paper.util.PapoTickProfile] PapoTickProfile.phase level.fluidTicks           total=    0.8ms avg/tick=    2.1us share=  0.0% n=1200
[04:21:48] [Server thread/INFO]: [STDOUT] [io.papermc.paper.util.PapoTickProfile] PapoTickProfile.phase chunkMap.tracker.fanout    total=    0.8ms avg/tick=    2.1us share=  0.0% n=1200
[04:21:48] [Server thread/INFO]: [STDOUT] [io.papermc.paper.util.PapoTickProfile] PapoTickProfile.phase player.aiStepTouchScan     total=    0.7ms avg/tick=    1.8us share=  0.0% n=3600
[04:21:48] [Server thread/INFO]: [STDOUT] [io.papermc.paper.util.PapoTickProfile] PapoTickProfile.phase level.blockEvents          total=    0.2ms avg/tick=    0.5us share=  0.0% n=1200
[04:21:48] [Server thread/INFO]: [STDOUT] [io.papermc.paper.util.PapoTickProfile] PapoTickProfile.phase functions                  total=    0.2ms avg/tick=    0.4us share=  0.0% n=400
[04:21:48] [Server thread/INFO]: [STDOUT] [io.papermc.paper.util.PapoTickProfile] PapoTickProfile.phase players                    total=    0.1ms avg/tick=    0.3us share=  0.0% n=400
[04:21:48] [Server thread/INFO]: [STDOUT] [io.papermc.paper.util.PapoTickProfile] PapoTickProfile.phase conn.flushQueue            total=    0.1ms avg/tick=    0.3us share=  0.0% n=4000
[04:21:48] [Server thread/INFO]: [STDOUT] [io.papermc.paper.util.PapoTickProfile] PapoTickProfile.count rs.blockTickRuns           total=   102400 avg/tick=    256.0 n=102400
[04:21:48] [Server thread/INFO]: [STDOUT] [io.papermc.paper.util.PapoTickProfile] PapoTickProfile.count fanout.sends               total=    16865 avg/tick=     42.2 n=1200
[04:21:48] [Server thread/INFO]: [STDOUT] [io.papermc.paper.util.PapoTickProfile] PapoTickProfile.count fanout.pkt.headRot         total=      988 avg/tick=      2.5 n=398
[04:21:48] [Server thread/INFO]: [STDOUT] [io.papermc.paper.util.PapoTickProfile] PapoTickProfile.count fanout.pkt.movePosRot      total=      903 avg/tick=      2.3 n=395
[04:21:48] [Server thread/INFO]: [STDOUT] [io.papermc.paper.util.PapoTickProfile] PapoTickProfile.count fanout.pkt.movePos         total=      138 avg/tick=      0.3 n=84
[04:21:48] [Server thread/INFO]: [STDOUT] [io.papermc.paper.util.PapoTickProfile] PapoTickProfile.count fanout.pkt.posSync         total=       67 avg/tick=      0.2 n=62
[04:21:48] [Server thread/INFO]: [STDOUT] [io.papermc.paper.util.PapoTickProfile] PapoTickProfile.count rs.fluidTickRuns           total=       55 avg/tick=      0.1 n=55
[04:21:48] [Server thread/INFO]: [STDOUT] [io.papermc.paper.util.PapoTickProfile] PapoTickProfile.count fanout.pkt.other           total=       48 avg/tick=      0.1 n=45
[04:21:48] [Server thread/INFO]: [STDOUT] [io.papermc.paper.util.PapoTickProfile] PapoTickProfile.count fanout.pkt.entityData      total=       26 avg/tick=      0.1 n=26
[04:21:48] [Server thread/INFO]: [STDOUT] [io.papermc.paper.util.PapoTickProfile] PapoTickProfile.count fanout.pkt.velocity        total=        2 avg/tick=      0.0 n=2
[04:22:08] [Server thread/INFO]: [STDOUT] [io.papermc.paper.util.PapoTickProfile] PapoTickProfile window=400ticks totalWallMs=20000 measuredMs=8061 gcMs=10
[04:22:08] [Server thread/INFO]: [STDOUT] [io.papermc.paper.util.PapoTickProfile] PapoTickProfile.phase worlds                     total= 2674.2ms avg/tick= 6685.5us share= 33.2% n=400
[04:22:08] [Server thread/INFO]: [STDOUT] [io.papermc.paper.util.PapoTickProfile] PapoTickProfile.phase level.tickPending+misc     total= 2563.6ms avg/tick= 6408.9us share= 31.8% n=1200
[04:22:08] [Server thread/INFO]: [STDOUT] [io.papermc.paper.util.PapoTickProfile] PapoTickProfile.phase level.blockTicks           total= 2238.9ms avg/tick= 5597.2us share= 27.8% n=1200
[04:22:08] [Server thread/INFO]: [STDOUT] [io.papermc.paper.util.PapoTickProfile] PapoTickProfile.phase level.chunkSource          total=  322.5ms avg/tick=  806.4us share=  4.0% n=1200
[04:22:08] [Server thread/INFO]: [STDOUT] [io.papermc.paper.util.PapoTickProfile] PapoTickProfile.phase level.entities             total=  107.2ms avg/tick=  268.0us share=  1.3% n=1200
[04:22:08] [Server thread/INFO]: [STDOUT] [io.papermc.paper.util.PapoTickProfile] PapoTickProfile.phase connection                 total=   36.3ms avg/tick=   90.8us share=  0.5% n=400
[04:22:08] [Server thread/INFO]: [STDOUT] [io.papermc.paper.util.PapoTickProfile] PapoTickProfile.phase conn.listenerTick          total=   34.8ms avg/tick=   86.9us share=  0.4% n=4000
[04:22:08] [Server thread/INFO]: [STDOUT] [io.papermc.paper.util.PapoTickProfile] PapoTickProfile.phase sendChunks                 total=   27.0ms avg/tick=   67.4us share=  0.3% n=400
[04:22:08] [Server thread/INFO]: [STDOUT] [io.papermc.paper.util.PapoTickProfile] PapoTickProfile.phase player.superTick           total=   23.7ms avg/tick=   59.4us share=  0.3% n=4000
[04:22:08] [Server thread/INFO]: [STDOUT] [io.papermc.paper.util.PapoTickProfile] PapoTickProfile.phase ent.serverAiStep           total=    9.9ms avg/tick=   24.7us share=  0.1% n=12143
[04:22:08] [Server thread/INFO]: [STDOUT] [io.papermc.paper.util.PapoTickProfile] PapoTickProfile.phase chunkMap.tracker.maintain  total=    7.9ms avg/tick=   19.8us share=  0.1% n=1200
[04:22:08] [Server thread/INFO]: [STDOUT] [io.papermc.paper.util.PapoTickProfile] PapoTickProfile.phase chunkMap.tracker.sendChanges total=    5.7ms avg/tick=   14.2us share=  0.1% n=1200
[04:22:08] [Server thread/INFO]: [STDOUT] [io.papermc.paper.util.PapoTickProfile] PapoTickProfile.phase server.taskDrain           total=    5.2ms avg/tick=   13.0us share=  0.1% n=400
[04:22:08] [Server thread/INFO]: [STDOUT] [io.papermc.paper.util.PapoTickProfile] PapoTickProfile.phase player.pushEntities        total=    1.6ms avg/tick=    4.0us share=  0.0% n=6219
[04:22:08] [Server thread/INFO]: [STDOUT] [io.papermc.paper.util.PapoTickProfile] PapoTickProfile.phase level.fluidTicks           total=    1.1ms avg/tick=    2.6us share=  0.0% n=1200
[04:22:08] [Server thread/INFO]: [STDOUT] [io.papermc.paper.util.PapoTickProfile] PapoTickProfile.phase chunkMap.tracker.fanout    total=    1.0ms avg/tick=    2.5us share=  0.0% n=1200
[04:22:08] [Server thread/INFO]: [STDOUT] [io.papermc.paper.util.PapoTickProfile] PapoTickProfile.phase player.aiStepTouchScan     total=    0.8ms avg/tick=    2.0us share=  0.0% n=3600
[04:22:08] [Server thread/INFO]: [STDOUT] [io.papermc.paper.util.PapoTickProfile] PapoTickProfile.phase level.blockEvents          total=    0.2ms avg/tick=    0.6us share=  0.0% n=1200
[04:22:08] [Server thread/INFO]: [STDOUT] [io.papermc.paper.util.PapoTickProfile] PapoTickProfile.phase functions                  total=    0.2ms avg/tick=    0.5us share=  0.0% n=400
[04:22:08] [Server thread/INFO]: [STDOUT] [io.papermc.paper.util.PapoTickProfile] PapoTickProfile.phase conn.flushQueue            total=    0.1ms avg/tick=    0.3us share=  0.0% n=4000
[04:22:08] [Server thread/INFO]: [STDOUT] [io.papermc.paper.util.PapoTickProfile] PapoTickProfile.phase players                    total=    0.0ms avg/tick=    0.0us share=  0.0% n=400
[04:22:08] [Server thread/INFO]: [STDOUT] [io.papermc.paper.util.PapoTickProfile] PapoTickProfile.count rs.blockTickRuns           total=   102400 avg/tick=    256.0 n=102400
[04:22:08] [Server thread/INFO]: [STDOUT] [io.papermc.paper.util.PapoTickProfile] PapoTickProfile.count fanout.sends               total=    20260 avg/tick=     50.7 n=1200
[04:22:08] [Server thread/INFO]: [STDOUT] [io.papermc.paper.util.PapoTickProfile] PapoTickProfile.count fanout.pkt.headRot         total=     1120 avg/tick=      2.8 n=388
[04:22:08] [Server thread/INFO]: [STDOUT] [io.papermc.paper.util.PapoTickProfile] PapoTickProfile.count fanout.pkt.movePosRot      total=     1016 avg/tick=      2.5 n=377
[04:22:08] [Server thread/INFO]: [STDOUT] [io.papermc.paper.util.PapoTickProfile] PapoTickProfile.count fanout.pkt.movePos         total=      136 avg/tick=      0.3 n=85
[04:22:08] [Server thread/INFO]: [STDOUT] [io.papermc.paper.util.PapoTickProfile] PapoTickProfile.count fanout.pkt.posSync         total=       78 avg/tick=      0.2 n=68
[04:22:08] [Server thread/INFO]: [STDOUT] [io.papermc.paper.util.PapoTickProfile] PapoTickProfile.count rs.fluidTickRuns           total=       55 avg/tick=      0.1 n=55
[04:22:08] [Server thread/INFO]: [STDOUT] [io.papermc.paper.util.PapoTickProfile] PapoTickProfile.count fanout.pkt.other           total=       48 avg/tick=      0.1 n=45
[04:22:08] [Server thread/INFO]: [STDOUT] [io.papermc.paper.util.PapoTickProfile] PapoTickProfile.count fanout.pkt.entityData      total=       21 avg/tick=      0.1 n=19
[04:22:28] [Server thread/INFO]: [STDOUT] [io.papermc.paper.util.PapoTickProfile] PapoTickProfile window=400ticks totalWallMs=20001 measuredMs=7910 gcMs=8
[04:22:28] [Server thread/INFO]: [STDOUT] [io.papermc.paper.util.PapoTickProfile] PapoTickProfile.phase worlds                     total= 2624.3ms avg/tick= 6560.7us share= 33.2% n=400
[04:22:28] [Server thread/INFO]: [STDOUT] [io.papermc.paper.util.PapoTickProfile] PapoTickProfile.phase level.tickPending+misc     total= 2522.8ms avg/tick= 6306.9us share= 31.9% n=1200
[04:22:28] [Server thread/INFO]: [STDOUT] [io.papermc.paper.util.PapoTickProfile] PapoTickProfile.phase level.blockTicks           total= 2222.5ms avg/tick= 5556.2us share= 28.1% n=1200
[04:22:28] [Server thread/INFO]: [STDOUT] [io.papermc.paper.util.PapoTickProfile] PapoTickProfile.phase level.chunkSource          total=  298.3ms avg/tick=  745.7us share=  3.8% n=1200
[04:22:28] [Server thread/INFO]: [STDOUT] [io.papermc.paper.util.PapoTickProfile] PapoTickProfile.phase level.entities             total=   98.3ms avg/tick=  245.6us share=  1.2% n=1200
[04:22:28] [Server thread/INFO]: [STDOUT] [io.papermc.paper.util.PapoTickProfile] PapoTickProfile.phase connection                 total=   34.3ms avg/tick=   85.7us share=  0.4% n=400
[04:22:28] [Server thread/INFO]: [STDOUT] [io.papermc.paper.util.PapoTickProfile] PapoTickProfile.phase conn.listenerTick          total=   32.9ms avg/tick=   82.2us share=  0.4% n=4000
[04:22:28] [Server thread/INFO]: [STDOUT] [io.papermc.paper.util.PapoTickProfile] PapoTickProfile.phase sendChunks                 total=   24.8ms avg/tick=   61.9us share=  0.3% n=400
[04:22:28] [Server thread/INFO]: [STDOUT] [io.papermc.paper.util.PapoTickProfile] PapoTickProfile.phase player.superTick           total=   22.6ms avg/tick=   56.5us share=  0.3% n=4000
[04:22:28] [Server thread/INFO]: [STDOUT] [io.papermc.paper.util.PapoTickProfile] PapoTickProfile.phase ent.serverAiStep           total=    7.9ms avg/tick=   19.7us share=  0.1% n=11710
[04:22:28] [Server thread/INFO]: [STDOUT] [io.papermc.paper.util.PapoTickProfile] PapoTickProfile.phase chunkMap.tracker.maintain  total=    7.8ms avg/tick=   19.5us share=  0.1% n=1200
[04:22:28] [Server thread/INFO]: [STDOUT] [io.papermc.paper.util.PapoTickProfile] PapoTickProfile.phase chunkMap.tracker.sendChanges total=    5.2ms avg/tick=   13.0us share=  0.1% n=1200
[04:22:28] [Server thread/INFO]: [STDOUT] [io.papermc.paper.util.PapoTickProfile] PapoTickProfile.phase server.taskDrain           total=    4.7ms avg/tick=   11.8us share=  0.1% n=400
[04:22:28] [Server thread/INFO]: [STDOUT] [io.papermc.paper.util.PapoTickProfile] PapoTickProfile.phase player.pushEntities        total=    1.5ms avg/tick=    3.7us share=  0.0% n=5745
[04:22:28] [Server thread/INFO]: [STDOUT] [io.papermc.paper.util.PapoTickProfile] PapoTickProfile.phase level.fluidTicks           total=    0.9ms avg/tick=    2.4us share=  0.0% n=1200
[04:22:28] [Server thread/INFO]: [STDOUT] [io.papermc.paper.util.PapoTickProfile] PapoTickProfile.phase chunkMap.tracker.fanout    total=    0.9ms avg/tick=    2.3us share=  0.0% n=1200
[04:22:28] [Server thread/INFO]: [STDOUT] [io.papermc.paper.util.PapoTickProfile] PapoTickProfile.phase player.aiStepTouchScan     total=    0.8ms avg/tick=    2.0us share=  0.0% n=3600
[04:22:28] [Server thread/INFO]: [STDOUT] [io.papermc.paper.util.PapoTickProfile] PapoTickProfile.phase level.blockEvents          total=    0.2ms avg/tick=    0.6us share=  0.0% n=1200
[04:22:28] [Server thread/INFO]: [STDOUT] [io.papermc.paper.util.PapoTickProfile] PapoTickProfile.phase functions                  total=    0.2ms avg/tick=    0.5us share=  0.0% n=400
[04:22:28] [Server thread/INFO]: [STDOUT] [io.papermc.paper.util.PapoTickProfile] PapoTickProfile.phase conn.flushQueue            total=    0.1ms avg/tick=    0.3us share=  0.0% n=4000
[04:22:28] [Server thread/INFO]: [STDOUT] [io.papermc.paper.util.PapoTickProfile] PapoTickProfile.phase players                    total=    0.1ms avg/tick=    0.3us share=  0.0% n=400
[04:22:28] [Server thread/INFO]: [STDOUT] [io.papermc.paper.util.PapoTickProfile] PapoTickProfile.count rs.blockTickRuns           total=   102401 avg/tick=    256.0 n=102401
[04:22:28] [Server thread/INFO]: [STDOUT] [io.papermc.paper.util.PapoTickProfile] PapoTickProfile.count fanout.sends               total=    20909 avg/tick=     52.3 n=1200
[04:22:28] [Server thread/INFO]: [STDOUT] [io.papermc.paper.util.PapoTickProfile] PapoTickProfile.count fanout.pkt.headRot         total=     1186 avg/tick=      3.0 n=304
[04:22:28] [Server thread/INFO]: [STDOUT] [io.papermc.paper.util.PapoTickProfile] PapoTickProfile.count fanout.pkt.movePosRot      total=     1076 avg/tick=      2.7 n=290
[04:22:28] [Server thread/INFO]: [STDOUT] [io.papermc.paper.util.PapoTickProfile] PapoTickProfile.count fanout.pkt.movePos         total=      158 avg/tick=      0.4 n=102
[04:22:28] [Server thread/INFO]: [STDOUT] [io.papermc.paper.util.PapoTickProfile] PapoTickProfile.count fanout.pkt.posSync         total=       81 avg/tick=      0.2 n=71
[04:22:28] [Server thread/INFO]: [STDOUT] [io.papermc.paper.util.PapoTickProfile] PapoTickProfile.count fanout.pkt.other           total=       49 avg/tick=      0.1 n=44
[04:22:28] [Server thread/INFO]: [STDOUT] [io.papermc.paper.util.PapoTickProfile] PapoTickProfile.count rs.fluidTickRuns           total=       44 avg/tick=      0.1 n=44
[04:22:28] [Server thread/INFO]: [STDOUT] [io.papermc.paper.util.PapoTickProfile] PapoTickProfile.count fanout.pkt.velocity        total=       24 avg/tick=      0.1 n=24
[04:22:28] [Server thread/INFO]: [STDOUT] [io.papermc.paper.util.PapoTickProfile] PapoTickProfile.count fanout.pkt.entityData      total=       20 avg/tick=      0.1 n=20
[04:22:28] [Server thread/INFO]: [STDOUT] [io.papermc.paper.util.PapoTickProfile] PapoTickProfile.count fanout.pkt.moveRot         total=        8 avg/tick=      0.0 n=8
[04:22:48] [Server thread/INFO]: [STDOUT] [io.papermc.paper.util.PapoTickProfile] PapoTickProfile window=400ticks totalWallMs=19999 measuredMs=7917 gcMs=9
[04:22:48] [Server thread/INFO]: [STDOUT] [io.papermc.paper.util.PapoTickProfile] PapoTickProfile.phase worlds                     total= 2625.9ms avg/tick= 6564.6us share= 33.2% n=400
[04:22:48] [Server thread/INFO]: [STDOUT] [io.papermc.paper.util.PapoTickProfile] PapoTickProfile.phase level.tickPending+misc     total= 2524.6ms avg/tick= 6311.5us share= 31.9% n=1200
[04:22:48] [Server thread/INFO]: [STDOUT] [io.papermc.paper.util.PapoTickProfile] PapoTickProfile.phase level.blockTicks           total= 2226.3ms avg/tick= 5565.9us share= 28.1% n=1200
[04:22:48] [Server thread/INFO]: [STDOUT] [io.papermc.paper.util.PapoTickProfile] PapoTickProfile.phase level.chunkSource          total=  296.2ms avg/tick=  740.4us share=  3.7% n=1200
[04:22:48] [Server thread/INFO]: [STDOUT] [io.papermc.paper.util.PapoTickProfile] PapoTickProfile.phase level.entities             total=   98.2ms avg/tick=  245.4us share=  1.2% n=1200
[04:22:48] [Server thread/INFO]: [STDOUT] [io.papermc.paper.util.PapoTickProfile] PapoTickProfile.phase connection                 total=   34.4ms avg/tick=   85.9us share=  0.4% n=400
[04:22:48] [Server thread/INFO]: [STDOUT] [io.papermc.paper.util.PapoTickProfile] PapoTickProfile.phase conn.listenerTick          total=   33.0ms avg/tick=   82.5us share=  0.4% n=4000
[04:22:48] [Server thread/INFO]: [STDOUT] [io.papermc.paper.util.PapoTickProfile] PapoTickProfile.phase sendChunks                 total=   25.1ms avg/tick=   62.8us share=  0.3% n=400
[04:22:48] [Server thread/INFO]: [STDOUT] [io.papermc.paper.util.PapoTickProfile] PapoTickProfile.phase player.superTick           total=   22.7ms avg/tick=   56.8us share=  0.3% n=4000
[04:22:48] [Server thread/INFO]: [STDOUT] [io.papermc.paper.util.PapoTickProfile] PapoTickProfile.phase chunkMap.tracker.maintain  total=    8.4ms avg/tick=   21.0us share=  0.1% n=1200
[04:22:48] [Server thread/INFO]: [STDOUT] [io.papermc.paper.util.PapoTickProfile] PapoTickProfile.phase ent.serverAiStep           total=    7.8ms avg/tick=   19.6us share=  0.1% n=11736
[04:22:48] [Server thread/INFO]: [STDOUT] [io.papermc.paper.util.PapoTickProfile] PapoTickProfile.phase chunkMap.tracker.sendChanges total=    5.4ms avg/tick=   13.4us share=  0.1% n=1200
[04:22:48] [Server thread/INFO]: [STDOUT] [io.papermc.paper.util.PapoTickProfile] PapoTickProfile.phase server.taskDrain           total=    4.6ms avg/tick=   11.5us share=  0.1% n=400
[04:22:48] [Server thread/INFO]: [STDOUT] [io.papermc.paper.util.PapoTickProfile] PapoTickProfile.phase player.pushEntities        total=    1.5ms avg/tick=    3.8us share=  0.0% n=5749
[04:22:48] [Server thread/INFO]: [STDOUT] [io.papermc.paper.util.PapoTickProfile] PapoTickProfile.phase chunkMap.tracker.fanout    total=    1.1ms avg/tick=    2.6us share=  0.0% n=1200
[04:22:48] [Server thread/INFO]: [STDOUT] [io.papermc.paper.util.PapoTickProfile] PapoTickProfile.phase level.fluidTicks           total=    1.0ms avg/tick=    2.5us share=  0.0% n=1200
[04:22:48] [Server thread/INFO]: [STDOUT] [io.papermc.paper.util.PapoTickProfile] PapoTickProfile.phase player.aiStepTouchScan     total=    0.9ms avg/tick=    2.1us share=  0.0% n=3600
[04:22:48] [Server thread/INFO]: [STDOUT] [io.papermc.paper.util.PapoTickProfile] PapoTickProfile.phase level.blockEvents          total=    0.2ms avg/tick=    0.5us share=  0.0% n=1200
[04:22:48] [Server thread/INFO]: [STDOUT] [io.papermc.paper.util.PapoTickProfile] PapoTickProfile.phase functions                  total=    0.2ms avg/tick=    0.5us share=  0.0% n=400
[04:22:48] [Server thread/INFO]: [STDOUT] [io.papermc.paper.util.PapoTickProfile] PapoTickProfile.phase conn.flushQueue            total=    0.1ms avg/tick=    0.3us share=  0.0% n=4000
[04:22:48] [Server thread/INFO]: [STDOUT] [io.papermc.paper.util.PapoTickProfile] PapoTickProfile.phase players                    total=    0.1ms avg/tick=    0.3us share=  0.0% n=400
[04:22:48] [Server thread/INFO]: [STDOUT] [io.papermc.paper.util.PapoTickProfile] PapoTickProfile.count rs.blockTickRuns           total=   102400 avg/tick=    256.0 n=102400
[04:22:48] [Server thread/INFO]: [STDOUT] [io.papermc.paper.util.PapoTickProfile] PapoTickProfile.count fanout.sends               total=    24100 avg/tick=     60.3 n=1200
[04:22:48] [Server thread/INFO]: [STDOUT] [io.papermc.paper.util.PapoTickProfile] PapoTickProfile.count fanout.pkt.headRot         total=     1440 avg/tick=      3.6 n=353
[04:22:48] [Server thread/INFO]: [STDOUT] [io.papermc.paper.util.PapoTickProfile] PapoTickProfile.count fanout.pkt.movePosRot      total=     1270 avg/tick=      3.2 n=336
[04:22:48] [Server thread/INFO]: [STDOUT] [io.papermc.paper.util.PapoTickProfile] PapoTickProfile.count fanout.pkt.movePos         total=      182 avg/tick=      0.5 n=112
[04:22:48] [Server thread/INFO]: [STDOUT] [io.papermc.paper.util.PapoTickProfile] PapoTickProfile.count fanout.pkt.posSync         total=      114 avg/tick=      0.3 n=92
[04:22:48] [Server thread/INFO]: [STDOUT] [io.papermc.paper.util.PapoTickProfile] PapoTickProfile.count rs.fluidTickRuns           total=       65 avg/tick=      0.2 n=65
[04:22:48] [Server thread/INFO]: [STDOUT] [io.papermc.paper.util.PapoTickProfile] PapoTickProfile.count fanout.pkt.other           total=       48 avg/tick=      0.1 n=48
[04:22:48] [Server thread/INFO]: [STDOUT] [io.papermc.paper.util.PapoTickProfile] PapoTickProfile.count fanout.pkt.moveRot         total=       34 avg/tick=      0.1 n=34
[04:22:48] [Server thread/INFO]: [STDOUT] [io.papermc.paper.util.PapoTickProfile] PapoTickProfile.count fanout.pkt.velocity        total=       22 avg/tick=      0.1 n=22
[04:22:48] [Server thread/INFO]: [STDOUT] [io.papermc.paper.util.PapoTickProfile] PapoTickProfile.count fanout.pkt.entityData      total=       20 avg/tick=      0.1 n=20
[04:23:08] [Server thread/INFO]: [STDOUT] [io.papermc.paper.util.PapoTickProfile] PapoTickProfile window=400ticks totalWallMs=19998 measuredMs=8037 gcMs=9
[04:23:08] [Server thread/INFO]: [STDOUT] [io.papermc.paper.util.PapoTickProfile] PapoTickProfile.phase worlds                     total= 2642.3ms avg/tick= 6605.8us share= 32.9% n=400
[04:23:08] [Server thread/INFO]: [STDOUT] [io.papermc.paper.util.PapoTickProfile] PapoTickProfile.phase level.tickPending+misc     total= 2529.1ms avg/tick= 6322.7us share= 31.5% n=1200
[04:23:08] [Server thread/INFO]: [STDOUT] [io.papermc.paper.util.PapoTickProfile] PapoTickProfile.phase level.blockTicks           total= 2224.9ms avg/tick= 5562.2us share= 27.7% n=1200
[04:23:08] [Server thread/INFO]: [STDOUT] [io.papermc.paper.util.PapoTickProfile] PapoTickProfile.phase level.chunkSource          total=  302.1ms avg/tick=  755.3us share=  3.8% n=1200
[04:23:08] [Server thread/INFO]: [STDOUT] [io.papermc.paper.util.PapoTickProfile] PapoTickProfile.phase level.entities             total=  110.1ms avg/tick=  275.2us share=  1.4% n=1200
[04:23:08] [Server thread/INFO]: [STDOUT] [io.papermc.paper.util.PapoTickProfile] PapoTickProfile.phase connection                 total=   72.0ms avg/tick=  180.0us share=  0.9% n=400
[04:23:08] [Server thread/INFO]: [STDOUT] [io.papermc.paper.util.PapoTickProfile] PapoTickProfile.phase server.taskDrain           total=   46.0ms avg/tick=  115.0us share=  0.6% n=400
[04:23:08] [Server thread/INFO]: [STDOUT] [io.papermc.paper.util.PapoTickProfile] PapoTickProfile.phase conn.listenerTick          total=   33.3ms avg/tick=   83.3us share=  0.4% n=4000
[04:23:08] [Server thread/INFO]: [STDOUT] [io.papermc.paper.util.PapoTickProfile] PapoTickProfile.phase sendChunks                 total=   25.3ms avg/tick=   63.3us share=  0.3% n=400
[04:23:08] [Server thread/INFO]: [STDOUT] [io.papermc.paper.util.PapoTickProfile] PapoTickProfile.phase player.superTick           total=   22.7ms avg/tick=   56.9us share=  0.3% n=4000
[04:23:08] [Server thread/INFO]: [STDOUT] [io.papermc.paper.util.PapoTickProfile] PapoTickProfile.phase ent.serverAiStep           total=   10.3ms avg/tick=   25.8us share=  0.1% n=12507
[04:23:08] [Server thread/INFO]: [STDOUT] [io.papermc.paper.util.PapoTickProfile] PapoTickProfile.phase chunkMap.tracker.maintain  total=    8.8ms avg/tick=   22.0us share=  0.1% n=1200
[04:23:08] [Server thread/INFO]: [STDOUT] [io.papermc.paper.util.PapoTickProfile] PapoTickProfile.phase chunkMap.tracker.sendChanges total=    5.6ms avg/tick=   14.1us share=  0.1% n=1200
[04:23:08] [Server thread/INFO]: [STDOUT] [io.papermc.paper.util.PapoTickProfile] PapoTickProfile.phase player.pushEntities        total=    1.4ms avg/tick=    3.5us share=  0.0% n=6511
[04:23:08] [Server thread/INFO]: [STDOUT] [io.papermc.paper.util.PapoTickProfile] PapoTickProfile.phase chunkMap.tracker.fanout    total=    1.2ms avg/tick=    2.9us share=  0.0% n=1200
[04:23:08] [Server thread/INFO]: [STDOUT] [io.papermc.paper.util.PapoTickProfile] PapoTickProfile.phase level.fluidTicks           total=    1.0ms avg/tick=    2.5us share=  0.0% n=1200
[04:23:08] [Server thread/INFO]: [STDOUT] [io.papermc.paper.util.PapoTickProfile] PapoTickProfile.phase player.aiStepTouchScan     total=    0.8ms avg/tick=    2.0us share=  0.0% n=3600
[04:23:08] [Server thread/INFO]: [STDOUT] [io.papermc.paper.util.PapoTickProfile] PapoTickProfile.phase level.blockEvents          total=    0.2ms avg/tick=    0.5us share=  0.0% n=1200
[04:23:08] [Server thread/INFO]: [STDOUT] [io.papermc.paper.util.PapoTickProfile] PapoTickProfile.phase functions                  total=    0.2ms avg/tick=    0.4us share=  0.0% n=400
[04:23:08] [Server thread/INFO]: [STDOUT] [io.papermc.paper.util.PapoTickProfile] PapoTickProfile.phase conn.flushQueue            total=    0.1ms avg/tick=    0.3us share=  0.0% n=4000
[04:23:08] [Server thread/INFO]: [STDOUT] [io.papermc.paper.util.PapoTickProfile] PapoTickProfile.phase players                    total=    0.0ms avg/tick=    0.0us share=  0.0% n=400
[04:23:08] [Server thread/INFO]: [STDOUT] [io.papermc.paper.util.PapoTickProfile] PapoTickProfile.count rs.blockTickRuns           total=   102401 avg/tick=    256.0 n=102401
[04:23:08] [Server thread/INFO]: [STDOUT] [io.papermc.paper.util.PapoTickProfile] PapoTickProfile.count fanout.sends               total=    25825 avg/tick=     64.6 n=1200
[04:23:08] [Server thread/INFO]: [STDOUT] [io.papermc.paper.util.PapoTickProfile] PapoTickProfile.count fanout.pkt.headRot         total=     1539 avg/tick=      3.8 n=389
[04:23:08] [Server thread/INFO]: [STDOUT] [io.papermc.paper.util.PapoTickProfile] PapoTickProfile.count fanout.pkt.movePosRot      total=     1399 avg/tick=      3.5 n=375
[04:23:08] [Server thread/INFO]: [STDOUT] [io.papermc.paper.util.PapoTickProfile] PapoTickProfile.count fanout.pkt.movePos         total=      214 avg/tick=      0.5 n=137
[04:23:08] [Server thread/INFO]: [STDOUT] [io.papermc.paper.util.PapoTickProfile] PapoTickProfile.count fanout.pkt.posSync         total=       99 avg/tick=      0.2 n=88
[04:23:08] [Server thread/INFO]: [STDOUT] [io.papermc.paper.util.PapoTickProfile] PapoTickProfile.count rs.fluidTickRuns           total=       54 avg/tick=      0.1 n=54
[04:23:08] [Server thread/INFO]: [STDOUT] [io.papermc.paper.util.PapoTickProfile] PapoTickProfile.count fanout.pkt.other           total=       48 avg/tick=      0.1 n=48
[04:23:08] [Server thread/INFO]: [STDOUT] [io.papermc.paper.util.PapoTickProfile] PapoTickProfile.count fanout.pkt.velocity        total=       27 avg/tick=      0.1 n=27
[04:23:08] [Server thread/INFO]: [STDOUT] [io.papermc.paper.util.PapoTickProfile] PapoTickProfile.count fanout.pkt.entityData      total=       22 avg/tick=      0.1 n=22
[04:23:08] [Server thread/INFO]: [STDOUT] [io.papermc.paper.util.PapoTickProfile] PapoTickProfile.count fanout.pkt.moveRot         total=        8 avg/tick=      0.0 n=8
[04:23:28] [Server thread/INFO]: [STDOUT] [io.papermc.paper.util.PapoTickProfile] PapoTickProfile window=400ticks totalWallMs=20000 measuredMs=8003 gcMs=9
[04:23:28] [Server thread/INFO]: [STDOUT] [io.papermc.paper.util.PapoTickProfile] PapoTickProfile.phase worlds                     total= 2657.3ms avg/tick= 6643.1us share= 33.2% n=400
[04:23:28] [Server thread/INFO]: [STDOUT] [io.papermc.paper.util.PapoTickProfile] PapoTickProfile.phase level.tickPending+misc     total= 2541.7ms avg/tick= 6354.2us share= 31.8% n=1200
[04:23:28] [Server thread/INFO]: [STDOUT] [io.papermc.paper.util.PapoTickProfile] PapoTickProfile.phase level.blockTicks           total= 2233.4ms avg/tick= 5583.4us share= 27.9% n=1200
[04:23:28] [Server thread/INFO]: [STDOUT] [io.papermc.paper.util.PapoTickProfile] PapoTickProfile.phase level.chunkSource          total=  306.3ms avg/tick=  765.7us share=  3.8% n=1200
[04:23:28] [Server thread/INFO]: [STDOUT] [io.papermc.paper.util.PapoTickProfile] PapoTickProfile.phase level.entities             total=  112.4ms avg/tick=  281.0us share=  1.4% n=1200
[04:23:28] [Server thread/INFO]: [STDOUT] [io.papermc.paper.util.PapoTickProfile] PapoTickProfile.phase connection                 total=   34.8ms avg/tick=   87.0us share=  0.4% n=400
[04:23:28] [Server thread/INFO]: [STDOUT] [io.papermc.paper.util.PapoTickProfile] PapoTickProfile.phase conn.listenerTick          total=   33.4ms avg/tick=   83.5us share=  0.4% n=4000
[04:23:28] [Server thread/INFO]: [STDOUT] [io.papermc.paper.util.PapoTickProfile] PapoTickProfile.phase sendChunks                 total=   25.3ms avg/tick=   63.3us share=  0.3% n=400
[04:23:28] [Server thread/INFO]: [STDOUT] [io.papermc.paper.util.PapoTickProfile] PapoTickProfile.phase player.superTick           total=   23.0ms avg/tick=   57.5us share=  0.3% n=4000
[04:23:28] [Server thread/INFO]: [STDOUT] [io.papermc.paper.util.PapoTickProfile] PapoTickProfile.phase ent.serverAiStep           total=   11.2ms avg/tick=   28.1us share=  0.1% n=12333
[04:23:28] [Server thread/INFO]: [STDOUT] [io.papermc.paper.util.PapoTickProfile] PapoTickProfile.phase chunkMap.tracker.maintain  total=    8.8ms avg/tick=   21.9us share=  0.1% n=1200
[04:23:28] [Server thread/INFO]: [STDOUT] [io.papermc.paper.util.PapoTickProfile] PapoTickProfile.phase chunkMap.tracker.sendChanges total=    6.0ms avg/tick=   14.9us share=  0.1% n=1200
[04:23:28] [Server thread/INFO]: [STDOUT] [io.papermc.paper.util.PapoTickProfile] PapoTickProfile.phase server.taskDrain           total=    4.7ms avg/tick=   11.8us share=  0.1% n=400
[04:23:28] [Server thread/INFO]: [STDOUT] [io.papermc.paper.util.PapoTickProfile] PapoTickProfile.phase player.pushEntities        total=    2.1ms avg/tick=    5.2us share=  0.0% n=6366
[04:23:28] [Server thread/INFO]: [STDOUT] [io.papermc.paper.util.PapoTickProfile] PapoTickProfile.phase chunkMap.tracker.fanout    total=    1.3ms avg/tick=    3.2us share=  0.0% n=1200
[04:23:28] [Server thread/INFO]: [STDOUT] [io.papermc.paper.util.PapoTickProfile] PapoTickProfile.phase level.fluidTicks           total=    1.0ms avg/tick=    2.5us share=  0.0% n=1200
[04:23:28] [Server thread/INFO]: [STDOUT] [io.papermc.paper.util.PapoTickProfile] PapoTickProfile.phase player.aiStepTouchScan     total=    0.8ms avg/tick=    2.0us share=  0.0% n=3600
[04:23:28] [Server thread/INFO]: [STDOUT] [io.papermc.paper.util.PapoTickProfile] PapoTickProfile.phase level.blockEvents          total=    0.2ms avg/tick=    0.6us share=  0.0% n=1200
[04:23:28] [Server thread/INFO]: [STDOUT] [io.papermc.paper.util.PapoTickProfile] PapoTickProfile.phase functions                  total=    0.2ms avg/tick=    0.4us share=  0.0% n=400
[04:23:28] [Server thread/INFO]: [STDOUT] [io.papermc.paper.util.PapoTickProfile] PapoTickProfile.phase conn.flushQueue            total=    0.1ms avg/tick=    0.3us share=  0.0% n=4000
[04:23:28] [Server thread/INFO]: [STDOUT] [io.papermc.paper.util.PapoTickProfile] PapoTickProfile.phase players                    total=    0.1ms avg/tick=    0.3us share=  0.0% n=400
[04:23:28] [Server thread/INFO]: [STDOUT] [io.papermc.paper.util.PapoTickProfile] PapoTickProfile.count rs.blockTickRuns           total=   102400 avg/tick=    256.0 n=102400
[04:23:28] [Server thread/INFO]: [STDOUT] [io.papermc.paper.util.PapoTickProfile] PapoTickProfile.count fanout.sends               total=    25418 avg/tick=     63.5 n=1200
[04:23:28] [Server thread/INFO]: [STDOUT] [io.papermc.paper.util.PapoTickProfile] PapoTickProfile.count fanout.pkt.headRot         total=     1597 avg/tick=      4.0 n=400
[04:23:28] [Server thread/INFO]: [STDOUT] [io.papermc.paper.util.PapoTickProfile] PapoTickProfile.count fanout.pkt.movePosRot      total=     1454 avg/tick=      3.6 n=398
[04:23:28] [Server thread/INFO]: [STDOUT] [io.papermc.paper.util.PapoTickProfile] PapoTickProfile.count fanout.pkt.movePos         total=      189 avg/tick=      0.5 n=117
[04:23:28] [Server thread/INFO]: [STDOUT] [io.papermc.paper.util.PapoTickProfile] PapoTickProfile.count fanout.pkt.posSync         total=      105 avg/tick=      0.3 n=90
[04:23:28] [Server thread/INFO]: [STDOUT] [io.papermc.paper.util.PapoTickProfile] PapoTickProfile.count fanout.pkt.other           total=       45 avg/tick=      0.1 n=43
[04:23:28] [Server thread/INFO]: [STDOUT] [io.papermc.paper.util.PapoTickProfile] PapoTickProfile.count rs.fluidTickRuns           total=       44 avg/tick=      0.1 n=44
[04:23:28] [Server thread/INFO]: [STDOUT] [io.papermc.paper.util.PapoTickProfile] PapoTickProfile.count fanout.pkt.entityData      total=       38 avg/tick=      0.1 n=34
[04:23:48] [Server thread/INFO]: [STDOUT] [io.papermc.paper.util.PapoTickProfile] PapoTickProfile window=400ticks totalWallMs=20000 measuredMs=7938 gcMs=10
[04:23:48] [Server thread/INFO]: [STDOUT] [io.papermc.paper.util.PapoTickProfile] PapoTickProfile.phase worlds                     total= 2632.6ms avg/tick= 6581.5us share= 33.2% n=400
[04:23:48] [Server thread/INFO]: [STDOUT] [io.papermc.paper.util.PapoTickProfile] PapoTickProfile.phase level.tickPending+misc     total= 2527.9ms avg/tick= 6319.6us share= 31.8% n=1200
[04:23:48] [Server thread/INFO]: [STDOUT] [io.papermc.paper.util.PapoTickProfile] PapoTickProfile.phase level.blockTicks           total= 2223.2ms avg/tick= 5557.9us share= 28.0% n=1200
[04:23:48] [Server thread/INFO]: [STDOUT] [io.papermc.paper.util.PapoTickProfile] PapoTickProfile.phase level.chunkSource          total=  302.6ms avg/tick=  756.5us share=  3.8% n=1200
[04:23:48] [Server thread/INFO]: [STDOUT] [io.papermc.paper.util.PapoTickProfile] PapoTickProfile.phase level.entities             total=  101.6ms avg/tick=  254.0us share=  1.3% n=1200
[04:23:48] [Server thread/INFO]: [STDOUT] [io.papermc.paper.util.PapoTickProfile] PapoTickProfile.phase connection                 total=   35.3ms avg/tick=   88.2us share=  0.4% n=400
[04:23:48] [Server thread/INFO]: [STDOUT] [io.papermc.paper.util.PapoTickProfile] PapoTickProfile.phase conn.listenerTick          total=   33.8ms avg/tick=   84.6us share=  0.4% n=4000
[04:23:48] [Server thread/INFO]: [STDOUT] [io.papermc.paper.util.PapoTickProfile] PapoTickProfile.phase sendChunks                 total=   25.6ms avg/tick=   64.0us share=  0.3% n=400
[04:23:48] [Server thread/INFO]: [STDOUT] [io.papermc.paper.util.PapoTickProfile] PapoTickProfile.phase player.superTick           total=   23.3ms avg/tick=   58.2us share=  0.3% n=4000
[04:23:48] [Server thread/INFO]: [STDOUT] [io.papermc.paper.util.PapoTickProfile] PapoTickProfile.phase chunkMap.tracker.maintain  total=    9.2ms avg/tick=   23.1us share=  0.1% n=1200
[04:23:48] [Server thread/INFO]: [STDOUT] [io.papermc.paper.util.PapoTickProfile] PapoTickProfile.phase ent.serverAiStep           total=    7.6ms avg/tick=   19.1us share=  0.1% n=11740
[04:23:48] [Server thread/INFO]: [STDOUT] [io.papermc.paper.util.PapoTickProfile] PapoTickProfile.phase chunkMap.tracker.sendChanges total=    5.8ms avg/tick=   14.4us share=  0.1% n=1200
[04:23:48] [Server thread/INFO]: [STDOUT] [io.papermc.paper.util.PapoTickProfile] PapoTickProfile.phase server.taskDrain           total=    4.8ms avg/tick=   12.1us share=  0.1% n=400
[04:23:48] [Server thread/INFO]: [STDOUT] [io.papermc.paper.util.PapoTickProfile] PapoTickProfile.phase player.pushEntities        total=    1.2ms avg/tick=    3.0us share=  0.0% n=5786
[04:23:48] [Server thread/INFO]: [STDOUT] [io.papermc.paper.util.PapoTickProfile] PapoTickProfile.phase chunkMap.tracker.fanout    total=    1.1ms avg/tick=    2.7us share=  0.0% n=1200
[04:23:48] [Server thread/INFO]: [STDOUT] [io.papermc.paper.util.PapoTickProfile] PapoTickProfile.phase level.fluidTicks           total=    1.0ms avg/tick=    2.6us share=  0.0% n=1200
[04:23:48] [Server thread/INFO]: [STDOUT] [io.papermc.paper.util.PapoTickProfile] PapoTickProfile.phase player.aiStepTouchScan     total=    0.8ms avg/tick=    2.0us share=  0.0% n=3600
[04:23:48] [Server thread/INFO]: [STDOUT] [io.papermc.paper.util.PapoTickProfile] PapoTickProfile.phase level.blockEvents          total=    0.2ms avg/tick=    0.6us share=  0.0% n=1200
[04:23:48] [Server thread/INFO]: [STDOUT] [io.papermc.paper.util.PapoTickProfile] PapoTickProfile.phase functions                  total=    0.2ms avg/tick=    0.4us share=  0.0% n=400
[04:23:48] [Server thread/INFO]: [STDOUT] [io.papermc.paper.util.PapoTickProfile] PapoTickProfile.phase conn.flushQueue            total=    0.1ms avg/tick=    0.3us share=  0.0% n=4000
[04:23:48] [Server thread/INFO]: [STDOUT] [io.papermc.paper.util.PapoTickProfile] PapoTickProfile.phase players                    total=    0.1ms avg/tick=    0.3us share=  0.0% n=400
[04:23:48] [Server thread/INFO]: [STDOUT] [io.papermc.paper.util.PapoTickProfile] PapoTickProfile.count rs.blockTickRuns           total=   102400 avg/tick=    256.0 n=102400
[04:23:48] [Server thread/INFO]: [STDOUT] [io.papermc.paper.util.PapoTickProfile] PapoTickProfile.count fanout.sends               total=    22238 avg/tick=     55.6 n=1200
[04:23:48] [Server thread/INFO]: [STDOUT] [io.papermc.paper.util.PapoTickProfile] PapoTickProfile.count fanout.pkt.headRot         total=     1444 avg/tick=      3.6 n=400
[04:23:48] [Server thread/INFO]: [STDOUT] [io.papermc.paper.util.PapoTickProfile] PapoTickProfile.count fanout.pkt.movePosRot      total=     1295 avg/tick=      3.2 n=396
[04:23:48] [Server thread/INFO]: [STDOUT] [io.papermc.paper.util.PapoTickProfile] PapoTickProfile.count fanout.pkt.movePos         total=      175 avg/tick=      0.4 n=111
[04:23:48] [Server thread/INFO]: [STDOUT] [io.papermc.paper.util.PapoTickProfile] PapoTickProfile.count fanout.pkt.posSync         total=      127 avg/tick=      0.3 n=113
[04:23:48] [Server thread/INFO]: [STDOUT] [io.papermc.paper.util.PapoTickProfile] PapoTickProfile.count rs.fluidTickRuns           total=       65 avg/tick=      0.2 n=65
[04:23:48] [Server thread/INFO]: [STDOUT] [io.papermc.paper.util.PapoTickProfile] PapoTickProfile.count fanout.pkt.other           total=       44 avg/tick=      0.1 n=40
[04:23:48] [Server thread/INFO]: [STDOUT] [io.papermc.paper.util.PapoTickProfile] PapoTickProfile.count fanout.pkt.entityData      total=       11 avg/tick=      0.0 n=11
[04:24:08] [Server thread/INFO]: [STDOUT] [io.papermc.paper.util.PapoTickProfile] PapoTickProfile window=400ticks totalWallMs=20000 measuredMs=7934 gcMs=13
[04:24:08] [Server thread/INFO]: [STDOUT] [io.papermc.paper.util.PapoTickProfile] PapoTickProfile.phase worlds                     total= 2633.5ms avg/tick= 6583.7us share= 33.2% n=400
[04:24:08] [Server thread/INFO]: [STDOUT] [io.papermc.paper.util.PapoTickProfile] PapoTickProfile.phase level.tickPending+misc     total= 2522.6ms avg/tick= 6306.6us share= 31.8% n=1200
[04:24:08] [Server thread/INFO]: [STDOUT] [io.papermc.paper.util.PapoTickProfile] PapoTickProfile.phase level.blockTicks           total= 2219.9ms avg/tick= 5549.7us share= 28.0% n=1200
[04:24:08] [Server thread/INFO]: [STDOUT] [io.papermc.paper.util.PapoTickProfile] PapoTickProfile.phase level.chunkSource          total=  300.7ms avg/tick=  751.7us share=  3.8% n=1200
[04:24:08] [Server thread/INFO]: [STDOUT] [io.papermc.paper.util.PapoTickProfile] PapoTickProfile.phase level.entities             total=  107.7ms avg/tick=  269.3us share=  1.4% n=1200
[04:24:08] [Server thread/INFO]: [STDOUT] [io.papermc.paper.util.PapoTickProfile] PapoTickProfile.phase connection                 total=   34.7ms avg/tick=   86.7us share=  0.4% n=400
[04:24:08] [Server thread/INFO]: [STDOUT] [io.papermc.paper.util.PapoTickProfile] PapoTickProfile.phase conn.listenerTick          total=   33.3ms avg/tick=   83.2us share=  0.4% n=4000
[04:24:08] [Server thread/INFO]: [STDOUT] [io.papermc.paper.util.PapoTickProfile] PapoTickProfile.phase sendChunks                 total=   25.1ms avg/tick=   62.8us share=  0.3% n=400
[04:24:08] [Server thread/INFO]: [STDOUT] [io.papermc.paper.util.PapoTickProfile] PapoTickProfile.phase player.superTick           total=   22.6ms avg/tick=   56.5us share=  0.3% n=4000
[04:24:08] [Server thread/INFO]: [STDOUT] [io.papermc.paper.util.PapoTickProfile] PapoTickProfile.phase ent.serverAiStep           total=    9.6ms avg/tick=   23.9us share=  0.1% n=12456
[04:24:08] [Server thread/INFO]: [STDOUT] [io.papermc.paper.util.PapoTickProfile] PapoTickProfile.phase chunkMap.tracker.maintain  total=    9.4ms avg/tick=   23.4us share=  0.1% n=1200
[04:24:08] [Server thread/INFO]: [STDOUT] [io.papermc.paper.util.PapoTickProfile] PapoTickProfile.phase chunkMap.tracker.sendChanges total=    5.7ms avg/tick=   14.2us share=  0.1% n=1200
[04:24:08] [Server thread/INFO]: [STDOUT] [io.papermc.paper.util.PapoTickProfile] PapoTickProfile.phase server.taskDrain           total=    5.1ms avg/tick=   12.7us share=  0.1% n=400
[04:24:08] [Server thread/INFO]: [STDOUT] [io.papermc.paper.util.PapoTickProfile] PapoTickProfile.phase player.pushEntities        total=    1.4ms avg/tick=    3.5us share=  0.0% n=6477
[04:24:08] [Server thread/INFO]: [STDOUT] [io.papermc.paper.util.PapoTickProfile] PapoTickProfile.phase chunkMap.tracker.fanout    total=    1.1ms avg/tick=    2.8us share=  0.0% n=1200
[04:24:08] [Server thread/INFO]: [STDOUT] [io.papermc.paper.util.PapoTickProfile] PapoTickProfile.phase level.fluidTicks           total=    1.0ms avg/tick=    2.5us share=  0.0% n=1200
[04:24:08] [Server thread/INFO]: [STDOUT] [io.papermc.paper.util.PapoTickProfile] PapoTickProfile.phase player.aiStepTouchScan     total=    0.8ms avg/tick=    1.9us share=  0.0% n=3600
[04:24:08] [Server thread/INFO]: [STDOUT] [io.papermc.paper.util.PapoTickProfile] PapoTickProfile.phase level.blockEvents          total=    0.2ms avg/tick=    0.6us share=  0.0% n=1200
[04:24:08] [Server thread/INFO]: [STDOUT] [io.papermc.paper.util.PapoTickProfile] PapoTickProfile.phase functions                  total=    0.2ms avg/tick=    0.5us share=  0.0% n=400
[04:24:08] [Server thread/INFO]: [STDOUT] [io.papermc.paper.util.PapoTickProfile] PapoTickProfile.phase conn.flushQueue            total=    0.1ms avg/tick=    0.3us share=  0.0% n=4000
[04:24:08] [Server thread/INFO]: [STDOUT] [io.papermc.paper.util.PapoTickProfile] PapoTickProfile.phase players                    total=    0.0ms avg/tick=    0.0us share=  0.0% n=400
[04:24:08] [Server thread/INFO]: [STDOUT] [io.papermc.paper.util.PapoTickProfile] PapoTickProfile.count rs.blockTickRuns           total=   102401 avg/tick=    256.0 n=102401
[04:24:08] [Server thread/INFO]: [STDOUT] [io.papermc.paper.util.PapoTickProfile] PapoTickProfile.count fanout.sends               total=    23711 avg/tick=     59.3 n=1200
[04:24:08] [Server thread/INFO]: [STDOUT] [io.papermc.paper.util.PapoTickProfile] PapoTickProfile.count fanout.pkt.headRot         total=     1475 avg/tick=      3.7 n=400
[04:24:08] [Server thread/INFO]: [STDOUT] [io.papermc.paper.util.PapoTickProfile] PapoTickProfile.count fanout.pkt.movePosRot      total=     1348 avg/tick=      3.4 n=400
[04:24:08] [Server thread/INFO]: [STDOUT] [io.papermc.paper.util.PapoTickProfile] PapoTickProfile.count fanout.pkt.movePos         total=      188 avg/tick=      0.5 n=129
[04:24:08] [Server thread/INFO]: [STDOUT] [io.papermc.paper.util.PapoTickProfile] PapoTickProfile.count fanout.pkt.posSync         total=      109 avg/tick=      0.3 n=89
[04:24:08] [Server thread/INFO]: [STDOUT] [io.papermc.paper.util.PapoTickProfile] PapoTickProfile.count fanout.pkt.other           total=       48 avg/tick=      0.1 n=44
[04:24:08] [Server thread/INFO]: [STDOUT] [io.papermc.paper.util.PapoTickProfile] PapoTickProfile.count rs.fluidTickRuns           total=       44 avg/tick=      0.1 n=44
[04:24:08] [Server thread/INFO]: [STDOUT] [io.papermc.paper.util.PapoTickProfile] PapoTickProfile.count fanout.pkt.entityData      total=       24 avg/tick=      0.1 n=24
[04:24:28] [Server thread/INFO]: [STDOUT] [io.papermc.paper.util.PapoTickProfile] PapoTickProfile window=400ticks totalWallMs=19999 measuredMs=7930 gcMs=7
[04:24:28] [Server thread/INFO]: [STDOUT] [io.papermc.paper.util.PapoTickProfile] PapoTickProfile.phase worlds                     total= 2630.5ms avg/tick= 6576.4us share= 33.2% n=400
[04:24:28] [Server thread/INFO]: [STDOUT] [io.papermc.paper.util.PapoTickProfile] PapoTickProfile.phase level.tickPending+misc     total= 2522.5ms avg/tick= 6306.1us share= 31.8% n=1200
[04:24:28] [Server thread/INFO]: [STDOUT] [io.papermc.paper.util.PapoTickProfile] PapoTickProfile.phase level.blockTicks           total= 2221.7ms avg/tick= 5554.3us share= 28.0% n=1200
[04:24:28] [Server thread/INFO]: [STDOUT] [io.papermc.paper.util.PapoTickProfile] PapoTickProfile.phase level.chunkSource          total=  298.6ms avg/tick=  746.5us share=  3.8% n=1200
[04:24:28] [Server thread/INFO]: [STDOUT] [io.papermc.paper.util.PapoTickProfile] PapoTickProfile.phase level.entities             total=  104.9ms avg/tick=  262.2us share=  1.3% n=1200
[04:24:28] [Server thread/INFO]: [STDOUT] [io.papermc.paper.util.PapoTickProfile] PapoTickProfile.phase connection                 total=   35.8ms avg/tick=   89.5us share=  0.5% n=400
[04:24:28] [Server thread/INFO]: [STDOUT] [io.papermc.paper.util.PapoTickProfile] PapoTickProfile.phase conn.listenerTick          total=   34.4ms avg/tick=   86.0us share=  0.4% n=4000
[04:24:28] [Server thread/INFO]: [STDOUT] [io.papermc.paper.util.PapoTickProfile] PapoTickProfile.phase sendChunks                 total=   25.2ms avg/tick=   62.9us share=  0.3% n=400
[04:24:28] [Server thread/INFO]: [STDOUT] [io.papermc.paper.util.PapoTickProfile] PapoTickProfile.phase player.superTick           total=   23.6ms avg/tick=   59.0us share=  0.3% n=4000
[04:24:28] [Server thread/INFO]: [STDOUT] [io.papermc.paper.util.PapoTickProfile] PapoTickProfile.phase chunkMap.tracker.maintain  total=    9.3ms avg/tick=   23.2us share=  0.1% n=1200
[04:24:28] [Server thread/INFO]: [STDOUT] [io.papermc.paper.util.PapoTickProfile] PapoTickProfile.phase ent.serverAiStep           total=    8.5ms avg/tick=   21.2us share=  0.1% n=12014
[04:24:28] [Server thread/INFO]: [STDOUT] [io.papermc.paper.util.PapoTickProfile] PapoTickProfile.phase chunkMap.tracker.sendChanges total=    5.6ms avg/tick=   14.1us share=  0.1% n=1200
[04:24:28] [Server thread/INFO]: [STDOUT] [io.papermc.paper.util.PapoTickProfile] PapoTickProfile.phase server.taskDrain           total=    4.8ms avg/tick=   11.9us share=  0.1% n=400
[04:24:28] [Server thread/INFO]: [STDOUT] [io.papermc.paper.util.PapoTickProfile] PapoTickProfile.phase player.pushEntities        total=    1.3ms avg/tick=    3.2us share=  0.0% n=6016
[04:24:28] [Server thread/INFO]: [STDOUT] [io.papermc.paper.util.PapoTickProfile] PapoTickProfile.phase level.fluidTicks           total=    1.1ms avg/tick=    2.8us share=  0.0% n=1200
[04:24:28] [Server thread/INFO]: [STDOUT] [io.papermc.paper.util.PapoTickProfile] PapoTickProfile.phase chunkMap.tracker.fanout    total=    1.1ms avg/tick=    2.7us share=  0.0% n=1200
[04:24:28] [Server thread/INFO]: [STDOUT] [io.papermc.paper.util.PapoTickProfile] PapoTickProfile.phase player.aiStepTouchScan     total=    0.8ms avg/tick=    1.9us share=  0.0% n=3600
[04:24:28] [Server thread/INFO]: [STDOUT] [io.papermc.paper.util.PapoTickProfile] PapoTickProfile.phase level.blockEvents          total=    0.2ms avg/tick=    0.6us share=  0.0% n=1200
[04:24:28] [Server thread/INFO]: [STDOUT] [io.papermc.paper.util.PapoTickProfile] PapoTickProfile.phase functions                  total=    0.2ms avg/tick=    0.4us share=  0.0% n=400
[04:24:28] [Server thread/INFO]: [STDOUT] [io.papermc.paper.util.PapoTickProfile] PapoTickProfile.phase conn.flushQueue            total=    0.1ms avg/tick=    0.3us share=  0.0% n=4000
[04:24:28] [Server thread/INFO]: [STDOUT] [io.papermc.paper.util.PapoTickProfile] PapoTickProfile.phase players                    total=    0.1ms avg/tick=    0.2us share=  0.0% n=400
[04:24:28] [Server thread/INFO]: [STDOUT] [io.papermc.paper.util.PapoTickProfile] PapoTickProfile.count rs.blockTickRuns           total=   102401 avg/tick=    256.0 n=102401
[04:24:28] [Server thread/INFO]: [STDOUT] [io.papermc.paper.util.PapoTickProfile] PapoTickProfile.count fanout.sends               total=    21581 avg/tick=     54.0 n=1200
[04:24:28] [Server thread/INFO]: [STDOUT] [io.papermc.paper.util.PapoTickProfile] PapoTickProfile.count fanout.pkt.headRot         total=     1362 avg/tick=      3.4 n=400
[04:24:28] [Server thread/INFO]: [STDOUT] [io.papermc.paper.util.PapoTickProfile] PapoTickProfile.count fanout.pkt.movePosRot      total=     1246 avg/tick=      3.1 n=400
[04:24:28] [Server thread/INFO]: [STDOUT] [io.papermc.paper.util.PapoTickProfile] PapoTickProfile.count fanout.pkt.movePos         total=      213 avg/tick=      0.5 n=147
[04:24:28] [Server thread/INFO]: [STDOUT] [io.papermc.paper.util.PapoTickProfile] PapoTickProfile.count fanout.pkt.posSync         total=       76 avg/tick=      0.2 n=69
[04:24:28] [Server thread/INFO]: [STDOUT] [io.papermc.paper.util.PapoTickProfile] PapoTickProfile.count rs.fluidTickRuns           total=       65 avg/tick=      0.2 n=65
[04:24:28] [Server thread/INFO]: [STDOUT] [io.papermc.paper.util.PapoTickProfile] PapoTickProfile.count fanout.pkt.other           total=       47 avg/tick=      0.1 n=46
[04:24:28] [Server thread/INFO]: [STDOUT] [io.papermc.paper.util.PapoTickProfile] PapoTickProfile.count fanout.pkt.velocity        total=       26 avg/tick=      0.1 n=26
[04:24:28] [Server thread/INFO]: [STDOUT] [io.papermc.paper.util.PapoTickProfile] PapoTickProfile.count fanout.pkt.moveRot         total=       11 avg/tick=      0.0 n=11
[04:24:28] [Server thread/INFO]: [STDOUT] [io.papermc.paper.util.PapoTickProfile] PapoTickProfile.count fanout.pkt.entityData      total=        1 avg/tick=      0.0 n=1
[04:24:48] [Server thread/INFO]: [STDOUT] [io.papermc.paper.util.PapoTickProfile] PapoTickProfile window=400ticks totalWallMs=19999 measuredMs=7959 gcMs=10
[04:24:48] [Server thread/INFO]: [STDOUT] [io.papermc.paper.util.PapoTickProfile] PapoTickProfile.phase worlds                     total= 2640.6ms avg/tick= 6601.5us share= 33.2% n=400
[04:24:48] [Server thread/INFO]: [STDOUT] [io.papermc.paper.util.PapoTickProfile] PapoTickProfile.phase level.tickPending+misc     total= 2534.9ms avg/tick= 6337.3us share= 31.8% n=1200
[04:24:48] [Server thread/INFO]: [STDOUT] [io.papermc.paper.util.PapoTickProfile] PapoTickProfile.phase level.blockTicks           total= 2230.8ms avg/tick= 5577.0us share= 28.0% n=1200
[04:24:48] [Server thread/INFO]: [STDOUT] [io.papermc.paper.util.PapoTickProfile] PapoTickProfile.phase level.chunkSource          total=  302.1ms avg/tick=  755.2us share=  3.8% n=1200
[04:24:48] [Server thread/INFO]: [STDOUT] [io.papermc.paper.util.PapoTickProfile] PapoTickProfile.phase level.entities             total=  102.5ms avg/tick=  256.3us share=  1.3% n=1200
[04:24:48] [Server thread/INFO]: [STDOUT] [io.papermc.paper.util.PapoTickProfile] PapoTickProfile.phase connection                 total=   35.0ms avg/tick=   87.6us share=  0.4% n=400
[04:24:48] [Server thread/INFO]: [STDOUT] [io.papermc.paper.util.PapoTickProfile] PapoTickProfile.phase conn.listenerTick          total=   33.7ms avg/tick=   84.1us share=  0.4% n=4000
[04:24:48] [Server thread/INFO]: [STDOUT] [io.papermc.paper.util.PapoTickProfile] PapoTickProfile.phase sendChunks                 total=   25.9ms avg/tick=   64.7us share=  0.3% n=400
[04:24:48] [Server thread/INFO]: [STDOUT] [io.papermc.paper.util.PapoTickProfile] PapoTickProfile.phase player.superTick           total=   23.3ms avg/tick=   58.2us share=  0.3% n=4000
[04:24:48] [Server thread/INFO]: [STDOUT] [io.papermc.paper.util.PapoTickProfile] PapoTickProfile.phase chunkMap.tracker.maintain  total=    8.0ms avg/tick=   19.9us share=  0.1% n=1200
[04:24:48] [Server thread/INFO]: [STDOUT] [io.papermc.paper.util.PapoTickProfile] PapoTickProfile.phase ent.serverAiStep           total=    7.9ms avg/tick=   19.6us share=  0.1% n=11783
[04:24:48] [Server thread/INFO]: [STDOUT] [io.papermc.paper.util.PapoTickProfile] PapoTickProfile.phase chunkMap.tracker.sendChanges total=    5.6ms avg/tick=   14.1us share=  0.1% n=1200
[04:24:48] [Server thread/INFO]: [STDOUT] [io.papermc.paper.util.PapoTickProfile] PapoTickProfile.phase server.taskDrain           total=    4.9ms avg/tick=   12.2us share=  0.1% n=400
[04:24:48] [Server thread/INFO]: [STDOUT] [io.papermc.paper.util.PapoTickProfile] PapoTickProfile.phase player.pushEntities        total=    1.3ms avg/tick=    3.3us share=  0.0% n=5806
[04:24:48] [Server thread/INFO]: [STDOUT] [io.papermc.paper.util.PapoTickProfile] PapoTickProfile.phase level.fluidTicks           total=    1.1ms avg/tick=    2.6us share=  0.0% n=1200
[04:24:48] [Server thread/INFO]: [STDOUT] [io.papermc.paper.util.PapoTickProfile] PapoTickProfile.phase chunkMap.tracker.fanout    total=    1.0ms avg/tick=    2.5us share=  0.0% n=1200
[04:24:48] [Server thread/INFO]: [STDOUT] [io.papermc.paper.util.PapoTickProfile] PapoTickProfile.phase player.aiStepTouchScan     total=    0.8ms avg/tick=    2.0us share=  0.0% n=3600
[04:24:48] [Server thread/INFO]: [STDOUT] [io.papermc.paper.util.PapoTickProfile] PapoTickProfile.phase level.blockEvents          total=    0.2ms avg/tick=    0.6us share=  0.0% n=1200
[04:24:48] [Server thread/INFO]: [STDOUT] [io.papermc.paper.util.PapoTickProfile] PapoTickProfile.phase functions                  total=    0.2ms avg/tick=    0.4us share=  0.0% n=400
[04:24:48] [Server thread/INFO]: [STDOUT] [io.papermc.paper.util.PapoTickProfile] PapoTickProfile.phase conn.flushQueue            total=    0.1ms avg/tick=    0.3us share=  0.0% n=4000
[04:24:48] [Server thread/INFO]: [STDOUT] [io.papermc.paper.util.PapoTickProfile] PapoTickProfile.phase players                    total=    0.1ms avg/tick=    0.3us share=  0.0% n=400
[04:24:48] [Server thread/INFO]: [STDOUT] [io.papermc.paper.util.PapoTickProfile] PapoTickProfile.count rs.blockTickRuns           total=   102400 avg/tick=    256.0 n=102400
[04:24:48] [Server thread/INFO]: [STDOUT] [io.papermc.paper.util.PapoTickProfile] PapoTickProfile.count fanout.sends               total=    21068 avg/tick=     52.7 n=1200
[04:24:48] [Server thread/INFO]: [STDOUT] [io.papermc.paper.util.PapoTickProfile] PapoTickProfile.count fanout.pkt.headRot         total=     1219 avg/tick=      3.0 n=400
[04:24:48] [Server thread/INFO]: [STDOUT] [io.papermc.paper.util.PapoTickProfile] PapoTickProfile.count fanout.pkt.movePosRot      total=     1139 avg/tick=      2.8 n=400
[04:24:48] [Server thread/INFO]: [STDOUT] [io.papermc.paper.util.PapoTickProfile] PapoTickProfile.count fanout.pkt.movePos         total=      142 avg/tick=      0.4 n=90
[04:24:48] [Server thread/INFO]: [STDOUT] [io.papermc.paper.util.PapoTickProfile] PapoTickProfile.count fanout.pkt.posSync         total=       67 avg/tick=      0.2 n=57
[04:24:48] [Server thread/INFO]: [STDOUT] [io.papermc.paper.util.PapoTickProfile] PapoTickProfile.count fanout.pkt.other           total=       45 avg/tick=      0.1 n=45
[04:24:48] [Server thread/INFO]: [STDOUT] [io.papermc.paper.util.PapoTickProfile] PapoTickProfile.count rs.fluidTickRuns           total=       43 avg/tick=      0.1 n=43
[04:24:48] [Server thread/INFO]: [STDOUT] [io.papermc.paper.util.PapoTickProfile] PapoTickProfile.count fanout.pkt.entityData      total=        5 avg/tick=      0.0 n=5
logErrors=0 exited=true
activity gate PASS: rs.blockTickRuns steady(tail-median)=256.0/tick vs expected ~256 (windows=58)
