======== run 0 ========
boot: [02:39:15 INFO]: Done (15.043s)! For help, type "help"
---- stalls ----
---- jstack Server-thread samples ----
=== sample +2683ms ===
"Server thread" #81 [50292] prio=8 os_prio=1 cpu=1687.50ms elapsed=6.79s tid=0x00000169b2643390 nid=50292 waiting on condition  [0x0000002178bff000]
   java.lang.Thread.State: TIMED_WAITING (parking)
	at jdk.internal.misc.Unsafe.park(java.base@21.0.10/Native Method)
	- parking to wait for  <0x000000072a3af238> (a java.lang.String)
	at java.util.concurrent.locks.LockSupport.parkNanos(java.base@21.0.10/LockSupport.java:269)
	at net.minecraft.server.MinecraftServer.recordTaskExecutionTimeWhileWaiting(MinecraftServer.java:1235)
	at net.minecraft.server.MinecraftServer.runServer(MinecraftServer.java:1341)
	at net.minecraft.server.MinecraftServer.lambda$spin$2(MinecraftServer.java:388)
	at net.minecraft.server.MinecraftServer$$Lambda/0x0000016964f50000.run(Unknown Source)
	at java.lang.Thread.runWith(java.base@21.0.10/Thread.java:1596)
	at java.lang.Thread.run(java.base@21.0.10/Thread.java:1583)
=== sample +2932ms ===
"Server thread" #81 [50292] prio=8 os_prio=1 cpu=1687.50ms elapsed=7.04s tid=0x00000169b2643390 nid=50292 waiting on condition  [0x0000002178bff000]
   java.lang.Thread.State: TIMED_WAITING (parking)
	at jdk.internal.misc.Unsafe.park(java.base@21.0.10/Native Method)
	- parking to wait for  <0x000000072a3af238> (a java.lang.String)
	at java.util.concurrent.locks.LockSupport.parkNanos(java.base@21.0.10/LockSupport.java:269)
	at net.minecraft.server.MinecraftServer.recordTaskExecutionTimeWhileWaiting(MinecraftServer.java:1235)
	at net.minecraft.server.MinecraftServer.runServer(MinecraftServer.java:1341)
	at net.minecraft.server.MinecraftServer.lambda$spin$2(MinecraftServer.java:388)
	at net.minecraft.server.MinecraftServer$$Lambda/0x0000016964f50000.run(Unknown Source)
	at java.lang.Thread.runWith(java.base@21.0.10/Thread.java:1596)
	at java.lang.Thread.run(java.base@21.0.10/Thread.java:1583)
=== sample +3182ms ===
"Server thread" #81 [50292] prio=8 os_prio=1 cpu=1703.12ms elapsed=7.29s tid=0x00000169b2643390 nid=50292 waiting on condition  [0x0000002178bff000]
   java.lang.Thread.State: TIMED_WAITING (parking)
	at jdk.internal.misc.Unsafe.park(java.base@21.0.10/Native Method)
	- parking to wait for  <0x000000072a3af238> (a java.lang.String)
	at java.util.concurrent.locks.LockSupport.parkNanos(java.base@21.0.10/LockSupport.java:269)
	at net.minecraft.server.MinecraftServer.recordTaskExecutionTimeWhileWaiting(MinecraftServer.java:1235)
	at net.minecraft.server.MinecraftServer.runServer(MinecraftServer.java:1341)
	at net.minecraft.server.MinecraftServer.lambda$spin$2(MinecraftServer.java:388)
	at net.minecraft.server.MinecraftServer$$Lambda/0x0000016964f50000.run(Unknown Source)
	at java.lang.Thread.runWith(java.base@21.0.10/Thread.java:1596)
	at java.lang.Thread.run(java.base@21.0.10/Thread.java:1583)
=== sample +3433ms ===
"Server thread" #81 [50292] prio=8 os_prio=1 cpu=1703.12ms elapsed=7.54s tid=0x00000169b2643390 nid=50292 waiting on condition  [0x0000002178bff000]
   java.lang.Thread.State: TIMED_WAITING (parking)
	at jdk.internal.misc.Unsafe.park(java.base@21.0.10/Native Method)
	- parking to wait for  <0x000000072a3af238> (a java.lang.String)
	at java.util.concurrent.locks.LockSupport.parkNanos(java.base@21.0.10/LockSupport.java:269)
	at net.minecraft.server.MinecraftServer.recordTaskExecutionTimeWhileWaiting(MinecraftServer.java:1235)
	at net.minecraft.server.MinecraftServer.runServer(MinecraftServer.java:1341)
	at net.minecraft.server.MinecraftServer.lambda$spin$2(MinecraftServer.java:388)
	at net.minecraft.server.MinecraftServer$$Lambda/0x0000016964f50000.run(Unknown Source)
	at java.lang.Thread.runWith(java.base@21.0.10/Thread.java:1596)
	at java.lang.Thread.run(java.base@21.0.10/Thread.java:1583)
=== sample +3680ms ===
"Server thread" #81 [50292] prio=8 os_prio=1 cpu=1703.12ms elapsed=7.79s tid=0x00000169b2643390 nid=50292 waiting on condition  [0x0000002178bff000]
   java.lang.Thread.State: TIMED_WAITING (parking)
	at jdk.internal.misc.Unsafe.park(java.base@21.0.10/Native Method)
	- parking to wait for  <0x000000072a3af238> (a java.lang.String)
	at java.util.concurrent.locks.LockSupport.parkNanos(java.base@21.0.10/LockSupport.java:269)
	at net.minecraft.server.MinecraftServer.recordTaskExecutionTimeWhileWaiting(MinecraftServer.java:1235)
	at net.minecraft.server.MinecraftServer.runServer(MinecraftServer.java:1341)
	at net.minecraft.server.MinecraftServer.lambda$spin$2(MinecraftServer.java:388)
	at net.minecraft.server.MinecraftServer$$Lambda/0x0000016964f50000.run(Unknown Source)
	at java.lang.Thread.runWith(java.base@21.0.10/Thread.java:1596)
	at java.lang.Thread.run(java.base@21.0.10/Thread.java:1583)
=== sample +3931ms ===
"Server thread" #81 [50292] prio=8 os_prio=1 cpu=1703.12ms elapsed=8.04s tid=0x00000169b2643390 nid=50292 waiting on condition  [0x0000002178bff000]
   java.lang.Thread.State: TIMED_WAITING (parking)
	at jdk.internal.misc.Unsafe.park(java.base@21.0.10/Native Method)
	- parking to wait for  <0x000000072a3af238> (a java.lang.String)
	at java.util.concurrent.locks.LockSupport.parkNanos(java.base@21.0.10/LockSupport.java:269)
	at net.minecraft.server.MinecraftServer.recordTaskExecutionTimeWhileWaiting(MinecraftServer.java:1235)
	at net.minecraft.server.MinecraftServer.runServer(MinecraftServer.java:1341)
	at net.minecraft.server.MinecraftServer.lambda$spin$2(MinecraftServer.java:388)
	at net.minecraft.server.MinecraftServer$$Lambda/0x0000016964f50000.run(Unknown Source)
	at java.lang.Thread.runWith(java.base@21.0.10/Thread.java:1596)
	at java.lang.Thread.run(java.base@21.0.10/Thread.java:1583)
=== sample +4181ms ===
"Server thread" #81 [50292] prio=8 os_prio=1 cpu=1734.38ms elapsed=8.29s tid=0x00000169b2643390 nid=50292 runnable  [0x0000002178bfd000]
   java.lang.Thread.State: RUNNABLE
	at net.minecraft.core.particles.SimpleParticleType.getType(SimpleParticleType.java:17)
	at net.minecraft.core.particles.SimpleParticleType.getType(SimpleParticleType.java:7)
	at net.minecraft.core.particles.ParticleTypes$$Lambda/0x00000169644a0f50.apply(Unknown Source)
	at java.util.function.Function.lambda$andThen$1(java.base@21.0.10/Function.java:88)
	at java.util.function.Function$$Lambda/0x00000169641f6b18.apply(java.base@21.0.10/Unknown Source)
	at com.mojang.serialization.codecs.KeyDispatchCodec.getCodec(KeyDispatchCodec.java:85)
	at com.mojang.serialization.codecs.KeyDispatchCodec.lambda$new$0(KeyDispatchCodec.java:32)
	at com.mojang.serialization.codecs.KeyDispatchCodec$$Lambda/0x000001696446cb00.apply(Unknown Source)
	at com.mojang.serialization.codecs.KeyDispatchCodec.encode(KeyDispatchCodec.java:53)
	at com.mojang.serialization.MapCodec$MapCodecCodec.encode(MapCodec.java:164)
	at com.mojang.serialization.Encoder.encodeStart(Encoder.java:14)
	at com.mojang.serialization.codecs.FieldEncoder.encode(FieldEncoder.java:25)
	at com.mojang.serialization.MapCodec$2.encode(MapCodec.java:83)
	at com.mojang.serialization.codecs.RecordCodecBuilder$Instance$6.encode(RecordCodecBuilder.java:296)
	at com.mojang.serialization.codecs.RecordCodecBuilder$Instance$6.encode(RecordCodecBuilder.java:295)
	at com.mojang.serialization.codecs.RecordCodecBuilder$2.encode(RecordCodecBuilder.java:112)
	at com.mojang.serialization.codecs.KeyDispatchCodec.encode(KeyDispatchCodec.java:71)
	at com.mojang.serialization.MapCodec$MapCodecCodec.encode(MapCodec.java:164)
	at com.mojang.serialization.Encoder.encodeStart(Encoder.java:14)
	at com.mojang.serialization.codecs.FieldEncoder.encode(FieldEncoder.java:25)
	at com.mojang.serialization.MapCodec$2.encode(MapCodec.java:83)
	at com.mojang.serialization.codecs.RecordCodecBuilder$Instance$4.encode(RecordCodecBuilder.java:223)
	at com.mojang.serialization.codecs.RecordCodecBuilder$2.encode(RecordCodecBuilder.java:112)
	at com.mojang.serialization.MapCodec$MapCodecCodec.encode(MapCodec.java:164)
	at com.mojang.serialization.Encoder.encodeStart(Encoder.java:14)
	at com.mojang.serialization.codecs.ListCodec.encode(ListCodec.java:36)
	at com.mojang.serialization.codecs.ListCodec.encode(ListCodec.java:17)
	at com.mojang.serialization.Encoder.encodeStart(Encoder.java:14)
	at com.mojang.serialization.codecs.DispatchedMapCodec.encodeValue(DispatchedMapCodec.java:35)
	at com.mojang.serialization.codecs.DispatchedMapCodec.encode(DispatchedMapCodec.java:28)
	at com.mojang.serialization.codecs.DispatchedMapCodec.encode(DispatchedMapCodec.java:20)
	at com.mojang.serialization.Encoder$2.lambda$encode$0(Encoder.java:39)
	at com.mojang.serialization.Encoder$2$$Lambda/0x0000016964d89840.apply(Unknown Source)
	at com.mojang.serialization.DataResult$Success.flatMap(DataResult.java:201)
	at com.mojang.serialization.Encoder$2.encode(Encoder.java:39)
	at com.mojang.serialization.Codec$2.encode(Codec.java:79)
	at com.mojang.serialization.Encoder.encodeStart(Encoder.java:14)
	at com.mojang.serialization.codecs.OptionalFieldCodec.encode(OptionalFieldCodec.java:44)
	at com.mojang.serialization.codecs.OptionalFieldCodec.encode(OptionalFieldCodec.java:17)
	at com.mojang.serialization.MapEncoder$1.encode(MapEncoder.java:26)
	at com.mojang.serialization.MapCodec$2.encode(MapCodec.java:83)
	at com.mojang.serialization.codecs.RecordCodecBuilder$Instance$8.encode(RecordCodecBuilder.java:380)
	at com.mojang.serialization.codecs.RecordCodecBuilder$2.encode(RecordCodecBuilder.java:112)
	at com.mojang.serialization.MapCodec$MapCodecCodec.encode(MapCodec.java:164)
	at com.mojang.serialization.Encoder.encodeStart(Encoder.java:14)
	at net.minecraft.core.RegistrySynchronization.lambda$packRegistry$2(RegistrySynchronization.java:60)
	at net.minecraft.core.RegistrySynchronization$$Lambda/0x0000016965301e28.accept(Unknown Source)
	at it.unimi.dsi.fastutil.objects.ObjectArrayList$Spliterator.forEachRemaining(ObjectArrayList.java:975)
	at java.util.stream.ReferencePipeline$Head.forEach(java.base@21.0.10/ReferencePipeline.java:762)
	at net.minecraft.core.RegistrySynchronization.lambda$packRegistry$3(RegistrySynchronization.java:49)
	at net.minecraft.core.RegistrySynchronization$$Lambda/0x0000016965301c00.accept(Unknown Source)
	at java.util.Optional.ifPresent(java.base@21.0.10/Optional.java:178)
	at net.minecraft.core.RegistrySynchronization.packRegistry(RegistrySynchronization.java:45)
	at net.minecraft.core.RegistrySynchronization.lambda$packRegistries$0(RegistrySynchronization.java:34)
	at net.minecraft.core.RegistrySynchronization$$Lambda/0x00000169653019d8.accept(Unknown Source)
	at java.lang.Iterable.forEach(java.base@21.0.10/Iterable.java:75)
	at net.minecraft.core.RegistrySynchronization.packRegistries(RegistrySynchronization.java:34)
	at net.minecraft.server.network.config.SynchronizeRegistriesTask.sendRegistries(SynchronizeRegistriesTask.java:37)
	at net.minecraft.server.network.config.SynchronizeRegistriesTask.handleResponse(SynchronizeRegistriesTask.java:50)
	at net.minecraft.server.network.ServerConfigurationPacketListenerImpl.handleSelectKnownPacks(ServerConfigurationPacketListenerImpl.java:178)
	at net.minecraft.network.protocol.configuration.ServerboundSelectKnownPacks.handle(ServerboundSelectKnownPacks.java:23)
	at net.minecraft.network.protocol.configuration.ServerboundSelectKnownPacks.handle(ServerboundSelectKnownPacks.java:11)
	at net.minecraft.network.PacketProcessor$ListenerAndPacket.handle(PacketProcessor.java:99)
	at net.minecraft.network.PacketProcessor.executeSinglePacket(PacketProcessor.java:33)
	at net.minecraft.server.MinecraftServer.pollTask(MinecraftServer.java:1499)
	at net.minecraft.server.MinecraftServer.recordTaskExecutionTimeWhileWaiting(MinecraftServer.java:1225)
	at net.minecraft.server.MinecraftServer.runServer(MinecraftServer.java:1341)
	at net.minecraft.server.MinecraftServer.lambda$spin$2(MinecraftServer.java:388)
	at net.minecraft.server.MinecraftServer$$Lambda/0x0000016964f50000.run(Unknown Source)
	at java.lang.Thread.runWith(java.base@21.0.10/Thread.java:1596)
	at java.lang.Thread.run(java.base@21.0.10/Thread.java:1583)
=== sample +4447ms ===
"Server thread" #81 [50292] prio=8 os_prio=1 cpu=1750.00ms elapsed=8.55s tid=0x00000169b2643390 nid=50292 waiting on condition  [0x0000002178bff000]
   java.lang.Thread.State: TIMED_WAITING (parking)
	at jdk.internal.misc.Unsafe.park(java.base@21.0.10/Native Method)
	- parking to wait for  <0x000000072a3af238> (a java.lang.String)
	at java.util.concurrent.locks.LockSupport.parkNanos(java.base@21.0.10/LockSupport.java:269)
	at net.minecraft.server.MinecraftServer.recordTaskExecutionTimeWhileWaiting(MinecraftServer.java:1235)
	at net.minecraft.server.MinecraftServer.runServer(MinecraftServer.java:1341)
	at net.minecraft.server.MinecraftServer.lambda$spin$2(MinecraftServer.java:388)
	at net.minecraft.server.MinecraftServer$$Lambda/0x0000016964f50000.run(Unknown Source)
	at java.lang.Thread.runWith(java.base@21.0.10/Thread.java:1596)
	at java.lang.Thread.run(java.base@21.0.10/Thread.java:1583)
=== sample +4694ms ===
"Server thread" #81 [50292] prio=8 os_prio=1 cpu=1750.00ms elapsed=8.81s tid=0x00000169b2643390 nid=50292 waiting on condition  [0x0000002178bff000]
   java.lang.Thread.State: TIMED_WAITING (parking)
	at jdk.internal.misc.Unsafe.park(java.base@21.0.10/Native Method)
	- parking to wait for  <0x000000072a3af238> (a java.lang.String)
	at java.util.concurrent.locks.LockSupport.parkNanos(java.base@21.0.10/LockSupport.java:269)
	at net.minecraft.server.MinecraftServer.recordTaskExecutionTimeWhileWaiting(MinecraftServer.java:1235)
	at net.minecraft.server.MinecraftServer.runServer(MinecraftServer.java:1341)
	at net.minecraft.server.MinecraftServer.lambda$spin$2(MinecraftServer.java:388)
	at net.minecraft.server.MinecraftServer$$Lambda/0x0000016964f50000.run(Unknown Source)
	at java.lang.Thread.runWith(java.base@21.0.10/Thread.java:1596)
	at java.lang.Thread.run(java.base@21.0.10/Thread.java:1583)
=== sample +4961ms ===
"Server thread" #81 [50292] prio=8 os_prio=1 cpu=1796.88ms elapsed=9.06s tid=0x00000169b2643390 nid=50292 waiting on condition  [0x0000002178bff000]
   java.lang.Thread.State: TIMED_WAITING (parking)
	at jdk.internal.misc.Unsafe.park(java.base@21.0.10/Native Method)
	- parking to wait for  <0x00000007147a9550> (a java.lang.String)
	at java.util.concurrent.locks.LockSupport.parkNanos(java.base@21.0.10/LockSupport.java:269)
	at net.minecraft.server.MinecraftServer.recordTaskExecutionTimeWhileWaiting(MinecraftServer.java:1235)
	at net.minecraft.server.MinecraftServer.runServer(MinecraftServer.java:1341)
	at net.minecraft.server.MinecraftServer.lambda$spin$2(MinecraftServer.java:388)
	at net.minecraft.server.MinecraftServer$$Lambda/0x0000016964f50000.run(Unknown Source)
	at java.lang.Thread.runWith(java.base@21.0.10/Thread.java:1596)
	at java.lang.Thread.run(java.base@21.0.10/Thread.java:1583)
=== sample +5242ms ===
"Server thread" #81 [50292] prio=8 os_prio=1 cpu=1796.88ms elapsed=9.33s tid=0x00000169b2643390 nid=50292 runnable  [0x0000002178bff000]
   java.lang.Thread.State: TIMED_WAITING (parking)
	at jdk.internal.misc.Unsafe.park(java.base@21.0.10/Native Method)
	- parking to wait for  <0x000000071238c7c8> (a java.lang.String)
	at java.util.concurrent.locks.LockSupport.parkNanos(java.base@21.0.10/LockSupport.java:269)
	at net.minecraft.server.MinecraftServer.recordTaskExecutionTimeWhileWaiting(MinecraftServer.java:1235)
	at net.minecraft.server.MinecraftServer.runServer(MinecraftServer.java:1341)
	at net.minecraft.server.MinecraftServer.lambda$spin$2(MinecraftServer.java:388)
	at net.minecraft.server.MinecraftServer$$Lambda/0x0000016964f50000.run(Unknown Source)
	at java.lang.Thread.runWith(java.base@21.0.10/Thread.java:1596)
	at java.lang.Thread.run(java.base@21.0.10/Thread.java:1583)
=== sample +5503ms ===
"Server thread" #81 [50292] prio=8 os_prio=1 cpu=1812.50ms elapsed=9.60s tid=0x00000169b2643390 nid=50292 runnable  [0x0000002178bfb000]
   java.lang.Thread.State: RUNNABLE
	at java.lang.ClassLoader.defineClass1(java.base@21.0.10/Native Method)
	at java.lang.ClassLoader.defineClass(java.base@21.0.10/ClassLoader.java:1027)
	at java.security.SecureClassLoader.defineClass(java.base@21.0.10/SecureClassLoader.java:150)
	at java.net.URLClassLoader.defineClass(java.base@21.0.10/URLClassLoader.java:524)
	at java.net.URLClassLoader$1.run(java.base@21.0.10/URLClassLoader.java:427)
	at java.net.URLClassLoader$1.run(java.base@21.0.10/URLClassLoader.java:421)
	at java.security.AccessController.executePrivileged(java.base@21.0.10/AccessController.java:809)
	at java.security.AccessController.doPrivileged(java.base@21.0.10/AccessController.java:714)
	at java.net.URLClassLoader.findClass(java.base@21.0.10/URLClassLoader.java:420)
	at java.lang.ClassLoader.loadClass(java.base@21.0.10/ClassLoader.java:593)
	- locked <0x00000007426d84e0> (a java.lang.Object)
	at java.lang.ClassLoader.loadClass(java.base@21.0.10/ClassLoader.java:526)
	at java.lang.ClassLoader.defineClass1(java.base@21.0.10/Native Method)
	at java.lang.ClassLoader.defineClass(java.base@21.0.10/ClassLoader.java:1027)
	at java.security.SecureClassLoader.defineClass(java.base@21.0.10/SecureClassLoader.java:150)
	at java.net.URLClassLoader.defineClass(java.base@21.0.10/URLClassLoader.java:524)
	at java.net.URLClassLoader$1.run(java.base@21.0.10/URLClassLoader.java:427)
	at java.net.URLClassLoader$1.run(java.base@21.0.10/URLClassLoader.java:421)
	at java.security.AccessController.executePrivileged(java.base@21.0.10/AccessController.java:809)
	at java.security.AccessController.doPrivileged(java.base@21.0.10/AccessController.java:714)
	at java.net.URLClassLoader.findClass(java.base@21.0.10/URLClassLoader.java:420)
	at java.lang.ClassLoader.loadClass(java.base@21.0.10/ClassLoader.java:593)
	- locked <0x00000007426d7050> (a java.lang.Object)
	at java.lang.ClassLoader.loadClass(java.base@21.0.10/ClassLoader.java:526)
	at org.bukkit.craftbukkit.entity.CraftEntityTypes.<clinit>(CraftEntityTypes.java:279)
	at org.bukkit.craftbukkit.entity.CraftEntity.getEntity(CraftEntity.java:134)
	at net.minecraft.world.entity.Entity.getBukkitEntity(Entity.java:199)
	- locked <0x0000000742661250> (a net.minecraft.world.entity.animal.cow.Cow)
	at net.minecraft.world.entity.Entity.setAirSupply(Entity.java:3697)
	at net.minecraft.world.entity.Entity.load(Entity.java:2686)
	at net.minecraft.world.entity.EntityType.lambda$create$25(EntityType.java:1525)
	at net.minecraft.world.entity.EntityType$$Lambda/0x0000016965334cc8.accept(Unknown Source)
	at net.minecraft.util.Util.ifElse(Util.java:673)
	at net.minecraft.world.entity.EntityType.create(EntityType.java:1520)
	at net.minecraft.world.entity.EntityType.create(EntityType.java:1515)
	at net.minecraft.world.entity.EntityType.loadStaticEntity(EntityType.java:1637)
	at net.minecraft.world.entity.EntityType.loadEntityRecursive(EntityType.java:1591)
	at net.minecraft.world.entity.EntityType.lambda$loadEntitiesRecursive$31(EntityType.java:1619)
	at net.minecraft.world.entity.EntityType$$Lambda/0x0000016965334218.accept(Unknown Source)
	at java.util.stream.ReferencePipeline$11$1.accept(java.base@21.0.10/ReferencePipeline.java:450)
	at com.google.common.collect.Streams$1Splitr.tryAdvance(Streams.java:489)
	at java.util.Spliterator.forEachRemaining(java.base@21.0.10/Spliterator.java:332)
	at java.util.stream.AbstractPipeline.copyInto(java.base@21.0.10/AbstractPipeline.java:509)
	at java.util.stream.AbstractPipeline.wrapAndCopyInto(java.base@21.0.10/AbstractPipeline.java:499)
	at java.util.stream.AbstractPipeline.evaluate(java.base@21.0.10/AbstractPipeline.java:575)
	at java.util.stream.AbstractPipeline.evaluateToArrayNode(java.base@21.0.10/AbstractPipeline.java:260)
	at java.util.stream.ReferencePipeline.toArray(java.base@21.0.10/ReferencePipeline.java:616)
	at java.util.stream.ReferencePipeline.toArray(java.base@21.0.10/ReferencePipeline.java:622)
	at java.util.stream.ReferencePipeline.toList(java.base@21.0.10/ReferencePipeline.java:627)
	at net.minecraft.server.level.ServerLevel.addWorldGenChunkEntities(ServerLevel.java:2556)
	at net.minecraft.world.level.chunk.status.ChunkStatusTasks.postLoadProtoChunk(ChunkStatusTasks.java:215)
	at ca.spottedleaf.moonrise.paper.PaperHooks.postLoadProtoChunk(PaperHooks.java:298)
	at ca.spottedleaf.moonrise.patches.chunk_system.scheduling.task.ChunkFullTask.lambda$run$0(ChunkFullTask.java:68)
	at ca.spottedleaf.moonrise.patches.chunk_system.scheduling.task.ChunkFullTask$$Lambda/0x0000016965203630.run(Unknown Source)
	at net.minecraft.world.level.chunk.LevelChunk.runPostLoad(LevelChunk.java:631)
	at ca.spottedleaf.moonrise.patches.chunk_system.scheduling.task.ChunkFullTask.run(ChunkFullTask.java:80)
	at ca.spottedleaf.concurrentutil.executor.queue.PrioritisedTaskQueue$PrioritisedQueuedTask.execute(PrioritisedTaskQueue.java:345)
	at ca.spottedleaf.concurrentutil.executor.queue.PrioritisedTaskQueue.executeTask(PrioritisedTaskQueue.java:126)
	at ca.spottedleaf.moonrise.patches.chunk_system.scheduling.ChunkTaskScheduler.executeMainThreadTask(ChunkTaskScheduler.java:338)
	at net.minecraft.server.level.ServerChunkCache$MainThreadExecutor.pollTask(ServerChunkCache.java:831)
	at net.minecraft.server.level.ServerChunkCache.pollTask(ServerChunkCache.java:429)
	at net.minecraft.server.MinecraftServer.pollTaskInternal(MinecraftServer.java:1512)
	at net.minecraft.server.MinecraftServer.pollTask(MinecraftServer.java:1499)
	at net.minecraft.server.MinecraftServer.recordTaskExecutionTimeWhileWaiting(MinecraftServer.java:1225)
	at net.minecraft.server.MinecraftServer.runServer(MinecraftServer.java:1341)
	at net.minecraft.server.MinecraftServer.lambda$spin$2(MinecraftServer.java:388)
	at net.minecraft.server.MinecraftServer$$Lambda/0x0000016964f50000.run(Unknown Source)
	at java.lang.Thread.runWith(java.base@21.0.10/Thread.java:1596)
	at java.lang.Thread.run(java.base@21.0.10/Thread.java:1583)
=== sample +5755ms ===
"Server thread" #81 [50292] prio=8 os_prio=1 cpu=2000.00ms elapsed=9.86s tid=0x00000169b2643390 nid=50292 runnable  [0x0000002178bfd000]
   java.lang.Thread.State: RUNNABLE
	at org.bukkit.craftbukkit.entity.CraftEntityTypes.<clinit>(CraftEntityTypes.java:332)
	at org.bukkit.craftbukkit.entity.CraftEntity.getEntity(CraftEntity.java:134)
	at net.minecraft.world.entity.Entity.getBukkitEntity(Entity.java:199)
	- locked <0x0000000742661250> (a net.minecraft.world.entity.animal.cow.Cow)
	at net.minecraft.world.entity.Entity.setAirSupply(Entity.java:3697)
	at net.minecraft.world.entity.Entity.load(Entity.java:2686)
	at net.minecraft.world.entity.EntityType.lambda$create$25(EntityType.java:1525)
	at net.minecraft.world.entity.EntityType$$Lambda/0x0000016965334cc8.accept(Unknown Source)
	at net.minecraft.util.Util.ifElse(Util.java:673)
	at net.minecraft.world.entity.EntityType.create(EntityType.java:1520)
	at net.minecraft.world.entity.EntityType.create(EntityType.java:1515)
	at net.minecraft.world.entity.EntityType.loadStaticEntity(EntityType.java:1637)
	at net.minecraft.world.entity.EntityType.loadEntityRecursive(EntityType.java:1591)
	at net.minecraft.world.entity.EntityType.lambda$loadEntitiesRecursive$31(EntityType.java:1619)
	at net.minecraft.world.entity.EntityType$$Lambda/0x0000016965334218.accept(Unknown Source)
	at java.util.stream.ReferencePipeline$11$1.accept(java.base@21.0.10/ReferencePipeline.java:450)
	at com.google.common.collect.Streams$1Splitr.tryAdvance(Streams.java:489)
	at java.util.Spliterator.forEachRemaining(java.base@21.0.10/Spliterator.java:332)
	at java.util.stream.AbstractPipeline.copyInto(java.base@21.0.10/AbstractPipeline.java:509)
	at java.util.stream.AbstractPipeline.wrapAndCopyInto(java.base@21.0.10/AbstractPipeline.java:499)
	at java.util.stream.AbstractPipeline.evaluate(java.base@21.0.10/AbstractPipeline.java:575)
	at java.util.stream.AbstractPipeline.evaluateToArrayNode(java.base@21.0.10/AbstractPipeline.java:260)
	at java.util.stream.ReferencePipeline.toArray(java.base@21.0.10/ReferencePipeline.java:616)
	at java.util.stream.ReferencePipeline.toArray(java.base@21.0.10/ReferencePipeline.java:622)
	at java.util.stream.ReferencePipeline.toList(java.base@21.0.10/ReferencePipeline.java:627)
	at net.minecraft.server.level.ServerLevel.addWorldGenChunkEntities(ServerLevel.java:2556)
	at net.minecraft.world.level.chunk.status.ChunkStatusTasks.postLoadProtoChunk(ChunkStatusTasks.java:215)
	at ca.spottedleaf.moonrise.paper.PaperHooks.postLoadProtoChunk(PaperHooks.java:298)
	at ca.spottedleaf.moonrise.patches.chunk_system.scheduling.task.ChunkFullTask.lambda$run$0(ChunkFullTask.java:68)
	at ca.spottedleaf.moonrise.patches.chunk_system.scheduling.task.ChunkFullTask$$Lambda/0x0000016965203630.run(Unknown Source)
	at net.minecraft.world.level.chunk.LevelChunk.runPostLoad(LevelChunk.java:631)
	at ca.spottedleaf.moonrise.patches.chunk_system.scheduling.task.ChunkFullTask.run(ChunkFullTask.java:80)
	at ca.spottedleaf.concurrentutil.executor.queue.PrioritisedTaskQueue$PrioritisedQueuedTask.execute(PrioritisedTaskQueue.java:345)
	at ca.spottedleaf.concurrentutil.executor.queue.PrioritisedTaskQueue.executeTask(PrioritisedTaskQueue.java:126)
	at ca.spottedleaf.moonrise.patches.chunk_system.scheduling.ChunkTaskScheduler.executeMainThreadTask(ChunkTaskScheduler.java:338)
	at net.minecraft.server.level.ServerChunkCache$MainThreadExecutor.pollTask(ServerChunkCache.java:831)
	at net.minecraft.server.level.ServerChunkCache.pollTask(ServerChunkCache.java:429)
	at net.minecraft.server.MinecraftServer.pollTaskInternal(MinecraftServer.java:1512)
	at net.minecraft.server.MinecraftServer.pollTask(MinecraftServer.java:1499)
	at net.minecraft.server.MinecraftServer.recordTaskExecutionTimeWhileWaiting(MinecraftServer.java:1225)
	at net.minecraft.server.MinecraftServer.runServer(MinecraftServer.java:1341)
	at net.minecraft.server.MinecraftServer.lambda$spin$2(MinecraftServer.java:388)
	at net.minecraft.server.MinecraftServer$$Lambda/0x0000016964f50000.run(Unknown Source)
	at java.lang.Thread.runWith(java.base@21.0.10/Thread.java:1596)
	at java.lang.Thread.run(java.base@21.0.10/Thread.java:1583)
=== sample +6004ms ===
"Server thread" #81 [50292] prio=8 os_prio=1 cpu=2234.38ms elapsed=10.11s tid=0x00000169b2643390 nid=50292 runnable  [0x0000002178bfc000]
   java.lang.Thread.State: RUNNABLE
	at java.lang.ClassLoader.defineClass1(java.base@21.0.10/Native Method)
	at java.lang.ClassLoader.defineClass(java.base@21.0.10/ClassLoader.java:1027)
	at java.security.SecureClassLoader.defineClass(java.base@21.0.10/SecureClassLoader.java:150)
	at java.net.URLClassLoader.defineClass(java.base@21.0.10/URLClassLoader.java:524)
	at java.net.URLClassLoader$1.run(java.base@21.0.10/URLClassLoader.java:427)
	at java.net.URLClassLoader$1.run(java.base@21.0.10/URLClassLoader.java:421)
	at java.security.AccessController.executePrivileged(java.base@21.0.10/AccessController.java:809)
	at java.security.AccessController.doPrivileged(java.base@21.0.10/AccessController.java:714)
	at java.net.URLClassLoader.findClass(java.base@21.0.10/URLClassLoader.java:420)
	at java.lang.ClassLoader.loadClass(java.base@21.0.10/ClassLoader.java:593)
	- locked <0x00000007341af540> (a java.lang.Object)
	at java.lang.ClassLoader.loadClass(java.base@21.0.10/ClassLoader.java:526)
	at it.unimi.dsi.fastutil.objects.ObjectSpliterators.asSpliterator(ObjectSpliterators.java:1278)
	at it.unimi.dsi.fastutil.objects.ObjectSet.spliterator(ObjectSet.java:79)
	at it.unimi.dsi.fastutil.objects.ObjectSet.spliterator(ObjectSet.java:31)
	at java.util.Collection.stream(java.base@21.0.10/Collection.java:750)
	at net.minecraft.world.level.block.state.StateHolder.toString(StateHolder.java:76)
	at org.bukkit.craftbukkit.block.data.CraftBlockData.lambda$reloadCache$0(CraftBlockData.java:572)
	at org.bukkit.craftbukkit.block.data.CraftBlockData$$Lambda/0x00000169657bbb08.accept(Unknown Source)
	at java.lang.Iterable.forEach(java.base@21.0.10/Iterable.java:75)
	at org.bukkit.craftbukkit.block.data.CraftBlockData.reloadCache(CraftBlockData.java:572)
	at org.bukkit.craftbukkit.block.data.CraftBlockData.<clinit>(CraftBlockData.java:567)
	at net.minecraft.world.level.redstone.NeighborUpdater.executeUpdate(NeighborUpdater.java:53)
	at net.minecraft.world.level.redstone.CollectingNeighborUpdater$MultiNeighborUpdate.runNext(CollectingNeighborUpdater.java:148)
	at net.minecraft.world.level.redstone.CollectingNeighborUpdater.runUpdates(CollectingNeighborUpdater.java:88)
	at net.minecraft.world.level.redstone.CollectingNeighborUpdater.addAndRun(CollectingNeighborUpdater.java:70)
	at net.minecraft.world.level.redstone.CollectingNeighborUpdater.updateNeighborsAtExceptFromFacing(CollectingNeighborUpdater.java:52)
	at net.minecraft.server.level.ServerLevel.updateNeighborsAt(ServerLevel.java:1867)
	at net.minecraft.server.level.ServerLevel.updateNeighborsAt(ServerLevel.java:1861)
	at net.minecraft.world.level.Level.notifyAndUpdatePhysics(Level.java:1157)
	at net.minecraft.world.level.Level.setBlock(Level.java:1129)
	at net.minecraft.world.level.Level.setBlock(Level.java:1041)
	at net.minecraft.world.level.material.FlowingFluid.spreadTo(FlowingFluid.java:332)
	at net.minecraft.world.level.material.FlowingFluid.spread(FlowingFluid.java:173)
	at net.minecraft.world.level.material.FlowingFluid.tick(FlowingFluid.java:509)
	at net.minecraft.world.level.material.FluidState.tick(FluidState.java:100)
	at net.minecraft.world.level.chunk.LevelChunk.postProcessGeneration(LevelChunk.java:777)
	at ca.spottedleaf.moonrise.paper.util.BaseChunkSystemHooks.onChunkTicking(BaseChunkSystemHooks.java:114)
	at ca.spottedleaf.moonrise.patches.chunk_system.scheduling.NewChunkHolder.handleFullStatusChange(NewChunkHolder.java:1261)
	at ca.spottedleaf.moonrise.patches.chunk_system.scheduling.ChunkHolderManager.processPendingFullUpdate(ChunkHolderManager.java:1492)
	at ca.spottedleaf.moonrise.patches.chunk_system.scheduling.ChunkHolderManager.processTicketUpdates(ChunkHolderManager.java:1452)
	at ca.spottedleaf.moonrise.patches.chunk_system.scheduling.ChunkHolderManager.tick(ChunkHolderManager.java:909)
	at net.minecraft.world.level.TicketStorage.purgeStaleTickets(TicketStorage.java:259)
	at net.minecraft.server.level.ServerChunkCache.tick(ServerChunkCache.java:481)
	at net.minecraft.server.level.ServerLevel.tick(ServerLevel.java:809)
	at net.minecraft.server.MinecraftServer.tickChildren(MinecraftServer.java:1819)
	at net.minecraft.server.MinecraftServer.tickServer(MinecraftServer.java:1611)
	at net.minecraft.server.dedicated.DedicatedServer.tickServer(DedicatedServer.java:427)
	at net.minecraft.server.MinecraftServer.processPacketsAndTick(MinecraftServer.java:1667)
	at net.minecraft.server.MinecraftServer.runServer(MinecraftServer.java:1335)
	at net.minecraft.server.MinecraftServer.lambda$spin$2(MinecraftServer.java:388)
	at net.minecraft.server.MinecraftServer$$Lambda/0x0000016964f50000.run(Unknown Source)
	at java.lang.Thread.runWith(java.base@21.0.10/Thread.java:1596)
	at java.lang.Thread.run(java.base@21.0.10/Thread.java:1583)
=== sample +6254ms ===
"Server thread" #81 [50292] prio=8 os_prio=1 cpu=2390.62ms elapsed=10.36s tid=0x00000169b2643390 nid=50292 runnable  [0x0000002178bfc000]
   java.lang.Thread.State: RUNNABLE
	at java.lang.ClassLoader.defineClass1(java.base@21.0.10/Native Method)
	at java.lang.ClassLoader.defineClass(java.base@21.0.10/ClassLoader.java:1027)
	at java.security.SecureClassLoader.defineClass(java.base@21.0.10/SecureClassLoader.java:150)
	at java.net.URLClassLoader.defineClass(java.base@21.0.10/URLClassLoader.java:524)
	at java.net.URLClassLoader$1.run(java.base@21.0.10/URLClassLoader.java:427)
	at java.net.URLClassLoader$1.run(java.base@21.0.10/URLClassLoader.java:421)
	at java.security.AccessController.executePrivileged(java.base@21.0.10/AccessController.java:809)
	at java.security.AccessController.doPrivileged(java.base@21.0.10/AccessController.java:714)
	at java.net.URLClassLoader.findClass(java.base@21.0.10/URLClassLoader.java:420)
	at java.lang.ClassLoader.loadClass(java.base@21.0.10/ClassLoader.java:593)
	- locked <0x00000007306d6c20> (a java.lang.Object)
	at java.lang.ClassLoader.loadClass(java.base@21.0.10/ClassLoader.java:526)
	at net.minecraft.network.protocol.game.ClientboundMapItemDataPacket.<clinit>(ClientboundMapItemDataPacket.java:26)
	at net.minecraft.network.protocol.game.GameProtocols.lambda$static$2(GameProtocols.java:184)
	at net.minecraft.network.protocol.game.GameProtocols$$Lambda/0x00000169657e4a80.accept(Unknown Source)
	at net.minecraft.network.protocol.ProtocolInfoBuilder.protocol(ProtocolInfoBuilder.java:134)
	at net.minecraft.network.protocol.ProtocolInfoBuilder.clientboundProtocol(ProtocolInfoBuilder.java:147)
	at net.minecraft.network.protocol.game.GameProtocols.<clinit>(GameProtocols.java:132)
	at net.minecraft.server.network.ServerConfigurationPacketListenerImpl.handleConfigurationFinished(ServerConfigurationPacketListenerImpl.java:192)
	at net.minecraft.network.protocol.configuration.ServerboundFinishConfigurationPacket.handle(ServerboundFinishConfigurationPacket.java:22)
	at net.minecraft.network.protocol.configuration.ServerboundFinishConfigurationPacket.handle(ServerboundFinishConfigurationPacket.java:8)
	at net.minecraft.network.PacketProcessor$ListenerAndPacket.handle(PacketProcessor.java:99)
	at net.minecraft.network.PacketProcessor.executeSinglePacket(PacketProcessor.java:33)
	at net.minecraft.server.MinecraftServer.runAllTasksAtTickStart(MinecraftServer.java:1180)
	at net.minecraft.server.MinecraftServer.processPacketsAndTick(MinecraftServer.java:1666)
	at net.minecraft.server.MinecraftServer.runServer(MinecraftServer.java:1335)
	at net.minecraft.server.MinecraftServer.lambda$spin$2(MinecraftServer.java:388)
	at net.minecraft.server.MinecraftServer$$Lambda/0x0000016964f50000.run(Unknown Source)
	at java.lang.Thread.runWith(java.base@21.0.10/Thread.java:1596)
	at java.lang.Thread.run(java.base@21.0.10/Thread.java:1583)
=== sample +6502ms ===
"Server thread" #81 [50292] prio=8 os_prio=1 cpu=2578.12ms elapsed=10.61s tid=0x00000169b2643390 nid=50292 runnable  [0x0000002178bfd000]
   java.lang.Thread.State: RUNNABLE
	at it.unimi.dsi.fastutil.objects.ReferenceOpenHashSet$SetIterator.next(ReferenceOpenHashSet.java:510)
	at net.minecraft.server.advancements.AdvancementVisibilityEvaluator.evaluateVisibility(AdvancementVisibilityEvaluator.java:51)
	at net.minecraft.server.advancements.AdvancementVisibilityEvaluator.evaluateVisibility(AdvancementVisibilityEvaluator.java:69)
	at net.minecraft.server.PlayerAdvancements.updateTreeVisibility(PlayerAdvancements.java:321)
	at net.minecraft.server.PlayerAdvancements.flushDirty(PlayerAdvancements.java:272)
	at net.minecraft.server.level.ServerPlayer.tick(ServerPlayer.java:765)
	at net.minecraft.server.level.ServerLevel.tickNonPassenger(ServerLevel.java:1354)
	at net.minecraft.server.level.ServerLevel$$Lambda/0x0000016965852d98.accept(Unknown Source)
	at net.minecraft.world.level.Level.guardEntityTick(Level.java:1428)
	at net.minecraft.server.level.ServerLevel.lambda$tick$4(ServerLevel.java:854)
	at net.minecraft.server.level.ServerLevel$$Lambda/0x00000169652952d0.accept(Unknown Source)
	at net.minecraft.world.level.entity.EntityTickList.forEach(EntityTickList.java:39)
	at net.minecraft.server.level.ServerLevel.tick(ServerLevel.java:836)
	at net.minecraft.server.MinecraftServer.tickChildren(MinecraftServer.java:1819)
	at net.minecraft.server.MinecraftServer.tickServer(MinecraftServer.java:1611)
	at net.minecraft.server.dedicated.DedicatedServer.tickServer(DedicatedServer.java:427)
	at net.minecraft.server.MinecraftServer.processPacketsAndTick(MinecraftServer.java:1667)
	at net.minecraft.server.MinecraftServer.runServer(MinecraftServer.java:1335)
	at net.minecraft.server.MinecraftServer.lambda$spin$2(MinecraftServer.java:388)
	at net.minecraft.server.MinecraftServer$$Lambda/0x0000016964f50000.run(Unknown Source)
	at java.lang.Thread.runWith(java.base@21.0.10/Thread.java:1596)
	at java.lang.Thread.run(java.base@21.0.10/Thread.java:1583)
=== sample +6750ms ===
"Server thread" #81 [50292] prio=8 os_prio=1 cpu=2671.88ms elapsed=10.86s tid=0x00000169b2643390 nid=50292 waiting on condition  [0x0000002178bff000]
   java.lang.Thread.State: TIMED_WAITING (parking)
	at jdk.internal.misc.Unsafe.park(java.base@21.0.10/Native Method)
	- parking to wait for  <0x000000071238c7c8> (a java.lang.String)
	at java.util.concurrent.locks.LockSupport.parkNanos(java.base@21.0.10/LockSupport.java:269)
	at net.minecraft.server.MinecraftServer.recordTaskExecutionTimeWhileWaiting(MinecraftServer.java:1235)
	at net.minecraft.server.MinecraftServer.runServer(MinecraftServer.java:1341)
	at net.minecraft.server.MinecraftServer.lambda$spin$2(MinecraftServer.java:388)
	at net.minecraft.server.MinecraftServer$$Lambda/0x0000016964f50000.run(Unknown Source)
	at java.lang.Thread.runWith(java.base@21.0.10/Thread.java:1596)
	at java.lang.Thread.run(java.base@21.0.10/Thread.java:1583)
=== sample +7016ms ===
"Server thread" #81 [50292] prio=8 os_prio=1 cpu=2718.75ms elapsed=11.12s tid=0x00000169b2643390 nid=50292 waiting on condition  [0x0000002178bff000]
   java.lang.Thread.State: TIMED_WAITING (parking)
	at jdk.internal.misc.Unsafe.park(java.base@21.0.10/Native Method)
	- parking to wait for  <0x000000071238c7c8> (a java.lang.String)
	at java.util.concurrent.locks.LockSupport.parkNanos(java.base@21.0.10/LockSupport.java:269)
	at net.minecraft.server.MinecraftServer.recordTaskExecutionTimeWhileWaiting(MinecraftServer.java:1235)
	at net.minecraft.server.MinecraftServer.runServer(MinecraftServer.java:1341)
	at net.minecraft.server.MinecraftServer.lambda$spin$2(MinecraftServer.java:388)
	at net.minecraft.server.MinecraftServer$$Lambda/0x0000016964f50000.run(Unknown Source)
	at java.lang.Thread.runWith(java.base@21.0.10/Thread.java:1596)
	at java.lang.Thread.run(java.base@21.0.10/Thread.java:1583)
=== sample +7297ms ===
"Server thread" #81 [50292] prio=8 os_prio=1 cpu=2781.25ms elapsed=11.39s tid=0x00000169b2643390 nid=50292 waiting on condition  [0x0000002178bff000]
   java.lang.Thread.State: TIMED_WAITING (parking)
	at jdk.internal.misc.Unsafe.park(java.base@21.0.10/Native Method)
	- parking to wait for  <0x0000000714c85758> (a java.lang.String)
	at java.util.concurrent.locks.LockSupport.parkNanos(java.base@21.0.10/LockSupport.java:269)
	at net.minecraft.server.MinecraftServer.recordTaskExecutionTimeWhileWaiting(MinecraftServer.java:1235)
	at net.minecraft.server.MinecraftServer.runServer(MinecraftServer.java:1341)
	at net.minecraft.server.MinecraftServer.lambda$spin$2(MinecraftServer.java:388)
	at net.minecraft.server.MinecraftServer$$Lambda/0x0000016964f50000.run(Unknown Source)
	at java.lang.Thread.runWith(java.base@21.0.10/Thread.java:1596)
	at java.lang.Thread.run(java.base@21.0.10/Thread.java:1583)
=== sample +7578ms ===
"Server thread" #81 [50292] prio=8 os_prio=1 cpu=2812.50ms elapsed=11.67s tid=0x00000169b2643390 nid=50292 waiting on condition  [0x0000002178bff000]
   java.lang.Thread.State: TIMED_WAITING (parking)
	at jdk.internal.misc.Unsafe.park(java.base@21.0.10/Native Method)
	- parking to wait for  <0x000000070b783bd8> (a java.lang.String)
	at java.util.concurrent.locks.LockSupport.parkNanos(java.base@21.0.10/LockSupport.java:269)
	at net.minecraft.server.MinecraftServer.recordTaskExecutionTimeWhileWaiting(MinecraftServer.java:1235)
	at net.minecraft.server.MinecraftServer.runServer(MinecraftServer.java:1341)
	at net.minecraft.server.MinecraftServer.lambda$spin$2(MinecraftServer.java:388)
	at net.minecraft.server.MinecraftServer$$Lambda/0x0000016964f50000.run(Unknown Source)
	at java.lang.Thread.runWith(java.base@21.0.10/Thread.java:1596)
	at java.lang.Thread.run(java.base@21.0.10/Thread.java:1583)
=== sample +7840ms ===
"Server thread" #81 [50292] prio=8 os_prio=1 cpu=2921.88ms elapsed=11.94s tid=0x00000169b2643390 nid=50292 runnable  [0x0000002178bfe000]
   java.lang.Thread.State: RUNNABLE
	at it.unimi.dsi.fastutil.objects.ReferenceOpenHashSet.contains(ReferenceOpenHashSet.java:450)
	at it.unimi.dsi.fastutil.objects.ReferenceCollections$UnmodifiableCollection.contains(ReferenceCollections.java:344)
	at it.unimi.dsi.fastutil.objects.ReferenceSets$UnmodifiableSet.contains(ReferenceSets.java:221)
	at net.minecraft.core.Holder$Reference.is(Holder.java:175)
	at net.minecraft.world.level.block.state.BlockBehaviour$BlockStateBase.is(BlockBehaviour.java:958)
	at net.minecraft.world.level.block.LeavesBlock.getOptionalDistanceAt(LeavesBlock.java:139)
	at net.minecraft.world.level.block.LeavesBlock.getDistanceAt(LeavesBlock.java:135)
	at net.minecraft.world.level.block.LeavesBlock.updateDistance(LeavesBlock.java:125)
	at net.minecraft.world.level.block.LeavesBlock.tick(LeavesBlock.java:88)
	at net.minecraft.world.level.block.state.BlockBehaviour$BlockStateBase.tick(BlockBehaviour.java:877)
	at net.minecraft.server.level.ServerLevel.tickBlock(ServerLevel.java:1316)
	at net.minecraft.server.level.ServerLevel$$Lambda/0x00000169652862c8.accept(Unknown Source)
	at net.minecraft.world.ticks.LevelTicks.runCollectedTicks(LevelTicks.java:189)
	at net.minecraft.world.ticks.LevelTicks.tick(LevelTicks.java:88)
	at net.minecraft.server.level.ServerLevel.tick(ServerLevel.java:797)
	at net.minecraft.server.MinecraftServer.tickChildren(MinecraftServer.java:1819)
	at net.minecraft.server.MinecraftServer.tickServer(MinecraftServer.java:1611)
	at net.minecraft.server.dedicated.DedicatedServer.tickServer(DedicatedServer.java:427)
	at net.minecraft.server.MinecraftServer.processPacketsAndTick(MinecraftServer.java:1667)
	at net.minecraft.server.MinecraftServer.runServer(MinecraftServer.java:1335)
	at net.minecraft.server.MinecraftServer.lambda$spin$2(MinecraftServer.java:388)
	at net.minecraft.server.MinecraftServer$$Lambda/0x0000016964f50000.run(Unknown Source)
	at java.lang.Thread.runWith(java.base@21.0.10/Thread.java:1596)
	at java.lang.Thread.run(java.base@21.0.10/Thread.java:1583)
=== sample +8119ms ===
"Server thread" #81 [50292] prio=8 os_prio=1 cpu=3000.00ms elapsed=12.21s tid=0x00000169b2643390 nid=50292 waiting on condition  [0x0000002178bff000]
   java.lang.Thread.State: TIMED_WAITING (parking)
	at jdk.internal.misc.Unsafe.park(java.base@21.0.10/Native Method)
	- parking to wait for  <0x000000070b783bd8> (a java.lang.String)
	at java.util.concurrent.locks.LockSupport.parkNanos(java.base@21.0.10/LockSupport.java:269)
	at net.minecraft.server.MinecraftServer.recordTaskExecutionTimeWhileWaiting(MinecraftServer.java:1235)
	at net.minecraft.server.MinecraftServer.runServer(MinecraftServer.java:1341)
	at net.minecraft.server.MinecraftServer.lambda$spin$2(MinecraftServer.java:388)
	at net.minecraft.server.MinecraftServer$$Lambda/0x0000016964f50000.run(Unknown Source)
	at java.lang.Thread.runWith(java.base@21.0.10/Thread.java:1596)
	at java.lang.Thread.run(java.base@21.0.10/Thread.java:1583)
=== sample +8384ms ===
"Server thread" #81 [50292] prio=8 os_prio=1 cpu=3062.50ms elapsed=12.48s tid=0x00000169b2643390 nid=50292 waiting on condition  [0x0000002178bff000]
   java.lang.Thread.State: TIMED_WAITING (parking)
	at jdk.internal.misc.Unsafe.park(java.base@21.0.10/Native Method)
	- parking to wait for  <0x000000070b783bd8> (a java.lang.String)
	at java.util.concurrent.locks.LockSupport.parkNanos(java.base@21.0.10/LockSupport.java:269)
	at net.minecraft.server.MinecraftServer.recordTaskExecutionTimeWhileWaiting(MinecraftServer.java:1235)
	at net.minecraft.server.MinecraftServer.runServer(MinecraftServer.java:1341)
	at net.minecraft.server.MinecraftServer.lambda$spin$2(MinecraftServer.java:388)
	at net.minecraft.server.MinecraftServer$$Lambda/0x0000016964f50000.run(Unknown Source)
	at java.lang.Thread.runWith(java.base@21.0.10/Thread.java:1596)
	at java.lang.Thread.run(java.base@21.0.10/Thread.java:1583)
=== sample +8648ms ===
"Server thread" #81 [50292] prio=8 os_prio=1 cpu=3140.62ms elapsed=12.75s tid=0x00000169b2643390 nid=50292 waiting on condition  [0x0000002178bff000]
   java.lang.Thread.State: TIMED_WAITING (parking)
	at jdk.internal.misc.Unsafe.park(java.base@21.0.10/Native Method)
	- parking to wait for  <0x000000070b783bd8> (a java.lang.String)
	at java.util.concurrent.locks.LockSupport.parkNanos(java.base@21.0.10/LockSupport.java:269)
	at net.minecraft.server.MinecraftServer.recordTaskExecutionTimeWhileWaiting(MinecraftServer.java:1235)
	at net.minecraft.server.MinecraftServer.runServer(MinecraftServer.java:1341)
	at net.minecraft.server.MinecraftServer.lambda$spin$2(MinecraftServer.java:388)
	at net.minecraft.server.MinecraftServer$$Lambda/0x0000016964f50000.run(Unknown Source)
	at java.lang.Thread.runWith(java.base@21.0.10/Thread.java:1596)
	at java.lang.Thread.run(java.base@21.0.10/Thread.java:1583)
=== sample +8897ms ===
"Server thread" #81 [50292] prio=8 os_prio=1 cpu=3187.50ms elapsed=13.01s tid=0x00000169b2643390 nid=50292 runnable  [0x0000002178bfc000]
   java.lang.Thread.State: RUNNABLE
	at java.lang.ClassLoader.defineClass1(java.base@21.0.10/Native Method)
	at java.lang.ClassLoader.defineClass(java.base@21.0.10/ClassLoader.java:1027)
	at java.security.SecureClassLoader.defineClass(java.base@21.0.10/SecureClassLoader.java:150)
	at java.net.URLClassLoader.defineClass(java.base@21.0.10/URLClassLoader.java:524)
	at java.net.URLClassLoader$1.run(java.base@21.0.10/URLClassLoader.java:427)
	at java.net.URLClassLoader$1.run(java.base@21.0.10/URLClassLoader.java:421)
	at java.security.AccessController.executePrivileged(java.base@21.0.10/AccessController.java:809)
	at java.security.AccessController.doPrivileged(java.base@21.0.10/AccessController.java:714)
	at java.net.URLClassLoader.findClass(java.base@21.0.10/URLClassLoader.java:420)
	at java.lang.ClassLoader.loadClass(java.base@21.0.10/ClassLoader.java:593)
	- locked <0x000000073e1317e8> (a java.lang.Object)
	at java.lang.ClassLoader.loadClass(java.base@21.0.10/ClassLoader.java:526)
	at it.unimi.dsi.fastutil.floats.FloatArraySet.<init>(FloatArraySet.java:55)
	at net.minecraft.world.entity.Entity.calculateStepHeights(Entity.java:472)
	at net.minecraft.world.entity.Entity.collide(Entity.java:1587)
	at net.minecraft.world.entity.Entity.move(Entity.java:1163)
	at net.minecraft.world.entity.LivingEntity.handleRelativeFrictionAndCalculateMovement(LivingEntity.java:3262)
	at net.minecraft.world.entity.LivingEntity.travelInAir(LivingEntity.java:3068)
	at net.minecraft.world.entity.LivingEntity.travel(LivingEntity.java:3036)
	at net.minecraft.world.entity.LivingEntity.aiStep(LivingEntity.java:3709)
	at net.minecraft.world.entity.Mob.aiStep(Mob.java:522)
	at net.minecraft.world.entity.LivingEntity.tick(LivingEntity.java:3383)
	at net.minecraft.world.entity.Mob.tick(Mob.java:389)
	at net.minecraft.world.entity.ambient.Bat.tick(Bat.java:118)
	at net.minecraft.server.level.ServerLevel.tickNonPassenger(ServerLevel.java:1354)
	at net.minecraft.server.level.ServerLevel$$Lambda/0x0000016965852d98.accept(Unknown Source)
	at net.minecraft.world.level.Level.guardEntityTick(Level.java:1428)
	at net.minecraft.server.level.ServerLevel.lambda$tick$4(ServerLevel.java:854)
	at net.minecraft.server.level.ServerLevel$$Lambda/0x00000169652952d0.accept(Unknown Source)
	at net.minecraft.world.level.entity.EntityTickList.forEach(EntityTickList.java:39)
	at net.minecraft.server.level.ServerLevel.tick(ServerLevel.java:836)
	at net.minecraft.server.MinecraftServer.tickChildren(MinecraftServer.java:1819)
	at net.minecraft.server.MinecraftServer.tickServer(MinecraftServer.java:1611)
	at net.minecraft.server.dedicated.DedicatedServer.tickServer(DedicatedServer.java:427)
	at net.minecraft.server.MinecraftServer.processPacketsAndTick(MinecraftServer.java:1667)
	at net.minecraft.server.MinecraftServer.runServer(MinecraftServer.java:1335)
	at net.minecraft.server.MinecraftServer.lambda$spin$2(MinecraftServer.java:388)
	at net.minecraft.server.MinecraftServer$$Lambda/0x0000016964f50000.run(Unknown Source)
	at java.lang.Thread.runWith(java.base@21.0.10/Thread.java:1596)
	at java.lang.Thread.run(java.base@21.0.10/Thread.java:1583)
=== sample +9161ms ===
"Server thread" #81 [50292] prio=8 os_prio=1 cpu=3250.00ms elapsed=13.26s tid=0x00000169b2643390 nid=50292 waiting on condition  [0x0000002178bff000]
   java.lang.Thread.State: TIMED_WAITING (parking)
	at jdk.internal.misc.Unsafe.park(java.base@21.0.10/Native Method)
	- parking to wait for  <0x000000070b783bd8> (a java.lang.String)
	at java.util.concurrent.locks.LockSupport.parkNanos(java.base@21.0.10/LockSupport.java:269)
	at net.minecraft.server.MinecraftServer.recordTaskExecutionTimeWhileWaiting(MinecraftServer.java:1235)
	at net.minecraft.server.MinecraftServer.runServer(MinecraftServer.java:1341)
	at net.minecraft.server.MinecraftServer.lambda$spin$2(MinecraftServer.java:388)
	at net.minecraft.server.MinecraftServer$$Lambda/0x0000016964f50000.run(Unknown Source)
	at java.lang.Thread.runWith(java.base@21.0.10/Thread.java:1596)
	at java.lang.Thread.run(java.base@21.0.10/Thread.java:1583)
=== sample +9430ms ===
"Server thread" #81 [50292] prio=8 os_prio=1 cpu=3296.88ms elapsed=13.53s tid=0x00000169b2643390 nid=50292 runnable  [0x0000002178bff000]
   java.lang.Thread.State: TIMED_WAITING (parking)
	at jdk.internal.misc.Unsafe.park(java.base@21.0.10/Native Method)
	- parking to wait for  <0x000000070b783bd8> (a java.lang.String)
	at java.util.concurrent.locks.LockSupport.parkNanos(java.base@21.0.10/LockSupport.java:269)
	at net.minecraft.server.MinecraftServer.recordTaskExecutionTimeWhileWaiting(MinecraftServer.java:1235)
	at net.minecraft.server.MinecraftServer.runServer(MinecraftServer.java:1341)
	at net.minecraft.server.MinecraftServer.lambda$spin$2(MinecraftServer.java:388)
	at net.minecraft.server.MinecraftServer$$Lambda/0x0000016964f50000.run(Unknown Source)
	at java.lang.Thread.runWith(java.base@21.0.10/Thread.java:1596)
	at java.lang.Thread.run(java.base@21.0.10/Thread.java:1583)
=== sample +9695ms ===
"Server thread" #81 [50292] prio=8 os_prio=1 cpu=3343.75ms elapsed=13.79s tid=0x00000169b2643390 nid=50292 waiting on condition  [0x0000002178bff000]
   java.lang.Thread.State: TIMED_WAITING (parking)
	at jdk.internal.misc.Unsafe.park(java.base@21.0.10/Native Method)
	- parking to wait for  <0x000000070b783bd8> (a java.lang.String)
	at java.util.concurrent.locks.LockSupport.parkNanos(java.base@21.0.10/LockSupport.java:269)
	at net.minecraft.server.MinecraftServer.recordTaskExecutionTimeWhileWaiting(MinecraftServer.java:1235)
	at net.minecraft.server.MinecraftServer.runServer(MinecraftServer.java:1341)
	at net.minecraft.server.MinecraftServer.lambda$spin$2(MinecraftServer.java:388)
	at net.minecraft.server.MinecraftServer$$Lambda/0x0000016964f50000.run(Unknown Source)
	at java.lang.Thread.runWith(java.base@21.0.10/Thread.java:1596)
	at java.lang.Thread.run(java.base@21.0.10/Thread.java:1583)
=== sample +9941ms ===
"Server thread" #81 [50292] prio=8 os_prio=1 cpu=3375.00ms elapsed=14.05s tid=0x00000169b2643390 nid=50292 waiting on condition  [0x0000002178bff000]
   java.lang.Thread.State: TIMED_WAITING (parking)
	at jdk.internal.misc.Unsafe.park(java.base@21.0.10/Native Method)
	- parking to wait for  <0x000000070b783bd8> (a java.lang.String)
	at java.util.concurrent.locks.LockSupport.parkNanos(java.base@21.0.10/LockSupport.java:269)
	at net.minecraft.server.MinecraftServer.recordTaskExecutionTimeWhileWaiting(MinecraftServer.java:1235)
	at net.minecraft.server.MinecraftServer.runServer(MinecraftServer.java:1341)
	at net.minecraft.server.MinecraftServer.lambda$spin$2(MinecraftServer.java:388)
	at net.minecraft.server.MinecraftServer$$Lambda/0x0000016964f50000.run(Unknown Source)
	at java.lang.Thread.runWith(java.base@21.0.10/Thread.java:1596)
	at java.lang.Thread.run(java.base@21.0.10/Thread.java:1583)
=== sample +10189ms ===
"Server thread" #81 [50292] prio=8 os_prio=1 cpu=3406.25ms elapsed=14.30s tid=0x00000169b2643390 nid=50292 waiting on condition  [0x0000002178bff000]
   java.lang.Thread.State: TIMED_WAITING (parking)
	at jdk.internal.misc.Unsafe.park(java.base@21.0.10/Native Method)
	- parking to wait for  <0x000000070b783bd8> (a java.lang.String)
	at java.util.concurrent.locks.LockSupport.parkNanos(java.base@21.0.10/LockSupport.java:269)
	at net.minecraft.server.MinecraftServer.recordTaskExecutionTimeWhileWaiting(MinecraftServer.java:1235)
	at net.minecraft.server.MinecraftServer.runServer(MinecraftServer.java:1341)
	at net.minecraft.server.MinecraftServer.lambda$spin$2(MinecraftServer.java:388)
	at net.minecraft.server.MinecraftServer$$Lambda/0x0000016964f50000.run(Unknown Source)
	at java.lang.Thread.runWith(java.base@21.0.10/Thread.java:1596)
	at java.lang.Thread.run(java.base@21.0.10/Thread.java:1583)
=== sample +10437ms ===
"Server thread" #81 [50292] prio=8 os_prio=1 cpu=3437.50ms elapsed=14.55s tid=0x00000169b2643390 nid=50292 waiting on condition  [0x0000002178bff000]
   java.lang.Thread.State: TIMED_WAITING (parking)
	at jdk.internal.misc.Unsafe.park(java.base@21.0.10/Native Method)
	- parking to wait for  <0x000000070b783bd8> (a java.lang.String)
	at java.util.concurrent.locks.LockSupport.parkNanos(java.base@21.0.10/LockSupport.java:269)
	at net.minecraft.server.MinecraftServer.recordTaskExecutionTimeWhileWaiting(MinecraftServer.java:1235)
	at net.minecraft.server.MinecraftServer.runServer(MinecraftServer.java:1341)
	at net.minecraft.server.MinecraftServer.lambda$spin$2(MinecraftServer.java:388)
	at net.minecraft.server.MinecraftServer$$Lambda/0x0000016964f50000.run(Unknown Source)
	at java.lang.Thread.runWith(java.base@21.0.10/Thread.java:1596)
	at java.lang.Thread.run(java.base@21.0.10/Thread.java:1583)
=== sample +10684ms ===
"Server thread" #81 [50292] prio=8 os_prio=1 cpu=3453.12ms elapsed=14.79s tid=0x00000169b2643390 nid=50292 waiting on condition  [0x0000002178bff000]
   java.lang.Thread.State: TIMED_WAITING (parking)
	at jdk.internal.misc.Unsafe.park(java.base@21.0.10/Native Method)
	- parking to wait for  <0x000000070b783bd8> (a java.lang.String)
	at java.util.concurrent.locks.LockSupport.parkNanos(java.base@21.0.10/LockSupport.java:269)
	at net.minecraft.server.MinecraftServer.recordTaskExecutionTimeWhileWaiting(MinecraftServer.java:1235)
	at net.minecraft.server.MinecraftServer.runServer(MinecraftServer.java:1341)
	at net.minecraft.server.MinecraftServer.lambda$spin$2(MinecraftServer.java:388)
	at net.minecraft.server.MinecraftServer$$Lambda/0x0000016964f50000.run(Unknown Source)
	at java.lang.Thread.runWith(java.base@21.0.10/Thread.java:1596)
	at java.lang.Thread.run(java.base@21.0.10/Thread.java:1583)
=== sample +10931ms ===
"Server thread" #81 [50292] prio=8 os_prio=1 cpu=3468.75ms elapsed=15.04s tid=0x00000169b2643390 nid=50292 waiting on condition  [0x0000002178bff000]
   java.lang.Thread.State: TIMED_WAITING (parking)
	at jdk.internal.misc.Unsafe.park(java.base@21.0.10/Native Method)
	- parking to wait for  <0x000000070b783bd8> (a java.lang.String)
	at java.util.concurrent.locks.LockSupport.parkNanos(java.base@21.0.10/LockSupport.java:269)
	at net.minecraft.server.MinecraftServer.recordTaskExecutionTimeWhileWaiting(MinecraftServer.java:1235)
	at net.minecraft.server.MinecraftServer.runServer(MinecraftServer.java:1341)
	at net.minecraft.server.MinecraftServer.lambda$spin$2(MinecraftServer.java:388)
	at net.minecraft.server.MinecraftServer$$Lambda/0x0000016964f50000.run(Unknown Source)
	at java.lang.Thread.runWith(java.base@21.0.10/Thread.java:1596)
	at java.lang.Thread.run(java.base@21.0.10/Thread.java:1583)
=== sample +11180ms ===
"Server thread" #81 [50292] prio=8 os_prio=1 cpu=3484.38ms elapsed=15.29s tid=0x00000169b2643390 nid=50292 waiting on condition  [0x0000002178bff000]
   java.lang.Thread.State: TIMED_WAITING (parking)
	at jdk.internal.misc.Unsafe.park(java.base@21.0.10/Native Method)
	- parking to wait for  <0x000000070b783bd8> (a java.lang.String)
	at java.util.concurrent.locks.LockSupport.parkNanos(java.base@21.0.10/LockSupport.java:269)
	at net.minecraft.server.MinecraftServer.recordTaskExecutionTimeWhileWaiting(MinecraftServer.java:1235)
	at net.minecraft.server.MinecraftServer.runServer(MinecraftServer.java:1341)
	at net.minecraft.server.MinecraftServer.lambda$spin$2(MinecraftServer.java:388)
	at net.minecraft.server.MinecraftServer$$Lambda/0x0000016964f50000.run(Unknown Source)
	at java.lang.Thread.runWith(java.base@21.0.10/Thread.java:1596)
	at java.lang.Thread.run(java.base@21.0.10/Thread.java:1583)
=== sample +11427ms ===
"Server thread" #81 [50292] prio=8 os_prio=1 cpu=3500.00ms elapsed=15.53s tid=0x00000169b2643390 nid=50292 runnable  [0x0000002178bfe000]
   java.lang.Thread.State: RUNNABLE
	at java.lang.invoke.LambdaForm$MH/0x0000016964f3a800.invoke(java.base@21.0.10/LambdaForm$MH)
	at java.lang.invoke.LambdaForm$MH/0x0000016965174c00.tableSwitch(java.base@21.0.10/LambdaForm$MH)
	at java.lang.invoke.LambdaForm$MH/0x0000016964f41000.delegate(java.base@21.0.10/LambdaForm$MH)
	at java.lang.invoke.LambdaForm$MH/0x0000016964f3d400.invoke(java.base@21.0.10/LambdaForm$MH)
	at java.lang.invoke.LambdaForm$MH/0x0000016964f3dc00.linkToTargetMethod(java.base@21.0.10/LambdaForm$MH)
	at net.minecraft.world.attribute.EnvironmentAttributeSystem$ValueSampler.computeValueNotPositional(EnvironmentAttributeSystem.java:255)
	at net.minecraft.world.attribute.EnvironmentAttributeSystem$ValueSampler.getDimensionValue(EnvironmentAttributeSystem.java:224)
	at net.minecraft.world.attribute.EnvironmentAttributeSystem.getDimensionValue(EnvironmentAttributeSystem.java:110)
	at net.minecraft.world.level.Level.updateSkyBrightness(Level.java:1631)
	at net.minecraft.server.level.ServerLevel.tick(ServerLevel.java:788)
	at net.minecraft.server.MinecraftServer.tickChildren(MinecraftServer.java:1819)
	at net.minecraft.server.MinecraftServer.tickServer(MinecraftServer.java:1611)
	at net.minecraft.server.dedicated.DedicatedServer.tickServer(DedicatedServer.java:427)
	at net.minecraft.server.MinecraftServer.processPacketsAndTick(MinecraftServer.java:1667)
	at net.minecraft.server.MinecraftServer.runServer(MinecraftServer.java:1335)
	at net.minecraft.server.MinecraftServer.lambda$spin$2(MinecraftServer.java:388)
	at net.minecraft.server.MinecraftServer$$Lambda/0x0000016964f50000.run(Unknown Source)
	at java.lang.Thread.runWith(java.base@21.0.10/Thread.java:1596)
	at java.lang.Thread.run(java.base@21.0.10/Thread.java:1583)
=== sample +11677ms ===
"Server thread" #81 [50292] prio=8 os_prio=1 cpu=3515.62ms elapsed=15.79s tid=0x00000169b2643390 nid=50292 waiting on condition  [0x0000002178bff000]
   java.lang.Thread.State: TIMED_WAITING (parking)
	at jdk.internal.misc.Unsafe.park(java.base@21.0.10/Native Method)
	- parking to wait for  <0x000000070b783bd8> (a java.lang.String)
	at java.util.concurrent.locks.LockSupport.parkNanos(java.base@21.0.10/LockSupport.java:269)
	at net.minecraft.server.MinecraftServer.recordTaskExecutionTimeWhileWaiting(MinecraftServer.java:1235)
	at net.minecraft.server.MinecraftServer.runServer(MinecraftServer.java:1341)
	at net.minecraft.server.MinecraftServer.lambda$spin$2(MinecraftServer.java:388)
	at net.minecraft.server.MinecraftServer$$Lambda/0x0000016964f50000.run(Unknown Source)
	at java.lang.Thread.runWith(java.base@21.0.10/Thread.java:1596)
	at java.lang.Thread.run(java.base@21.0.10/Thread.java:1583)
=== sample +11928ms ===
"Server thread" #81 [50292] prio=8 os_prio=1 cpu=3546.88ms elapsed=16.03s tid=0x00000169b2643390 nid=50292 runnable  [0x0000002178bfe000]
   java.lang.Thread.State: RUNNABLE
	at ca.spottedleaf.moonrise.patches.chunk_system.level.entity.EntityLookup.getEntities(EntityLookup.java:595)
	at net.minecraft.world.level.Level.getEntities(Level.java:1681)
	at io.papermc.paper.entity.activation.ActivationRange.activateEntities(ActivationRange.java:160)
	at net.minecraft.server.level.ServerLevel.tick(ServerLevel.java:834)
	at net.minecraft.server.MinecraftServer.tickChildren(MinecraftServer.java:1819)
	at net.minecraft.server.MinecraftServer.tickServer(MinecraftServer.java:1611)
	at net.minecraft.server.dedicated.DedicatedServer.tickServer(DedicatedServer.java:427)
	at net.minecraft.server.MinecraftServer.processPacketsAndTick(MinecraftServer.java:1667)
	at net.minecraft.server.MinecraftServer.runServer(MinecraftServer.java:1335)
	at net.minecraft.server.MinecraftServer.lambda$spin$2(MinecraftServer.java:388)
	at net.minecraft.server.MinecraftServer$$Lambda/0x0000016964f50000.run(Unknown Source)
	at java.lang.Thread.runWith(java.base@21.0.10/Thread.java:1596)
	at java.lang.Thread.run(java.base@21.0.10/Thread.java:1583)
=== sample +12172ms ===
"Server thread" #81 [50292] prio=8 os_prio=1 cpu=3562.50ms elapsed=16.28s tid=0x00000169b2643390 nid=50292 runnable  [0x0000002178bff000]
   java.lang.Thread.State: TIMED_WAITING (parking)
	at jdk.internal.misc.Unsafe.park(java.base@21.0.10/Native Method)
	- parking to wait for  <0x000000070b783bd8> (a java.lang.String)
	at java.util.concurrent.locks.LockSupport.parkNanos(java.base@21.0.10/LockSupport.java:269)
	at net.minecraft.server.MinecraftServer.recordTaskExecutionTimeWhileWaiting(MinecraftServer.java:1235)
	at net.minecraft.server.MinecraftServer.runServer(MinecraftServer.java:1341)
	at net.minecraft.server.MinecraftServer.lambda$spin$2(MinecraftServer.java:388)
	at net.minecraft.server.MinecraftServer$$Lambda/0x0000016964f50000.run(Unknown Source)
	at java.lang.Thread.runWith(java.base@21.0.10/Thread.java:1596)
	at java.lang.Thread.run(java.base@21.0.10/Thread.java:1583)
=== sample +12421ms ===
"Server thread" #81 [50292] prio=8 os_prio=1 cpu=3593.75ms elapsed=16.53s tid=0x00000169b2643390 nid=50292 waiting on condition  [0x0000002178bff000]
   java.lang.Thread.State: TIMED_WAITING (parking)
	at jdk.internal.misc.Unsafe.park(java.base@21.0.10/Native Method)
	- parking to wait for  <0x000000070b783bd8> (a java.lang.String)
	at java.util.concurrent.locks.LockSupport.parkNanos(java.base@21.0.10/LockSupport.java:269)
	at net.minecraft.server.MinecraftServer.recordTaskExecutionTimeWhileWaiting(MinecraftServer.java:1235)
	at net.minecraft.server.MinecraftServer.runServer(MinecraftServer.java:1341)
	at net.minecraft.server.MinecraftServer.lambda$spin$2(MinecraftServer.java:388)
	at net.minecraft.server.MinecraftServer$$Lambda/0x0000016964f50000.run(Unknown Source)
	at java.lang.Thread.runWith(java.base@21.0.10/Thread.java:1596)
	at java.lang.Thread.run(java.base@21.0.10/Thread.java:1583)
=== sample +12669ms ===
"Server thread" #81 [50292] prio=8 os_prio=1 cpu=3609.38ms elapsed=16.78s tid=0x00000169b2643390 nid=50292 waiting on condition  [0x0000002178bff000]
   java.lang.Thread.State: TIMED_WAITING (parking)
	at jdk.internal.misc.Unsafe.park(java.base@21.0.10/Native Method)
	- parking to wait for  <0x000000070b783bd8> (a java.lang.String)
	at java.util.concurrent.locks.LockSupport.parkNanos(java.base@21.0.10/LockSupport.java:269)
	at net.minecraft.server.MinecraftServer.recordTaskExecutionTimeWhileWaiting(MinecraftServer.java:1235)
	at net.minecraft.server.MinecraftServer.runServer(MinecraftServer.java:1341)
	at net.minecraft.server.MinecraftServer.lambda$spin$2(MinecraftServer.java:388)
	at net.minecraft.server.MinecraftServer$$Lambda/0x0000016964f50000.run(Unknown Source)
	at java.lang.Thread.runWith(java.base@21.0.10/Thread.java:1596)
	at java.lang.Thread.run(java.base@21.0.10/Thread.java:1583)
=== sample +12921ms ===
"Server thread" #81 [50292] prio=8 os_prio=1 cpu=3625.00ms elapsed=17.03s tid=0x00000169b2643390 nid=50292 waiting on condition  [0x0000002178bff000]
   java.lang.Thread.State: TIMED_WAITING (parking)
	at jdk.internal.misc.Unsafe.park(java.base@21.0.10/Native Method)
	- parking to wait for  <0x000000070b783bd8> (a java.lang.String)
	at java.util.concurrent.locks.LockSupport.parkNanos(java.base@21.0.10/LockSupport.java:269)
	at net.minecraft.server.MinecraftServer.recordTaskExecutionTimeWhileWaiting(MinecraftServer.java:1235)
	at net.minecraft.server.MinecraftServer.runServer(MinecraftServer.java:1341)
	at net.minecraft.server.MinecraftServer.lambda$spin$2(MinecraftServer.java:388)
	at net.minecraft.server.MinecraftServer$$Lambda/0x0000016964f50000.run(Unknown Source)
	at java.lang.Thread.runWith(java.base@21.0.10/Thread.java:1596)
	at java.lang.Thread.run(java.base@21.0.10/Thread.java:1583)
=== sample +13170ms ===
"Server thread" #81 [50292] prio=8 os_prio=1 cpu=3640.62ms elapsed=17.28s tid=0x00000169b2643390 nid=50292 waiting on condition  [0x0000002178bff000]
   java.lang.Thread.State: TIMED_WAITING (parking)
	at jdk.internal.misc.Unsafe.park(java.base@21.0.10/Native Method)
	- parking to wait for  <0x000000070b783bd8> (a java.lang.String)
	at java.util.concurrent.locks.LockSupport.parkNanos(java.base@21.0.10/LockSupport.java:269)
	at net.minecraft.server.MinecraftServer.recordTaskExecutionTimeWhileWaiting(MinecraftServer.java:1235)
	at net.minecraft.server.MinecraftServer.runServer(MinecraftServer.java:1341)
	at net.minecraft.server.MinecraftServer.lambda$spin$2(MinecraftServer.java:388)
	at net.minecraft.server.MinecraftServer$$Lambda/0x0000016964f50000.run(Unknown Source)
	at java.lang.Thread.runWith(java.base@21.0.10/Thread.java:1596)
	at java.lang.Thread.run(java.base@21.0.10/Thread.java:1583)
=== sample +13419ms ===
"Server thread" #81 [50292] prio=8 os_prio=1 cpu=3671.88ms elapsed=17.52s tid=0x00000169b2643390 nid=50292 waiting on condition  [0x0000002178bff000]
   java.lang.Thread.State: TIMED_WAITING (parking)
	at jdk.internal.misc.Unsafe.park(java.base@21.0.10/Native Method)
	- parking to wait for  <0x000000070b783bd8> (a java.lang.String)
	at java.util.concurrent.locks.LockSupport.parkNanos(java.base@21.0.10/LockSupport.java:269)
	at net.minecraft.server.MinecraftServer.recordTaskExecutionTimeWhileWaiting(MinecraftServer.java:1235)
	at net.minecraft.server.MinecraftServer.runServer(MinecraftServer.java:1341)
	at net.minecraft.server.MinecraftServer.lambda$spin$2(MinecraftServer.java:388)
	at net.minecraft.server.MinecraftServer$$Lambda/0x0000016964f50000.run(Unknown Source)
	at java.lang.Thread.runWith(java.base@21.0.10/Thread.java:1596)
	at java.lang.Thread.run(java.base@21.0.10/Thread.java:1583)
=== sample +13667ms ===
"Server thread" #81 [50292] prio=8 os_prio=1 cpu=3687.50ms elapsed=17.78s tid=0x00000169b2643390 nid=50292 waiting on condition  [0x0000002178bff000]
   java.lang.Thread.State: TIMED_WAITING (parking)
	at jdk.internal.misc.Unsafe.park(java.base@21.0.10/Native Method)
	- parking to wait for  <0x000000070b783bd8> (a java.lang.String)
	at java.util.concurrent.locks.LockSupport.parkNanos(java.base@21.0.10/LockSupport.java:269)
	at net.minecraft.server.MinecraftServer.recordTaskExecutionTimeWhileWaiting(MinecraftServer.java:1235)
	at net.minecraft.server.MinecraftServer.runServer(MinecraftServer.java:1341)
	at net.minecraft.server.MinecraftServer.lambda$spin$2(MinecraftServer.java:388)
	at net.minecraft.server.MinecraftServer$$Lambda/0x0000016964f50000.run(Unknown Source)
	at java.lang.Thread.runWith(java.base@21.0.10/Thread.java:1596)
	at java.lang.Thread.run(java.base@21.0.10/Thread.java:1583)
=== sample +13915ms ===
"Server thread" #81 [50292] prio=8 os_prio=1 cpu=3703.12ms elapsed=18.02s tid=0x00000169b2643390 nid=50292 waiting on condition  [0x0000002178bff000]
   java.lang.Thread.State: TIMED_WAITING (parking)
	at jdk.internal.misc.Unsafe.park(java.base@21.0.10/Native Method)
	- parking to wait for  <0x000000070b783bd8> (a java.lang.String)
	at java.util.concurrent.locks.LockSupport.parkNanos(java.base@21.0.10/LockSupport.java:269)
	at net.minecraft.server.MinecraftServer.recordTaskExecutionTimeWhileWaiting(MinecraftServer.java:1235)
	at net.minecraft.server.MinecraftServer.runServer(MinecraftServer.java:1341)
	at net.minecraft.server.MinecraftServer.lambda$spin$2(MinecraftServer.java:388)
	at net.minecraft.server.MinecraftServer$$Lambda/0x0000016964f50000.run(Unknown Source)
	at java.lang.Thread.runWith(java.base@21.0.10/Thread.java:1596)
	at java.lang.Thread.run(java.base@21.0.10/Thread.java:1583)
=== sample +14164ms ===
"Server thread" #81 [50292] prio=8 os_prio=1 cpu=3718.75ms elapsed=18.27s tid=0x00000169b2643390 nid=50292 waiting on condition  [0x0000002178bff000]
   java.lang.Thread.State: TIMED_WAITING (parking)
	at jdk.internal.misc.Unsafe.park(java.base@21.0.10/Native Method)
	- parking to wait for  <0x000000070b783bd8> (a java.lang.String)
	at java.util.concurrent.locks.LockSupport.parkNanos(java.base@21.0.10/LockSupport.java:269)
	at net.minecraft.server.MinecraftServer.recordTaskExecutionTimeWhileWaiting(MinecraftServer.java:1235)
	at net.minecraft.server.MinecraftServer.runServer(MinecraftServer.java:1341)
	at net.minecraft.server.MinecraftServer.lambda$spin$2(MinecraftServer.java:388)
	at net.minecraft.server.MinecraftServer$$Lambda/0x0000016964f50000.run(Unknown Source)
	at java.lang.Thread.runWith(java.base@21.0.10/Thread.java:1596)
	at java.lang.Thread.run(java.base@21.0.10/Thread.java:1583)
=== sample +14413ms ===
"Server thread" #81 [50292] prio=8 os_prio=1 cpu=3734.38ms elapsed=18.52s tid=0x00000169b2643390 nid=50292 waiting on condition  [0x0000002178bff000]
   java.lang.Thread.State: TIMED_WAITING (parking)
	at jdk.internal.misc.Unsafe.park(java.base@21.0.10/Native Method)
	- parking to wait for  <0x000000070b783bd8> (a java.lang.String)
	at java.util.concurrent.locks.LockSupport.parkNanos(java.base@21.0.10/LockSupport.java:269)
	at net.minecraft.server.MinecraftServer.recordTaskExecutionTimeWhileWaiting(MinecraftServer.java:1235)
	at net.minecraft.server.MinecraftServer.runServer(MinecraftServer.java:1341)
	at net.minecraft.server.MinecraftServer.lambda$spin$2(MinecraftServer.java:388)
	at net.minecraft.server.MinecraftServer$$Lambda/0x0000016964f50000.run(Unknown Source)
	at java.lang.Thread.runWith(java.base@21.0.10/Thread.java:1596)
	at java.lang.Thread.run(java.base@21.0.10/Thread.java:1583)
=== sample +14664ms ===
"Server thread" #81 [50292] prio=8 os_prio=1 cpu=3750.00ms elapsed=18.77s tid=0x00000169b2643390 nid=50292 waiting on condition  [0x0000002178bff000]
   java.lang.Thread.State: TIMED_WAITING (parking)
	at jdk.internal.misc.Unsafe.park(java.base@21.0.10/Native Method)
	- parking to wait for  <0x000000070b783bd8> (a java.lang.String)
	at java.util.concurrent.locks.LockSupport.parkNanos(java.base@21.0.10/LockSupport.java:269)
	at net.minecraft.server.MinecraftServer.recordTaskExecutionTimeWhileWaiting(MinecraftServer.java:1235)
	at net.minecraft.server.MinecraftServer.runServer(MinecraftServer.java:1341)
	at net.minecraft.server.MinecraftServer.lambda$spin$2(MinecraftServer.java:388)
	at net.minecraft.server.MinecraftServer$$Lambda/0x0000016964f50000.run(Unknown Source)
	at java.lang.Thread.runWith(java.base@21.0.10/Thread.java:1596)
	at java.lang.Thread.run(java.base@21.0.10/Thread.java:1583)
=== sample +14910ms ===
"Server thread" #81 [50292] prio=8 os_prio=1 cpu=3765.62ms elapsed=19.02s tid=0x00000169b2643390 nid=50292 waiting on condition  [0x0000002178bff000]
   java.lang.Thread.State: TIMED_WAITING (parking)
	at jdk.internal.misc.Unsafe.park(java.base@21.0.10/Native Method)
	- parking to wait for  <0x000000070b783bd8> (a java.lang.String)
	at java.util.concurrent.locks.LockSupport.parkNanos(java.base@21.0.10/LockSupport.java:269)
	at net.minecraft.server.MinecraftServer.recordTaskExecutionTimeWhileWaiting(MinecraftServer.java:1235)
	at net.minecraft.server.MinecraftServer.runServer(MinecraftServer.java:1341)
	at net.minecraft.server.MinecraftServer.lambda$spin$2(MinecraftServer.java:388)
	at net.minecraft.server.MinecraftServer$$Lambda/0x0000016964f50000.run(Unknown Source)
	at java.lang.Thread.runWith(java.base@21.0.10/Thread.java:1596)
	at java.lang.Thread.run(java.base@21.0.10/Thread.java:1583)
=== sample +15171ms ===
"Server thread" #81 [50292] prio=8 os_prio=1 cpu=3781.25ms elapsed=19.27s tid=0x00000169b2643390 nid=50292 waiting on condition  [0x0000002178bff000]
   java.lang.Thread.State: TIMED_WAITING (parking)
	at jdk.internal.misc.Unsafe.park(java.base@21.0.10/Native Method)
	- parking to wait for  <0x000000070b783bd8> (a java.lang.String)
	at java.util.concurrent.locks.LockSupport.parkNanos(java.base@21.0.10/LockSupport.java:269)
	at net.minecraft.server.MinecraftServer.recordTaskExecutionTimeWhileWaiting(MinecraftServer.java:1235)
	at net.minecraft.server.MinecraftServer.runServer(MinecraftServer.java:1341)
	at net.minecraft.server.MinecraftServer.lambda$spin$2(MinecraftServer.java:388)
	at net.minecraft.server.MinecraftServer$$Lambda/0x0000016964f50000.run(Unknown Source)
	at java.lang.Thread.runWith(java.base@21.0.10/Thread.java:1596)
	at java.lang.Thread.run(java.base@21.0.10/Thread.java:1583)
=== sample +15419ms ===
"Server thread" #81 [50292] prio=8 os_prio=1 cpu=3796.88ms elapsed=19.53s tid=0x00000169b2643390 nid=50292 waiting on condition  [0x0000002178bff000]
   java.lang.Thread.State: TIMED_WAITING (parking)
	at jdk.internal.misc.Unsafe.park(java.base@21.0.10/Native Method)
	- parking to wait for  <0x000000070b783bd8> (a java.lang.String)
	at java.util.concurrent.locks.LockSupport.parkNanos(java.base@21.0.10/LockSupport.java:269)
	at net.minecraft.server.MinecraftServer.recordTaskExecutionTimeWhileWaiting(MinecraftServer.java:1235)
	at net.minecraft.server.MinecraftServer.runServer(MinecraftServer.java:1341)
	at net.minecraft.server.MinecraftServer.lambda$spin$2(MinecraftServer.java:388)
	at net.minecraft.server.MinecraftServer$$Lambda/0x0000016964f50000.run(Unknown Source)
	at java.lang.Thread.runWith(java.base@21.0.10/Thread.java:1596)
	at java.lang.Thread.run(java.base@21.0.10/Thread.java:1583)
=== sample +15671ms ===
"Server thread" #81 [50292] prio=8 os_prio=1 cpu=3812.50ms elapsed=19.78s tid=0x00000169b2643390 nid=50292 waiting on condition  [0x0000002178bff000]
   java.lang.Thread.State: TIMED_WAITING (parking)
	at jdk.internal.misc.Unsafe.park(java.base@21.0.10/Native Method)
	- parking to wait for  <0x000000070b783bd8> (a java.lang.String)
	at java.util.concurrent.locks.LockSupport.parkNanos(java.base@21.0.10/LockSupport.java:269)
	at net.minecraft.server.MinecraftServer.recordTaskExecutionTimeWhileWaiting(MinecraftServer.java:1235)
	at net.minecraft.server.MinecraftServer.runServer(MinecraftServer.java:1341)
	at net.minecraft.server.MinecraftServer.lambda$spin$2(MinecraftServer.java:388)
	at net.minecraft.server.MinecraftServer$$Lambda/0x0000016964f50000.run(Unknown Source)
	at java.lang.Thread.runWith(java.base@21.0.10/Thread.java:1596)
	at java.lang.Thread.run(java.base@21.0.10/Thread.java:1583)
=== sample +15934ms ===
"Server thread" #81 [50292] prio=8 os_prio=1 cpu=3828.12ms elapsed=20.03s tid=0x00000169b2643390 nid=50292 waiting on condition  [0x0000002178bff000]
   java.lang.Thread.State: TIMED_WAITING (parking)
	at jdk.internal.misc.Unsafe.park(java.base@21.0.10/Native Method)
	- parking to wait for  <0x000000070b783bd8> (a java.lang.String)
	at java.util.concurrent.locks.LockSupport.parkNanos(java.base@21.0.10/LockSupport.java:269)
	at net.minecraft.server.MinecraftServer.recordTaskExecutionTimeWhileWaiting(MinecraftServer.java:1235)
	at net.minecraft.server.MinecraftServer.runServer(MinecraftServer.java:1341)
	at net.minecraft.server.MinecraftServer.lambda$spin$2(MinecraftServer.java:388)
	at net.minecraft.server.MinecraftServer$$Lambda/0x0000016964f50000.run(Unknown Source)
	at java.lang.Thread.runWith(java.base@21.0.10/Thread.java:1596)
	at java.lang.Thread.run(java.base@21.0.10/Thread.java:1583)
=== sample +16182ms ===
"Server thread" #81 [50292] prio=8 os_prio=1 cpu=3843.75ms elapsed=20.29s tid=0x00000169b2643390 nid=50292 waiting on condition  [0x0000002178bff000]
   java.lang.Thread.State: TIMED_WAITING (parking)
	at jdk.internal.misc.Unsafe.park(java.base@21.0.10/Native Method)
	- parking to wait for  <0x000000070b783bd8> (a java.lang.String)
	at java.util.concurrent.locks.LockSupport.parkNanos(java.base@21.0.10/LockSupport.java:269)
	at net.minecraft.server.MinecraftServer.recordTaskExecutionTimeWhileWaiting(MinecraftServer.java:1235)
	at net.minecraft.server.MinecraftServer.runServer(MinecraftServer.java:1341)
	at net.minecraft.server.MinecraftServer.lambda$spin$2(MinecraftServer.java:388)
	at net.minecraft.server.MinecraftServer$$Lambda/0x0000016964f50000.run(Unknown Source)
	at java.lang.Thread.runWith(java.base@21.0.10/Thread.java:1596)
	at java.lang.Thread.run(java.base@21.0.10/Thread.java:1583)
=== sample +16430ms ===
"Server thread" #81 [50292] prio=8 os_prio=1 cpu=3875.00ms elapsed=20.54s tid=0x00000169b2643390 nid=50292 waiting on condition  [0x0000002178bff000]
   java.lang.Thread.State: TIMED_WAITING (parking)
	at jdk.internal.misc.Unsafe.park(java.base@21.0.10/Native Method)
	- parking to wait for  <0x000000070b783bd8> (a java.lang.String)
	at java.util.concurrent.locks.LockSupport.parkNanos(java.base@21.0.10/LockSupport.java:269)
	at net.minecraft.server.MinecraftServer.recordTaskExecutionTimeWhileWaiting(MinecraftServer.java:1235)
	at net.minecraft.server.MinecraftServer.runServer(MinecraftServer.java:1341)
	at net.minecraft.server.MinecraftServer.lambda$spin$2(MinecraftServer.java:388)
	at net.minecraft.server.MinecraftServer$$Lambda/0x0000016964f50000.run(Unknown Source)
	at java.lang.Thread.runWith(java.base@21.0.10/Thread.java:1596)
	at java.lang.Thread.run(java.base@21.0.10/Thread.java:1583)
=== sample +16678ms ===
"Server thread" #81 [50292] prio=8 os_prio=1 cpu=3890.62ms elapsed=20.78s tid=0x00000169b2643390 nid=50292 waiting on condition  [0x0000002178bff000]
   java.lang.Thread.State: TIMED_WAITING (parking)
	at jdk.internal.misc.Unsafe.park(java.base@21.0.10/Native Method)
	- parking to wait for  <0x000000070b783bd8> (a java.lang.String)
	at java.util.concurrent.locks.LockSupport.parkNanos(java.base@21.0.10/LockSupport.java:269)
	at net.minecraft.server.MinecraftServer.recordTaskExecutionTimeWhileWaiting(MinecraftServer.java:1235)
	at net.minecraft.server.MinecraftServer.runServer(MinecraftServer.java:1341)
	at net.minecraft.server.MinecraftServer.lambda$spin$2(MinecraftServer.java:388)
	at net.minecraft.server.MinecraftServer$$Lambda/0x0000016964f50000.run(Unknown Source)
	at java.lang.Thread.runWith(java.base@21.0.10/Thread.java:1596)
	at java.lang.Thread.run(java.base@21.0.10/Thread.java:1583)
=== sample +16927ms ===
"Server thread" #81 [50292] prio=8 os_prio=1 cpu=3906.25ms elapsed=21.03s tid=0x00000169b2643390 nid=50292 waiting on condition  [0x0000002178bff000]
   java.lang.Thread.State: TIMED_WAITING (parking)
	at jdk.internal.misc.Unsafe.park(java.base@21.0.10/Native Method)
	- parking to wait for  <0x000000070b783bd8> (a java.lang.String)
	at java.util.concurrent.locks.LockSupport.parkNanos(java.base@21.0.10/LockSupport.java:269)
	at net.minecraft.server.MinecraftServer.recordTaskExecutionTimeWhileWaiting(MinecraftServer.java:1235)
	at net.minecraft.server.MinecraftServer.runServer(MinecraftServer.java:1341)
	at net.minecraft.server.MinecraftServer.lambda$spin$2(MinecraftServer.java:388)
	at net.minecraft.server.MinecraftServer$$Lambda/0x0000016964f50000.run(Unknown Source)
	at java.lang.Thread.runWith(java.base@21.0.10/Thread.java:1596)
	at java.lang.Thread.run(java.base@21.0.10/Thread.java:1583)
=== sample +17175ms ===
"Server thread" #81 [50292] prio=8 os_prio=1 cpu=3921.88ms elapsed=21.28s tid=0x00000169b2643390 nid=50292 waiting on condition  [0x0000002178bff000]
   java.lang.Thread.State: TIMED_WAITING (parking)
	at jdk.internal.misc.Unsafe.park(java.base@21.0.10/Native Method)
	- parking to wait for  <0x000000070b783bd8> (a java.lang.String)
	at java.util.concurrent.locks.LockSupport.parkNanos(java.base@21.0.10/LockSupport.java:269)
	at net.minecraft.server.MinecraftServer.recordTaskExecutionTimeWhileWaiting(MinecraftServer.java:1235)
	at net.minecraft.server.MinecraftServer.runServer(MinecraftServer.java:1341)
	at net.minecraft.server.MinecraftServer.lambda$spin$2(MinecraftServer.java:388)
	at net.minecraft.server.MinecraftServer$$Lambda/0x0000016964f50000.run(Unknown Source)
	at java.lang.Thread.runWith(java.base@21.0.10/Thread.java:1596)
	at java.lang.Thread.run(java.base@21.0.10/Thread.java:1583)
=== sample +17426ms ===
"Server thread" #81 [50292] prio=8 os_prio=1 cpu=3937.50ms elapsed=21.54s tid=0x00000169b2643390 nid=50292 waiting on condition  [0x0000002178bff000]
   java.lang.Thread.State: TIMED_WAITING (parking)
	at jdk.internal.misc.Unsafe.park(java.base@21.0.10/Native Method)
	- parking to wait for  <0x000000070b783bd8> (a java.lang.String)
	at java.util.concurrent.locks.LockSupport.parkNanos(java.base@21.0.10/LockSupport.java:269)
	at net.minecraft.server.MinecraftServer.recordTaskExecutionTimeWhileWaiting(MinecraftServer.java:1235)
	at net.minecraft.server.MinecraftServer.runServer(MinecraftServer.java:1341)
	at net.minecraft.server.MinecraftServer.lambda$spin$2(MinecraftServer.java:388)
	at net.minecraft.server.MinecraftServer$$Lambda/0x0000016964f50000.run(Unknown Source)
	at java.lang.Thread.runWith(java.base@21.0.10/Thread.java:1596)
	at java.lang.Thread.run(java.base@21.0.10/Thread.java:1583)
=== sample +17673ms ===
"Server thread" #81 [50292] prio=8 os_prio=1 cpu=3937.50ms elapsed=21.78s tid=0x00000169b2643390 nid=50292 waiting on condition  [0x0000002178bff000]
   java.lang.Thread.State: TIMED_WAITING (parking)
	at jdk.internal.misc.Unsafe.park(java.base@21.0.10/Native Method)
	- parking to wait for  <0x000000070b783bd8> (a java.lang.String)
	at java.util.concurrent.locks.LockSupport.parkNanos(java.base@21.0.10/LockSupport.java:269)
	at net.minecraft.server.MinecraftServer.recordTaskExecutionTimeWhileWaiting(MinecraftServer.java:1235)
	at net.minecraft.server.MinecraftServer.runServer(MinecraftServer.java:1341)
	at net.minecraft.server.MinecraftServer.lambda$spin$2(MinecraftServer.java:388)
	at net.minecraft.server.MinecraftServer$$Lambda/0x0000016964f50000.run(Unknown Source)
	at java.lang.Thread.runWith(java.base@21.0.10/Thread.java:1596)
	at java.lang.Thread.run(java.base@21.0.10/Thread.java:1583)
botFailures=[] exited=true
======== run 1 ========
boot: [02:40:11 INFO]: Done (15.344s)! For help, type "help"
---- stalls ----
---- jstack Server-thread samples ----
=== sample +2702ms ===
"Server thread" #81 [31828] prio=8 os_prio=1 cpu=1671.88ms elapsed=7.32s tid=0x000001eda0308a00 nid=31828 waiting on condition  [0x0000009d597fe000]
   java.lang.Thread.State: TIMED_WAITING (parking)
	at jdk.internal.misc.Unsafe.park(java.base@21.0.10/Native Method)
	- parking to wait for  <0x0000000723727a68> (a java.lang.String)
	at java.util.concurrent.locks.LockSupport.parkNanos(java.base@21.0.10/LockSupport.java:269)
	at net.minecraft.server.MinecraftServer.recordTaskExecutionTimeWhileWaiting(MinecraftServer.java:1235)
	at net.minecraft.server.MinecraftServer.runServer(MinecraftServer.java:1341)
	at net.minecraft.server.MinecraftServer.lambda$spin$2(MinecraftServer.java:388)
	at net.minecraft.server.MinecraftServer$$Lambda/0x000001ed56f4ba68.run(Unknown Source)
	at java.lang.Thread.runWith(java.base@21.0.10/Thread.java:1596)
	at java.lang.Thread.run(java.base@21.0.10/Thread.java:1583)
=== sample +2955ms ===
"Server thread" #81 [31828] prio=8 os_prio=1 cpu=1671.88ms elapsed=7.57s tid=0x000001eda0308a00 nid=31828 waiting on condition  [0x0000009d597fe000]
   java.lang.Thread.State: TIMED_WAITING (parking)
	at jdk.internal.misc.Unsafe.park(java.base@21.0.10/Native Method)
	- parking to wait for  <0x0000000723727a68> (a java.lang.String)
	at java.util.concurrent.locks.LockSupport.parkNanos(java.base@21.0.10/LockSupport.java:269)
	at net.minecraft.server.MinecraftServer.recordTaskExecutionTimeWhileWaiting(MinecraftServer.java:1235)
	at net.minecraft.server.MinecraftServer.runServer(MinecraftServer.java:1341)
	at net.minecraft.server.MinecraftServer.lambda$spin$2(MinecraftServer.java:388)
	at net.minecraft.server.MinecraftServer$$Lambda/0x000001ed56f4ba68.run(Unknown Source)
	at java.lang.Thread.runWith(java.base@21.0.10/Thread.java:1596)
	at java.lang.Thread.run(java.base@21.0.10/Thread.java:1583)
=== sample +3199ms ===
"Server thread" #81 [31828] prio=8 os_prio=1 cpu=1671.88ms elapsed=7.81s tid=0x000001eda0308a00 nid=31828 waiting on condition  [0x0000009d597ff000]
   java.lang.Thread.State: TIMED_WAITING (parking)
	at jdk.internal.misc.Unsafe.park(java.base@21.0.10/Native Method)
	- parking to wait for  <0x0000000723727a68> (a java.lang.String)
	at java.util.concurrent.locks.LockSupport.parkNanos(java.base@21.0.10/LockSupport.java:269)
	at net.minecraft.server.MinecraftServer.recordTaskExecutionTimeWhileWaiting(MinecraftServer.java:1235)
	at net.minecraft.server.MinecraftServer.runServer(MinecraftServer.java:1341)
	at net.minecraft.server.MinecraftServer.lambda$spin$2(MinecraftServer.java:388)
	at net.minecraft.server.MinecraftServer$$Lambda/0x000001ed56f4ba68.run(Unknown Source)
	at java.lang.Thread.runWith(java.base@21.0.10/Thread.java:1596)
	at java.lang.Thread.run(java.base@21.0.10/Thread.java:1583)
=== sample +3464ms ===
"Server thread" #81 [31828] prio=8 os_prio=1 cpu=1671.88ms elapsed=8.07s tid=0x000001eda0308a00 nid=31828 waiting on condition  [0x0000009d597ff000]
   java.lang.Thread.State: TIMED_WAITING (parking)
	at jdk.internal.misc.Unsafe.park(java.base@21.0.10/Native Method)
	- parking to wait for  <0x0000000723727a68> (a java.lang.String)
	at java.util.concurrent.locks.LockSupport.parkNanos(java.base@21.0.10/LockSupport.java:269)
	at net.minecraft.server.MinecraftServer.recordTaskExecutionTimeWhileWaiting(MinecraftServer.java:1235)
	at net.minecraft.server.MinecraftServer.runServer(MinecraftServer.java:1341)
	at net.minecraft.server.MinecraftServer.lambda$spin$2(MinecraftServer.java:388)
	at net.minecraft.server.MinecraftServer$$Lambda/0x000001ed56f4ba68.run(Unknown Source)
	at java.lang.Thread.runWith(java.base@21.0.10/Thread.java:1596)
	at java.lang.Thread.run(java.base@21.0.10/Thread.java:1583)
=== sample +3712ms ===
"Server thread" #81 [31828] prio=8 os_prio=1 cpu=1671.88ms elapsed=8.33s tid=0x000001eda0308a00 nid=31828 waiting on condition  [0x0000009d597ff000]
   java.lang.Thread.State: TIMED_WAITING (parking)
	at jdk.internal.misc.Unsafe.park(java.base@21.0.10/Native Method)
	- parking to wait for  <0x0000000723727a68> (a java.lang.String)
	at java.util.concurrent.locks.LockSupport.parkNanos(java.base@21.0.10/LockSupport.java:269)
	at net.minecraft.server.MinecraftServer.recordTaskExecutionTimeWhileWaiting(MinecraftServer.java:1235)
	at net.minecraft.server.MinecraftServer.runServer(MinecraftServer.java:1341)
	at net.minecraft.server.MinecraftServer.lambda$spin$2(MinecraftServer.java:388)
	at net.minecraft.server.MinecraftServer$$Lambda/0x000001ed56f4ba68.run(Unknown Source)
	at java.lang.Thread.runWith(java.base@21.0.10/Thread.java:1596)
	at java.lang.Thread.run(java.base@21.0.10/Thread.java:1583)
=== sample +3960ms ===
"Server thread" #81 [31828] prio=8 os_prio=1 cpu=1671.88ms elapsed=8.58s tid=0x000001eda0308a00 nid=31828 waiting on condition  [0x0000009d597ff000]
   java.lang.Thread.State: TIMED_WAITING (parking)
	at jdk.internal.misc.Unsafe.park(java.base@21.0.10/Native Method)
	- parking to wait for  <0x0000000723727a68> (a java.lang.String)
	at java.util.concurrent.locks.LockSupport.parkNanos(java.base@21.0.10/LockSupport.java:269)
	at net.minecraft.server.MinecraftServer.recordTaskExecutionTimeWhileWaiting(MinecraftServer.java:1235)
	at net.minecraft.server.MinecraftServer.runServer(MinecraftServer.java:1341)
	at net.minecraft.server.MinecraftServer.lambda$spin$2(MinecraftServer.java:388)
	at net.minecraft.server.MinecraftServer$$Lambda/0x000001ed56f4ba68.run(Unknown Source)
	at java.lang.Thread.runWith(java.base@21.0.10/Thread.java:1596)
	at java.lang.Thread.run(java.base@21.0.10/Thread.java:1583)
=== sample +4223ms ===
"Server thread" #81 [31828] prio=8 os_prio=1 cpu=1703.12ms elapsed=8.83s tid=0x000001eda0308a00 nid=31828 runnable  [0x0000009d597fd000]
   java.lang.Thread.State: RUNNABLE
	at java.lang.ClassLoader.defineClass0(java.base@21.0.10/Native Method)
	at java.lang.System$2.defineClass(java.base@21.0.10/System.java:2394)
	at java.lang.invoke.MethodHandles$Lookup$ClassDefiner.defineClass(java.base@21.0.10/MethodHandles.java:2505)
	at java.lang.invoke.InnerClassLambdaMetafactory.generateInnerClass(java.base@21.0.10/InnerClassLambdaMetafactory.java:361)
	at java.lang.invoke.InnerClassLambdaMetafactory.spinInnerClass(java.base@21.0.10/InnerClassLambdaMetafactory.java:286)
	at java.lang.invoke.InnerClassLambdaMetafactory.buildCallSite(java.base@21.0.10/InnerClassLambdaMetafactory.java:221)
	at java.lang.invoke.LambdaMetafactory.metafactory(java.base@21.0.10/LambdaMetafactory.java:341)
	at java.lang.invoke.LambdaForm$DMH/0x000001ed561a0000.invokeStatic(java.base@21.0.10/LambdaForm$DMH)
	at java.lang.invoke.Invokers$Holder.invokeExact_MT(java.base@21.0.10/Invokers$Holder)
	at java.lang.invoke.BootstrapMethodInvoker.invoke(java.base@21.0.10/BootstrapMethodInvoker.java:134)
	at java.lang.invoke.CallSite.makeSite(java.base@21.0.10/CallSite.java:310)
	at java.lang.invoke.MethodHandleNatives.linkCallSiteImpl(java.base@21.0.10/MethodHandleNatives.java:249)
	at java.lang.invoke.MethodHandleNatives.linkCallSite(java.base@21.0.10/MethodHandleNatives.java:239)
	at net.minecraft.server.level.PlayerSpawnFinder.scheduleNext(PlayerSpawnFinder.java:78)
	at net.minecraft.server.level.PlayerSpawnFinder.findSpawn(PlayerSpawnFinder.java:63)
	at net.minecraft.server.network.config.PrepareSpawnTask.lambda$start$2(PrepareSpawnTask.java:112)
	at net.minecraft.server.network.config.PrepareSpawnTask$$Lambda/0x000001ed5730cf20.get(Unknown Source)
	at java.util.Optional.orElseGet(java.base@21.0.10/Optional.java:364)
	at net.minecraft.server.network.config.PrepareSpawnTask.start(PrepareSpawnTask.java:112)
	at net.minecraft.server.network.ServerConfigurationPacketListenerImpl.startNextTask(ServerConfigurationPacketListenerImpl.java:243)
	at net.minecraft.server.network.ServerConfigurationPacketListenerImpl.finishCurrentTask(ServerConfigurationPacketListenerImpl.java:258)
	at io.papermc.paper.connection.PaperConfigurationTask.start(PaperConfigurationTask.java:32)
	at net.minecraft.server.network.ServerConfigurationPacketListenerImpl.startNextTask(ServerConfigurationPacketListenerImpl.java:243)
	at net.minecraft.server.network.ServerConfigurationPacketListenerImpl.finishCurrentTask(ServerConfigurationPacketListenerImpl.java:258)
	at net.minecraft.server.network.ServerConfigurationPacketListenerImpl.handleSelectKnownPacks(ServerConfigurationPacketListenerImpl.java:179)
	at net.minecraft.network.protocol.configuration.ServerboundSelectKnownPacks.handle(ServerboundSelectKnownPacks.java:23)
	at net.minecraft.network.protocol.configuration.ServerboundSelectKnownPacks.handle(ServerboundSelectKnownPacks.java:11)
	at net.minecraft.network.PacketProcessor$ListenerAndPacket.handle(PacketProcessor.java:99)
	at net.minecraft.network.PacketProcessor.executeSinglePacket(PacketProcessor.java:33)
	at net.minecraft.server.MinecraftServer.pollTask(MinecraftServer.java:1499)
	at net.minecraft.server.MinecraftServer.recordTaskExecutionTimeWhileWaiting(MinecraftServer.java:1225)
	at net.minecraft.server.MinecraftServer.runServer(MinecraftServer.java:1341)
	at net.minecraft.server.MinecraftServer.lambda$spin$2(MinecraftServer.java:388)
	at net.minecraft.server.MinecraftServer$$Lambda/0x000001ed56f4ba68.run(Unknown Source)
	at java.lang.Thread.runWith(java.base@21.0.10/Thread.java:1596)
	at java.lang.Thread.run(java.base@21.0.10/Thread.java:1583)
=== sample +4489ms ===
"Server thread" #81 [31828] prio=8 os_prio=1 cpu=1703.12ms elapsed=9.10s tid=0x000001eda0308a00 nid=31828 waiting on condition  [0x0000009d597ff000]
   java.lang.Thread.State: TIMED_WAITING (parking)
	at jdk.internal.misc.Unsafe.park(java.base@21.0.10/Native Method)
	- parking to wait for  <0x0000000723727a68> (a java.lang.String)
	at java.util.concurrent.locks.LockSupport.parkNanos(java.base@21.0.10/LockSupport.java:269)
	at net.minecraft.server.MinecraftServer.recordTaskExecutionTimeWhileWaiting(MinecraftServer.java:1235)
	at net.minecraft.server.MinecraftServer.runServer(MinecraftServer.java:1341)
	at net.minecraft.server.MinecraftServer.lambda$spin$2(MinecraftServer.java:388)
	at net.minecraft.server.MinecraftServer$$Lambda/0x000001ed56f4ba68.run(Unknown Source)
	at java.lang.Thread.runWith(java.base@21.0.10/Thread.java:1596)
	at java.lang.Thread.run(java.base@21.0.10/Thread.java:1583)
=== sample +4754ms ===
"Server thread" #81 [31828] prio=8 os_prio=1 cpu=1703.12ms elapsed=9.36s tid=0x000001eda0308a00 nid=31828 waiting on condition  [0x0000009d597ff000]
   java.lang.Thread.State: TIMED_WAITING (parking)
	at jdk.internal.misc.Unsafe.park(java.base@21.0.10/Native Method)
	- parking to wait for  <0x0000000723727a68> (a java.lang.String)
	at java.util.concurrent.locks.LockSupport.parkNanos(java.base@21.0.10/LockSupport.java:269)
	at net.minecraft.server.MinecraftServer.recordTaskExecutionTimeWhileWaiting(MinecraftServer.java:1235)
	at net.minecraft.server.MinecraftServer.runServer(MinecraftServer.java:1341)
	at net.minecraft.server.MinecraftServer.lambda$spin$2(MinecraftServer.java:388)
	at net.minecraft.server.MinecraftServer$$Lambda/0x000001ed56f4ba68.run(Unknown Source)
	at java.lang.Thread.runWith(java.base@21.0.10/Thread.java:1596)
	at java.lang.Thread.run(java.base@21.0.10/Thread.java:1583)
=== sample +5034ms ===
"Server thread" #81 [31828] prio=8 os_prio=1 cpu=1718.75ms elapsed=9.63s tid=0x000001eda0308a00 nid=31828 waiting on condition  [0x0000009d597ff000]
   java.lang.Thread.State: TIMED_WAITING (parking)
	at jdk.internal.misc.Unsafe.park(java.base@21.0.10/Native Method)
	- parking to wait for  <0x0000000723727a68> (a java.lang.String)
	at java.util.concurrent.locks.LockSupport.parkNanos(java.base@21.0.10/LockSupport.java:269)
	at net.minecraft.server.MinecraftServer.recordTaskExecutionTimeWhileWaiting(MinecraftServer.java:1235)
	at net.minecraft.server.MinecraftServer.runServer(MinecraftServer.java:1341)
	at net.minecraft.server.MinecraftServer.lambda$spin$2(MinecraftServer.java:388)
	at net.minecraft.server.MinecraftServer$$Lambda/0x000001ed56f4ba68.run(Unknown Source)
	at java.lang.Thread.runWith(java.base@21.0.10/Thread.java:1596)
	at java.lang.Thread.run(java.base@21.0.10/Thread.java:1583)
=== sample +5302ms ===
"Server thread" #81 [31828] prio=8 os_prio=1 cpu=1718.75ms elapsed=9.91s tid=0x000001eda0308a00 nid=31828 waiting on condition  [0x0000009d597ff000]
   java.lang.Thread.State: TIMED_WAITING (parking)
	at jdk.internal.misc.Unsafe.park(java.base@21.0.10/Native Method)
	- parking to wait for  <0x000000071402f718> (a java.lang.String)
	at java.util.concurrent.locks.LockSupport.parkNanos(java.base@21.0.10/LockSupport.java:269)
	at net.minecraft.server.MinecraftServer.recordTaskExecutionTimeWhileWaiting(MinecraftServer.java:1235)
	at net.minecraft.server.MinecraftServer.runServer(MinecraftServer.java:1341)
	at net.minecraft.server.MinecraftServer.lambda$spin$2(MinecraftServer.java:388)
	at net.minecraft.server.MinecraftServer$$Lambda/0x000001ed56f4ba68.run(Unknown Source)
	at java.lang.Thread.runWith(java.base@21.0.10/Thread.java:1596)
	at java.lang.Thread.run(java.base@21.0.10/Thread.java:1583)
=== sample +5579ms ===
"Server thread" #81 [31828] prio=8 os_prio=1 cpu=1750.00ms elapsed=10.18s tid=0x000001eda0308a00 nid=31828 waiting on condition  [0x0000009d597ff000]
   java.lang.Thread.State: TIMED_WAITING (parking)
	at jdk.internal.misc.Unsafe.park(java.base@21.0.10/Native Method)
	- parking to wait for  <0x000000071402f718> (a java.lang.String)
	at java.util.concurrent.locks.LockSupport.parkNanos(java.base@21.0.10/LockSupport.java:269)
	at net.minecraft.server.MinecraftServer.recordTaskExecutionTimeWhileWaiting(MinecraftServer.java:1235)
	at net.minecraft.server.MinecraftServer.runServer(MinecraftServer.java:1341)
	at net.minecraft.server.MinecraftServer.lambda$spin$2(MinecraftServer.java:388)
	at net.minecraft.server.MinecraftServer$$Lambda/0x000001ed56f4ba68.run(Unknown Source)
	at java.lang.Thread.runWith(java.base@21.0.10/Thread.java:1596)
	at java.lang.Thread.run(java.base@21.0.10/Thread.java:1583)
=== sample +5841ms ===
"Server thread" #81 [31828] prio=8 os_prio=1 cpu=1843.75ms elapsed=10.45s tid=0x000001eda0308a00 nid=31828 runnable  [0x0000009d597fb000]
   java.lang.Thread.State: RUNNABLE
	at java.lang.ClassLoader.postDefineClass(java.base@21.0.10/ClassLoader.java:937)
	at java.lang.ClassLoader.defineClass(java.base@21.0.10/ClassLoader.java:1028)
	at java.security.SecureClassLoader.defineClass(java.base@21.0.10/SecureClassLoader.java:150)
	at java.net.URLClassLoader.defineClass(java.base@21.0.10/URLClassLoader.java:524)
	at java.net.URLClassLoader$1.run(java.base@21.0.10/URLClassLoader.java:427)
	at java.net.URLClassLoader$1.run(java.base@21.0.10/URLClassLoader.java:421)
	at java.security.AccessController.executePrivileged(java.base@21.0.10/AccessController.java:809)
	at java.security.AccessController.doPrivileged(java.base@21.0.10/AccessController.java:714)
	at java.net.URLClassLoader.findClass(java.base@21.0.10/URLClassLoader.java:420)
	at java.lang.ClassLoader.loadClass(java.base@21.0.10/ClassLoader.java:593)
	- locked <0x000000073de29d28> (a java.lang.Object)
	at java.lang.ClassLoader.loadClass(java.base@21.0.10/ClassLoader.java:526)
	at org.bukkit.craftbukkit.entity.CraftEntityTypes.<clinit>(CraftEntityTypes.java:288)
	at org.bukkit.craftbukkit.entity.CraftEntity.getEntity(CraftEntity.java:134)
	at net.minecraft.world.entity.Entity.getBukkitEntity(Entity.java:199)
	- locked <0x000000073e000118> (a net.minecraft.world.entity.animal.cow.Cow)
	at net.minecraft.world.entity.Entity.setAirSupply(Entity.java:3697)
	at net.minecraft.world.entity.Entity.load(Entity.java:2686)
	at net.minecraft.world.entity.EntityType.lambda$create$25(EntityType.java:1525)
	at net.minecraft.world.entity.EntityType$$Lambda/0x000001ed5732fd38.accept(Unknown Source)
	at net.minecraft.util.Util.ifElse(Util.java:673)
	at net.minecraft.world.entity.EntityType.create(EntityType.java:1520)
	at net.minecraft.world.entity.EntityType.create(EntityType.java:1515)
	at net.minecraft.world.entity.EntityType.loadStaticEntity(EntityType.java:1637)
	at net.minecraft.world.entity.EntityType.loadEntityRecursive(EntityType.java:1591)
	at net.minecraft.world.entity.EntityType.lambda$loadEntitiesRecursive$31(EntityType.java:1619)
	at net.minecraft.world.entity.EntityType$$Lambda/0x000001ed5732f288.accept(Unknown Source)
	at java.util.stream.ReferencePipeline$11$1.accept(java.base@21.0.10/ReferencePipeline.java:450)
	at com.google.common.collect.Streams$1Splitr.tryAdvance(Streams.java:489)
	at java.util.Spliterator.forEachRemaining(java.base@21.0.10/Spliterator.java:332)
	at java.util.stream.AbstractPipeline.copyInto(java.base@21.0.10/AbstractPipeline.java:509)
	at java.util.stream.AbstractPipeline.wrapAndCopyInto(java.base@21.0.10/AbstractPipeline.java:499)
	at java.util.stream.AbstractPipeline.evaluate(java.base@21.0.10/AbstractPipeline.java:575)
	at java.util.stream.AbstractPipeline.evaluateToArrayNode(java.base@21.0.10/AbstractPipeline.java:260)
	at java.util.stream.ReferencePipeline.toArray(java.base@21.0.10/ReferencePipeline.java:616)
	at java.util.stream.ReferencePipeline.toArray(java.base@21.0.10/ReferencePipeline.java:622)
	at java.util.stream.ReferencePipeline.toList(java.base@21.0.10/ReferencePipeline.java:627)
	at net.minecraft.server.level.ServerLevel.addWorldGenChunkEntities(ServerLevel.java:2556)
	at net.minecraft.world.level.chunk.status.ChunkStatusTasks.postLoadProtoChunk(ChunkStatusTasks.java:215)
	at ca.spottedleaf.moonrise.paper.PaperHooks.postLoadProtoChunk(PaperHooks.java:298)
	at ca.spottedleaf.moonrise.patches.chunk_system.scheduling.task.ChunkFullTask.lambda$run$0(ChunkFullTask.java:68)
	at ca.spottedleaf.moonrise.patches.chunk_system.scheduling.task.ChunkFullTask$$Lambda/0x000001ed571fa800.run(Unknown Source)
	at net.minecraft.world.level.chunk.LevelChunk.runPostLoad(LevelChunk.java:631)
	at ca.spottedleaf.moonrise.patches.chunk_system.scheduling.task.ChunkFullTask.run(ChunkFullTask.java:80)
	at ca.spottedleaf.concurrentutil.executor.queue.PrioritisedTaskQueue$PrioritisedQueuedTask.execute(PrioritisedTaskQueue.java:345)
	at ca.spottedleaf.concurrentutil.executor.queue.PrioritisedTaskQueue.executeTask(PrioritisedTaskQueue.java:126)
	at ca.spottedleaf.moonrise.patches.chunk_system.scheduling.ChunkTaskScheduler.executeMainThreadTask(ChunkTaskScheduler.java:338)
	at net.minecraft.server.level.ServerChunkCache$MainThreadExecutor.pollTask(ServerChunkCache.java:831)
	at net.minecraft.server.level.ServerChunkCache.pollTask(ServerChunkCache.java:429)
	at net.minecraft.server.MinecraftServer.pollTaskInternal(MinecraftServer.java:1512)
	at net.minecraft.server.MinecraftServer.pollTask(MinecraftServer.java:1499)
	at net.minecraft.server.MinecraftServer.recordTaskExecutionTimeWhileWaiting(MinecraftServer.java:1225)
	at net.minecraft.server.MinecraftServer.runServer(MinecraftServer.java:1341)
	at net.minecraft.server.MinecraftServer.lambda$spin$2(MinecraftServer.java:388)
	at net.minecraft.server.MinecraftServer$$Lambda/0x000001ed56f4ba68.run(Unknown Source)
	at java.lang.Thread.runWith(java.base@21.0.10/Thread.java:1596)
	at java.lang.Thread.run(java.base@21.0.10/Thread.java:1583)
=== sample +6111ms ===
"Server thread" #81 [31828] prio=8 os_prio=1 cpu=2093.75ms elapsed=10.71s tid=0x000001eda0308a00 nid=31828 runnable  [0x0000009d597fd000]
   java.lang.Thread.State: RUNNABLE
	at org.bukkit.craftbukkit.entity.CraftEntityTypes.<clinit>(CraftEntityTypes.java:433)
	at org.bukkit.craftbukkit.entity.CraftEntity.getEntity(CraftEntity.java:134)
	at net.minecraft.world.entity.Entity.getBukkitEntity(Entity.java:199)
	- locked <0x000000073e000118> (a net.minecraft.world.entity.animal.cow.Cow)
	at net.minecraft.world.entity.Entity.setAirSupply(Entity.java:3697)
	at net.minecraft.world.entity.Entity.load(Entity.java:2686)
	at net.minecraft.world.entity.EntityType.lambda$create$25(EntityType.java:1525)
	at net.minecraft.world.entity.EntityType$$Lambda/0x000001ed5732fd38.accept(Unknown Source)
	at net.minecraft.util.Util.ifElse(Util.java:673)
	at net.minecraft.world.entity.EntityType.create(EntityType.java:1520)
	at net.minecraft.world.entity.EntityType.create(EntityType.java:1515)
	at net.minecraft.world.entity.EntityType.loadStaticEntity(EntityType.java:1637)
	at net.minecraft.world.entity.EntityType.loadEntityRecursive(EntityType.java:1591)
	at net.minecraft.world.entity.EntityType.lambda$loadEntitiesRecursive$31(EntityType.java:1619)
	at net.minecraft.world.entity.EntityType$$Lambda/0x000001ed5732f288.accept(Unknown Source)
	at java.util.stream.ReferencePipeline$11$1.accept(java.base@21.0.10/ReferencePipeline.java:450)
	at com.google.common.collect.Streams$1Splitr.tryAdvance(Streams.java:489)
	at java.util.Spliterator.forEachRemaining(java.base@21.0.10/Spliterator.java:332)
	at java.util.stream.AbstractPipeline.copyInto(java.base@21.0.10/AbstractPipeline.java:509)
	at java.util.stream.AbstractPipeline.wrapAndCopyInto(java.base@21.0.10/AbstractPipeline.java:499)
	at java.util.stream.AbstractPipeline.evaluate(java.base@21.0.10/AbstractPipeline.java:575)
	at java.util.stream.AbstractPipeline.evaluateToArrayNode(java.base@21.0.10/AbstractPipeline.java:260)
	at java.util.stream.ReferencePipeline.toArray(java.base@21.0.10/ReferencePipeline.java:616)
	at java.util.stream.ReferencePipeline.toArray(java.base@21.0.10/ReferencePipeline.java:622)
	at java.util.stream.ReferencePipeline.toList(java.base@21.0.10/ReferencePipeline.java:627)
	at net.minecraft.server.level.ServerLevel.addWorldGenChunkEntities(ServerLevel.java:2556)
	at net.minecraft.world.level.chunk.status.ChunkStatusTasks.postLoadProtoChunk(ChunkStatusTasks.java:215)
	at ca.spottedleaf.moonrise.paper.PaperHooks.postLoadProtoChunk(PaperHooks.java:298)
	at ca.spottedleaf.moonrise.patches.chunk_system.scheduling.task.ChunkFullTask.lambda$run$0(ChunkFullTask.java:68)
	at ca.spottedleaf.moonrise.patches.chunk_system.scheduling.task.ChunkFullTask$$Lambda/0x000001ed571fa800.run(Unknown Source)
	at net.minecraft.world.level.chunk.LevelChunk.runPostLoad(LevelChunk.java:631)
	at ca.spottedleaf.moonrise.patches.chunk_system.scheduling.task.ChunkFullTask.run(ChunkFullTask.java:80)
	at ca.spottedleaf.concurrentutil.executor.queue.PrioritisedTaskQueue$PrioritisedQueuedTask.execute(PrioritisedTaskQueue.java:345)
	at ca.spottedleaf.concurrentutil.executor.queue.PrioritisedTaskQueue.executeTask(PrioritisedTaskQueue.java:126)
	at ca.spottedleaf.moonrise.patches.chunk_system.scheduling.ChunkTaskScheduler.executeMainThreadTask(ChunkTaskScheduler.java:338)
	at net.minecraft.server.level.ServerChunkCache$MainThreadExecutor.pollTask(ServerChunkCache.java:831)
	at net.minecraft.server.level.ServerChunkCache.pollTask(ServerChunkCache.java:429)
	at net.minecraft.server.MinecraftServer.pollTaskInternal(MinecraftServer.java:1512)
	at net.minecraft.server.MinecraftServer.pollTask(MinecraftServer.java:1499)
	at net.minecraft.server.MinecraftServer.recordTaskExecutionTimeWhileWaiting(MinecraftServer.java:1225)
	at net.minecraft.server.MinecraftServer.runServer(MinecraftServer.java:1341)
	at net.minecraft.server.MinecraftServer.lambda$spin$2(MinecraftServer.java:388)
	at net.minecraft.server.MinecraftServer$$Lambda/0x000001ed56f4ba68.run(Unknown Source)
	at java.lang.Thread.runWith(java.base@21.0.10/Thread.java:1596)
	at java.lang.Thread.run(java.base@21.0.10/Thread.java:1583)
=== sample +6372ms ===
"Server thread" #81 [31828] prio=8 os_prio=1 cpu=2328.12ms elapsed=10.97s tid=0x000001eda0308a00 nid=31828 runnable  [0x0000009d597fd000]
   java.lang.Thread.State: RUNNABLE
	at net.minecraft.network.protocol.game.ServerboundChatCommandSignedPacket.<clinit>(ServerboundChatCommandSignedPacket.java:14)
	at net.minecraft.network.protocol.game.GameProtocols.lambda$static$1(GameProtocols.java:71)
	at net.minecraft.network.protocol.game.GameProtocols$$Lambda/0x000001ed577c2000.accept(Unknown Source)
	at net.minecraft.network.protocol.ProtocolInfoBuilder.contextProtocol(ProtocolInfoBuilder.java:154)
	at net.minecraft.network.protocol.ProtocolInfoBuilder.contextServerboundProtocol(ProtocolInfoBuilder.java:161)
	at net.minecraft.network.protocol.game.GameProtocols.<clinit>(GameProtocols.java:61)
	at net.minecraft.server.network.ServerConfigurationPacketListenerImpl.handleConfigurationFinished(ServerConfigurationPacketListenerImpl.java:192)
	at net.minecraft.network.protocol.configuration.ServerboundFinishConfigurationPacket.handle(ServerboundFinishConfigurationPacket.java:22)
	at net.minecraft.network.protocol.configuration.ServerboundFinishConfigurationPacket.handle(ServerboundFinishConfigurationPacket.java:8)
	at net.minecraft.network.PacketProcessor$ListenerAndPacket.handle(PacketProcessor.java:99)
	at net.minecraft.network.PacketProcessor.executeSinglePacket(PacketProcessor.java:33)
	at net.minecraft.server.MinecraftServer.runAllTasksAtTickStart(MinecraftServer.java:1180)
	at net.minecraft.server.MinecraftServer.processPacketsAndTick(MinecraftServer.java:1666)
	at net.minecraft.server.MinecraftServer.runServer(MinecraftServer.java:1335)
	at net.minecraft.server.MinecraftServer.lambda$spin$2(MinecraftServer.java:388)
	at net.minecraft.server.MinecraftServer$$Lambda/0x000001ed56f4ba68.run(Unknown Source)
	at java.lang.Thread.runWith(java.base@21.0.10/Thread.java:1596)
	at java.lang.Thread.run(java.base@21.0.10/Thread.java:1583)
=== sample +6635ms ===
"Server thread" #81 [31828] prio=8 os_prio=1 cpu=2500.00ms elapsed=11.24s tid=0x000001eda0308a00 nid=31828 runnable  [0x0000009d597fd000]
   java.lang.Thread.State: RUNNABLE
	at java.lang.ClassLoader.defineClass1(java.base@21.0.10/Native Method)
	at java.lang.ClassLoader.defineClass(java.base@21.0.10/ClassLoader.java:1027)
	at java.security.SecureClassLoader.defineClass(java.base@21.0.10/SecureClassLoader.java:150)
	at java.net.URLClassLoader.defineClass(java.base@21.0.10/URLClassLoader.java:524)
	at java.net.URLClassLoader$1.run(java.base@21.0.10/URLClassLoader.java:427)
	at java.net.URLClassLoader$1.run(java.base@21.0.10/URLClassLoader.java:421)
	at java.security.AccessController.executePrivileged(java.base@21.0.10/AccessController.java:809)
	at java.security.AccessController.doPrivileged(java.base@21.0.10/AccessController.java:714)
	at java.net.URLClassLoader.findClass(java.base@21.0.10/URLClassLoader.java:420)
	at java.lang.ClassLoader.loadClass(java.base@21.0.10/ClassLoader.java:593)
	- locked <0x00000007393648c0> (a java.lang.Object)
	at java.lang.ClassLoader.loadClass(java.base@21.0.10/ClassLoader.java:526)
	at ca.spottedleaf.moonrise.common.misc.NearbyPlayers$TrackedPlayer.addCallback(NearbyPlayers.java:242)
	at ca.spottedleaf.moonrise.common.misc.NearbyPlayers$TrackedPlayer.addCallback(NearbyPlayers.java:223)
	at ca.spottedleaf.moonrise.common.misc.SingleUserAreaMap.addToNew(SingleUserAreaMap.java:47)
	at ca.spottedleaf.moonrise.common.misc.SingleUserAreaMap.add(SingleUserAreaMap.java:74)
	at ca.spottedleaf.moonrise.common.misc.NearbyPlayers.addPlayer(NearbyPlayers.java:85)
	at ca.spottedleaf.moonrise.patches.chunk_system.level.entity.server.ServerEntityLookup.addEntityCallback(ServerEntityLookup.java:94)
	at ca.spottedleaf.moonrise.patches.chunk_system.level.entity.EntityLookup.addEntity(EntityLookup.java:449)
	at ca.spottedleaf.moonrise.patches.chunk_system.level.entity.EntityLookup.addNewEntity(EntityLookup.java:393)
	at ca.spottedleaf.moonrise.patches.chunk_system.level.entity.EntityLookup.addNewEntity(EntityLookup.java:389)
	at net.minecraft.server.level.ServerLevel.addPlayer(ServerLevel.java:1597)
	at net.minecraft.server.level.ServerLevel.addNewPlayer(ServerLevel.java:1582)
	at net.minecraft.server.players.PlayerList.placeNewPlayer(PlayerList.java:230)
	at net.minecraft.server.network.config.PrepareSpawnTask$Ready.spawn(PrepareSpawnTask.java:310)
	at net.minecraft.server.network.config.PrepareSpawnTask.spawnPlayer(PrepareSpawnTask.java:138)
	at net.minecraft.server.network.ServerConfigurationPacketListenerImpl.handleConfigurationFinished(ServerConfigurationPacketListenerImpl.java:207)
	at net.minecraft.network.protocol.configuration.ServerboundFinishConfigurationPacket.handle(ServerboundFinishConfigurationPacket.java:22)
	at net.minecraft.network.protocol.configuration.ServerboundFinishConfigurationPacket.handle(ServerboundFinishConfigurationPacket.java:8)
	at net.minecraft.network.PacketProcessor$ListenerAndPacket.handle(PacketProcessor.java:99)
	at net.minecraft.network.PacketProcessor.executeSinglePacket(PacketProcessor.java:33)
	at net.minecraft.server.MinecraftServer.runAllTasksAtTickStart(MinecraftServer.java:1180)
	at net.minecraft.server.MinecraftServer.processPacketsAndTick(MinecraftServer.java:1666)
	at net.minecraft.server.MinecraftServer.runServer(MinecraftServer.java:1335)
	at net.minecraft.server.MinecraftServer.lambda$spin$2(MinecraftServer.java:388)
	at net.minecraft.server.MinecraftServer$$Lambda/0x000001ed56f4ba68.run(Unknown Source)
	at java.lang.Thread.runWith(java.base@21.0.10/Thread.java:1596)
	at java.lang.Thread.run(java.base@21.0.10/Thread.java:1583)
=== sample +6900ms ===
"Server thread" #81 [31828] prio=8 os_prio=1 cpu=2578.12ms elapsed=11.50s tid=0x000001eda0308a00 nid=31828 waiting on condition  [0x0000009d597ff000]
   java.lang.Thread.State: TIMED_WAITING (parking)
	at jdk.internal.misc.Unsafe.park(java.base@21.0.10/Native Method)
	- parking to wait for  <0x0000000714f6b8a0> (a java.lang.String)
	at java.util.concurrent.locks.LockSupport.parkNanos(java.base@21.0.10/LockSupport.java:269)
	at net.minecraft.server.MinecraftServer.recordTaskExecutionTimeWhileWaiting(MinecraftServer.java:1235)
	at net.minecraft.server.MinecraftServer.runServer(MinecraftServer.java:1341)
	at net.minecraft.server.MinecraftServer.lambda$spin$2(MinecraftServer.java:388)
	at net.minecraft.server.MinecraftServer$$Lambda/0x000001ed56f4ba68.run(Unknown Source)
	at java.lang.Thread.runWith(java.base@21.0.10/Thread.java:1596)
	at java.lang.Thread.run(java.base@21.0.10/Thread.java:1583)
=== sample +7164ms ===
"Server thread" #81 [31828] prio=8 os_prio=1 cpu=2593.75ms elapsed=11.77s tid=0x000001eda0308a00 nid=31828 waiting on condition  [0x0000009d597ff000]
   java.lang.Thread.State: TIMED_WAITING (parking)
	at jdk.internal.misc.Unsafe.park(java.base@21.0.10/Native Method)
	- parking to wait for  <0x0000000714f6b8a0> (a java.lang.String)
	at java.util.concurrent.locks.LockSupport.parkNanos(java.base@21.0.10/LockSupport.java:269)
	at net.minecraft.server.MinecraftServer.recordTaskExecutionTimeWhileWaiting(MinecraftServer.java:1235)
	at net.minecraft.server.MinecraftServer.runServer(MinecraftServer.java:1341)
	at net.minecraft.server.MinecraftServer.lambda$spin$2(MinecraftServer.java:388)
	at net.minecraft.server.MinecraftServer$$Lambda/0x000001ed56f4ba68.run(Unknown Source)
	at java.lang.Thread.runWith(java.base@21.0.10/Thread.java:1596)
	at java.lang.Thread.run(java.base@21.0.10/Thread.java:1583)
=== sample +7443ms ===
"Server thread" #81 [31828] prio=8 os_prio=1 cpu=2640.62ms elapsed=12.04s tid=0x000001eda0308a00 nid=31828 runnable  [0x0000009d597fe000]
   java.lang.Thread.State: RUNNABLE
	at java.util.Collection.stream(java.base@21.0.10/Collection.java:750)
	at org.bukkit.craftbukkit.event.CraftEventFactory.callEntitiesLoadEvent(CraftEventFactory.java:2035)
	at net.minecraft.world.level.chunk.LevelChunk.loadCallback(LevelChunk.java:652)
	at ca.spottedleaf.moonrise.paper.util.BaseChunkSystemHooks.onChunkBorder(BaseChunkSystemHooks.java:95)
	at ca.spottedleaf.moonrise.patches.chunk_system.scheduling.NewChunkHolder.handleFullStatusChange(NewChunkHolder.java:1253)
	at ca.spottedleaf.moonrise.patches.chunk_system.scheduling.ChunkHolderManager.processPendingFullUpdate(ChunkHolderManager.java:1492)
	at ca.spottedleaf.moonrise.patches.chunk_system.scheduling.ChunkHolderManager.processTicketUpdates(ChunkHolderManager.java:1452)
	at net.minecraft.server.level.ServerChunkCache.runDistanceManagerUpdates(ServerChunkCache.java:433)
	at net.minecraft.server.level.ServerChunkCache$MainThreadExecutor.pollTask(ServerChunkCache.java:828)
	at net.minecraft.server.level.ServerChunkCache.pollTask(ServerChunkCache.java:429)
	at net.minecraft.server.MinecraftServer.pollTaskInternal(MinecraftServer.java:1512)
	at net.minecraft.server.MinecraftServer.pollTask(MinecraftServer.java:1499)
	at net.minecraft.server.MinecraftServer.recordTaskExecutionTimeWhileWaiting(MinecraftServer.java:1225)
	at net.minecraft.server.MinecraftServer.runServer(MinecraftServer.java:1341)
	at net.minecraft.server.MinecraftServer.lambda$spin$2(MinecraftServer.java:388)
	at net.minecraft.server.MinecraftServer$$Lambda/0x000001ed56f4ba68.run(Unknown Source)
	at java.lang.Thread.runWith(java.base@21.0.10/Thread.java:1596)
	at java.lang.Thread.run(java.base@21.0.10/Thread.java:1583)
=== sample +7725ms ===
"Server thread" #81 [31828] prio=8 os_prio=1 cpu=2734.38ms elapsed=12.31s tid=0x000001eda0308a00 nid=31828 runnable  [0x0000009d597fd000]
   java.lang.Thread.State: RUNNABLE
	at net.minecraft.world.entity.LivingEntity.isUsingItem(LivingEntity.java:4068)
	at net.minecraft.world.entity.LivingEntity.getItemBlockingWith(LivingEntity.java:4341)
	at net.minecraft.world.entity.LivingEntity.isBlocking(LivingEntity.java:4337)
	at net.minecraft.world.entity.player.Player.getMaxHeadRotationRelativeToBody(Player.java:314)
	at net.minecraft.world.entity.LivingEntity.tickHeadTurn(LivingEntity.java:3600)
	at net.minecraft.world.entity.LivingEntity.tick(LivingEntity.java:3406)
	at net.minecraft.world.entity.player.Player.tick(Player.java:282)
	at net.minecraft.server.level.ServerPlayer.doTick(ServerPlayer.java:800)
	at net.minecraft.server.network.ServerGamePacketListenerImpl.tickPlayer(ServerGamePacketListenerImpl.java:377)
	at net.minecraft.server.network.ServerGamePacketListenerImpl.tick(ServerGamePacketListenerImpl.java:357)
	at net.minecraft.network.Connection.tick(Connection.java:573)
	at net.minecraft.server.network.ServerConnectionListener.tick(ServerConnectionListener.java:230)
	- locked <0x000000070c46bf48> (a java.util.Collections$SynchronizedRandomAccessList)
	at net.minecraft.server.MinecraftServer.tickConnection(MinecraftServer.java:1870)
	at net.minecraft.server.dedicated.DedicatedServer.tickConnection(DedicatedServer.java:549)
	at net.minecraft.server.MinecraftServer.tickChildren(MinecraftServer.java:1833)
	at net.minecraft.server.MinecraftServer.tickServer(MinecraftServer.java:1611)
	at net.minecraft.server.dedicated.DedicatedServer.tickServer(DedicatedServer.java:427)
	at net.minecraft.server.MinecraftServer.processPacketsAndTick(MinecraftServer.java:1667)
	at net.minecraft.server.MinecraftServer.runServer(MinecraftServer.java:1335)
	at net.minecraft.server.MinecraftServer.lambda$spin$2(MinecraftServer.java:388)
	at net.minecraft.server.MinecraftServer$$Lambda/0x000001ed56f4ba68.run(Unknown Source)
	at java.lang.Thread.runWith(java.base@21.0.10/Thread.java:1596)
	at java.lang.Thread.run(java.base@21.0.10/Thread.java:1583)
=== sample +8025ms ===
"Server thread" #81 [31828] prio=8 os_prio=1 cpu=2781.25ms elapsed=12.62s tid=0x000001eda0308a00 nid=31828 waiting on condition  [0x0000009d597ff000]
   java.lang.Thread.State: TIMED_WAITING (parking)
	at jdk.internal.misc.Unsafe.park(java.base@21.0.10/Native Method)
	- parking to wait for  <0x0000000705cfd388> (a java.lang.String)
	at java.util.concurrent.locks.LockSupport.parkNanos(java.base@21.0.10/LockSupport.java:269)
	at net.minecraft.server.MinecraftServer.recordTaskExecutionTimeWhileWaiting(MinecraftServer.java:1235)
	at net.minecraft.server.MinecraftServer.runServer(MinecraftServer.java:1341)
	at net.minecraft.server.MinecraftServer.lambda$spin$2(MinecraftServer.java:388)
	at net.minecraft.server.MinecraftServer$$Lambda/0x000001ed56f4ba68.run(Unknown Source)
	at java.lang.Thread.runWith(java.base@21.0.10/Thread.java:1596)
	at java.lang.Thread.run(java.base@21.0.10/Thread.java:1583)
=== sample +8283ms ===
"Server thread" #81 [31828] prio=8 os_prio=1 cpu=2875.00ms elapsed=12.89s tid=0x000001eda0308a00 nid=31828 runnable  [0x0000009d597fe000]
   java.lang.Thread.State: RUNNABLE
	at net.minecraft.world.entity.Entity.getBlockPosBelowThatAffectsMyMovement(Entity.java:1437)
	at net.minecraft.world.entity.Entity.getBlockSpeedFactor(Entity.java:1475)
	at net.minecraft.world.entity.LivingEntity.getBlockSpeedFactor(LivingEntity.java:530)
	at net.minecraft.world.entity.Entity.move(Entity.java:1248)
	at net.minecraft.world.entity.LivingEntity.handleRelativeFrictionAndCalculateMovement(LivingEntity.java:3262)
	at net.minecraft.world.entity.LivingEntity.travelInAir(LivingEntity.java:3068)
	at net.minecraft.world.entity.LivingEntity.travel(LivingEntity.java:3036)
	at net.minecraft.world.entity.LivingEntity.aiStep(LivingEntity.java:3709)
	at net.minecraft.world.entity.Mob.aiStep(Mob.java:522)
	at net.minecraft.world.entity.LivingEntity.tick(LivingEntity.java:3383)
	at net.minecraft.world.entity.Mob.tick(Mob.java:389)
	at net.minecraft.world.entity.ambient.Bat.tick(Bat.java:118)
	at net.minecraft.server.level.ServerLevel.tickNonPassenger(ServerLevel.java:1354)
	at net.minecraft.server.level.ServerLevel$$Lambda/0x000001ed57848800.accept(Unknown Source)
	at net.minecraft.world.level.Level.guardEntityTick(Level.java:1428)
	at net.minecraft.server.level.ServerLevel.lambda$tick$4(ServerLevel.java:854)
	at net.minecraft.server.level.ServerLevel$$Lambda/0x000001ed57290a58.accept(Unknown Source)
	at net.minecraft.world.level.entity.EntityTickList.forEach(EntityTickList.java:39)
	at net.minecraft.server.level.ServerLevel.tick(ServerLevel.java:836)
	at net.minecraft.server.MinecraftServer.tickChildren(MinecraftServer.java:1819)
	at net.minecraft.server.MinecraftServer.tickServer(MinecraftServer.java:1611)
	at net.minecraft.server.dedicated.DedicatedServer.tickServer(DedicatedServer.java:427)
	at net.minecraft.server.MinecraftServer.processPacketsAndTick(MinecraftServer.java:1667)
	at net.minecraft.server.MinecraftServer.runServer(MinecraftServer.java:1335)
	at net.minecraft.server.MinecraftServer.lambda$spin$2(MinecraftServer.java:388)
	at net.minecraft.server.MinecraftServer$$Lambda/0x000001ed56f4ba68.run(Unknown Source)
	at java.lang.Thread.runWith(java.base@21.0.10/Thread.java:1596)
	at java.lang.Thread.run(java.base@21.0.10/Thread.java:1583)
=== sample +8547ms ===
"Server thread" #81 [31828] prio=8 os_prio=1 cpu=2890.62ms elapsed=13.15s tid=0x000001eda0308a00 nid=31828 runnable  [0x0000009d597fe000]
   java.lang.Thread.State: RUNNABLE
	at net.minecraft.world.entity.Entity.checkSupportingBlock(Entity.java:1093)
	at net.minecraft.world.entity.Entity.setOnGroundWithMovement(Entity.java:1071)
	at net.minecraft.world.entity.Entity.move(Entity.java:1190)
	at net.minecraft.world.entity.LivingEntity.handleRelativeFrictionAndCalculateMovement(LivingEntity.java:3262)
	at net.minecraft.world.entity.LivingEntity.travelInAir(LivingEntity.java:3068)
	at net.minecraft.world.entity.LivingEntity.travel(LivingEntity.java:3036)
	at net.minecraft.world.entity.LivingEntity.aiStep(LivingEntity.java:3709)
	at net.minecraft.world.entity.Mob.aiStep(Mob.java:522)
	at net.minecraft.world.entity.LivingEntity.tick(LivingEntity.java:3383)
	at net.minecraft.world.entity.Mob.tick(Mob.java:389)
	at net.minecraft.world.entity.ambient.Bat.tick(Bat.java:118)
	at net.minecraft.server.level.ServerLevel.tickNonPassenger(ServerLevel.java:1354)
	at net.minecraft.server.level.ServerLevel$$Lambda/0x000001ed57848800.accept(Unknown Source)
	at net.minecraft.world.level.Level.guardEntityTick(Level.java:1428)
	at net.minecraft.server.level.ServerLevel.lambda$tick$4(ServerLevel.java:854)
	at net.minecraft.server.level.ServerLevel$$Lambda/0x000001ed57290a58.accept(Unknown Source)
	at net.minecraft.world.level.entity.EntityTickList.forEach(EntityTickList.java:39)
	at net.minecraft.server.level.ServerLevel.tick(ServerLevel.java:836)
	at net.minecraft.server.MinecraftServer.tickChildren(MinecraftServer.java:1819)
	at net.minecraft.server.MinecraftServer.tickServer(MinecraftServer.java:1611)
	at net.minecraft.server.dedicated.DedicatedServer.tickServer(DedicatedServer.java:427)
	at net.minecraft.server.MinecraftServer.processPacketsAndTick(MinecraftServer.java:1667)
	at net.minecraft.server.MinecraftServer.runServer(MinecraftServer.java:1335)
	at net.minecraft.server.MinecraftServer.lambda$spin$2(MinecraftServer.java:388)
	at net.minecraft.server.MinecraftServer$$Lambda/0x000001ed56f4ba68.run(Unknown Source)
	at java.lang.Thread.runWith(java.base@21.0.10/Thread.java:1596)
	at java.lang.Thread.run(java.base@21.0.10/Thread.java:1583)
=== sample +8811ms ===
"Server thread" #81 [31828] prio=8 os_prio=1 cpu=2921.88ms elapsed=13.41s tid=0x000001eda0308a00 nid=31828 waiting on condition  [0x0000009d597ff000]
   java.lang.Thread.State: TIMED_WAITING (parking)
	at jdk.internal.misc.Unsafe.park(java.base@21.0.10/Native Method)
	- parking to wait for  <0x0000000705cfd388> (a java.lang.String)
	at java.util.concurrent.locks.LockSupport.parkNanos(java.base@21.0.10/LockSupport.java:269)
	at net.minecraft.server.MinecraftServer.recordTaskExecutionTimeWhileWaiting(MinecraftServer.java:1235)
	at net.minecraft.server.MinecraftServer.runServer(MinecraftServer.java:1341)
	at net.minecraft.server.MinecraftServer.lambda$spin$2(MinecraftServer.java:388)
	at net.minecraft.server.MinecraftServer$$Lambda/0x000001ed56f4ba68.run(Unknown Source)
	at java.lang.Thread.runWith(java.base@21.0.10/Thread.java:1596)
	at java.lang.Thread.run(java.base@21.0.10/Thread.java:1583)
=== sample +9074ms ===
"Server thread" #81 [31828] prio=8 os_prio=1 cpu=2968.75ms elapsed=13.68s tid=0x000001eda0308a00 nid=31828 waiting on condition  [0x0000009d597ff000]
   java.lang.Thread.State: TIMED_WAITING (parking)
	at jdk.internal.misc.Unsafe.park(java.base@21.0.10/Native Method)
	- parking to wait for  <0x0000000705cfd388> (a java.lang.String)
	at java.util.concurrent.locks.LockSupport.parkNanos(java.base@21.0.10/LockSupport.java:269)
	at net.minecraft.server.MinecraftServer.recordTaskExecutionTimeWhileWaiting(MinecraftServer.java:1235)
	at net.minecraft.server.MinecraftServer.runServer(MinecraftServer.java:1341)
	at net.minecraft.server.MinecraftServer.lambda$spin$2(MinecraftServer.java:388)
	at net.minecraft.server.MinecraftServer$$Lambda/0x000001ed56f4ba68.run(Unknown Source)
	at java.lang.Thread.runWith(java.base@21.0.10/Thread.java:1596)
	at java.lang.Thread.run(java.base@21.0.10/Thread.java:1583)
=== sample +9354ms ===
"Server thread" #81 [31828] prio=8 os_prio=1 cpu=3015.62ms elapsed=13.95s tid=0x000001eda0308a00 nid=31828 waiting on condition  [0x0000009d597ff000]
   java.lang.Thread.State: TIMED_WAITING (parking)
	at jdk.internal.misc.Unsafe.park(java.base@21.0.10/Native Method)
	- parking to wait for  <0x0000000705cfd388> (a java.lang.String)
	at java.util.concurrent.locks.LockSupport.parkNanos(java.base@21.0.10/LockSupport.java:269)
	at net.minecraft.server.MinecraftServer.recordTaskExecutionTimeWhileWaiting(MinecraftServer.java:1235)
	at net.minecraft.server.MinecraftServer.runServer(MinecraftServer.java:1341)
	at net.minecraft.server.MinecraftServer.lambda$spin$2(MinecraftServer.java:388)
	at net.minecraft.server.MinecraftServer$$Lambda/0x000001ed56f4ba68.run(Unknown Source)
	at java.lang.Thread.runWith(java.base@21.0.10/Thread.java:1596)
	at java.lang.Thread.run(java.base@21.0.10/Thread.java:1583)
=== sample +9619ms ===
"Server thread" #81 [31828] prio=8 os_prio=1 cpu=3062.50ms elapsed=14.22s tid=0x000001eda0308a00 nid=31828 waiting on condition  [0x0000009d597ff000]
   java.lang.Thread.State: TIMED_WAITING (parking)
	at jdk.internal.misc.Unsafe.park(java.base@21.0.10/Native Method)
	- parking to wait for  <0x0000000705cfd388> (a java.lang.String)
	at java.util.concurrent.locks.LockSupport.parkNanos(java.base@21.0.10/LockSupport.java:269)
	at net.minecraft.server.MinecraftServer.recordTaskExecutionTimeWhileWaiting(MinecraftServer.java:1235)
	at net.minecraft.server.MinecraftServer.runServer(MinecraftServer.java:1341)
	at net.minecraft.server.MinecraftServer.lambda$spin$2(MinecraftServer.java:388)
	at net.minecraft.server.MinecraftServer$$Lambda/0x000001ed56f4ba68.run(Unknown Source)
	at java.lang.Thread.runWith(java.base@21.0.10/Thread.java:1596)
	at java.lang.Thread.run(java.base@21.0.10/Thread.java:1583)
=== sample +9868ms ===
"Server thread" #81 [31828] prio=8 os_prio=1 cpu=3093.75ms elapsed=14.48s tid=0x000001eda0308a00 nid=31828 waiting on condition  [0x0000009d597ff000]
   java.lang.Thread.State: TIMED_WAITING (parking)
	at jdk.internal.misc.Unsafe.park(java.base@21.0.10/Native Method)
	- parking to wait for  <0x0000000705cfd388> (a java.lang.String)
	at java.util.concurrent.locks.LockSupport.parkNanos(java.base@21.0.10/LockSupport.java:269)
	at net.minecraft.server.MinecraftServer.recordTaskExecutionTimeWhileWaiting(MinecraftServer.java:1235)
	at net.minecraft.server.MinecraftServer.runServer(MinecraftServer.java:1341)
	at net.minecraft.server.MinecraftServer.lambda$spin$2(MinecraftServer.java:388)
	at net.minecraft.server.MinecraftServer$$Lambda/0x000001ed56f4ba68.run(Unknown Source)
	at java.lang.Thread.runWith(java.base@21.0.10/Thread.java:1596)
	at java.lang.Thread.run(java.base@21.0.10/Thread.java:1583)
=== sample +10131ms ===
"Server thread" #81 [31828] prio=8 os_prio=1 cpu=3109.38ms elapsed=14.74s tid=0x000001eda0308a00 nid=31828 waiting on condition  [0x0000009d597ff000]
   java.lang.Thread.State: TIMED_WAITING (parking)
	at jdk.internal.misc.Unsafe.park(java.base@21.0.10/Native Method)
	- parking to wait for  <0x0000000705cfd388> (a java.lang.String)
	at java.util.concurrent.locks.LockSupport.parkNanos(java.base@21.0.10/LockSupport.java:269)
	at net.minecraft.server.MinecraftServer.recordTaskExecutionTimeWhileWaiting(MinecraftServer.java:1235)
	at net.minecraft.server.MinecraftServer.runServer(MinecraftServer.java:1341)
	at net.minecraft.server.MinecraftServer.lambda$spin$2(MinecraftServer.java:388)
	at net.minecraft.server.MinecraftServer$$Lambda/0x000001ed56f4ba68.run(Unknown Source)
	at java.lang.Thread.runWith(java.base@21.0.10/Thread.java:1596)
	at java.lang.Thread.run(java.base@21.0.10/Thread.java:1583)
=== sample +10380ms ===
"Server thread" #81 [31828] prio=8 os_prio=1 cpu=3125.00ms elapsed=15.00s tid=0x000001eda0308a00 nid=31828 waiting on condition  [0x0000009d597ff000]
   java.lang.Thread.State: TIMED_WAITING (parking)
	at jdk.internal.misc.Unsafe.park(java.base@21.0.10/Native Method)
	- parking to wait for  <0x0000000705cfd388> (a java.lang.String)
	at java.util.concurrent.locks.LockSupport.parkNanos(java.base@21.0.10/LockSupport.java:269)
	at net.minecraft.server.MinecraftServer.recordTaskExecutionTimeWhileWaiting(MinecraftServer.java:1235)
	at net.minecraft.server.MinecraftServer.runServer(MinecraftServer.java:1341)
	at net.minecraft.server.MinecraftServer.lambda$spin$2(MinecraftServer.java:388)
	at net.minecraft.server.MinecraftServer$$Lambda/0x000001ed56f4ba68.run(Unknown Source)
	at java.lang.Thread.runWith(java.base@21.0.10/Thread.java:1596)
	at java.lang.Thread.run(java.base@21.0.10/Thread.java:1583)
=== sample +10629ms ===
"Server thread" #81 [31828] prio=8 os_prio=1 cpu=3140.62ms elapsed=15.25s tid=0x000001eda0308a00 nid=31828 waiting on condition  [0x0000009d597ff000]
   java.lang.Thread.State: TIMED_WAITING (parking)
	at jdk.internal.misc.Unsafe.park(java.base@21.0.10/Native Method)
	- parking to wait for  <0x0000000705cfd388> (a java.lang.String)
	at java.util.concurrent.locks.LockSupport.parkNanos(java.base@21.0.10/LockSupport.java:269)
	at net.minecraft.server.MinecraftServer.recordTaskExecutionTimeWhileWaiting(MinecraftServer.java:1235)
	at net.minecraft.server.MinecraftServer.runServer(MinecraftServer.java:1341)
	at net.minecraft.server.MinecraftServer.lambda$spin$2(MinecraftServer.java:388)
	at net.minecraft.server.MinecraftServer$$Lambda/0x000001ed56f4ba68.run(Unknown Source)
	at java.lang.Thread.runWith(java.base@21.0.10/Thread.java:1596)
	at java.lang.Thread.run(java.base@21.0.10/Thread.java:1583)
=== sample +10894ms ===
"Server thread" #81 [31828] prio=8 os_prio=1 cpu=3156.25ms elapsed=15.50s tid=0x000001eda0308a00 nid=31828 waiting on condition  [0x0000009d597ff000]
   java.lang.Thread.State: TIMED_WAITING (parking)
	at jdk.internal.misc.Unsafe.park(java.base@21.0.10/Native Method)
	- parking to wait for  <0x0000000705cfd388> (a java.lang.String)
	at java.util.concurrent.locks.LockSupport.parkNanos(java.base@21.0.10/LockSupport.java:269)
	at net.minecraft.server.MinecraftServer.recordTaskExecutionTimeWhileWaiting(MinecraftServer.java:1235)
	at net.minecraft.server.MinecraftServer.runServer(MinecraftServer.java:1341)
	at net.minecraft.server.MinecraftServer.lambda$spin$2(MinecraftServer.java:388)
	at net.minecraft.server.MinecraftServer$$Lambda/0x000001ed56f4ba68.run(Unknown Source)
	at java.lang.Thread.runWith(java.base@21.0.10/Thread.java:1596)
	at java.lang.Thread.run(java.base@21.0.10/Thread.java:1583)
=== sample +11158ms ===
"Server thread" #81 [31828] prio=8 os_prio=1 cpu=3171.88ms elapsed=15.76s tid=0x000001eda0308a00 nid=31828 waiting on condition  [0x0000009d597ff000]
   java.lang.Thread.State: TIMED_WAITING (parking)
	at jdk.internal.misc.Unsafe.park(java.base@21.0.10/Native Method)
	- parking to wait for  <0x0000000705cfd388> (a java.lang.String)
	at java.util.concurrent.locks.LockSupport.parkNanos(java.base@21.0.10/LockSupport.java:269)
	at net.minecraft.server.MinecraftServer.recordTaskExecutionTimeWhileWaiting(MinecraftServer.java:1235)
	at net.minecraft.server.MinecraftServer.runServer(MinecraftServer.java:1341)
	at net.minecraft.server.MinecraftServer.lambda$spin$2(MinecraftServer.java:388)
	at net.minecraft.server.MinecraftServer$$Lambda/0x000001ed56f4ba68.run(Unknown Source)
	at java.lang.Thread.runWith(java.base@21.0.10/Thread.java:1596)
	at java.lang.Thread.run(java.base@21.0.10/Thread.java:1583)
=== sample +11405ms ===
"Server thread" #81 [31828] prio=8 os_prio=1 cpu=3187.50ms elapsed=16.02s tid=0x000001eda0308a00 nid=31828 waiting on condition  [0x0000009d597ff000]
   java.lang.Thread.State: TIMED_WAITING (parking)
	at jdk.internal.misc.Unsafe.park(java.base@21.0.10/Native Method)
	- parking to wait for  <0x0000000705cfd388> (a java.lang.String)
	at java.util.concurrent.locks.LockSupport.parkNanos(java.base@21.0.10/LockSupport.java:269)
	at net.minecraft.server.MinecraftServer.recordTaskExecutionTimeWhileWaiting(MinecraftServer.java:1235)
	at net.minecraft.server.MinecraftServer.runServer(MinecraftServer.java:1341)
	at net.minecraft.server.MinecraftServer.lambda$spin$2(MinecraftServer.java:388)
	at net.minecraft.server.MinecraftServer$$Lambda/0x000001ed56f4ba68.run(Unknown Source)
	at java.lang.Thread.runWith(java.base@21.0.10/Thread.java:1596)
	at java.lang.Thread.run(java.base@21.0.10/Thread.java:1583)
=== sample +11668ms ===
"Server thread" #81 [31828] prio=8 os_prio=1 cpu=3203.12ms elapsed=16.27s tid=0x000001eda0308a00 nid=31828 waiting on condition  [0x0000009d597ff000]
   java.lang.Thread.State: TIMED_WAITING (parking)
	at jdk.internal.misc.Unsafe.park(java.base@21.0.10/Native Method)
	- parking to wait for  <0x0000000705cfd388> (a java.lang.String)
	at java.util.concurrent.locks.LockSupport.parkNanos(java.base@21.0.10/LockSupport.java:269)
	at net.minecraft.server.MinecraftServer.recordTaskExecutionTimeWhileWaiting(MinecraftServer.java:1235)
	at net.minecraft.server.MinecraftServer.runServer(MinecraftServer.java:1341)
	at net.minecraft.server.MinecraftServer.lambda$spin$2(MinecraftServer.java:388)
	at net.minecraft.server.MinecraftServer$$Lambda/0x000001ed56f4ba68.run(Unknown Source)
	at java.lang.Thread.runWith(java.base@21.0.10/Thread.java:1596)
	at java.lang.Thread.run(java.base@21.0.10/Thread.java:1583)
=== sample +11918ms ===
"Server thread" #81 [31828] prio=8 os_prio=1 cpu=3218.75ms elapsed=16.54s tid=0x000001eda0308a00 nid=31828 waiting on condition  [0x0000009d597ff000]
   java.lang.Thread.State: TIMED_WAITING (parking)
	at jdk.internal.misc.Unsafe.park(java.base@21.0.10/Native Method)
	- parking to wait for  <0x0000000705cfd388> (a java.lang.String)
	at java.util.concurrent.locks.LockSupport.parkNanos(java.base@21.0.10/LockSupport.java:269)
	at net.minecraft.server.MinecraftServer.recordTaskExecutionTimeWhileWaiting(MinecraftServer.java:1235)
	at net.minecraft.server.MinecraftServer.runServer(MinecraftServer.java:1341)
	at net.minecraft.server.MinecraftServer.lambda$spin$2(MinecraftServer.java:388)
	at net.minecraft.server.MinecraftServer$$Lambda/0x000001ed56f4ba68.run(Unknown Source)
	at java.lang.Thread.runWith(java.base@21.0.10/Thread.java:1596)
	at java.lang.Thread.run(java.base@21.0.10/Thread.java:1583)
=== sample +12185ms ===
"Server thread" #81 [31828] prio=8 os_prio=1 cpu=3234.38ms elapsed=16.79s tid=0x000001eda0308a00 nid=31828 runnable  [0x0000009d597fd000]
   java.lang.Thread.State: RUNNABLE
	at net.minecraft.world.level.chunk.PalettedContainer$Data.copyFrom(PalettedContainer.java:468)
	at net.minecraft.world.level.chunk.PalettedContainer.onResize(PalettedContainer.java:181)
	- locked <0x00000007051996a8> (a net.minecraft.world.level.chunk.PalettedContainer)
	at net.minecraft.world.level.chunk.LinearPalette.idFor(LinearPalette.java:58)
	at net.minecraft.world.level.chunk.PalettedContainer.getAndSet(PalettedContainer.java:216)
	at net.minecraft.world.level.chunk.PalettedContainer.getAndSet(PalettedContainer.java:202)
	- locked <0x00000007051996a8> (a net.minecraft.world.level.chunk.PalettedContainer)
	at net.minecraft.world.level.chunk.LevelChunkSection.setBlockState(LevelChunkSection.java:134)
	at net.minecraft.world.level.chunk.LevelChunkSection.setBlockState(LevelChunkSection.java:89)
	at net.minecraft.world.level.chunk.LevelChunk.setBlockState(LevelChunk.java:377)
	at net.minecraft.world.level.Level.setBlock(Level.java:1082)
	at net.minecraft.world.level.Level.setBlock(Level.java:1041)
	at net.minecraft.world.level.material.FlowingFluid.spreadTo(FlowingFluid.java:332)
	at net.minecraft.world.level.material.FlowingFluid.spreadToSides(FlowingFluid.java:212)
	at net.minecraft.world.level.material.FlowingFluid.spread(FlowingFluid.java:183)
	at net.minecraft.world.level.material.FlowingFluid.tick(FlowingFluid.java:509)
	at net.minecraft.world.level.material.FluidState.tick(FluidState.java:100)
	at net.minecraft.server.level.ServerLevel.tickFluid(ServerLevel.java:1303)
	at net.minecraft.server.level.ServerLevel$$Lambda/0x000001ed57286000.accept(Unknown Source)
	at net.minecraft.world.ticks.LevelTicks.runCollectedTicks(LevelTicks.java:189)
	at net.minecraft.world.ticks.LevelTicks.tick(LevelTicks.java:88)
	at net.minecraft.server.level.ServerLevel.tick(ServerLevel.java:799)
	at net.minecraft.server.MinecraftServer.tickChildren(MinecraftServer.java:1819)
	at net.minecraft.server.MinecraftServer.tickServer(MinecraftServer.java:1611)
	at net.minecraft.server.dedicated.DedicatedServer.tickServer(DedicatedServer.java:427)
	at net.minecraft.server.MinecraftServer.processPacketsAndTick(MinecraftServer.java:1667)
	at net.minecraft.server.MinecraftServer.runServer(MinecraftServer.java:1335)
	at net.minecraft.server.MinecraftServer.lambda$spin$2(MinecraftServer.java:388)
	at net.minecraft.server.MinecraftServer$$Lambda/0x000001ed56f4ba68.run(Unknown Source)
	at java.lang.Thread.runWith(java.base@21.0.10/Thread.java:1596)
	at java.lang.Thread.run(java.base@21.0.10/Thread.java:1583)
=== sample +12433ms ===
"Server thread" #81 [31828] prio=8 os_prio=1 cpu=3250.00ms elapsed=17.05s tid=0x000001eda0308a00 nid=31828 waiting on condition  [0x0000009d597ff000]
   java.lang.Thread.State: TIMED_WAITING (parking)
	at jdk.internal.misc.Unsafe.park(java.base@21.0.10/Native Method)
	- parking to wait for  <0x0000000705cfd388> (a java.lang.String)
	at java.util.concurrent.locks.LockSupport.parkNanos(java.base@21.0.10/LockSupport.java:269)
	at net.minecraft.server.MinecraftServer.recordTaskExecutionTimeWhileWaiting(MinecraftServer.java:1235)
	at net.minecraft.server.MinecraftServer.runServer(MinecraftServer.java:1341)
	at net.minecraft.server.MinecraftServer.lambda$spin$2(MinecraftServer.java:388)
	at net.minecraft.server.MinecraftServer$$Lambda/0x000001ed56f4ba68.run(Unknown Source)
	at java.lang.Thread.runWith(java.base@21.0.10/Thread.java:1596)
	at java.lang.Thread.run(java.base@21.0.10/Thread.java:1583)
=== sample +12679ms ===
"Server thread" #81 [31828] prio=8 os_prio=1 cpu=3265.62ms elapsed=17.30s tid=0x000001eda0308a00 nid=31828 waiting on condition  [0x0000009d597ff000]
   java.lang.Thread.State: TIMED_WAITING (parking)
	at jdk.internal.misc.Unsafe.park(java.base@21.0.10/Native Method)
	- parking to wait for  <0x0000000705cfd388> (a java.lang.String)
	at java.util.concurrent.locks.LockSupport.parkNanos(java.base@21.0.10/LockSupport.java:269)
	at net.minecraft.server.MinecraftServer.recordTaskExecutionTimeWhileWaiting(MinecraftServer.java:1235)
	at net.minecraft.server.MinecraftServer.runServer(MinecraftServer.java:1341)
	at net.minecraft.server.MinecraftServer.lambda$spin$2(MinecraftServer.java:388)
	at net.minecraft.server.MinecraftServer$$Lambda/0x000001ed56f4ba68.run(Unknown Source)
	at java.lang.Thread.runWith(java.base@21.0.10/Thread.java:1596)
	at java.lang.Thread.run(java.base@21.0.10/Thread.java:1583)
=== sample +12929ms ===
"Server thread" #81 [31828] prio=8 os_prio=1 cpu=3281.25ms elapsed=17.54s tid=0x000001eda0308a00 nid=31828 waiting on condition  [0x0000009d597ff000]
   java.lang.Thread.State: TIMED_WAITING (parking)
	at jdk.internal.misc.Unsafe.park(java.base@21.0.10/Native Method)
	- parking to wait for  <0x0000000705cfd388> (a java.lang.String)
	at java.util.concurrent.locks.LockSupport.parkNanos(java.base@21.0.10/LockSupport.java:269)
	at net.minecraft.server.MinecraftServer.recordTaskExecutionTimeWhileWaiting(MinecraftServer.java:1235)
	at net.minecraft.server.MinecraftServer.runServer(MinecraftServer.java:1341)
	at net.minecraft.server.MinecraftServer.lambda$spin$2(MinecraftServer.java:388)
	at net.minecraft.server.MinecraftServer$$Lambda/0x000001ed56f4ba68.run(Unknown Source)
	at java.lang.Thread.runWith(java.base@21.0.10/Thread.java:1596)
	at java.lang.Thread.run(java.base@21.0.10/Thread.java:1583)
=== sample +13189ms ===
"Server thread" #81 [31828] prio=8 os_prio=1 cpu=3281.25ms elapsed=17.81s tid=0x000001eda0308a00 nid=31828 waiting on condition  [0x0000009d597ff000]
   java.lang.Thread.State: TIMED_WAITING (parking)
	at jdk.internal.misc.Unsafe.park(java.base@21.0.10/Native Method)
	- parking to wait for  <0x0000000705cfd388> (a java.lang.String)
	at java.util.concurrent.locks.LockSupport.parkNanos(java.base@21.0.10/LockSupport.java:269)
	at net.minecraft.server.MinecraftServer.recordTaskExecutionTimeWhileWaiting(MinecraftServer.java:1235)
	at net.minecraft.server.MinecraftServer.runServer(MinecraftServer.java:1341)
	at net.minecraft.server.MinecraftServer.lambda$spin$2(MinecraftServer.java:388)
	at net.minecraft.server.MinecraftServer$$Lambda/0x000001ed56f4ba68.run(Unknown Source)
	at java.lang.Thread.runWith(java.base@21.0.10/Thread.java:1596)
	at java.lang.Thread.run(java.base@21.0.10/Thread.java:1583)
=== sample +13453ms ===
"Server thread" #81 [31828] prio=8 os_prio=1 cpu=3296.88ms elapsed=18.06s tid=0x000001eda0308a00 nid=31828 waiting on condition  [0x0000009d597ff000]
   java.lang.Thread.State: TIMED_WAITING (parking)
	at jdk.internal.misc.Unsafe.park(java.base@21.0.10/Native Method)
	- parking to wait for  <0x0000000705cfd388> (a java.lang.String)
	at java.util.concurrent.locks.LockSupport.parkNanos(java.base@21.0.10/LockSupport.java:269)
	at net.minecraft.server.MinecraftServer.recordTaskExecutionTimeWhileWaiting(MinecraftServer.java:1235)
	at net.minecraft.server.MinecraftServer.runServer(MinecraftServer.java:1341)
	at net.minecraft.server.MinecraftServer.lambda$spin$2(MinecraftServer.java:388)
	at net.minecraft.server.MinecraftServer$$Lambda/0x000001ed56f4ba68.run(Unknown Source)
	at java.lang.Thread.runWith(java.base@21.0.10/Thread.java:1596)
	at java.lang.Thread.run(java.base@21.0.10/Thread.java:1583)
=== sample +13700ms ===
"Server thread" #81 [31828] prio=8 os_prio=1 cpu=3296.88ms elapsed=18.32s tid=0x000001eda0308a00 nid=31828 waiting on condition  [0x0000009d597ff000]
   java.lang.Thread.State: TIMED_WAITING (parking)
	at jdk.internal.misc.Unsafe.park(java.base@21.0.10/Native Method)
	- parking to wait for  <0x0000000705cfd388> (a java.lang.String)
	at java.util.concurrent.locks.LockSupport.parkNanos(java.base@21.0.10/LockSupport.java:269)
	at net.minecraft.server.MinecraftServer.recordTaskExecutionTimeWhileWaiting(MinecraftServer.java:1235)
	at net.minecraft.server.MinecraftServer.runServer(MinecraftServer.java:1341)
	at net.minecraft.server.MinecraftServer.lambda$spin$2(MinecraftServer.java:388)
	at net.minecraft.server.MinecraftServer$$Lambda/0x000001ed56f4ba68.run(Unknown Source)
	at java.lang.Thread.runWith(java.base@21.0.10/Thread.java:1596)
	at java.lang.Thread.run(java.base@21.0.10/Thread.java:1583)
=== sample +13950ms ===
"Server thread" #81 [31828] prio=8 os_prio=1 cpu=3296.88ms elapsed=18.57s tid=0x000001eda0308a00 nid=31828 waiting on condition  [0x0000009d597ff000]
   java.lang.Thread.State: TIMED_WAITING (parking)
	at jdk.internal.misc.Unsafe.park(java.base@21.0.10/Native Method)
	- parking to wait for  <0x0000000705cfd388> (a java.lang.String)
	at java.util.concurrent.locks.LockSupport.parkNanos(java.base@21.0.10/LockSupport.java:269)
	at net.minecraft.server.MinecraftServer.recordTaskExecutionTimeWhileWaiting(MinecraftServer.java:1235)
	at net.minecraft.server.MinecraftServer.runServer(MinecraftServer.java:1341)
	at net.minecraft.server.MinecraftServer.lambda$spin$2(MinecraftServer.java:388)
	at net.minecraft.server.MinecraftServer$$Lambda/0x000001ed56f4ba68.run(Unknown Source)
	at java.lang.Thread.runWith(java.base@21.0.10/Thread.java:1596)
	at java.lang.Thread.run(java.base@21.0.10/Thread.java:1583)
=== sample +14198ms ===
"Server thread" #81 [31828] prio=8 os_prio=1 cpu=3296.88ms elapsed=18.81s tid=0x000001eda0308a00 nid=31828 waiting on condition  [0x0000009d597ff000]
   java.lang.Thread.State: TIMED_WAITING (parking)
	at jdk.internal.misc.Unsafe.park(java.base@21.0.10/Native Method)
	- parking to wait for  <0x0000000705cfd388> (a java.lang.String)
	at java.util.concurrent.locks.LockSupport.parkNanos(java.base@21.0.10/LockSupport.java:269)
	at net.minecraft.server.MinecraftServer.recordTaskExecutionTimeWhileWaiting(MinecraftServer.java:1235)
	at net.minecraft.server.MinecraftServer.runServer(MinecraftServer.java:1341)
	at net.minecraft.server.MinecraftServer.lambda$spin$2(MinecraftServer.java:388)
	at net.minecraft.server.MinecraftServer$$Lambda/0x000001ed56f4ba68.run(Unknown Source)
	at java.lang.Thread.runWith(java.base@21.0.10/Thread.java:1596)
	at java.lang.Thread.run(java.base@21.0.10/Thread.java:1583)
=== sample +14459ms ===
"Server thread" #81 [31828] prio=8 os_prio=1 cpu=3312.50ms elapsed=19.06s tid=0x000001eda0308a00 nid=31828 waiting on condition  [0x0000009d597ff000]
   java.lang.Thread.State: TIMED_WAITING (parking)
	at jdk.internal.misc.Unsafe.park(java.base@21.0.10/Native Method)
	- parking to wait for  <0x0000000705cfd388> (a java.lang.String)
	at java.util.concurrent.locks.LockSupport.parkNanos(java.base@21.0.10/LockSupport.java:269)
	at net.minecraft.server.MinecraftServer.recordTaskExecutionTimeWhileWaiting(MinecraftServer.java:1235)
	at net.minecraft.server.MinecraftServer.runServer(MinecraftServer.java:1341)
	at net.minecraft.server.MinecraftServer.lambda$spin$2(MinecraftServer.java:388)
	at net.minecraft.server.MinecraftServer$$Lambda/0x000001ed56f4ba68.run(Unknown Source)
	at java.lang.Thread.runWith(java.base@21.0.10/Thread.java:1596)
	at java.lang.Thread.run(java.base@21.0.10/Thread.java:1583)
=== sample +14708ms ===
"Server thread" #81 [31828] prio=8 os_prio=1 cpu=3312.50ms elapsed=19.32s tid=0x000001eda0308a00 nid=31828 waiting on condition  [0x0000009d597ff000]
   java.lang.Thread.State: TIMED_WAITING (parking)
	at jdk.internal.misc.Unsafe.park(java.base@21.0.10/Native Method)
	- parking to wait for  <0x0000000705cfd388> (a java.lang.String)
	at java.util.concurrent.locks.LockSupport.parkNanos(java.base@21.0.10/LockSupport.java:269)
	at net.minecraft.server.MinecraftServer.recordTaskExecutionTimeWhileWaiting(MinecraftServer.java:1235)
	at net.minecraft.server.MinecraftServer.runServer(MinecraftServer.java:1341)
	at net.minecraft.server.MinecraftServer.lambda$spin$2(MinecraftServer.java:388)
	at net.minecraft.server.MinecraftServer$$Lambda/0x000001ed56f4ba68.run(Unknown Source)
	at java.lang.Thread.runWith(java.base@21.0.10/Thread.java:1596)
	at java.lang.Thread.run(java.base@21.0.10/Thread.java:1583)
=== sample +14955ms ===
"Server thread" #81 [31828] prio=8 os_prio=1 cpu=3312.50ms elapsed=19.57s tid=0x000001eda0308a00 nid=31828 waiting on condition  [0x0000009d597ff000]
   java.lang.Thread.State: TIMED_WAITING (parking)
	at jdk.internal.misc.Unsafe.park(java.base@21.0.10/Native Method)
	- parking to wait for  <0x0000000705cfd388> (a java.lang.String)
	at java.util.concurrent.locks.LockSupport.parkNanos(java.base@21.0.10/LockSupport.java:269)
	at net.minecraft.server.MinecraftServer.recordTaskExecutionTimeWhileWaiting(MinecraftServer.java:1235)
	at net.minecraft.server.MinecraftServer.runServer(MinecraftServer.java:1341)
	at net.minecraft.server.MinecraftServer.lambda$spin$2(MinecraftServer.java:388)
	at net.minecraft.server.MinecraftServer$$Lambda/0x000001ed56f4ba68.run(Unknown Source)
	at java.lang.Thread.runWith(java.base@21.0.10/Thread.java:1596)
	at java.lang.Thread.run(java.base@21.0.10/Thread.java:1583)
=== sample +15218ms ===
"Server thread" #81 [31828] prio=8 os_prio=1 cpu=3312.50ms elapsed=19.81s tid=0x000001eda0308a00 nid=31828 waiting on condition  [0x0000009d597ff000]
   java.lang.Thread.State: TIMED_WAITING (parking)
	at jdk.internal.misc.Unsafe.park(java.base@21.0.10/Native Method)
	- parking to wait for  <0x0000000705cfd388> (a java.lang.String)
	at java.util.concurrent.locks.LockSupport.parkNanos(java.base@21.0.10/LockSupport.java:269)
	at net.minecraft.server.MinecraftServer.recordTaskExecutionTimeWhileWaiting(MinecraftServer.java:1235)
	at net.minecraft.server.MinecraftServer.runServer(MinecraftServer.java:1341)
	at net.minecraft.server.MinecraftServer.lambda$spin$2(MinecraftServer.java:388)
	at net.minecraft.server.MinecraftServer$$Lambda/0x000001ed56f4ba68.run(Unknown Source)
	at java.lang.Thread.runWith(java.base@21.0.10/Thread.java:1596)
	at java.lang.Thread.run(java.base@21.0.10/Thread.java:1583)
=== sample +15470ms ===
"Server thread" #81 [31828] prio=8 os_prio=1 cpu=3312.50ms elapsed=20.08s tid=0x000001eda0308a00 nid=31828 waiting on condition  [0x0000009d597ff000]
   java.lang.Thread.State: TIMED_WAITING (parking)
	at jdk.internal.misc.Unsafe.park(java.base@21.0.10/Native Method)
	- parking to wait for  <0x0000000705cfd388> (a java.lang.String)
	at java.util.concurrent.locks.LockSupport.parkNanos(java.base@21.0.10/LockSupport.java:269)
	at net.minecraft.server.MinecraftServer.recordTaskExecutionTimeWhileWaiting(MinecraftServer.java:1235)
	at net.minecraft.server.MinecraftServer.runServer(MinecraftServer.java:1341)
	at net.minecraft.server.MinecraftServer.lambda$spin$2(MinecraftServer.java:388)
	at net.minecraft.server.MinecraftServer$$Lambda/0x000001ed56f4ba68.run(Unknown Source)
	at java.lang.Thread.runWith(java.base@21.0.10/Thread.java:1596)
	at java.lang.Thread.run(java.base@21.0.10/Thread.java:1583)
=== sample +15735ms ===
"Server thread" #81 [31828] prio=8 os_prio=1 cpu=3312.50ms elapsed=20.34s tid=0x000001eda0308a00 nid=31828 runnable  [0x0000009d597fd000]
   java.lang.Thread.State: RUNNABLE
	at net.minecraft.world.level.biome.BiomeManager.getBiome(BiomeManager.java:64)
	at net.minecraft.world.level.LevelReader.getBiome(LevelReader.java:55)
	at net.minecraft.world.level.NaturalSpawner.getRandomSpawnMobAt(NaturalSpawner.java:421)
	at net.minecraft.world.level.NaturalSpawner.spawnCategoryForPosition(NaturalSpawner.java:272)
	at net.minecraft.world.level.NaturalSpawner.spawnCategoryForChunk(NaturalSpawner.java:221)
	at net.minecraft.world.level.NaturalSpawner.spawnForChunk(NaturalSpawner.java:190)
	at net.minecraft.server.level.ServerChunkCache.tickSpawningChunk(ServerChunkCache.java:612)
	at net.minecraft.server.level.ServerChunkCache.tickChunks(ServerChunkCache.java:587)
	at net.minecraft.server.level.ServerChunkCache.tickChunks(ServerChunkCache.java:507)
	at net.minecraft.server.level.ServerChunkCache.tick(ServerChunkCache.java:488)
	at net.minecraft.server.level.ServerLevel.tick(ServerLevel.java:809)
	at net.minecraft.server.MinecraftServer.tickChildren(MinecraftServer.java:1819)
	at net.minecraft.server.MinecraftServer.tickServer(MinecraftServer.java:1611)
	at net.minecraft.server.dedicated.DedicatedServer.tickServer(DedicatedServer.java:427)
	at net.minecraft.server.MinecraftServer.processPacketsAndTick(MinecraftServer.java:1667)
	at net.minecraft.server.MinecraftServer.runServer(MinecraftServer.java:1335)
	at net.minecraft.server.MinecraftServer.lambda$spin$2(MinecraftServer.java:388)
	at net.minecraft.server.MinecraftServer$$Lambda/0x000001ed56f4ba68.run(Unknown Source)
	at java.lang.Thread.runWith(java.base@21.0.10/Thread.java:1596)
	at java.lang.Thread.run(java.base@21.0.10/Thread.java:1583)
=== sample +15980ms ===
"Server thread" #81 [31828] prio=8 os_prio=1 cpu=3312.50ms elapsed=20.60s tid=0x000001eda0308a00 nid=31828 waiting on condition  [0x0000009d597ff000]
   java.lang.Thread.State: TIMED_WAITING (parking)
	at jdk.internal.misc.Unsafe.park(java.base@21.0.10/Native Method)
	- parking to wait for  <0x0000000705cfd388> (a java.lang.String)
	at java.util.concurrent.locks.LockSupport.parkNanos(java.base@21.0.10/LockSupport.java:269)
	at net.minecraft.server.MinecraftServer.recordTaskExecutionTimeWhileWaiting(MinecraftServer.java:1235)
	at net.minecraft.server.MinecraftServer.runServer(MinecraftServer.java:1341)
	at net.minecraft.server.MinecraftServer.lambda$spin$2(MinecraftServer.java:388)
	at net.minecraft.server.MinecraftServer$$Lambda/0x000001ed56f4ba68.run(Unknown Source)
	at java.lang.Thread.runWith(java.base@21.0.10/Thread.java:1596)
	at java.lang.Thread.run(java.base@21.0.10/Thread.java:1583)
=== sample +16232ms ===
"Server thread" #81 [31828] prio=8 os_prio=1 cpu=3312.50ms elapsed=20.84s tid=0x000001eda0308a00 nid=31828 waiting on condition  [0x0000009d597ff000]
   java.lang.Thread.State: TIMED_WAITING (parking)
	at jdk.internal.misc.Unsafe.park(java.base@21.0.10/Native Method)
	- parking to wait for  <0x0000000705cfd388> (a java.lang.String)
	at java.util.concurrent.locks.LockSupport.parkNanos(java.base@21.0.10/LockSupport.java:269)
	at net.minecraft.server.MinecraftServer.recordTaskExecutionTimeWhileWaiting(MinecraftServer.java:1235)
	at net.minecraft.server.MinecraftServer.runServer(MinecraftServer.java:1341)
	at net.minecraft.server.MinecraftServer.lambda$spin$2(MinecraftServer.java:388)
	at net.minecraft.server.MinecraftServer$$Lambda/0x000001ed56f4ba68.run(Unknown Source)
	at java.lang.Thread.runWith(java.base@21.0.10/Thread.java:1596)
	at java.lang.Thread.run(java.base@21.0.10/Thread.java:1583)
=== sample +16481ms ===
"Server thread" #81 [31828] prio=8 os_prio=1 cpu=3312.50ms elapsed=21.09s tid=0x000001eda0308a00 nid=31828 waiting on condition  [0x0000009d597ff000]
   java.lang.Thread.State: TIMED_WAITING (parking)
	at jdk.internal.misc.Unsafe.park(java.base@21.0.10/Native Method)
	- parking to wait for  <0x0000000705cfd388> (a java.lang.String)
	at java.util.concurrent.locks.LockSupport.parkNanos(java.base@21.0.10/LockSupport.java:269)
	at net.minecraft.server.MinecraftServer.recordTaskExecutionTimeWhileWaiting(MinecraftServer.java:1235)
	at net.minecraft.server.MinecraftServer.runServer(MinecraftServer.java:1341)
	at net.minecraft.server.MinecraftServer.lambda$spin$2(MinecraftServer.java:388)
	at net.minecraft.server.MinecraftServer$$Lambda/0x000001ed56f4ba68.run(Unknown Source)
	at java.lang.Thread.runWith(java.base@21.0.10/Thread.java:1596)
	at java.lang.Thread.run(java.base@21.0.10/Thread.java:1583)
=== sample +16746ms ===
"Server thread" #81 [31828] prio=8 os_prio=1 cpu=3312.50ms elapsed=21.35s tid=0x000001eda0308a00 nid=31828 waiting on condition  [0x0000009d597ff000]
   java.lang.Thread.State: TIMED_WAITING (parking)
	at jdk.internal.misc.Unsafe.park(java.base@21.0.10/Native Method)
	- parking to wait for  <0x0000000705cfd388> (a java.lang.String)
	at java.util.concurrent.locks.LockSupport.parkNanos(java.base@21.0.10/LockSupport.java:269)
	at net.minecraft.server.MinecraftServer.recordTaskExecutionTimeWhileWaiting(MinecraftServer.java:1235)
	at net.minecraft.server.MinecraftServer.runServer(MinecraftServer.java:1341)
	at net.minecraft.server.MinecraftServer.lambda$spin$2(MinecraftServer.java:388)
	at net.minecraft.server.MinecraftServer$$Lambda/0x000001ed56f4ba68.run(Unknown Source)
	at java.lang.Thread.runWith(java.base@21.0.10/Thread.java:1596)
	at java.lang.Thread.run(java.base@21.0.10/Thread.java:1583)
=== sample +17011ms ===
"Server thread" #81 [31828] prio=8 os_prio=1 cpu=3328.12ms elapsed=21.62s tid=0x000001eda0308a00 nid=31828 waiting on condition  [0x0000009d597ff000]
   java.lang.Thread.State: TIMED_WAITING (parking)
	at jdk.internal.misc.Unsafe.park(java.base@21.0.10/Native Method)
	- parking to wait for  <0x0000000705cfd388> (a java.lang.String)
	at java.util.concurrent.locks.LockSupport.parkNanos(java.base@21.0.10/LockSupport.java:269)
	at net.minecraft.server.MinecraftServer.recordTaskExecutionTimeWhileWaiting(MinecraftServer.java:1235)
	at net.minecraft.server.MinecraftServer.runServer(MinecraftServer.java:1341)
	at net.minecraft.server.MinecraftServer.lambda$spin$2(MinecraftServer.java:388)
	at net.minecraft.server.MinecraftServer$$Lambda/0x000001ed56f4ba68.run(Unknown Source)
	at java.lang.Thread.runWith(java.base@21.0.10/Thread.java:1596)
	at java.lang.Thread.run(java.base@21.0.10/Thread.java:1583)
=== sample +17262ms ===
"Server thread" #81 [31828] prio=8 os_prio=1 cpu=3328.12ms elapsed=21.88s tid=0x000001eda0308a00 nid=31828 waiting on condition  [0x0000009d597ff000]
   java.lang.Thread.State: TIMED_WAITING (parking)
	at jdk.internal.misc.Unsafe.park(java.base@21.0.10/Native Method)
	- parking to wait for  <0x0000000705cfd388> (a java.lang.String)
	at java.util.concurrent.locks.LockSupport.parkNanos(java.base@21.0.10/LockSupport.java:269)
	at net.minecraft.server.MinecraftServer.recordTaskExecutionTimeWhileWaiting(MinecraftServer.java:1235)
	at net.minecraft.server.MinecraftServer.runServer(MinecraftServer.java:1341)
	at net.minecraft.server.MinecraftServer.lambda$spin$2(MinecraftServer.java:388)
	at net.minecraft.server.MinecraftServer$$Lambda/0x000001ed56f4ba68.run(Unknown Source)
	at java.lang.Thread.runWith(java.base@21.0.10/Thread.java:1596)
	at java.lang.Thread.run(java.base@21.0.10/Thread.java:1583)
=== sample +17540ms ===
"Server thread" #81 [31828] prio=8 os_prio=1 cpu=3343.75ms elapsed=22.13s tid=0x000001eda0308a00 nid=31828 waiting on condition  [0x0000009d597ff000]
   java.lang.Thread.State: TIMED_WAITING (parking)
	at jdk.internal.misc.Unsafe.park(java.base@21.0.10/Native Method)
	- parking to wait for  <0x0000000705cfd388> (a java.lang.String)
	at java.util.concurrent.locks.LockSupport.parkNanos(java.base@21.0.10/LockSupport.java:269)
	at net.minecraft.server.MinecraftServer.recordTaskExecutionTimeWhileWaiting(MinecraftServer.java:1235)
	at net.minecraft.server.MinecraftServer.runServer(MinecraftServer.java:1341)
	at net.minecraft.server.MinecraftServer.lambda$spin$2(MinecraftServer.java:388)
	at net.minecraft.server.MinecraftServer$$Lambda/0x000001ed56f4ba68.run(Unknown Source)
	at java.lang.Thread.runWith(java.base@21.0.10/Thread.java:1596)
	at java.lang.Thread.run(java.base@21.0.10/Thread.java:1583)
=== sample +17791ms ===
"Server thread" #81 [31828] prio=8 os_prio=1 cpu=3375.00ms elapsed=22.41s tid=0x000001eda0308a00 nid=31828 waiting on condition  [0x0000009d597ff000]
   java.lang.Thread.State: TIMED_WAITING (parking)
	at jdk.internal.misc.Unsafe.park(java.base@21.0.10/Native Method)
	- parking to wait for  <0x0000000705cfd388> (a java.lang.String)
	at java.util.concurrent.locks.LockSupport.parkNanos(java.base@21.0.10/LockSupport.java:269)
	at net.minecraft.server.MinecraftServer.recordTaskExecutionTimeWhileWaiting(MinecraftServer.java:1235)
	at net.minecraft.server.MinecraftServer.runServer(MinecraftServer.java:1341)
	at net.minecraft.server.MinecraftServer.lambda$spin$2(MinecraftServer.java:388)
	at net.minecraft.server.MinecraftServer$$Lambda/0x000001ed56f4ba68.run(Unknown Source)
	at java.lang.Thread.runWith(java.base@21.0.10/Thread.java:1596)
	at java.lang.Thread.run(java.base@21.0.10/Thread.java:1583)
=== sample +18041ms ===
"Server thread" #81 [31828] prio=8 os_prio=1 cpu=3375.00ms elapsed=22.66s tid=0x000001eda0308a00 nid=31828 waiting on condition  [0x0000009d597ff000]
   java.lang.Thread.State: TIMED_WAITING (parking)
	at jdk.internal.misc.Unsafe.park(java.base@21.0.10/Native Method)
	- parking to wait for  <0x0000000705cfd388> (a java.lang.String)
	at java.util.concurrent.locks.LockSupport.parkNanos(java.base@21.0.10/LockSupport.java:269)
	at net.minecraft.server.MinecraftServer.recordTaskExecutionTimeWhileWaiting(MinecraftServer.java:1235)
	at net.minecraft.server.MinecraftServer.runServer(MinecraftServer.java:1341)
	at net.minecraft.server.MinecraftServer.lambda$spin$2(MinecraftServer.java:388)
	at net.minecraft.server.MinecraftServer$$Lambda/0x000001ed56f4ba68.run(Unknown Source)
	at java.lang.Thread.runWith(java.base@21.0.10/Thread.java:1596)
	at java.lang.Thread.run(java.base@21.0.10/Thread.java:1583)
botFailures=[] exited=true
======== run 2 ========
boot: [02:41:09 INFO]: Done (16.100s)! For help, type "help"
---- stalls ----
---- jstack Server-thread samples ----
=== sample +2693ms ===
"Server thread" #81 [40644] prio=8 os_prio=1 cpu=1734.38ms elapsed=7.41s tid=0x000001f6e249b6f0 nid=40644 waiting on condition  [0x000000d0b69ff000]
   java.lang.Thread.State: TIMED_WAITING (parking)
	at jdk.internal.misc.Unsafe.park(java.base@21.0.10/Native Method)
	- parking to wait for  <0x000000070234f798> (a java.lang.String)
	at java.util.concurrent.locks.LockSupport.parkNanos(java.base@21.0.10/LockSupport.java:269)
	at net.minecraft.server.MinecraftServer.recordTaskExecutionTimeWhileWaiting(MinecraftServer.java:1235)
	at net.minecraft.server.MinecraftServer.runServer(MinecraftServer.java:1341)
	at net.minecraft.server.MinecraftServer.lambda$spin$2(MinecraftServer.java:388)
	at net.minecraft.server.MinecraftServer$$Lambda/0x000001f693f41800.run(Unknown Source)
	at java.lang.Thread.runWith(java.base@21.0.10/Thread.java:1596)
	at java.lang.Thread.run(java.base@21.0.10/Thread.java:1583)
=== sample +2941ms ===
"Server thread" #81 [40644] prio=8 os_prio=1 cpu=1734.38ms elapsed=7.66s tid=0x000001f6e249b6f0 nid=40644 waiting on condition  [0x000000d0b69ff000]
   java.lang.Thread.State: TIMED_WAITING (parking)
	at jdk.internal.misc.Unsafe.park(java.base@21.0.10/Native Method)
	- parking to wait for  <0x000000070234f798> (a java.lang.String)
	at java.util.concurrent.locks.LockSupport.parkNanos(java.base@21.0.10/LockSupport.java:269)
	at net.minecraft.server.MinecraftServer.recordTaskExecutionTimeWhileWaiting(MinecraftServer.java:1235)
	at net.minecraft.server.MinecraftServer.runServer(MinecraftServer.java:1341)
	at net.minecraft.server.MinecraftServer.lambda$spin$2(MinecraftServer.java:388)
	at net.minecraft.server.MinecraftServer$$Lambda/0x000001f693f41800.run(Unknown Source)
	at java.lang.Thread.runWith(java.base@21.0.10/Thread.java:1596)
	at java.lang.Thread.run(java.base@21.0.10/Thread.java:1583)
=== sample +3206ms ===
"Server thread" #81 [40644] prio=8 os_prio=1 cpu=1734.38ms elapsed=7.91s tid=0x000001f6e249b6f0 nid=40644 waiting on condition  [0x000000d0b69ff000]
   java.lang.Thread.State: TIMED_WAITING (parking)
	at jdk.internal.misc.Unsafe.park(java.base@21.0.10/Native Method)
	- parking to wait for  <0x000000070234f798> (a java.lang.String)
	at java.util.concurrent.locks.LockSupport.parkNanos(java.base@21.0.10/LockSupport.java:269)
	at net.minecraft.server.MinecraftServer.recordTaskExecutionTimeWhileWaiting(MinecraftServer.java:1235)
	at net.minecraft.server.MinecraftServer.runServer(MinecraftServer.java:1341)
	at net.minecraft.server.MinecraftServer.lambda$spin$2(MinecraftServer.java:388)
	at net.minecraft.server.MinecraftServer$$Lambda/0x000001f693f41800.run(Unknown Source)
	at java.lang.Thread.runWith(java.base@21.0.10/Thread.java:1596)
	at java.lang.Thread.run(java.base@21.0.10/Thread.java:1583)
=== sample +3455ms ===
"Server thread" #81 [40644] prio=8 os_prio=1 cpu=1734.38ms elapsed=8.17s tid=0x000001f6e249b6f0 nid=40644 waiting on condition  [0x000000d0b69ff000]
   java.lang.Thread.State: TIMED_WAITING (parking)
	at jdk.internal.misc.Unsafe.park(java.base@21.0.10/Native Method)
	- parking to wait for  <0x000000070234f798> (a java.lang.String)
	at java.util.concurrent.locks.LockSupport.parkNanos(java.base@21.0.10/LockSupport.java:269)
	at net.minecraft.server.MinecraftServer.recordTaskExecutionTimeWhileWaiting(MinecraftServer.java:1235)
	at net.minecraft.server.MinecraftServer.runServer(MinecraftServer.java:1341)
	at net.minecraft.server.MinecraftServer.lambda$spin$2(MinecraftServer.java:388)
	at net.minecraft.server.MinecraftServer$$Lambda/0x000001f693f41800.run(Unknown Source)
	at java.lang.Thread.runWith(java.base@21.0.10/Thread.java:1596)
	at java.lang.Thread.run(java.base@21.0.10/Thread.java:1583)
=== sample +3718ms ===
"Server thread" #81 [40644] prio=8 os_prio=1 cpu=1734.38ms elapsed=8.43s tid=0x000001f6e249b6f0 nid=40644 waiting on condition  [0x000000d0b69ff000]
   java.lang.Thread.State: TIMED_WAITING (parking)
	at jdk.internal.misc.Unsafe.park(java.base@21.0.10/Native Method)
	- parking to wait for  <0x000000070234f798> (a java.lang.String)
	at java.util.concurrent.locks.LockSupport.parkNanos(java.base@21.0.10/LockSupport.java:269)
	at net.minecraft.server.MinecraftServer.recordTaskExecutionTimeWhileWaiting(MinecraftServer.java:1235)
	at net.minecraft.server.MinecraftServer.runServer(MinecraftServer.java:1341)
	at net.minecraft.server.MinecraftServer.lambda$spin$2(MinecraftServer.java:388)
	at net.minecraft.server.MinecraftServer$$Lambda/0x000001f693f41800.run(Unknown Source)
	at java.lang.Thread.runWith(java.base@21.0.10/Thread.java:1596)
	at java.lang.Thread.run(java.base@21.0.10/Thread.java:1583)
=== sample +3990ms ===
"Server thread" #81 [40644] prio=8 os_prio=1 cpu=1734.38ms elapsed=8.69s tid=0x000001f6e249b6f0 nid=40644 waiting on condition  [0x000000d0b69ff000]
   java.lang.Thread.State: TIMED_WAITING (parking)
	at jdk.internal.misc.Unsafe.park(java.base@21.0.10/Native Method)
	- parking to wait for  <0x000000070234f798> (a java.lang.String)
	at java.util.concurrent.locks.LockSupport.parkNanos(java.base@21.0.10/LockSupport.java:269)
	at net.minecraft.server.MinecraftServer.recordTaskExecutionTimeWhileWaiting(MinecraftServer.java:1235)
	at net.minecraft.server.MinecraftServer.runServer(MinecraftServer.java:1341)
	at net.minecraft.server.MinecraftServer.lambda$spin$2(MinecraftServer.java:388)
	at net.minecraft.server.MinecraftServer$$Lambda/0x000001f693f41800.run(Unknown Source)
	at java.lang.Thread.runWith(java.base@21.0.10/Thread.java:1596)
	at java.lang.Thread.run(java.base@21.0.10/Thread.java:1583)
=== sample +4247ms ===
"Server thread" #81 [40644] prio=8 os_prio=1 cpu=1812.50ms elapsed=8.95s tid=0x000001f6e249b6f0 nid=40644 runnable  [0x000000d0b69fd000]
   java.lang.Thread.State: RUNNABLE
	at java.lang.ClassLoader.defineClass0(java.base@21.0.10/Native Method)
	at java.lang.System$2.defineClass(java.base@21.0.10/System.java:2394)
	at java.lang.invoke.MethodHandles$Lookup$ClassDefiner.defineClass(java.base@21.0.10/MethodHandles.java:2505)
	at java.lang.invoke.InvokerBytecodeGenerator.loadMethod(java.base@21.0.10/InvokerBytecodeGenerator.java:249)
	at java.lang.invoke.InvokerBytecodeGenerator.generateCustomizedCode(java.base@21.0.10/InvokerBytecodeGenerator.java:712)
	at java.lang.invoke.LambdaForm.compileToBytecode(java.base@21.0.10/LambdaForm.java:849)
	at java.lang.invoke.DirectMethodHandle.makePreparedLambdaForm(java.base@21.0.10/DirectMethodHandle.java:303)
	at java.lang.invoke.DirectMethodHandle.preparedLambdaForm(java.base@21.0.10/DirectMethodHandle.java:231)
	at java.lang.invoke.DirectMethodHandle.preparedLambdaForm(java.base@21.0.10/DirectMethodHandle.java:216)
	at java.lang.invoke.DirectMethodHandle.preparedLambdaForm(java.base@21.0.10/DirectMethodHandle.java:225)
	at java.lang.invoke.DirectMethodHandle.make(java.base@21.0.10/DirectMethodHandle.java:106)
	at java.lang.invoke.MethodHandles$Lookup.getDirectMethodCommon(java.base@21.0.10/MethodHandles.java:4109)
	at java.lang.invoke.MethodHandles$Lookup.getDirectMethodNoSecurityManager(java.base@21.0.10/MethodHandles.java:4065)
	at java.lang.invoke.MethodHandles$Lookup.getDirectMethodForConstant(java.base@21.0.10/MethodHandles.java:4314)
	at java.lang.invoke.MethodHandles$Lookup.linkMethodHandleConstant(java.base@21.0.10/MethodHandles.java:4262)
	at java.lang.invoke.MethodHandleNatives.linkMethodHandleConstant(java.base@21.0.10/MethodHandleNatives.java:602)
	at net.minecraft.server.level.PlayerSpawnFinder.scheduleCandidate(PlayerSpawnFinder.java:125)
	at net.minecraft.server.level.PlayerSpawnFinder.scheduleNext(PlayerSpawnFinder.java:78)
	at net.minecraft.server.level.PlayerSpawnFinder.findSpawn(PlayerSpawnFinder.java:63)
	at net.minecraft.server.network.config.PrepareSpawnTask.lambda$start$2(PrepareSpawnTask.java:112)
	at net.minecraft.server.network.config.PrepareSpawnTask$$Lambda/0x000001f6942def20.get(Unknown Source)
	at java.util.Optional.orElseGet(java.base@21.0.10/Optional.java:364)
	at net.minecraft.server.network.config.PrepareSpawnTask.start(PrepareSpawnTask.java:112)
	at net.minecraft.server.network.ServerConfigurationPacketListenerImpl.startNextTask(ServerConfigurationPacketListenerImpl.java:243)
	at net.minecraft.server.network.ServerConfigurationPacketListenerImpl.finishCurrentTask(ServerConfigurationPacketListenerImpl.java:258)
	at io.papermc.paper.connection.PaperConfigurationTask.start(PaperConfigurationTask.java:32)
	at net.minecraft.server.network.ServerConfigurationPacketListenerImpl.startNextTask(ServerConfigurationPacketListenerImpl.java:243)
	at net.minecraft.server.network.ServerConfigurationPacketListenerImpl.finishCurrentTask(ServerConfigurationPacketListenerImpl.java:258)
	at net.minecraft.server.network.ServerConfigurationPacketListenerImpl.handleSelectKnownPacks(ServerConfigurationPacketListenerImpl.java:179)
	at net.minecraft.network.protocol.configuration.ServerboundSelectKnownPacks.handle(ServerboundSelectKnownPacks.java:23)
	at net.minecraft.network.protocol.configuration.ServerboundSelectKnownPacks.handle(ServerboundSelectKnownPacks.java:11)
	at net.minecraft.network.PacketProcessor$ListenerAndPacket.handle(PacketProcessor.java:99)
	at net.minecraft.network.PacketProcessor.executeSinglePacket(PacketProcessor.java:33)
	at net.minecraft.server.MinecraftServer.pollTask(MinecraftServer.java:1499)
	at net.minecraft.server.MinecraftServer.recordTaskExecutionTimeWhileWaiting(MinecraftServer.java:1225)
	at net.minecraft.server.MinecraftServer.runServer(MinecraftServer.java:1341)
	at net.minecraft.server.MinecraftServer.lambda$spin$2(MinecraftServer.java:388)
	at net.minecraft.server.MinecraftServer$$Lambda/0x000001f693f41800.run(Unknown Source)
	at java.lang.Thread.runWith(java.base@21.0.10/Thread.java:1596)
	at java.lang.Thread.run(java.base@21.0.10/Thread.java:1583)
=== sample +4528ms ===
"Server thread" #81 [40644] prio=8 os_prio=1 cpu=1812.50ms elapsed=9.22s tid=0x000001f6e249b6f0 nid=40644 waiting on condition  [0x000000d0b69ff000]
   java.lang.Thread.State: TIMED_WAITING (parking)
	at jdk.internal.misc.Unsafe.park(java.base@21.0.10/Native Method)
	- parking to wait for  <0x000000070234f798> (a java.lang.String)
	at java.util.concurrent.locks.LockSupport.parkNanos(java.base@21.0.10/LockSupport.java:269)
	at net.minecraft.server.MinecraftServer.recordTaskExecutionTimeWhileWaiting(MinecraftServer.java:1235)
	at net.minecraft.server.MinecraftServer.runServer(MinecraftServer.java:1341)
	at net.minecraft.server.MinecraftServer.lambda$spin$2(MinecraftServer.java:388)
	at net.minecraft.server.MinecraftServer$$Lambda/0x000001f693f41800.run(Unknown Source)
	at java.lang.Thread.runWith(java.base@21.0.10/Thread.java:1596)
	at java.lang.Thread.run(java.base@21.0.10/Thread.java:1583)
=== sample +4816ms ===
"Server thread" #81 [40644] prio=8 os_prio=1 cpu=1812.50ms elapsed=9.50s tid=0x000001f6e249b6f0 nid=40644 waiting on condition  [0x000000d0b69ff000]
   java.lang.Thread.State: TIMED_WAITING (parking)
	at jdk.internal.misc.Unsafe.park(java.base@21.0.10/Native Method)
	- parking to wait for  <0x000000070234f798> (a java.lang.String)
	at java.util.concurrent.locks.LockSupport.parkNanos(java.base@21.0.10/LockSupport.java:269)
	at net.minecraft.server.MinecraftServer.recordTaskExecutionTimeWhileWaiting(MinecraftServer.java:1235)
	at net.minecraft.server.MinecraftServer.runServer(MinecraftServer.java:1341)
	at net.minecraft.server.MinecraftServer.lambda$spin$2(MinecraftServer.java:388)
	at net.minecraft.server.MinecraftServer$$Lambda/0x000001f693f41800.run(Unknown Source)
	at java.lang.Thread.runWith(java.base@21.0.10/Thread.java:1596)
	at java.lang.Thread.run(java.base@21.0.10/Thread.java:1583)
=== sample +5103ms ===
"Server thread" #81 [40644] prio=8 os_prio=1 cpu=1843.75ms elapsed=9.78s tid=0x000001f6e249b6f0 nid=40644 runnable  [0x000000d0b69fe000]
   java.lang.Thread.State: RUNNABLE
	at java.math.BigInteger.pow(java.base@21.0.10/BigInteger.java:2645)
	at java.math.BigDecimal.<init>(java.base@21.0.10/BigDecimal.java:1024)
	at java.math.BigDecimal.<init>(java.base@21.0.10/BigDecimal.java:967)
	at me.lucko.spark.paper.common.monitor.tick.SparkTickStatistics.onTick(SparkTickStatistics.java:102)
	at me.lucko.spark.paper.common.tick.AbstractTickReporter.onTick(AbstractTickReporter.java:31)
	at me.lucko.spark.paper.PaperTickReporter.onTick(PaperTickReporter.java:43)
	at me.lucko.spark.paper.PaperSparkPlugin.onServerTickEnd(PaperSparkPlugin.java:110)
	at io.papermc.paper.SparksFly.tickEnd(SparksFly.java:162)
	at net.minecraft.server.MinecraftServer.tickServer(MinecraftServer.java:1649)
	at net.minecraft.server.dedicated.DedicatedServer.tickServer(DedicatedServer.java:427)
	at net.minecraft.server.MinecraftServer.processPacketsAndTick(MinecraftServer.java:1667)
	at net.minecraft.server.MinecraftServer.runServer(MinecraftServer.java:1335)
	at net.minecraft.server.MinecraftServer.lambda$spin$2(MinecraftServer.java:388)
	at net.minecraft.server.MinecraftServer$$Lambda/0x000001f693f41800.run(Unknown Source)
	at java.lang.Thread.runWith(java.base@21.0.10/Thread.java:1596)
	at java.lang.Thread.run(java.base@21.0.10/Thread.java:1583)
=== sample +5408ms ===
"Server thread" #81 [40644] prio=8 os_prio=1 cpu=1859.38ms elapsed=10.09s tid=0x000001f6e249b6f0 nid=40644 waiting on condition  [0x000000d0b69ff000]
   java.lang.Thread.State: TIMED_WAITING (parking)
	at jdk.internal.misc.Unsafe.park(java.base@21.0.10/Native Method)
	- parking to wait for  <0x000000070234f798> (a java.lang.String)
	at java.util.concurrent.locks.LockSupport.parkNanos(java.base@21.0.10/LockSupport.java:269)
	at net.minecraft.server.MinecraftServer.recordTaskExecutionTimeWhileWaiting(MinecraftServer.java:1235)
	at net.minecraft.server.MinecraftServer.runServer(MinecraftServer.java:1341)
	at net.minecraft.server.MinecraftServer.lambda$spin$2(MinecraftServer.java:388)
	at net.minecraft.server.MinecraftServer$$Lambda/0x000001f693f41800.run(Unknown Source)
	at java.lang.Thread.runWith(java.base@21.0.10/Thread.java:1596)
	at java.lang.Thread.run(java.base@21.0.10/Thread.java:1583)
=== sample +5690ms ===
"Server thread" #81 [40644] prio=8 os_prio=1 cpu=1890.62ms elapsed=10.39s tid=0x000001f6e249b6f0 nid=40644 waiting on condition  [0x000000d0b69ff000]
   java.lang.Thread.State: TIMED_WAITING (parking)
	at jdk.internal.misc.Unsafe.park(java.base@21.0.10/Native Method)
	- parking to wait for  <0x000000070234f798> (a java.lang.String)
	at java.util.concurrent.locks.LockSupport.parkNanos(java.base@21.0.10/LockSupport.java:269)
	at net.minecraft.server.MinecraftServer.recordTaskExecutionTimeWhileWaiting(MinecraftServer.java:1235)
	at net.minecraft.server.MinecraftServer.runServer(MinecraftServer.java:1341)
	at net.minecraft.server.MinecraftServer.lambda$spin$2(MinecraftServer.java:388)
	at net.minecraft.server.MinecraftServer$$Lambda/0x000001f693f41800.run(Unknown Source)
	at java.lang.Thread.runWith(java.base@21.0.10/Thread.java:1596)
	at java.lang.Thread.run(java.base@21.0.10/Thread.java:1583)
=== sample +5958ms ===
"Server thread" #81 [40644] prio=8 os_prio=1 cpu=1921.88ms elapsed=10.66s tid=0x000001f6e249b6f0 nid=40644 runnable  [0x000000d0b69fd000]
   java.lang.Thread.State: RUNNABLE
	at org.bukkit.craftbukkit.entity.CraftEntityTypes.<clinit>(CraftEntityTypes.java:279)
	at org.bukkit.craftbukkit.entity.CraftEntity.getEntity(CraftEntity.java:134)
	at net.minecraft.world.entity.Entity.getBukkitEntity(Entity.java:199)
	- locked <0x000000071e6f99f8> (a net.minecraft.world.entity.animal.cow.Cow)
	at net.minecraft.world.entity.Entity.setAirSupply(Entity.java:3697)
	at net.minecraft.world.entity.Entity.load(Entity.java:2686)
	at net.minecraft.world.entity.EntityType.lambda$create$25(EntityType.java:1525)
	at net.minecraft.world.entity.EntityType$$Lambda/0x000001f6943034d8.accept(Unknown Source)
	at net.minecraft.util.Util.ifElse(Util.java:673)
	at net.minecraft.world.entity.EntityType.create(EntityType.java:1520)
	at net.minecraft.world.entity.EntityType.create(EntityType.java:1515)
	at net.minecraft.world.entity.EntityType.loadStaticEntity(EntityType.java:1637)
	at net.minecraft.world.entity.EntityType.loadEntityRecursive(EntityType.java:1591)
	at net.minecraft.world.entity.EntityType.lambda$loadEntitiesRecursive$31(EntityType.java:1619)
	at net.minecraft.world.entity.EntityType$$Lambda/0x000001f694302a28.accept(Unknown Source)
	at java.util.stream.ReferencePipeline$11$1.accept(java.base@21.0.10/ReferencePipeline.java:450)
	at com.google.common.collect.Streams$1Splitr.tryAdvance(Streams.java:489)
	at java.util.Spliterator.forEachRemaining(java.base@21.0.10/Spliterator.java:332)
	at java.util.stream.AbstractPipeline.copyInto(java.base@21.0.10/AbstractPipeline.java:509)
	at java.util.stream.AbstractPipeline.wrapAndCopyInto(java.base@21.0.10/AbstractPipeline.java:499)
	at java.util.stream.AbstractPipeline.evaluate(java.base@21.0.10/AbstractPipeline.java:575)
	at java.util.stream.AbstractPipeline.evaluateToArrayNode(java.base@21.0.10/AbstractPipeline.java:260)
	at java.util.stream.ReferencePipeline.toArray(java.base@21.0.10/ReferencePipeline.java:616)
	at java.util.stream.ReferencePipeline.toArray(java.base@21.0.10/ReferencePipeline.java:622)
	at java.util.stream.ReferencePipeline.toList(java.base@21.0.10/ReferencePipeline.java:627)
	at net.minecraft.server.level.ServerLevel.addWorldGenChunkEntities(ServerLevel.java:2556)
	at net.minecraft.world.level.chunk.status.ChunkStatusTasks.postLoadProtoChunk(ChunkStatusTasks.java:215)
	at ca.spottedleaf.moonrise.paper.PaperHooks.postLoadProtoChunk(PaperHooks.java:298)
	at ca.spottedleaf.moonrise.patches.chunk_system.scheduling.task.ChunkFullTask.lambda$run$0(ChunkFullTask.java:68)
	at ca.spottedleaf.moonrise.patches.chunk_system.scheduling.task.ChunkFullTask$$Lambda/0x000001f6942170e8.run(Unknown Source)
	at net.minecraft.world.level.chunk.LevelChunk.runPostLoad(LevelChunk.java:631)
	at ca.spottedleaf.moonrise.patches.chunk_system.scheduling.task.ChunkFullTask.run(ChunkFullTask.java:80)
	at ca.spottedleaf.concurrentutil.executor.queue.PrioritisedTaskQueue$PrioritisedQueuedTask.execute(PrioritisedTaskQueue.java:345)
	at ca.spottedleaf.concurrentutil.executor.queue.PrioritisedTaskQueue.executeTask(PrioritisedTaskQueue.java:126)
	at ca.spottedleaf.moonrise.patches.chunk_system.scheduling.ChunkTaskScheduler.executeMainThreadTask(ChunkTaskScheduler.java:338)
	at net.minecraft.server.level.ServerChunkCache$MainThreadExecutor.pollTask(ServerChunkCache.java:831)
	at net.minecraft.server.level.ServerChunkCache.pollTask(ServerChunkCache.java:429)
	at net.minecraft.server.MinecraftServer.pollTaskInternal(MinecraftServer.java:1512)
	at net.minecraft.server.MinecraftServer.pollTask(MinecraftServer.java:1499)
	at net.minecraft.server.MinecraftServer.recordTaskExecutionTimeWhileWaiting(MinecraftServer.java:1225)
	at net.minecraft.server.MinecraftServer.runServer(MinecraftServer.java:1341)
	at net.minecraft.server.MinecraftServer.lambda$spin$2(MinecraftServer.java:388)
	at net.minecraft.server.MinecraftServer$$Lambda/0x000001f693f41800.run(Unknown Source)
	at java.lang.Thread.runWith(java.base@21.0.10/Thread.java:1596)
	at java.lang.Thread.run(java.base@21.0.10/Thread.java:1583)
=== sample +6224ms ===
"Server thread" #81 [40644] prio=8 os_prio=1 cpu=2031.25ms elapsed=10.93s tid=0x000001f6e249b6f0 nid=40644 runnable  [0x000000d0b69fc000]
   java.lang.Thread.State: RUNNABLE
	at java.lang.ClassLoader.defineClass1(java.base@21.0.10/Native Method)
	at java.lang.ClassLoader.defineClass(java.base@21.0.10/ClassLoader.java:1027)
	at java.security.SecureClassLoader.defineClass(java.base@21.0.10/SecureClassLoader.java:150)
	at java.net.URLClassLoader.defineClass(java.base@21.0.10/URLClassLoader.java:524)
	at java.net.URLClassLoader$1.run(java.base@21.0.10/URLClassLoader.java:427)
	at java.net.URLClassLoader$1.run(java.base@21.0.10/URLClassLoader.java:421)
	at java.security.AccessController.executePrivileged(java.base@21.0.10/AccessController.java:809)
	at java.security.AccessController.doPrivileged(java.base@21.0.10/AccessController.java:714)
	at java.net.URLClassLoader.findClass(java.base@21.0.10/URLClassLoader.java:420)
	at java.lang.ClassLoader.loadClass(java.base@21.0.10/ClassLoader.java:593)
	- locked <0x000000071daae068> (a java.lang.Object)
	at java.lang.ClassLoader.loadClass(java.base@21.0.10/ClassLoader.java:526)
	at org.bukkit.craftbukkit.entity.CraftEntityTypes.<clinit>(CraftEntityTypes.java:303)
	at org.bukkit.craftbukkit.entity.CraftEntity.getEntity(CraftEntity.java:134)
	at net.minecraft.world.entity.Entity.getBukkitEntity(Entity.java:199)
	- locked <0x000000071e6f99f8> (a net.minecraft.world.entity.animal.cow.Cow)
	at net.minecraft.world.entity.Entity.setAirSupply(Entity.java:3697)
	at net.minecraft.world.entity.Entity.load(Entity.java:2686)
	at net.minecraft.world.entity.EntityType.lambda$create$25(EntityType.java:1525)
	at net.minecraft.world.entity.EntityType$$Lambda/0x000001f6943034d8.accept(Unknown Source)
	at net.minecraft.util.Util.ifElse(Util.java:673)
	at net.minecraft.world.entity.EntityType.create(EntityType.java:1520)
	at net.minecraft.world.entity.EntityType.create(EntityType.java:1515)
	at net.minecraft.world.entity.EntityType.loadStaticEntity(EntityType.java:1637)
	at net.minecraft.world.entity.EntityType.loadEntityRecursive(EntityType.java:1591)
	at net.minecraft.world.entity.EntityType.lambda$loadEntitiesRecursive$31(EntityType.java:1619)
	at net.minecraft.world.entity.EntityType$$Lambda/0x000001f694302a28.accept(Unknown Source)
	at java.util.stream.ReferencePipeline$11$1.accept(java.base@21.0.10/ReferencePipeline.java:450)
	at com.google.common.collect.Streams$1Splitr.tryAdvance(Streams.java:489)
	at java.util.Spliterator.forEachRemaining(java.base@21.0.10/Spliterator.java:332)
	at java.util.stream.AbstractPipeline.copyInto(java.base@21.0.10/AbstractPipeline.java:509)
	at java.util.stream.AbstractPipeline.wrapAndCopyInto(java.base@21.0.10/AbstractPipeline.java:499)
	at java.util.stream.AbstractPipeline.evaluate(java.base@21.0.10/AbstractPipeline.java:575)
	at java.util.stream.AbstractPipeline.evaluateToArrayNode(java.base@21.0.10/AbstractPipeline.java:260)
	at java.util.stream.ReferencePipeline.toArray(java.base@21.0.10/ReferencePipeline.java:616)
	at java.util.stream.ReferencePipeline.toArray(java.base@21.0.10/ReferencePipeline.java:622)
	at java.util.stream.ReferencePipeline.toList(java.base@21.0.10/ReferencePipeline.java:627)
	at net.minecraft.server.level.ServerLevel.addWorldGenChunkEntities(ServerLevel.java:2556)
	at net.minecraft.world.level.chunk.status.ChunkStatusTasks.postLoadProtoChunk(ChunkStatusTasks.java:215)
	at ca.spottedleaf.moonrise.paper.PaperHooks.postLoadProtoChunk(PaperHooks.java:298)
	at ca.spottedleaf.moonrise.patches.chunk_system.scheduling.task.ChunkFullTask.lambda$run$0(ChunkFullTask.java:68)
	at ca.spottedleaf.moonrise.patches.chunk_system.scheduling.task.ChunkFullTask$$Lambda/0x000001f6942170e8.run(Unknown Source)
	at net.minecraft.world.level.chunk.LevelChunk.runPostLoad(LevelChunk.java:631)
	at ca.spottedleaf.moonrise.patches.chunk_system.scheduling.task.ChunkFullTask.run(ChunkFullTask.java:80)
	at ca.spottedleaf.concurrentutil.executor.queue.PrioritisedTaskQueue$PrioritisedQueuedTask.execute(PrioritisedTaskQueue.java:345)
	at ca.spottedleaf.concurrentutil.executor.queue.PrioritisedTaskQueue.executeTask(PrioritisedTaskQueue.java:126)
	at ca.spottedleaf.moonrise.patches.chunk_system.scheduling.ChunkTaskScheduler.executeMainThreadTask(ChunkTaskScheduler.java:338)
	at net.minecraft.server.level.ServerChunkCache$MainThreadExecutor.pollTask(ServerChunkCache.java:831)
	at net.minecraft.server.level.ServerChunkCache.pollTask(ServerChunkCache.java:429)
	at net.minecraft.server.MinecraftServer.pollTaskInternal(MinecraftServer.java:1512)
	at net.minecraft.server.MinecraftServer.pollTask(MinecraftServer.java:1499)
	at net.minecraft.server.MinecraftServer.recordTaskExecutionTimeWhileWaiting(MinecraftServer.java:1225)
	at net.minecraft.server.MinecraftServer.runServer(MinecraftServer.java:1341)
	at net.minecraft.server.MinecraftServer.lambda$spin$2(MinecraftServer.java:388)
	at net.minecraft.server.MinecraftServer$$Lambda/0x000001f693f41800.run(Unknown Source)
	at java.lang.Thread.runWith(java.base@21.0.10/Thread.java:1596)
	at java.lang.Thread.run(java.base@21.0.10/Thread.java:1583)
=== sample +6484ms ===
"Server thread" #81 [40644] prio=8 os_prio=1 cpu=2250.00ms elapsed=11.19s tid=0x000001f6e249b6f0 nid=40644 runnable  [0x000000d0b69fd000]
   java.lang.Thread.State: RUNNABLE
	at org.bukkit.craftbukkit.entity.CraftEntityTypes.<clinit>(CraftEntityTypes.java:447)
	at org.bukkit.craftbukkit.entity.CraftEntity.getEntity(CraftEntity.java:134)
	at net.minecraft.world.entity.Entity.getBukkitEntity(Entity.java:199)
	- locked <0x000000071e6f99f8> (a net.minecraft.world.entity.animal.cow.Cow)
	at net.minecraft.world.entity.Entity.setAirSupply(Entity.java:3697)
	at net.minecraft.world.entity.Entity.load(Entity.java:2686)
	at net.minecraft.world.entity.EntityType.lambda$create$25(EntityType.java:1525)
	at net.minecraft.world.entity.EntityType$$Lambda/0x000001f6943034d8.accept(Unknown Source)
	at net.minecraft.util.Util.ifElse(Util.java:673)
	at net.minecraft.world.entity.EntityType.create(EntityType.java:1520)
	at net.minecraft.world.entity.EntityType.create(EntityType.java:1515)
	at net.minecraft.world.entity.EntityType.loadStaticEntity(EntityType.java:1637)
	at net.minecraft.world.entity.EntityType.loadEntityRecursive(EntityType.java:1591)
	at net.minecraft.world.entity.EntityType.lambda$loadEntitiesRecursive$31(EntityType.java:1619)
	at net.minecraft.world.entity.EntityType$$Lambda/0x000001f694302a28.accept(Unknown Source)
	at java.util.stream.ReferencePipeline$11$1.accept(java.base@21.0.10/ReferencePipeline.java:450)
	at com.google.common.collect.Streams$1Splitr.tryAdvance(Streams.java:489)
	at java.util.Spliterator.forEachRemaining(java.base@21.0.10/Spliterator.java:332)
	at java.util.stream.AbstractPipeline.copyInto(java.base@21.0.10/AbstractPipeline.java:509)
	at java.util.stream.AbstractPipeline.wrapAndCopyInto(java.base@21.0.10/AbstractPipeline.java:499)
	at java.util.stream.AbstractPipeline.evaluate(java.base@21.0.10/AbstractPipeline.java:575)
	at java.util.stream.AbstractPipeline.evaluateToArrayNode(java.base@21.0.10/AbstractPipeline.java:260)
	at java.util.stream.ReferencePipeline.toArray(java.base@21.0.10/ReferencePipeline.java:616)
	at java.util.stream.ReferencePipeline.toArray(java.base@21.0.10/ReferencePipeline.java:622)
	at java.util.stream.ReferencePipeline.toList(java.base@21.0.10/ReferencePipeline.java:627)
	at net.minecraft.server.level.ServerLevel.addWorldGenChunkEntities(ServerLevel.java:2556)
	at net.minecraft.world.level.chunk.status.ChunkStatusTasks.postLoadProtoChunk(ChunkStatusTasks.java:215)
	at ca.spottedleaf.moonrise.paper.PaperHooks.postLoadProtoChunk(PaperHooks.java:298)
	at ca.spottedleaf.moonrise.patches.chunk_system.scheduling.task.ChunkFullTask.lambda$run$0(ChunkFullTask.java:68)
	at ca.spottedleaf.moonrise.patches.chunk_system.scheduling.task.ChunkFullTask$$Lambda/0x000001f6942170e8.run(Unknown Source)
	at net.minecraft.world.level.chunk.LevelChunk.runPostLoad(LevelChunk.java:631)
	at ca.spottedleaf.moonrise.patches.chunk_system.scheduling.task.ChunkFullTask.run(ChunkFullTask.java:80)
	at ca.spottedleaf.concurrentutil.executor.queue.PrioritisedTaskQueue$PrioritisedQueuedTask.execute(PrioritisedTaskQueue.java:345)
	at ca.spottedleaf.concurrentutil.executor.queue.PrioritisedTaskQueue.executeTask(PrioritisedTaskQueue.java:126)
	at ca.spottedleaf.moonrise.patches.chunk_system.scheduling.ChunkTaskScheduler.executeMainThreadTask(ChunkTaskScheduler.java:338)
	at net.minecraft.server.level.ServerChunkCache$MainThreadExecutor.pollTask(ServerChunkCache.java:831)
	at net.minecraft.server.level.ServerChunkCache.pollTask(ServerChunkCache.java:429)
	at net.minecraft.server.MinecraftServer.pollTaskInternal(MinecraftServer.java:1512)
	at net.minecraft.server.MinecraftServer.pollTask(MinecraftServer.java:1499)
	at net.minecraft.server.MinecraftServer.recordTaskExecutionTimeWhileWaiting(MinecraftServer.java:1225)
	at net.minecraft.server.MinecraftServer.runServer(MinecraftServer.java:1341)
	at net.minecraft.server.MinecraftServer.lambda$spin$2(MinecraftServer.java:388)
	at net.minecraft.server.MinecraftServer$$Lambda/0x000001f693f41800.run(Unknown Source)
	at java.lang.Thread.runWith(java.base@21.0.10/Thread.java:1596)
	at java.lang.Thread.run(java.base@21.0.10/Thread.java:1583)
=== sample +6753ms ===
"Server thread" #81 [40644] prio=8 os_prio=1 cpu=2437.50ms elapsed=11.46s tid=0x000001f6e249b6f0 nid=40644 runnable  [0x000000d0b69fe000]
   java.lang.Thread.State: RUNNABLE
	at org.bukkit.event.block.BlockPhysicsEvent.getHandlers(BlockPhysicsEvent.java:103)
	at io.papermc.paper.plugin.manager.PaperEventManager.callEvent(PaperEventManager.java:45)
	at io.papermc.paper.plugin.manager.PaperPluginManagerImpl.callEvent(PaperPluginManagerImpl.java:131)
	at org.bukkit.plugin.SimplePluginManager.callEvent(SimplePluginManager.java:628)
	at net.minecraft.world.level.redstone.NeighborUpdater.executeUpdate(NeighborUpdater.java:54)
	at net.minecraft.world.level.redstone.CollectingNeighborUpdater$MultiNeighborUpdate.runNext(CollectingNeighborUpdater.java:148)
	at net.minecraft.world.level.redstone.CollectingNeighborUpdater.runUpdates(CollectingNeighborUpdater.java:88)
	at net.minecraft.world.level.redstone.CollectingNeighborUpdater.addAndRun(CollectingNeighborUpdater.java:70)
	at net.minecraft.world.level.redstone.CollectingNeighborUpdater.updateNeighborsAtExceptFromFacing(CollectingNeighborUpdater.java:52)
	at net.minecraft.server.level.ServerLevel.updateNeighborsAt(ServerLevel.java:1867)
	at net.minecraft.server.level.ServerLevel.updateNeighborsAt(ServerLevel.java:1861)
	at net.minecraft.world.level.Level.notifyAndUpdatePhysics(Level.java:1157)
	at net.minecraft.world.level.Level.setBlock(Level.java:1129)
	at net.minecraft.world.level.Level.setBlock(Level.java:1041)
	at net.minecraft.world.level.block.LeavesBlock.tick(LeavesBlock.java:88)
	at net.minecraft.world.level.block.state.BlockBehaviour$BlockStateBase.tick(BlockBehaviour.java:877)
	at net.minecraft.server.level.ServerLevel.tickBlock(ServerLevel.java:1316)
	at net.minecraft.server.level.ServerLevel$$Lambda/0x000001f694257848.accept(Unknown Source)
	at net.minecraft.world.ticks.LevelTicks.runCollectedTicks(LevelTicks.java:189)
	at net.minecraft.world.ticks.LevelTicks.tick(LevelTicks.java:88)
	at net.minecraft.server.level.ServerLevel.tick(ServerLevel.java:797)
	at net.minecraft.server.MinecraftServer.tickChildren(MinecraftServer.java:1819)
	at net.minecraft.server.MinecraftServer.tickServer(MinecraftServer.java:1611)
	at net.minecraft.server.dedicated.DedicatedServer.tickServer(DedicatedServer.java:427)
	at net.minecraft.server.MinecraftServer.processPacketsAndTick(MinecraftServer.java:1667)
	at net.minecraft.server.MinecraftServer.runServer(MinecraftServer.java:1335)
	at net.minecraft.server.MinecraftServer.lambda$spin$2(MinecraftServer.java:388)
	at net.minecraft.server.MinecraftServer$$Lambda/0x000001f693f41800.run(Unknown Source)
	at java.lang.Thread.runWith(java.base@21.0.10/Thread.java:1596)
	at java.lang.Thread.run(java.base@21.0.10/Thread.java:1583)
=== sample +7028ms ===
"Server thread" #81 [40644] prio=8 os_prio=1 cpu=2625.00ms elapsed=11.72s tid=0x000001f6e249b6f0 nid=40644 runnable  [0x000000d0b69fe000]
   java.lang.Thread.State: RUNNABLE
	at com.google.common.hash.ChecksumHashFunction.newHasher(ChecksumHashFunction.java:57)
	at com.google.common.hash.AbstractHashFunction.newHasher(AbstractHashFunction.java:79)
	at com.google.common.hash.AbstractHashFunction.hashBytes(AbstractHashFunction.java:67)
	at com.google.common.hash.AbstractHashFunction.hashBytes(AbstractHashFunction.java:61)
	at net.minecraft.util.HashOps.<init>(HashOps.java:68)
	at net.minecraft.util.HashOps.<clinit>(HashOps.java:58)
	at net.minecraft.server.level.ServerPlayer$1$1.<init>(ServerPlayer.java:280)
	at net.minecraft.server.level.ServerPlayer$1.<init>(ServerPlayer.java:277)
	at net.minecraft.server.level.ServerPlayer.<init>(ServerPlayer.java:275)
	at net.minecraft.server.network.config.PrepareSpawnTask$Ready.spawn(PrepareSpawnTask.java:277)
	at net.minecraft.server.network.config.PrepareSpawnTask.spawnPlayer(PrepareSpawnTask.java:138)
	at net.minecraft.server.network.ServerConfigurationPacketListenerImpl.handleConfigurationFinished(ServerConfigurationPacketListenerImpl.java:207)
	at net.minecraft.network.protocol.configuration.ServerboundFinishConfigurationPacket.handle(ServerboundFinishConfigurationPacket.java:22)
	at net.minecraft.network.protocol.configuration.ServerboundFinishConfigurationPacket.handle(ServerboundFinishConfigurationPacket.java:8)
	at net.minecraft.network.PacketProcessor$ListenerAndPacket.handle(PacketProcessor.java:99)
	at net.minecraft.network.PacketProcessor.executeSinglePacket(PacketProcessor.java:33)
	at net.minecraft.server.MinecraftServer.runAllTasksAtTickStart(MinecraftServer.java:1180)
	at net.minecraft.server.MinecraftServer.processPacketsAndTick(MinecraftServer.java:1666)
	at net.minecraft.server.MinecraftServer.runServer(MinecraftServer.java:1335)
	at net.minecraft.server.MinecraftServer.lambda$spin$2(MinecraftServer.java:388)
	at net.minecraft.server.MinecraftServer$$Lambda/0x000001f693f41800.run(Unknown Source)
	at java.lang.Thread.runWith(java.base@21.0.10/Thread.java:1596)
	at java.lang.Thread.run(java.base@21.0.10/Thread.java:1583)
=== sample +7296ms ===
"Server thread" #81 [40644] prio=8 os_prio=1 cpu=2765.62ms elapsed=12.00s tid=0x000001f6e249b6f0 nid=40644 runnable  [0x000000d0b69fe000]
   java.lang.Thread.State: RUNNABLE
	at org.bukkit.craftbukkit.event.CraftEventFactory$1.<clinit>(CraftEventFactory.java:2085)
	at org.bukkit.craftbukkit.event.CraftEventFactory.handleStatisticsIncrease(CraftEventFactory.java:1710)
	at net.minecraft.stats.StatsCounter.increment(StatsCounter.java:18)
	at net.minecraft.server.level.ServerPlayer.awardStat(ServerPlayer.java:2048)
	at net.minecraft.world.entity.player.Player.awardStat(Player.java:1464)
	at net.minecraft.world.entity.player.Player.awardStat(Player.java:1456)
	at net.minecraft.server.level.ServerPlayer.doTick(ServerPlayer.java:807)
	at net.minecraft.server.network.ServerGamePacketListenerImpl.tickPlayer(ServerGamePacketListenerImpl.java:377)
	at net.minecraft.server.network.ServerGamePacketListenerImpl.tick(ServerGamePacketListenerImpl.java:357)
	at net.minecraft.network.Connection.tick(Connection.java:573)
	at net.minecraft.server.network.ServerConnectionListener.tick(ServerConnectionListener.java:230)
	- locked <0x0000000700f84930> (a java.util.Collections$SynchronizedRandomAccessList)
	at net.minecraft.server.MinecraftServer.tickConnection(MinecraftServer.java:1870)
	at net.minecraft.server.dedicated.DedicatedServer.tickConnection(DedicatedServer.java:549)
	at net.minecraft.server.MinecraftServer.tickChildren(MinecraftServer.java:1833)
	at net.minecraft.server.MinecraftServer.tickServer(MinecraftServer.java:1611)
	at net.minecraft.server.dedicated.DedicatedServer.tickServer(DedicatedServer.java:427)
	at net.minecraft.server.MinecraftServer.processPacketsAndTick(MinecraftServer.java:1667)
	at net.minecraft.server.MinecraftServer.runServer(MinecraftServer.java:1335)
	at net.minecraft.server.MinecraftServer.lambda$spin$2(MinecraftServer.java:388)
	at net.minecraft.server.MinecraftServer$$Lambda/0x000001f693f41800.run(Unknown Source)
	at java.lang.Thread.runWith(java.base@21.0.10/Thread.java:1596)
	at java.lang.Thread.run(java.base@21.0.10/Thread.java:1583)
=== sample +7561ms ===
"Server thread" #81 [40644] prio=8 os_prio=1 cpu=2828.12ms elapsed=12.27s tid=0x000001f6e249b6f0 nid=40644 waiting on condition  [0x000000d0b69ff000]
   java.lang.Thread.State: TIMED_WAITING (parking)
	at jdk.internal.misc.Unsafe.park(java.base@21.0.10/Native Method)
	- parking to wait for  <0x000000070234f798> (a java.lang.String)
	at java.util.concurrent.locks.LockSupport.parkNanos(java.base@21.0.10/LockSupport.java:269)
	at net.minecraft.server.MinecraftServer.recordTaskExecutionTimeWhileWaiting(MinecraftServer.java:1235)
	at net.minecraft.server.MinecraftServer.runServer(MinecraftServer.java:1341)
	at net.minecraft.server.MinecraftServer.lambda$spin$2(MinecraftServer.java:388)
	at net.minecraft.server.MinecraftServer$$Lambda/0x000001f693f41800.run(Unknown Source)
	at java.lang.Thread.runWith(java.base@21.0.10/Thread.java:1596)
	at java.lang.Thread.run(java.base@21.0.10/Thread.java:1583)
=== sample +7839ms ===
"Server thread" #81 [40644] prio=8 os_prio=1 cpu=2859.38ms elapsed=12.54s tid=0x000001f6e249b6f0 nid=40644 runnable  [0x000000d0b69fe000]
   java.lang.Thread.State: RUNNABLE
	at net.minecraft.world.level.BlockGetter.addCollisionsAlongTravel(BlockGetter.java:292)
	at net.minecraft.world.level.BlockGetter.forEachBlockIntersectedBetween(BlockGetter.java:233)
	at net.minecraft.world.entity.Entity.checkInsideBlocks(Entity.java:1715)
	at net.minecraft.world.entity.Entity.checkInsideBlocks(Entity.java:1692)
	at net.minecraft.world.entity.Entity.applyEffectsFromBlocks(Entity.java:1348)
	at net.minecraft.world.entity.Entity.applyEffectsFromBlocks(Entity.java:1305)
	at net.minecraft.world.entity.LivingEntity.aiStep(LivingEntity.java:3713)
	at net.minecraft.world.entity.Mob.aiStep(Mob.java:522)
	at net.minecraft.world.entity.LivingEntity.tick(LivingEntity.java:3383)
	at net.minecraft.world.entity.Mob.tick(Mob.java:389)
	at net.minecraft.world.entity.ambient.Bat.tick(Bat.java:118)
	at net.minecraft.server.level.ServerLevel.tickNonPassenger(ServerLevel.java:1354)
	at net.minecraft.server.level.ServerLevel$$Lambda/0x000001f6948233b0.accept(Unknown Source)
	at net.minecraft.world.level.Level.guardEntityTick(Level.java:1428)
	at net.minecraft.server.level.ServerLevel.lambda$tick$4(ServerLevel.java:854)
	at net.minecraft.server.level.ServerLevel$$Lambda/0x000001f694267110.accept(Unknown Source)
	at net.minecraft.world.level.entity.EntityTickList.forEach(EntityTickList.java:39)
	at net.minecraft.server.level.ServerLevel.tick(ServerLevel.java:836)
	at net.minecraft.server.MinecraftServer.tickChildren(MinecraftServer.java:1819)
	at net.minecraft.server.MinecraftServer.tickServer(MinecraftServer.java:1611)
	at net.minecraft.server.dedicated.DedicatedServer.tickServer(DedicatedServer.java:427)
	at net.minecraft.server.MinecraftServer.processPacketsAndTick(MinecraftServer.java:1667)
	at net.minecraft.server.MinecraftServer.runServer(MinecraftServer.java:1335)
	at net.minecraft.server.MinecraftServer.lambda$spin$2(MinecraftServer.java:388)
	at net.minecraft.server.MinecraftServer$$Lambda/0x000001f693f41800.run(Unknown Source)
	at java.lang.Thread.runWith(java.base@21.0.10/Thread.java:1596)
	at java.lang.Thread.run(java.base@21.0.10/Thread.java:1583)
=== sample +8106ms ===
"Server thread" #81 [40644] prio=8 os_prio=1 cpu=2906.25ms elapsed=12.81s tid=0x000001f6e249b6f0 nid=40644 runnable  [0x000000d0b69fd000]
   java.lang.Thread.State: RUNNABLE
	at org.bukkit.craftbukkit.block.CraftBlockStates.<clinit>(CraftBlockStates.java:103)
	at org.bukkit.craftbukkit.event.CraftEventFactory.handleBlockFormEvent(CraftEventFactory.java:1923)
	at org.bukkit.craftbukkit.event.CraftEventFactory.handleBlockFormEvent(CraftEventFactory.java:1919)
	at org.bukkit.craftbukkit.event.CraftEventFactory.handleBlockFormEvent(CraftEventFactory.java:1915)
	at net.minecraft.world.level.block.LiquidBlock.shouldSpreadLiquid(LiquidBlock.java:201)
	at net.minecraft.world.level.block.LiquidBlock.neighborChanged(LiquidBlock.java:187)
	at net.minecraft.world.level.block.state.BlockBehaviour$BlockStateBase.handleNeighborChanged(BlockBehaviour.java:834)
	at net.minecraft.world.level.redstone.NeighborUpdater.executeUpdate(NeighborUpdater.java:60)
	at net.minecraft.world.level.redstone.CollectingNeighborUpdater$MultiNeighborUpdate.runNext(CollectingNeighborUpdater.java:148)
	at net.minecraft.world.level.redstone.CollectingNeighborUpdater.runUpdates(CollectingNeighborUpdater.java:88)
	at net.minecraft.world.level.redstone.CollectingNeighborUpdater.addAndRun(CollectingNeighborUpdater.java:70)
	at net.minecraft.world.level.redstone.CollectingNeighborUpdater.updateNeighborsAtExceptFromFacing(CollectingNeighborUpdater.java:52)
	at net.minecraft.server.level.ServerLevel.updateNeighborsAt(ServerLevel.java:1867)
	at net.minecraft.server.level.ServerLevel.updateNeighborsAt(ServerLevel.java:1861)
	at net.minecraft.world.level.Level.notifyAndUpdatePhysics(Level.java:1157)
	at net.minecraft.world.level.Level.setBlock(Level.java:1129)
	at net.minecraft.world.level.Level.setBlock(Level.java:1041)
	at net.minecraft.world.level.material.FlowingFluid.spreadTo(FlowingFluid.java:332)
	at net.minecraft.world.level.material.FlowingFluid.spread(FlowingFluid.java:173)
	at net.minecraft.world.level.material.FlowingFluid.tick(FlowingFluid.java:509)
	at net.minecraft.world.level.material.FluidState.tick(FluidState.java:100)
	at net.minecraft.world.level.chunk.LevelChunk.postProcessGeneration(LevelChunk.java:777)
	at ca.spottedleaf.moonrise.patches.chunk_system.player.RegionizedPlayerChunkLoader$PlayerChunkLoaderData.updateQueues(RegionizedPlayerChunkLoader.java:836)
	at ca.spottedleaf.moonrise.patches.chunk_system.player.RegionizedPlayerChunkLoader.tick(RegionizedPlayerChunkLoader.java:316)
	at net.minecraft.server.level.ServerChunkCache.tick(ServerChunkCache.java:487)
	at net.minecraft.server.level.ServerLevel.tick(ServerLevel.java:809)
	at net.minecraft.server.MinecraftServer.tickChildren(MinecraftServer.java:1819)
	at net.minecraft.server.MinecraftServer.tickServer(MinecraftServer.java:1611)
	at net.minecraft.server.dedicated.DedicatedServer.tickServer(DedicatedServer.java:427)
	at net.minecraft.server.MinecraftServer.processPacketsAndTick(MinecraftServer.java:1667)
	at net.minecraft.server.MinecraftServer.runServer(MinecraftServer.java:1335)
	at net.minecraft.server.MinecraftServer.lambda$spin$2(MinecraftServer.java:388)
	at net.minecraft.server.MinecraftServer$$Lambda/0x000001f693f41800.run(Unknown Source)
	at java.lang.Thread.runWith(java.base@21.0.10/Thread.java:1596)
	at java.lang.Thread.run(java.base@21.0.10/Thread.java:1583)
=== sample +8402ms ===
"Server thread" #81 [40644] prio=8 os_prio=1 cpu=2968.75ms elapsed=13.09s tid=0x000001f6e249b6f0 nid=40644 runnable  [0x000000d0b69fe000]
   java.lang.Thread.State: RUNNABLE
	at net.minecraft.server.MinecraftServer.runServer(MinecraftServer.java:1347)
	at net.minecraft.server.MinecraftServer.lambda$spin$2(MinecraftServer.java:388)
	at net.minecraft.server.MinecraftServer$$Lambda/0x000001f693f41800.run(Unknown Source)
	at java.lang.Thread.runWith(java.base@21.0.10/Thread.java:1596)
	at java.lang.Thread.run(java.base@21.0.10/Thread.java:1583)
=== sample +8698ms ===
"Server thread" #81 [40644] prio=8 os_prio=1 cpu=3015.62ms elapsed=13.38s tid=0x000001f6e249b6f0 nid=40644 runnable  [0x000000d0b69ff000]
   java.lang.Thread.State: TIMED_WAITING (parking)
	at jdk.internal.misc.Unsafe.park(java.base@21.0.10/Native Method)
	- parking to wait for  <0x000000070234f798> (a java.lang.String)
	at java.util.concurrent.locks.LockSupport.parkNanos(java.base@21.0.10/LockSupport.java:269)
	at net.minecraft.server.MinecraftServer.recordTaskExecutionTimeWhileWaiting(MinecraftServer.java:1235)
	at net.minecraft.server.MinecraftServer.runServer(MinecraftServer.java:1341)
	at net.minecraft.server.MinecraftServer.lambda$spin$2(MinecraftServer.java:388)
	at net.minecraft.server.MinecraftServer$$Lambda/0x000001f693f41800.run(Unknown Source)
	at java.lang.Thread.runWith(java.base@21.0.10/Thread.java:1596)
	at java.lang.Thread.run(java.base@21.0.10/Thread.java:1583)
=== sample +9024ms ===
"Server thread" #81 [40644] prio=8 os_prio=1 cpu=3171.88ms elapsed=13.70s tid=0x000001f6e249b6f0 nid=40644 runnable  [0x000000d0b69fd000]
   java.lang.Thread.State: RUNNABLE
	at net.minecraft.world.ticks.SavedTick.unpack(SavedTick.java:50)
	at net.minecraft.world.ticks.LevelChunkTicks.unpack(LevelChunkTicks.java:135)
	at net.minecraft.world.level.chunk.LevelChunk.unpackTicks(LevelChunk.java:826)
	at net.minecraft.server.level.ServerLevel.startTickingChunk(ServerLevel.java:2560)
	at ca.spottedleaf.moonrise.paper.util.BaseChunkSystemHooks.onChunkTicking(BaseChunkSystemHooks.java:116)
	at ca.spottedleaf.moonrise.patches.chunk_system.scheduling.NewChunkHolder.handleFullStatusChange(NewChunkHolder.java:1261)
	at ca.spottedleaf.moonrise.patches.chunk_system.scheduling.ChunkHolderManager.processPendingFullUpdate(ChunkHolderManager.java:1492)
	at ca.spottedleaf.moonrise.patches.chunk_system.scheduling.ChunkHolderManager.processTicketUpdates(ChunkHolderManager.java:1452)
	at net.minecraft.server.level.ServerChunkCache.runDistanceManagerUpdates(ServerChunkCache.java:433)
	at net.minecraft.server.level.ServerChunkCache$MainThreadExecutor.pollTask(ServerChunkCache.java:828)
	at net.minecraft.server.level.ServerChunkCache.pollTask(ServerChunkCache.java:429)
	at net.minecraft.server.MinecraftServer.tickMidTickTasks(MinecraftServer.java:425)
	at net.minecraft.server.MinecraftServer.moonrise$executeMidTickTasks(MinecraftServer.java:446)
	at net.minecraft.server.level.ServerChunkCache.iterateTickingChunksFaster(ServerChunkCache.java:179)
	at net.minecraft.server.level.ServerChunkCache.tickChunks(ServerChunkCache.java:594)
	at net.minecraft.server.level.ServerChunkCache.tickChunks(ServerChunkCache.java:507)
	at net.minecraft.server.level.ServerChunkCache.tick(ServerChunkCache.java:488)
	at net.minecraft.server.level.ServerLevel.tick(ServerLevel.java:809)
	at net.minecraft.server.MinecraftServer.tickChildren(MinecraftServer.java:1819)
	at net.minecraft.server.MinecraftServer.tickServer(MinecraftServer.java:1611)
	at net.minecraft.server.dedicated.DedicatedServer.tickServer(DedicatedServer.java:427)
	at net.minecraft.server.MinecraftServer.processPacketsAndTick(MinecraftServer.java:1667)
	at net.minecraft.server.MinecraftServer.runServer(MinecraftServer.java:1335)
	at net.minecraft.server.MinecraftServer.lambda$spin$2(MinecraftServer.java:388)
	at net.minecraft.server.MinecraftServer$$Lambda/0x000001f693f41800.run(Unknown Source)
	at java.lang.Thread.runWith(java.base@21.0.10/Thread.java:1596)
	at java.lang.Thread.run(java.base@21.0.10/Thread.java:1583)
=== sample +9301ms ===
"Server thread" #81 [40644] prio=8 os_prio=1 cpu=3265.62ms elapsed=14.00s tid=0x000001f6e249b6f0 nid=40644 waiting on condition  [0x000000d0b69ff000]
   java.lang.Thread.State: TIMED_WAITING (parking)
	at jdk.internal.misc.Unsafe.park(java.base@21.0.10/Native Method)
	- parking to wait for  <0x000000070234f798> (a java.lang.String)
	at java.util.concurrent.locks.LockSupport.parkNanos(java.base@21.0.10/LockSupport.java:269)
	at net.minecraft.server.MinecraftServer.recordTaskExecutionTimeWhileWaiting(MinecraftServer.java:1235)
	at net.minecraft.server.MinecraftServer.runServer(MinecraftServer.java:1341)
	at net.minecraft.server.MinecraftServer.lambda$spin$2(MinecraftServer.java:388)
	at net.minecraft.server.MinecraftServer$$Lambda/0x000001f693f41800.run(Unknown Source)
	at java.lang.Thread.runWith(java.base@21.0.10/Thread.java:1596)
	at java.lang.Thread.run(java.base@21.0.10/Thread.java:1583)
=== sample +9564ms ===
"Server thread" #81 [40644] prio=8 os_prio=1 cpu=3328.12ms elapsed=14.27s tid=0x000001f6e249b6f0 nid=40644 waiting on condition  [0x000000d0b69ff000]
   java.lang.Thread.State: TIMED_WAITING (parking)
	at jdk.internal.misc.Unsafe.park(java.base@21.0.10/Native Method)
	- parking to wait for  <0x000000070234f798> (a java.lang.String)
	at java.util.concurrent.locks.LockSupport.parkNanos(java.base@21.0.10/LockSupport.java:269)
	at net.minecraft.server.MinecraftServer.recordTaskExecutionTimeWhileWaiting(MinecraftServer.java:1235)
	at net.minecraft.server.MinecraftServer.runServer(MinecraftServer.java:1341)
	at net.minecraft.server.MinecraftServer.lambda$spin$2(MinecraftServer.java:388)
	at net.minecraft.server.MinecraftServer$$Lambda/0x000001f693f41800.run(Unknown Source)
	at java.lang.Thread.runWith(java.base@21.0.10/Thread.java:1596)
	at java.lang.Thread.run(java.base@21.0.10/Thread.java:1583)
=== sample +9827ms ===
"Server thread" #81 [40644] prio=8 os_prio=1 cpu=3421.88ms elapsed=14.53s tid=0x000001f6e249b6f0 nid=40644 runnable  [0x000000d0b69fd000]
   java.lang.Thread.State: RUNNABLE
	at net.minecraft.core.SectionPos.sectionRelativePos(SectionPos.java:101)
	at net.minecraft.server.level.ChunkHolder.blockChanged(ChunkHolder.java:238)
	at net.minecraft.server.level.ServerChunkCache.blockChanged(ServerChunkCache.java:658)
	at net.minecraft.server.level.ServerLevel.sendBlockUpdated(ServerLevel.java:1815)
	at net.minecraft.world.level.Level.notifyAndUpdatePhysics(Level.java:1153)
	at net.minecraft.world.level.Level.setBlock(Level.java:1129)
	at net.minecraft.world.level.Level.setBlock(Level.java:1041)
	at net.minecraft.world.level.block.BubbleColumnBlock.updateColumn(BubbleColumnBlock.java:81)
	at net.minecraft.world.level.block.BubbleColumnBlock.updateColumn(BubbleColumnBlock.java:75)
	at net.minecraft.world.level.block.MagmaBlock.tick(MagmaBlock.java:40)
	at net.minecraft.world.level.block.state.BlockBehaviour$BlockStateBase.tick(BlockBehaviour.java:877)
	at net.minecraft.server.level.ServerLevel.tickBlock(ServerLevel.java:1316)
	at net.minecraft.server.level.ServerLevel$$Lambda/0x000001f694257848.accept(Unknown Source)
	at net.minecraft.world.ticks.LevelTicks.runCollectedTicks(LevelTicks.java:189)
	at net.minecraft.world.ticks.LevelTicks.tick(LevelTicks.java:88)
	at net.minecraft.server.level.ServerLevel.tick(ServerLevel.java:797)
	at net.minecraft.server.MinecraftServer.tickChildren(MinecraftServer.java:1819)
	at net.minecraft.server.MinecraftServer.tickServer(MinecraftServer.java:1611)
	at net.minecraft.server.dedicated.DedicatedServer.tickServer(DedicatedServer.java:427)
	at net.minecraft.server.MinecraftServer.processPacketsAndTick(MinecraftServer.java:1667)
	at net.minecraft.server.MinecraftServer.runServer(MinecraftServer.java:1335)
	at net.minecraft.server.MinecraftServer.lambda$spin$2(MinecraftServer.java:388)
	at net.minecraft.server.MinecraftServer$$Lambda/0x000001f693f41800.run(Unknown Source)
	at java.lang.Thread.runWith(java.base@21.0.10/Thread.java:1596)
	at java.lang.Thread.run(java.base@21.0.10/Thread.java:1583)
=== sample +10106ms ===
"Server thread" #81 [40644] prio=8 os_prio=1 cpu=3500.00ms elapsed=14.81s tid=0x000001f6e249b6f0 nid=40644 waiting on condition  [0x000000d0b69ff000]
   java.lang.Thread.State: TIMED_WAITING (parking)
	at jdk.internal.misc.Unsafe.park(java.base@21.0.10/Native Method)
	- parking to wait for  <0x000000070234f798> (a java.lang.String)
	at java.util.concurrent.locks.LockSupport.parkNanos(java.base@21.0.10/LockSupport.java:269)
	at net.minecraft.server.MinecraftServer.recordTaskExecutionTimeWhileWaiting(MinecraftServer.java:1235)
	at net.minecraft.server.MinecraftServer.runServer(MinecraftServer.java:1341)
	at net.minecraft.server.MinecraftServer.lambda$spin$2(MinecraftServer.java:388)
	at net.minecraft.server.MinecraftServer$$Lambda/0x000001f693f41800.run(Unknown Source)
	at java.lang.Thread.runWith(java.base@21.0.10/Thread.java:1596)
	at java.lang.Thread.run(java.base@21.0.10/Thread.java:1583)
=== sample +10369ms ===
"Server thread" #81 [40644] prio=8 os_prio=1 cpu=3546.88ms elapsed=15.08s tid=0x000001f6e249b6f0 nid=40644 runnable  [0x000000d0b69ff000]
   java.lang.Thread.State: TIMED_WAITING (parking)
	at jdk.internal.misc.Unsafe.park(java.base@21.0.10/Native Method)
	- parking to wait for  <0x000000070234f798> (a java.lang.String)
	at java.util.concurrent.locks.LockSupport.parkNanos(java.base@21.0.10/LockSupport.java:269)
	at net.minecraft.server.MinecraftServer.recordTaskExecutionTimeWhileWaiting(MinecraftServer.java:1235)
	at net.minecraft.server.MinecraftServer.runServer(MinecraftServer.java:1341)
	at net.minecraft.server.MinecraftServer.lambda$spin$2(MinecraftServer.java:388)
	at net.minecraft.server.MinecraftServer$$Lambda/0x000001f693f41800.run(Unknown Source)
	at java.lang.Thread.runWith(java.base@21.0.10/Thread.java:1596)
	at java.lang.Thread.run(java.base@21.0.10/Thread.java:1583)
=== sample +10647ms ===
"Server thread" #81 [40644] prio=8 os_prio=1 cpu=3625.00ms elapsed=15.35s tid=0x000001f6e249b6f0 nid=40644 waiting on condition  [0x000000d0b69ff000]
   java.lang.Thread.State: TIMED_WAITING (parking)
	at jdk.internal.misc.Unsafe.park(java.base@21.0.10/Native Method)
	- parking to wait for  <0x000000070234f798> (a java.lang.String)
	at java.util.concurrent.locks.LockSupport.parkNanos(java.base@21.0.10/LockSupport.java:269)
	at net.minecraft.server.MinecraftServer.recordTaskExecutionTimeWhileWaiting(MinecraftServer.java:1235)
	at net.minecraft.server.MinecraftServer.runServer(MinecraftServer.java:1341)
	at net.minecraft.server.MinecraftServer.lambda$spin$2(MinecraftServer.java:388)
	at net.minecraft.server.MinecraftServer$$Lambda/0x000001f693f41800.run(Unknown Source)
	at java.lang.Thread.runWith(java.base@21.0.10/Thread.java:1596)
	at java.lang.Thread.run(java.base@21.0.10/Thread.java:1583)
=== sample +10911ms ===
"Server thread" #81 [40644] prio=8 os_prio=1 cpu=3656.25ms elapsed=15.62s tid=0x000001f6e249b6f0 nid=40644 waiting on condition  [0x000000d0b69ff000]
   java.lang.Thread.State: TIMED_WAITING (parking)
	at jdk.internal.misc.Unsafe.park(java.base@21.0.10/Native Method)
	- parking to wait for  <0x000000070234f798> (a java.lang.String)
	at java.util.concurrent.locks.LockSupport.parkNanos(java.base@21.0.10/LockSupport.java:269)
	at net.minecraft.server.MinecraftServer.recordTaskExecutionTimeWhileWaiting(MinecraftServer.java:1235)
	at net.minecraft.server.MinecraftServer.runServer(MinecraftServer.java:1341)
	at net.minecraft.server.MinecraftServer.lambda$spin$2(MinecraftServer.java:388)
	at net.minecraft.server.MinecraftServer$$Lambda/0x000001f693f41800.run(Unknown Source)
	at java.lang.Thread.runWith(java.base@21.0.10/Thread.java:1596)
	at java.lang.Thread.run(java.base@21.0.10/Thread.java:1583)
=== sample +11173ms ===
"Server thread" #81 [40644] prio=8 os_prio=1 cpu=3703.12ms elapsed=15.88s tid=0x000001f6e249b6f0 nid=40644 runnable  [0x000000d0b69ff000]
   java.lang.Thread.State: TIMED_WAITING (parking)
	at jdk.internal.misc.Unsafe.park(java.base@21.0.10/Native Method)
	- parking to wait for  <0x000000070234f798> (a java.lang.String)
	at java.util.concurrent.locks.LockSupport.parkNanos(java.base@21.0.10/LockSupport.java:269)
	at net.minecraft.server.MinecraftServer.recordTaskExecutionTimeWhileWaiting(MinecraftServer.java:1235)
	at net.minecraft.server.MinecraftServer.runServer(MinecraftServer.java:1341)
	at net.minecraft.server.MinecraftServer.lambda$spin$2(MinecraftServer.java:388)
	at net.minecraft.server.MinecraftServer$$Lambda/0x000001f693f41800.run(Unknown Source)
	at java.lang.Thread.runWith(java.base@21.0.10/Thread.java:1596)
	at java.lang.Thread.run(java.base@21.0.10/Thread.java:1583)
=== sample +11434ms ===
"Server thread" #81 [40644] prio=8 os_prio=1 cpu=3750.00ms elapsed=16.14s tid=0x000001f6e249b6f0 nid=40644 waiting on condition  [0x000000d0b69ff000]
   java.lang.Thread.State: TIMED_WAITING (parking)
	at jdk.internal.misc.Unsafe.park(java.base@21.0.10/Native Method)
	- parking to wait for  <0x000000070234f798> (a java.lang.String)
	at java.util.concurrent.locks.LockSupport.parkNanos(java.base@21.0.10/LockSupport.java:269)
	at net.minecraft.server.MinecraftServer.recordTaskExecutionTimeWhileWaiting(MinecraftServer.java:1235)
	at net.minecraft.server.MinecraftServer.runServer(MinecraftServer.java:1341)
	at net.minecraft.server.MinecraftServer.lambda$spin$2(MinecraftServer.java:388)
	at net.minecraft.server.MinecraftServer$$Lambda/0x000001f693f41800.run(Unknown Source)
	at java.lang.Thread.runWith(java.base@21.0.10/Thread.java:1596)
	at java.lang.Thread.run(java.base@21.0.10/Thread.java:1583)
=== sample +11683ms ===
"Server thread" #81 [40644] prio=8 os_prio=1 cpu=3812.50ms elapsed=16.40s tid=0x000001f6e249b6f0 nid=40644 waiting on condition  [0x000000d0b69ff000]
   java.lang.Thread.State: TIMED_WAITING (parking)
	at jdk.internal.misc.Unsafe.park(java.base@21.0.10/Native Method)
	- parking to wait for  <0x000000070234f798> (a java.lang.String)
	at java.util.concurrent.locks.LockSupport.parkNanos(java.base@21.0.10/LockSupport.java:269)
	at net.minecraft.server.MinecraftServer.recordTaskExecutionTimeWhileWaiting(MinecraftServer.java:1235)
	at net.minecraft.server.MinecraftServer.runServer(MinecraftServer.java:1341)
	at net.minecraft.server.MinecraftServer.lambda$spin$2(MinecraftServer.java:388)
	at net.minecraft.server.MinecraftServer$$Lambda/0x000001f693f41800.run(Unknown Source)
	at java.lang.Thread.runWith(java.base@21.0.10/Thread.java:1596)
	at java.lang.Thread.run(java.base@21.0.10/Thread.java:1583)
=== sample +11947ms ===
"Server thread" #81 [40644] prio=8 os_prio=1 cpu=3843.75ms elapsed=16.65s tid=0x000001f6e249b6f0 nid=40644 waiting on condition  [0x000000d0b69ff000]
   java.lang.Thread.State: TIMED_WAITING (parking)
	at jdk.internal.misc.Unsafe.park(java.base@21.0.10/Native Method)
	- parking to wait for  <0x000000070234f798> (a java.lang.String)
	at java.util.concurrent.locks.LockSupport.parkNanos(java.base@21.0.10/LockSupport.java:269)
	at net.minecraft.server.MinecraftServer.recordTaskExecutionTimeWhileWaiting(MinecraftServer.java:1235)
	at net.minecraft.server.MinecraftServer.runServer(MinecraftServer.java:1341)
	at net.minecraft.server.MinecraftServer.lambda$spin$2(MinecraftServer.java:388)
	at net.minecraft.server.MinecraftServer$$Lambda/0x000001f693f41800.run(Unknown Source)
	at java.lang.Thread.runWith(java.base@21.0.10/Thread.java:1596)
	at java.lang.Thread.run(java.base@21.0.10/Thread.java:1583)
=== sample +12212ms ===
"Server thread" #81 [40644] prio=8 os_prio=1 cpu=3875.00ms elapsed=16.91s tid=0x000001f6e249b6f0 nid=40644 waiting on condition  [0x000000d0b69ff000]
   java.lang.Thread.State: TIMED_WAITING (parking)
	at jdk.internal.misc.Unsafe.park(java.base@21.0.10/Native Method)
	- parking to wait for  <0x000000070234f798> (a java.lang.String)
	at java.util.concurrent.locks.LockSupport.parkNanos(java.base@21.0.10/LockSupport.java:269)
	at net.minecraft.server.MinecraftServer.recordTaskExecutionTimeWhileWaiting(MinecraftServer.java:1235)
	at net.minecraft.server.MinecraftServer.runServer(MinecraftServer.java:1341)
	at net.minecraft.server.MinecraftServer.lambda$spin$2(MinecraftServer.java:388)
	at net.minecraft.server.MinecraftServer$$Lambda/0x000001f693f41800.run(Unknown Source)
	at java.lang.Thread.runWith(java.base@21.0.10/Thread.java:1596)
	at java.lang.Thread.run(java.base@21.0.10/Thread.java:1583)
=== sample +12487ms ===
"Server thread" #81 [40644] prio=8 os_prio=1 cpu=3890.62ms elapsed=17.18s tid=0x000001f6e249b6f0 nid=40644 waiting on condition  [0x000000d0b69ff000]
   java.lang.Thread.State: TIMED_WAITING (parking)
	at jdk.internal.misc.Unsafe.park(java.base@21.0.10/Native Method)
	- parking to wait for  <0x000000070234f798> (a java.lang.String)
	at java.util.concurrent.locks.LockSupport.parkNanos(java.base@21.0.10/LockSupport.java:269)
	at net.minecraft.server.MinecraftServer.recordTaskExecutionTimeWhileWaiting(MinecraftServer.java:1235)
	at net.minecraft.server.MinecraftServer.runServer(MinecraftServer.java:1341)
	at net.minecraft.server.MinecraftServer.lambda$spin$2(MinecraftServer.java:388)
	at net.minecraft.server.MinecraftServer$$Lambda/0x000001f693f41800.run(Unknown Source)
	at java.lang.Thread.runWith(java.base@21.0.10/Thread.java:1596)
	at java.lang.Thread.run(java.base@21.0.10/Thread.java:1583)
=== sample +12753ms ===
"Server thread" #81 [40644] prio=8 os_prio=1 cpu=3937.50ms elapsed=17.46s tid=0x000001f6e249b6f0 nid=40644 waiting on condition  [0x000000d0b69ff000]
   java.lang.Thread.State: TIMED_WAITING (parking)
	at jdk.internal.misc.Unsafe.park(java.base@21.0.10/Native Method)
	- parking to wait for  <0x000000070234f798> (a java.lang.String)
	at java.util.concurrent.locks.LockSupport.parkNanos(java.base@21.0.10/LockSupport.java:269)
	at net.minecraft.server.MinecraftServer.recordTaskExecutionTimeWhileWaiting(MinecraftServer.java:1235)
	at net.minecraft.server.MinecraftServer.runServer(MinecraftServer.java:1341)
	at net.minecraft.server.MinecraftServer.lambda$spin$2(MinecraftServer.java:388)
	at net.minecraft.server.MinecraftServer$$Lambda/0x000001f693f41800.run(Unknown Source)
	at java.lang.Thread.runWith(java.base@21.0.10/Thread.java:1596)
	at java.lang.Thread.run(java.base@21.0.10/Thread.java:1583)
=== sample +13018ms ===
"Server thread" #81 [40644] prio=8 os_prio=1 cpu=3968.75ms elapsed=17.73s tid=0x000001f6e249b6f0 nid=40644 waiting on condition  [0x000000d0b69ff000]
   java.lang.Thread.State: TIMED_WAITING (parking)
	at jdk.internal.misc.Unsafe.park(java.base@21.0.10/Native Method)
	- parking to wait for  <0x000000070234f798> (a java.lang.String)
	at java.util.concurrent.locks.LockSupport.parkNanos(java.base@21.0.10/LockSupport.java:269)
	at net.minecraft.server.MinecraftServer.recordTaskExecutionTimeWhileWaiting(MinecraftServer.java:1235)
	at net.minecraft.server.MinecraftServer.runServer(MinecraftServer.java:1341)
	at net.minecraft.server.MinecraftServer.lambda$spin$2(MinecraftServer.java:388)
	at net.minecraft.server.MinecraftServer$$Lambda/0x000001f693f41800.run(Unknown Source)
	at java.lang.Thread.runWith(java.base@21.0.10/Thread.java:1596)
	at java.lang.Thread.run(java.base@21.0.10/Thread.java:1583)
=== sample +13298ms ===
"Server thread" #81 [40644] prio=8 os_prio=1 cpu=4000.00ms elapsed=17.99s tid=0x000001f6e249b6f0 nid=40644 waiting on condition  [0x000000d0b69ff000]
   java.lang.Thread.State: TIMED_WAITING (parking)
	at jdk.internal.misc.Unsafe.park(java.base@21.0.10/Native Method)
	- parking to wait for  <0x000000070234f798> (a java.lang.String)
	at java.util.concurrent.locks.LockSupport.parkNanos(java.base@21.0.10/LockSupport.java:269)
	at net.minecraft.server.MinecraftServer.recordTaskExecutionTimeWhileWaiting(MinecraftServer.java:1235)
	at net.minecraft.server.MinecraftServer.runServer(MinecraftServer.java:1341)
	at net.minecraft.server.MinecraftServer.lambda$spin$2(MinecraftServer.java:388)
	at net.minecraft.server.MinecraftServer$$Lambda/0x000001f693f41800.run(Unknown Source)
	at java.lang.Thread.runWith(java.base@21.0.10/Thread.java:1596)
	at java.lang.Thread.run(java.base@21.0.10/Thread.java:1583)
=== sample +13565ms ===
"Server thread" #81 [40644] prio=8 os_prio=1 cpu=4031.25ms elapsed=18.27s tid=0x000001f6e249b6f0 nid=40644 waiting on condition  [0x000000d0b69ff000]
   java.lang.Thread.State: TIMED_WAITING (parking)
	at jdk.internal.misc.Unsafe.park(java.base@21.0.10/Native Method)
	- parking to wait for  <0x000000070234f798> (a java.lang.String)
	at java.util.concurrent.locks.LockSupport.parkNanos(java.base@21.0.10/LockSupport.java:269)
	at net.minecraft.server.MinecraftServer.recordTaskExecutionTimeWhileWaiting(MinecraftServer.java:1235)
	at net.minecraft.server.MinecraftServer.runServer(MinecraftServer.java:1341)
	at net.minecraft.server.MinecraftServer.lambda$spin$2(MinecraftServer.java:388)
	at net.minecraft.server.MinecraftServer$$Lambda/0x000001f693f41800.run(Unknown Source)
	at java.lang.Thread.runWith(java.base@21.0.10/Thread.java:1596)
	at java.lang.Thread.run(java.base@21.0.10/Thread.java:1583)
=== sample +13830ms ===
"Server thread" #81 [40644] prio=8 os_prio=1 cpu=4046.88ms elapsed=18.53s tid=0x000001f6e249b6f0 nid=40644 runnable  [0x000000d0b69fd000]
   java.lang.Thread.State: RUNNABLE
	at it.unimi.dsi.fastutil.objects.ObjectArrayList.addAll(ObjectArrayList.java:769)
	at it.unimi.dsi.fastutil.objects.AbstractObjectList.addAll(AbstractObjectList.java:131)
	at net.minecraft.world.entity.Entity.applyEffectsFromBlocks(Entity.java:1297)
	at net.minecraft.world.entity.LivingEntity.aiStep(LivingEntity.java:3713)
	at net.minecraft.world.entity.Mob.aiStep(Mob.java:522)
	at net.minecraft.world.entity.LivingEntity.tick(LivingEntity.java:3383)
	at net.minecraft.world.entity.Mob.tick(Mob.java:389)
	at net.minecraft.world.entity.ambient.Bat.tick(Bat.java:118)
	at net.minecraft.server.level.ServerLevel.tickNonPassenger(ServerLevel.java:1354)
	at net.minecraft.server.level.ServerLevel$$Lambda/0x000001f6948233b0.accept(Unknown Source)
	at net.minecraft.world.level.Level.guardEntityTick(Level.java:1428)
	at net.minecraft.server.level.ServerLevel.lambda$tick$4(ServerLevel.java:854)
	at net.minecraft.server.level.ServerLevel$$Lambda/0x000001f694267110.accept(Unknown Source)
	at net.minecraft.world.level.entity.EntityTickList.forEach(EntityTickList.java:39)
	at net.minecraft.server.level.ServerLevel.tick(ServerLevel.java:836)
	at net.minecraft.server.MinecraftServer.tickChildren(MinecraftServer.java:1819)
	at net.minecraft.server.MinecraftServer.tickServer(MinecraftServer.java:1611)
	at net.minecraft.server.dedicated.DedicatedServer.tickServer(DedicatedServer.java:427)
	at net.minecraft.server.MinecraftServer.processPacketsAndTick(MinecraftServer.java:1667)
	at net.minecraft.server.MinecraftServer.runServer(MinecraftServer.java:1335)
	at net.minecraft.server.MinecraftServer.lambda$spin$2(MinecraftServer.java:388)
	at net.minecraft.server.MinecraftServer$$Lambda/0x000001f693f41800.run(Unknown Source)
	at java.lang.Thread.runWith(java.base@21.0.10/Thread.java:1596)
	at java.lang.Thread.run(java.base@21.0.10/Thread.java:1583)
=== sample +14079ms ===
"Server thread" #81 [40644] prio=8 os_prio=1 cpu=4046.88ms elapsed=18.79s tid=0x000001f6e249b6f0 nid=40644 waiting on condition  [0x000000d0b69ff000]
   java.lang.Thread.State: TIMED_WAITING (parking)
	at jdk.internal.misc.Unsafe.park(java.base@21.0.10/Native Method)
	- parking to wait for  <0x000000070234f798> (a java.lang.String)
	at java.util.concurrent.locks.LockSupport.parkNanos(java.base@21.0.10/LockSupport.java:269)
	at net.minecraft.server.MinecraftServer.recordTaskExecutionTimeWhileWaiting(MinecraftServer.java:1235)
	at net.minecraft.server.MinecraftServer.runServer(MinecraftServer.java:1341)
	at net.minecraft.server.MinecraftServer.lambda$spin$2(MinecraftServer.java:388)
	at net.minecraft.server.MinecraftServer$$Lambda/0x000001f693f41800.run(Unknown Source)
	at java.lang.Thread.runWith(java.base@21.0.10/Thread.java:1596)
	at java.lang.Thread.run(java.base@21.0.10/Thread.java:1583)
=== sample +14343ms ===
"Server thread" #81 [40644] prio=8 os_prio=1 cpu=4062.50ms elapsed=19.06s tid=0x000001f6e249b6f0 nid=40644 waiting on condition  [0x000000d0b69ff000]
   java.lang.Thread.State: TIMED_WAITING (parking)
	at jdk.internal.misc.Unsafe.park(java.base@21.0.10/Native Method)
	- parking to wait for  <0x000000070234f798> (a java.lang.String)
	at java.util.concurrent.locks.LockSupport.parkNanos(java.base@21.0.10/LockSupport.java:269)
	at net.minecraft.server.MinecraftServer.recordTaskExecutionTimeWhileWaiting(MinecraftServer.java:1235)
	at net.minecraft.server.MinecraftServer.runServer(MinecraftServer.java:1341)
	at net.minecraft.server.MinecraftServer.lambda$spin$2(MinecraftServer.java:388)
	at net.minecraft.server.MinecraftServer$$Lambda/0x000001f693f41800.run(Unknown Source)
	at java.lang.Thread.runWith(java.base@21.0.10/Thread.java:1596)
	at java.lang.Thread.run(java.base@21.0.10/Thread.java:1583)
=== sample +14614ms ===
"Server thread" #81 [40644] prio=8 os_prio=1 cpu=4078.12ms elapsed=19.31s tid=0x000001f6e249b6f0 nid=40644 waiting on condition  [0x000000d0b69ff000]
   java.lang.Thread.State: TIMED_WAITING (parking)
	at jdk.internal.misc.Unsafe.park(java.base@21.0.10/Native Method)
	- parking to wait for  <0x000000070234f798> (a java.lang.String)
	at java.util.concurrent.locks.LockSupport.parkNanos(java.base@21.0.10/LockSupport.java:269)
	at net.minecraft.server.MinecraftServer.recordTaskExecutionTimeWhileWaiting(MinecraftServer.java:1235)
	at net.minecraft.server.MinecraftServer.runServer(MinecraftServer.java:1341)
	at net.minecraft.server.MinecraftServer.lambda$spin$2(MinecraftServer.java:388)
	at net.minecraft.server.MinecraftServer$$Lambda/0x000001f693f41800.run(Unknown Source)
	at java.lang.Thread.runWith(java.base@21.0.10/Thread.java:1596)
	at java.lang.Thread.run(java.base@21.0.10/Thread.java:1583)
=== sample +14874ms ===
"Server thread" #81 [40644] prio=8 os_prio=1 cpu=4093.75ms elapsed=19.58s tid=0x000001f6e249b6f0 nid=40644 runnable  [0x000000d0b69fd000]
   java.lang.Thread.State: RUNNABLE
	at net.minecraft.world.level.material.FlowingFluid$SpreadContext.getBlockStateIfLoaded(FlowingFluid.java:573)
	at net.minecraft.world.level.material.FlowingFluid.getSlopeDistance(FlowingFluid.java:346)
	at net.minecraft.world.level.material.FlowingFluid.getSlopeDistance(FlowingFluid.java:355)
	at net.minecraft.world.level.material.FlowingFluid.getSlopeDistance(FlowingFluid.java:355)
	at net.minecraft.world.level.material.FlowingFluid.getSpread(FlowingFluid.java:428)
	at net.minecraft.world.level.material.FlowingFluid.spreadToSides(FlowingFluid.java:195)
	at net.minecraft.world.level.material.FlowingFluid.spread(FlowingFluid.java:183)
	at net.minecraft.world.level.material.FlowingFluid.tick(FlowingFluid.java:509)
	at net.minecraft.world.level.material.FluidState.tick(FluidState.java:100)
	at net.minecraft.server.level.ServerLevel.tickFluid(ServerLevel.java:1303)
	at net.minecraft.server.level.ServerLevel$$Lambda/0x000001f69425ddd8.accept(Unknown Source)
	at net.minecraft.world.ticks.LevelTicks.runCollectedTicks(LevelTicks.java:189)
	at net.minecraft.world.ticks.LevelTicks.tick(LevelTicks.java:88)
	at net.minecraft.server.level.ServerLevel.tick(ServerLevel.java:799)
	at net.minecraft.server.MinecraftServer.tickChildren(MinecraftServer.java:1819)
	at net.minecraft.server.MinecraftServer.tickServer(MinecraftServer.java:1611)
	at net.minecraft.server.dedicated.DedicatedServer.tickServer(DedicatedServer.java:427)
	at net.minecraft.server.MinecraftServer.processPacketsAndTick(MinecraftServer.java:1667)
	at net.minecraft.server.MinecraftServer.runServer(MinecraftServer.java:1335)
	at net.minecraft.server.MinecraftServer.lambda$spin$2(MinecraftServer.java:388)
	at net.minecraft.server.MinecraftServer$$Lambda/0x000001f693f41800.run(Unknown Source)
	at java.lang.Thread.runWith(java.base@21.0.10/Thread.java:1596)
	at java.lang.Thread.run(java.base@21.0.10/Thread.java:1583)
=== sample +15136ms ===
"Server thread" #81 [40644] prio=8 os_prio=1 cpu=4125.00ms elapsed=19.84s tid=0x000001f6e249b6f0 nid=40644 waiting on condition  [0x000000d0b69ff000]
   java.lang.Thread.State: TIMED_WAITING (parking)
	at jdk.internal.misc.Unsafe.park(java.base@21.0.10/Native Method)
	- parking to wait for  <0x000000070234f798> (a java.lang.String)
	at java.util.concurrent.locks.LockSupport.parkNanos(java.base@21.0.10/LockSupport.java:269)
	at net.minecraft.server.MinecraftServer.recordTaskExecutionTimeWhileWaiting(MinecraftServer.java:1235)
	at net.minecraft.server.MinecraftServer.runServer(MinecraftServer.java:1341)
	at net.minecraft.server.MinecraftServer.lambda$spin$2(MinecraftServer.java:388)
	at net.minecraft.server.MinecraftServer$$Lambda/0x000001f693f41800.run(Unknown Source)
	at java.lang.Thread.runWith(java.base@21.0.10/Thread.java:1596)
	at java.lang.Thread.run(java.base@21.0.10/Thread.java:1583)
=== sample +15395ms ===
"Server thread" #81 [40644] prio=8 os_prio=1 cpu=4140.62ms elapsed=20.11s tid=0x000001f6e249b6f0 nid=40644 waiting on condition  [0x000000d0b69ff000]
   java.lang.Thread.State: TIMED_WAITING (parking)
	at jdk.internal.misc.Unsafe.park(java.base@21.0.10/Native Method)
	- parking to wait for  <0x000000070234f798> (a java.lang.String)
	at java.util.concurrent.locks.LockSupport.parkNanos(java.base@21.0.10/LockSupport.java:269)
	at net.minecraft.server.MinecraftServer.recordTaskExecutionTimeWhileWaiting(MinecraftServer.java:1235)
	at net.minecraft.server.MinecraftServer.runServer(MinecraftServer.java:1341)
	at net.minecraft.server.MinecraftServer.lambda$spin$2(MinecraftServer.java:388)
	at net.minecraft.server.MinecraftServer$$Lambda/0x000001f693f41800.run(Unknown Source)
	at java.lang.Thread.runWith(java.base@21.0.10/Thread.java:1596)
	at java.lang.Thread.run(java.base@21.0.10/Thread.java:1583)
=== sample +15658ms ===
"Server thread" #81 [40644] prio=8 os_prio=1 cpu=4156.25ms elapsed=20.37s tid=0x000001f6e249b6f0 nid=40644 waiting on condition  [0x000000d0b69ff000]
   java.lang.Thread.State: TIMED_WAITING (parking)
	at jdk.internal.misc.Unsafe.park(java.base@21.0.10/Native Method)
	- parking to wait for  <0x000000070234f798> (a java.lang.String)
	at java.util.concurrent.locks.LockSupport.parkNanos(java.base@21.0.10/LockSupport.java:269)
	at net.minecraft.server.MinecraftServer.recordTaskExecutionTimeWhileWaiting(MinecraftServer.java:1235)
	at net.minecraft.server.MinecraftServer.runServer(MinecraftServer.java:1341)
	at net.minecraft.server.MinecraftServer.lambda$spin$2(MinecraftServer.java:388)
	at net.minecraft.server.MinecraftServer$$Lambda/0x000001f693f41800.run(Unknown Source)
	at java.lang.Thread.runWith(java.base@21.0.10/Thread.java:1596)
	at java.lang.Thread.run(java.base@21.0.10/Thread.java:1583)
=== sample +15926ms ===
"Server thread" #81 [40644] prio=8 os_prio=1 cpu=4171.88ms elapsed=20.63s tid=0x000001f6e249b6f0 nid=40644 runnable  [0x000000d0b69fe000]
   java.lang.Thread.State: RUNNABLE
	at io.netty.util.internal.shaded.org.jctools.queues.BaseMpscLinkedArrayQueue.offer(BaseMpscLinkedArrayQueue.java:273)
	at io.netty.util.internal.shaded.org.jctools.queues.MpscUnboundedArrayQueue.offer(MpscUnboundedArrayQueue.java:23)
	at io.netty.util.concurrent.SingleThreadEventExecutor.offerTask(SingleThreadEventExecutor.java:415)
	at io.netty.util.concurrent.SingleThreadEventExecutor.addTask(SingleThreadEventExecutor.java:406)
	at io.netty.util.concurrent.SingleThreadEventExecutor.execute(SingleThreadEventExecutor.java:1025)
	at io.netty.util.concurrent.SingleThreadEventExecutor.execute0(SingleThreadEventExecutor.java:991)
	at io.netty.util.concurrent.SingleThreadEventExecutor.execute(SingleThreadEventExecutor.java:981)
	at net.minecraft.network.Connection.flush(Connection.java:498)
	at net.minecraft.network.Connection.flushChannel(Connection.java:488)
	at net.minecraft.server.network.ServerCommonPacketListenerImpl.resumeFlushing(ServerCommonPacketListenerImpl.java:307)
	at net.minecraft.server.MinecraftServer.tickChildren(MinecraftServer.java:1853)
	at net.minecraft.server.MinecraftServer.tickServer(MinecraftServer.java:1611)
	at net.minecraft.server.dedicated.DedicatedServer.tickServer(DedicatedServer.java:427)
	at net.minecraft.server.MinecraftServer.processPacketsAndTick(MinecraftServer.java:1667)
	at net.minecraft.server.MinecraftServer.runServer(MinecraftServer.java:1335)
	at net.minecraft.server.MinecraftServer.lambda$spin$2(MinecraftServer.java:388)
	at net.minecraft.server.MinecraftServer$$Lambda/0x000001f693f41800.run(Unknown Source)
	at java.lang.Thread.runWith(java.base@21.0.10/Thread.java:1596)
	at java.lang.Thread.run(java.base@21.0.10/Thread.java:1583)
=== sample +16184ms ===
"Server thread" #81 [40644] prio=8 os_prio=1 cpu=4203.12ms elapsed=20.89s tid=0x000001f6e249b6f0 nid=40644 waiting on condition  [0x000000d0b69ff000]
   java.lang.Thread.State: TIMED_WAITING (parking)
	at jdk.internal.misc.Unsafe.park(java.base@21.0.10/Native Method)
	- parking to wait for  <0x000000070234f798> (a java.lang.String)
	at java.util.concurrent.locks.LockSupport.parkNanos(java.base@21.0.10/LockSupport.java:269)
	at net.minecraft.server.MinecraftServer.recordTaskExecutionTimeWhileWaiting(MinecraftServer.java:1235)
	at net.minecraft.server.MinecraftServer.runServer(MinecraftServer.java:1341)
	at net.minecraft.server.MinecraftServer.lambda$spin$2(MinecraftServer.java:388)
	at net.minecraft.server.MinecraftServer$$Lambda/0x000001f693f41800.run(Unknown Source)
	at java.lang.Thread.runWith(java.base@21.0.10/Thread.java:1596)
	at java.lang.Thread.run(java.base@21.0.10/Thread.java:1583)
=== sample +16446ms ===
"Server thread" #81 [40644] prio=8 os_prio=1 cpu=4218.75ms elapsed=21.15s tid=0x000001f6e249b6f0 nid=40644 waiting on condition  [0x000000d0b69ff000]
   java.lang.Thread.State: TIMED_WAITING (parking)
	at jdk.internal.misc.Unsafe.park(java.base@21.0.10/Native Method)
	- parking to wait for  <0x000000070234f798> (a java.lang.String)
	at java.util.concurrent.locks.LockSupport.parkNanos(java.base@21.0.10/LockSupport.java:269)
	at net.minecraft.server.MinecraftServer.recordTaskExecutionTimeWhileWaiting(MinecraftServer.java:1235)
	at net.minecraft.server.MinecraftServer.runServer(MinecraftServer.java:1341)
	at net.minecraft.server.MinecraftServer.lambda$spin$2(MinecraftServer.java:388)
	at net.minecraft.server.MinecraftServer$$Lambda/0x000001f693f41800.run(Unknown Source)
	at java.lang.Thread.runWith(java.base@21.0.10/Thread.java:1596)
	at java.lang.Thread.run(java.base@21.0.10/Thread.java:1583)
=== sample +16715ms ===
"Server thread" #81 [40644] prio=8 os_prio=1 cpu=4234.38ms elapsed=21.42s tid=0x000001f6e249b6f0 nid=40644 waiting on condition  [0x000000d0b69ff000]
   java.lang.Thread.State: TIMED_WAITING (parking)
	at jdk.internal.misc.Unsafe.park(java.base@21.0.10/Native Method)
	- parking to wait for  <0x000000070234f798> (a java.lang.String)
	at java.util.concurrent.locks.LockSupport.parkNanos(java.base@21.0.10/LockSupport.java:269)
	at net.minecraft.server.MinecraftServer.recordTaskExecutionTimeWhileWaiting(MinecraftServer.java:1235)
	at net.minecraft.server.MinecraftServer.runServer(MinecraftServer.java:1341)
	at net.minecraft.server.MinecraftServer.lambda$spin$2(MinecraftServer.java:388)
	at net.minecraft.server.MinecraftServer$$Lambda/0x000001f693f41800.run(Unknown Source)
	at java.lang.Thread.runWith(java.base@21.0.10/Thread.java:1596)
	at java.lang.Thread.run(java.base@21.0.10/Thread.java:1583)
=== sample +16978ms ===
"Server thread" #81 [40644] prio=8 os_prio=1 cpu=4250.00ms elapsed=21.68s tid=0x000001f6e249b6f0 nid=40644 runnable  [0x000000d0b69fd000]
   java.lang.Thread.State: RUNNABLE
	at net.minecraft.world.entity.Entity.fireImmune(Entity.java:1963)
	at net.minecraft.world.entity.Entity.isOnFire(Entity.java:3538)
	at net.minecraft.world.entity.Entity.applyEffectsFromBlocks(Entity.java:1345)
	at net.minecraft.world.entity.Entity.applyEffectsFromBlocks(Entity.java:1305)
	at net.minecraft.world.entity.LivingEntity.aiStep(LivingEntity.java:3713)
	at net.minecraft.world.entity.Mob.aiStep(Mob.java:522)
	at net.minecraft.world.entity.LivingEntity.tick(LivingEntity.java:3383)
	at net.minecraft.world.entity.Mob.tick(Mob.java:389)
	at net.minecraft.world.entity.ambient.Bat.tick(Bat.java:118)
	at net.minecraft.server.level.ServerLevel.tickNonPassenger(ServerLevel.java:1354)
	at net.minecraft.server.level.ServerLevel$$Lambda/0x000001f6948233b0.accept(Unknown Source)
	at net.minecraft.world.level.Level.guardEntityTick(Level.java:1428)
	at net.minecraft.server.level.ServerLevel.lambda$tick$4(ServerLevel.java:854)
	at net.minecraft.server.level.ServerLevel$$Lambda/0x000001f694267110.accept(Unknown Source)
	at net.minecraft.world.level.entity.EntityTickList.forEach(EntityTickList.java:39)
	at net.minecraft.server.level.ServerLevel.tick(ServerLevel.java:836)
	at net.minecraft.server.MinecraftServer.tickChildren(MinecraftServer.java:1819)
	at net.minecraft.server.MinecraftServer.tickServer(MinecraftServer.java:1611)
	at net.minecraft.server.dedicated.DedicatedServer.tickServer(DedicatedServer.java:427)
	at net.minecraft.server.MinecraftServer.processPacketsAndTick(MinecraftServer.java:1667)
	at net.minecraft.server.MinecraftServer.runServer(MinecraftServer.java:1335)
	at net.minecraft.server.MinecraftServer.lambda$spin$2(MinecraftServer.java:388)
	at net.minecraft.server.MinecraftServer$$Lambda/0x000001f693f41800.run(Unknown Source)
	at java.lang.Thread.runWith(java.base@21.0.10/Thread.java:1596)
	at java.lang.Thread.run(java.base@21.0.10/Thread.java:1583)
=== sample +17238ms ===
"Server thread" #81 [40644] prio=8 os_prio=1 cpu=4281.25ms elapsed=21.94s tid=0x000001f6e249b6f0 nid=40644 waiting on condition  [0x000000d0b69ff000]
   java.lang.Thread.State: TIMED_WAITING (parking)
	at jdk.internal.misc.Unsafe.park(java.base@21.0.10/Native Method)
	- parking to wait for  <0x000000070234f798> (a java.lang.String)
	at java.util.concurrent.locks.LockSupport.parkNanos(java.base@21.0.10/LockSupport.java:269)
	at net.minecraft.server.MinecraftServer.recordTaskExecutionTimeWhileWaiting(MinecraftServer.java:1235)
	at net.minecraft.server.MinecraftServer.runServer(MinecraftServer.java:1341)
	at net.minecraft.server.MinecraftServer.lambda$spin$2(MinecraftServer.java:388)
	at net.minecraft.server.MinecraftServer$$Lambda/0x000001f693f41800.run(Unknown Source)
	at java.lang.Thread.runWith(java.base@21.0.10/Thread.java:1596)
	at java.lang.Thread.run(java.base@21.0.10/Thread.java:1583)
=== sample +17500ms ===
"Server thread" #81 [40644] prio=8 os_prio=1 cpu=4296.88ms elapsed=22.21s tid=0x000001f6e249b6f0 nid=40644 waiting on condition  [0x000000d0b69ff000]
   java.lang.Thread.State: TIMED_WAITING (parking)
	at jdk.internal.misc.Unsafe.park(java.base@21.0.10/Native Method)
	- parking to wait for  <0x000000070234f798> (a java.lang.String)
	at java.util.concurrent.locks.LockSupport.parkNanos(java.base@21.0.10/LockSupport.java:269)
	at net.minecraft.server.MinecraftServer.recordTaskExecutionTimeWhileWaiting(MinecraftServer.java:1235)
	at net.minecraft.server.MinecraftServer.runServer(MinecraftServer.java:1341)
	at net.minecraft.server.MinecraftServer.lambda$spin$2(MinecraftServer.java:388)
	at net.minecraft.server.MinecraftServer$$Lambda/0x000001f693f41800.run(Unknown Source)
	at java.lang.Thread.runWith(java.base@21.0.10/Thread.java:1596)
	at java.lang.Thread.run(java.base@21.0.10/Thread.java:1583)
=== sample +17764ms ===
"Server thread" #81 [40644] prio=8 os_prio=1 cpu=4312.50ms elapsed=22.48s tid=0x000001f6e249b6f0 nid=40644 waiting on condition  [0x000000d0b69ff000]
   java.lang.Thread.State: TIMED_WAITING (parking)
	at jdk.internal.misc.Unsafe.park(java.base@21.0.10/Native Method)
	- parking to wait for  <0x000000070234f798> (a java.lang.String)
	at java.util.concurrent.locks.LockSupport.parkNanos(java.base@21.0.10/LockSupport.java:269)
	at net.minecraft.server.MinecraftServer.recordTaskExecutionTimeWhileWaiting(MinecraftServer.java:1235)
	at net.minecraft.server.MinecraftServer.runServer(MinecraftServer.java:1341)
	at net.minecraft.server.MinecraftServer.lambda$spin$2(MinecraftServer.java:388)
	at net.minecraft.server.MinecraftServer$$Lambda/0x000001f693f41800.run(Unknown Source)
	at java.lang.Thread.runWith(java.base@21.0.10/Thread.java:1596)
	at java.lang.Thread.run(java.base@21.0.10/Thread.java:1583)
=== sample +18026ms ===
"Server thread" #81 [40644] prio=8 os_prio=1 cpu=4343.75ms elapsed=22.73s tid=0x000001f6e249b6f0 nid=40644 waiting on condition  [0x000000d0b69ff000]
   java.lang.Thread.State: TIMED_WAITING (parking)
	at jdk.internal.misc.Unsafe.park(java.base@21.0.10/Native Method)
	- parking to wait for  <0x000000070234f798> (a java.lang.String)
	at java.util.concurrent.locks.LockSupport.parkNanos(java.base@21.0.10/LockSupport.java:269)
	at net.minecraft.server.MinecraftServer.recordTaskExecutionTimeWhileWaiting(MinecraftServer.java:1235)
	at net.minecraft.server.MinecraftServer.runServer(MinecraftServer.java:1341)
	at net.minecraft.server.MinecraftServer.lambda$spin$2(MinecraftServer.java:388)
	at net.minecraft.server.MinecraftServer$$Lambda/0x000001f693f41800.run(Unknown Source)
	at java.lang.Thread.runWith(java.base@21.0.10/Thread.java:1596)
	at java.lang.Thread.run(java.base@21.0.10/Thread.java:1583)
=== sample +18290ms ===
"Server thread" #81 [40644] prio=8 os_prio=1 cpu=4359.38ms elapsed=23.00s tid=0x000001f6e249b6f0 nid=40644 waiting on condition  [0x000000d0b69ff000]
   java.lang.Thread.State: TIMED_WAITING (parking)
	at jdk.internal.misc.Unsafe.park(java.base@21.0.10/Native Method)
	- parking to wait for  <0x000000070234f798> (a java.lang.String)
	at java.util.concurrent.locks.LockSupport.parkNanos(java.base@21.0.10/LockSupport.java:269)
	at net.minecraft.server.MinecraftServer.recordTaskExecutionTimeWhileWaiting(MinecraftServer.java:1235)
	at net.minecraft.server.MinecraftServer.runServer(MinecraftServer.java:1341)
	at net.minecraft.server.MinecraftServer.lambda$spin$2(MinecraftServer.java:388)
	at net.minecraft.server.MinecraftServer$$Lambda/0x000001f693f41800.run(Unknown Source)
	at java.lang.Thread.runWith(java.base@21.0.10/Thread.java:1596)
	at java.lang.Thread.run(java.base@21.0.10/Thread.java:1583)
=== sample +18548ms ===
"Server thread" #81 [40644] prio=8 os_prio=1 cpu=4359.38ms elapsed=23.25s tid=0x000001f6e249b6f0 nid=40644 waiting on condition  [0x000000d0b69ff000]
   java.lang.Thread.State: TIMED_WAITING (parking)
	at jdk.internal.misc.Unsafe.park(java.base@21.0.10/Native Method)
	- parking to wait for  <0x000000070234f798> (a java.lang.String)
	at java.util.concurrent.locks.LockSupport.parkNanos(java.base@21.0.10/LockSupport.java:269)
	at net.minecraft.server.MinecraftServer.recordTaskExecutionTimeWhileWaiting(MinecraftServer.java:1235)
	at net.minecraft.server.MinecraftServer.runServer(MinecraftServer.java:1341)
	at net.minecraft.server.MinecraftServer.lambda$spin$2(MinecraftServer.java:388)
	at net.minecraft.server.MinecraftServer$$Lambda/0x000001f693f41800.run(Unknown Source)
	at java.lang.Thread.runWith(java.base@21.0.10/Thread.java:1596)
	at java.lang.Thread.run(java.base@21.0.10/Thread.java:1583)
botFailures=[] exited=true
