boot: [01:04:09 INFO]: Done (17.848s)! For help, type "help"
sweep steps done=72/72
---- PapoTickProfile windows ----
[01:04:09] [Server thread/INFO]: [STDOUT] [io.papermc.paper.util.PapoTickProfile] PapoTickProfile window=400ticks totalWallMs=0 measuredMs=0 gcMs=0
[01:04:30] [Server thread/INFO]: [STDOUT] [io.papermc.paper.util.PapoTickProfile] PapoTickProfile window=400ticks totalWallMs=20685 measuredMs=6837 gcMs=180
[01:04:30] [Server thread/INFO]: [STDOUT] [io.papermc.paper.util.PapoTickProfile] PapoTickProfile.phase worlds                     total= 1893.5ms avg/tick= 4733.7us share= 27.7% n=400
[01:04:30] [Server thread/INFO]: [STDOUT] [io.papermc.paper.util.PapoTickProfile] PapoTickProfile.phase level.tickPending+misc     total= 1123.1ms avg/tick= 2807.6us share= 16.4% n=1200
[01:04:30] [Server thread/INFO]: [STDOUT] [io.papermc.paper.util.PapoTickProfile] PapoTickProfile.phase server.taskDrain           total=  832.5ms avg/tick= 2081.2us share= 12.2% n=400
[01:04:30] [Server thread/INFO]: [STDOUT] [io.papermc.paper.util.PapoTickProfile] PapoTickProfile.phase level.entities             total=  732.9ms avg/tick= 1832.3us share= 10.7% n=1200
[01:04:30] [Server thread/INFO]: [STDOUT] [io.papermc.paper.util.PapoTickProfile] PapoTickProfile.phase level.chunkSource          total=  728.5ms avg/tick= 1821.3us share= 10.7% n=1200
[01:04:30] [Server thread/INFO]: [STDOUT] [io.papermc.paper.util.PapoTickProfile] PapoTickProfile.phase connection                 total=  684.7ms avg/tick= 1711.8us share= 10.0% n=400
[01:04:30] [Server thread/INFO]: [STDOUT] [io.papermc.paper.util.PapoTickProfile] PapoTickProfile.phase level.blockTicks           total=  231.2ms avg/tick=  578.0us share=  3.4% n=1200
[01:04:30] [Server thread/INFO]: [STDOUT] [io.papermc.paper.util.PapoTickProfile] PapoTickProfile.phase conn.listenerTick          total=  163.5ms avg/tick=  408.7us share=  2.4% n=716
[01:04:30] [Server thread/INFO]: [STDOUT] [io.papermc.paper.util.PapoTickProfile] PapoTickProfile.phase level.fluidTicks           total=  156.0ms avg/tick=  389.9us share=  2.3% n=1200
[01:04:30] [Server thread/INFO]: [STDOUT] [io.papermc.paper.util.PapoTickProfile] PapoTickProfile.phase ent.serverAiStep           total=  121.7ms avg/tick=  304.1us share=  1.8% n=11012
[01:04:30] [Server thread/INFO]: [STDOUT] [io.papermc.paper.util.PapoTickProfile] PapoTickProfile.phase player.superTick           total=   97.3ms avg/tick=  243.2us share=  1.4% n=642
[01:04:30] [Server thread/INFO]: [STDOUT] [io.papermc.paper.util.PapoTickProfile] PapoTickProfile.phase chunkMap.tracker.sendChanges total=   20.2ms avg/tick=   50.4us share=  0.3% n=1200
[01:04:30] [Server thread/INFO]: [STDOUT] [io.papermc.paper.util.PapoTickProfile] PapoTickProfile.phase sendChunks                 total=   16.3ms avg/tick=   40.9us share=  0.2% n=400
[01:04:30] [Server thread/INFO]: [STDOUT] [io.papermc.paper.util.PapoTickProfile] PapoTickProfile.phase chunkMap.tracker.maintain  total=   14.7ms avg/tick=   36.7us share=  0.2% n=1200
[01:04:30] [Server thread/INFO]: [STDOUT] [io.papermc.paper.util.PapoTickProfile] PapoTickProfile.phase player.pushEntities        total=   10.1ms avg/tick=   25.2us share=  0.1% n=6645
[01:04:30] [Server thread/INFO]: [STDOUT] [io.papermc.paper.util.PapoTickProfile] PapoTickProfile.phase chunkMap.tracker.fanout    total=    3.2ms avg/tick=    7.9us share=  0.0% n=1200
[01:04:30] [Server thread/INFO]: [STDOUT] [io.papermc.paper.util.PapoTickProfile] PapoTickProfile.phase player.aiStepTouchScan     total=    3.1ms avg/tick=    7.8us share=  0.0% n=642
[01:04:30] [Server thread/INFO]: [STDOUT] [io.papermc.paper.util.PapoTickProfile] PapoTickProfile.phase level.blockEvents          total=    2.9ms avg/tick=    7.1us share=  0.0% n=1200
[01:04:30] [Server thread/INFO]: [STDOUT] [io.papermc.paper.util.PapoTickProfile] PapoTickProfile.phase functions                  total=    1.3ms avg/tick=    3.2us share=  0.0% n=400
[01:04:30] [Server thread/INFO]: [STDOUT] [io.papermc.paper.util.PapoTickProfile] PapoTickProfile.phase conn.flushQueue            total=    1.0ms avg/tick=    2.4us share=  0.0% n=716
[01:04:30] [Server thread/INFO]: [STDOUT] [io.papermc.paper.util.PapoTickProfile] PapoTickProfile.phase players                    total=    0.4ms avg/tick=    1.0us share=  0.0% n=400
[01:04:30] [Server thread/INFO]: [STDOUT] [io.papermc.paper.util.PapoTickProfile] PapoTickProfile.count rs.blockTickRuns           total=    69405 avg/tick=    173.5 n=69405
[01:04:30] [Server thread/INFO]: [STDOUT] [io.papermc.paper.util.PapoTickProfile] PapoTickProfile.count rs.fluidTickRuns           total=     7924 avg/tick=     19.8 n=7924
[01:04:30] [Server thread/INFO]: [STDOUT] [io.papermc.paper.util.PapoTickProfile] PapoTickProfile.count fanout.sends               total=     6130 avg/tick=     15.3 n=1200
[01:04:30] [Server thread/INFO]: [STDOUT] [io.papermc.paper.util.PapoTickProfile] PapoTickProfile.count fanout.pkt.headRot         total=     1386 avg/tick=      3.5 n=301
[01:04:30] [Server thread/INFO]: [STDOUT] [io.papermc.paper.util.PapoTickProfile] PapoTickProfile.count fanout.pkt.movePosRot      total=     1173 avg/tick=      2.9 n=298
[01:04:30] [Server thread/INFO]: [STDOUT] [io.papermc.paper.util.PapoTickProfile] PapoTickProfile.count fanout.pkt.movePos         total=      225 avg/tick=      0.6 n=139
[01:04:30] [Server thread/INFO]: [STDOUT] [io.papermc.paper.util.PapoTickProfile] PapoTickProfile.count fanout.pkt.other           total=      153 avg/tick=      0.4 n=62
[01:04:30] [Server thread/INFO]: [STDOUT] [io.papermc.paper.util.PapoTickProfile] PapoTickProfile.count fanout.pkt.posSync         total=      134 avg/tick=      0.3 n=99
[01:04:30] [Server thread/INFO]: [STDOUT] [io.papermc.paper.util.PapoTickProfile] PapoTickProfile.count fanout.pkt.velocity        total=      114 avg/tick=      0.3 n=57
[01:04:30] [Server thread/INFO]: [STDOUT] [io.papermc.paper.util.PapoTickProfile] PapoTickProfile.count fanout.pkt.entityData      total=       75 avg/tick=      0.2 n=44
[01:04:30] [Server thread/INFO]: [STDOUT] [io.papermc.paper.util.PapoTickProfile] PapoTickProfile.count fanout.pkt.moveRot         total=       59 avg/tick=      0.1 n=40
[01:04:30] [Server thread/INFO]: [STDOUT] [io.papermc.paper.util.PapoTickProfile] PapoTickProfile.tickdist n=400 durMs[p50=2.77 p95=17.02 p99=46.40 max=339.76] over45=1 over50=3 | gapMs[p95=55.24 p99=95.82 max=562.25] stalls100ms=3 | tps=19.34
[01:04:50] [Server thread/INFO]: [STDOUT] [io.papermc.paper.util.PapoTickProfile] PapoTickProfile window=400ticks totalWallMs=20000 measuredMs=1842 gcMs=9
[01:04:50] [Server thread/INFO]: [STDOUT] [io.papermc.paper.util.PapoTickProfile] PapoTickProfile.phase worlds                     total=  638.7ms avg/tick= 1596.9us share= 34.7% n=400
[01:04:50] [Server thread/INFO]: [STDOUT] [io.papermc.paper.util.PapoTickProfile] PapoTickProfile.phase level.tickPending+misc     total=  373.0ms avg/tick=  932.6us share= 20.2% n=1200
[01:04:50] [Server thread/INFO]: [STDOUT] [io.papermc.paper.util.PapoTickProfile] PapoTickProfile.phase level.chunkSource          total=  300.9ms avg/tick=  752.2us share= 16.3% n=1200
[01:04:50] [Server thread/INFO]: [STDOUT] [io.papermc.paper.util.PapoTickProfile] PapoTickProfile.phase level.entities             total=  252.2ms avg/tick=  630.4us share= 13.7% n=1200
[01:04:50] [Server thread/INFO]: [STDOUT] [io.papermc.paper.util.PapoTickProfile] PapoTickProfile.phase level.fluidTicks           total=   52.1ms avg/tick=  130.3us share=  2.8% n=1200
[01:04:50] [Server thread/INFO]: [STDOUT] [io.papermc.paper.util.PapoTickProfile] PapoTickProfile.phase ent.serverAiStep           total=   45.5ms avg/tick=  113.8us share=  2.5% n=11065
[01:04:50] [Server thread/INFO]: [STDOUT] [io.papermc.paper.util.PapoTickProfile] PapoTickProfile.phase connection                 total=   40.1ms avg/tick=  100.4us share=  2.2% n=400
[01:04:50] [Server thread/INFO]: [STDOUT] [io.papermc.paper.util.PapoTickProfile] PapoTickProfile.phase conn.listenerTick          total=   33.3ms avg/tick=   83.2us share=  1.8% n=800
[01:04:50] [Server thread/INFO]: [STDOUT] [io.papermc.paper.util.PapoTickProfile] PapoTickProfile.phase server.taskDrain           total=   27.8ms avg/tick=   69.5us share=  1.5% n=400
[01:04:50] [Server thread/INFO]: [STDOUT] [io.papermc.paper.util.PapoTickProfile] PapoTickProfile.phase player.superTick           total=   18.3ms avg/tick=   45.7us share=  1.0% n=800
[01:04:50] [Server thread/INFO]: [STDOUT] [io.papermc.paper.util.PapoTickProfile] PapoTickProfile.phase level.blockTicks           total=   16.7ms avg/tick=   41.7us share=  0.9% n=1200
[01:04:50] [Server thread/INFO]: [STDOUT] [io.papermc.paper.util.PapoTickProfile] PapoTickProfile.phase sendChunks                 total=   14.9ms avg/tick=   37.2us share=  0.8% n=400
[01:04:50] [Server thread/INFO]: [STDOUT] [io.papermc.paper.util.PapoTickProfile] PapoTickProfile.phase chunkMap.tracker.maintain  total=   11.8ms avg/tick=   29.5us share=  0.6% n=1200
[01:04:50] [Server thread/INFO]: [STDOUT] [io.papermc.paper.util.PapoTickProfile] PapoTickProfile.phase chunkMap.tracker.sendChanges total=   10.1ms avg/tick=   25.2us share=  0.5% n=1200
[01:04:50] [Server thread/INFO]: [STDOUT] [io.papermc.paper.util.PapoTickProfile] PapoTickProfile.phase chunkMap.tracker.fanout    total=    2.0ms avg/tick=    4.9us share=  0.1% n=1200
[01:04:50] [Server thread/INFO]: [STDOUT] [io.papermc.paper.util.PapoTickProfile] PapoTickProfile.phase player.pushEntities        total=    1.7ms avg/tick=    4.1us share=  0.1% n=5065
[01:04:50] [Server thread/INFO]: [STDOUT] [io.papermc.paper.util.PapoTickProfile] PapoTickProfile.phase level.blockEvents          total=    1.3ms avg/tick=    3.2us share=  0.1% n=1200
[01:04:50] [Server thread/INFO]: [STDOUT] [io.papermc.paper.util.PapoTickProfile] PapoTickProfile.phase players                    total=    0.9ms avg/tick=    2.1us share=  0.0% n=400
[01:04:50] [Server thread/INFO]: [STDOUT] [io.papermc.paper.util.PapoTickProfile] PapoTickProfile.phase player.aiStepTouchScan     total=    0.6ms avg/tick=    1.6us share=  0.0% n=800
[01:04:50] [Server thread/INFO]: [STDOUT] [io.papermc.paper.util.PapoTickProfile] PapoTickProfile.phase conn.flushQueue            total=    0.4ms avg/tick=    1.0us share=  0.0% n=800
[01:04:50] [Server thread/INFO]: [STDOUT] [io.papermc.paper.util.PapoTickProfile] PapoTickProfile.phase functions                  total=    0.3ms avg/tick=    0.8us share=  0.0% n=400
[01:04:50] [Server thread/INFO]: [STDOUT] [io.papermc.paper.util.PapoTickProfile] PapoTickProfile.count fanout.sends               total=     6774 avg/tick=     16.9 n=1200
[01:04:50] [Server thread/INFO]: [STDOUT] [io.papermc.paper.util.PapoTickProfile] PapoTickProfile.count rs.fluidTickRuns           total=     3533 avg/tick=      8.8 n=3533
[01:04:50] [Server thread/INFO]: [STDOUT] [io.papermc.paper.util.PapoTickProfile] PapoTickProfile.count fanout.pkt.headRot         total=     1686 avg/tick=      4.2 n=400
[01:04:50] [Server thread/INFO]: [STDOUT] [io.papermc.paper.util.PapoTickProfile] PapoTickProfile.count fanout.pkt.movePosRot      total=     1533 avg/tick=      3.8 n=400
[01:04:50] [Server thread/INFO]: [STDOUT] [io.papermc.paper.util.PapoTickProfile] PapoTickProfile.count rs.blockTickRuns           total=      320 avg/tick=      0.8 n=320
[01:04:50] [Server thread/INFO]: [STDOUT] [io.papermc.paper.util.PapoTickProfile] PapoTickProfile.count fanout.pkt.movePos         total=      148 avg/tick=      0.4 n=109
[01:04:50] [Server thread/INFO]: [STDOUT] [io.papermc.paper.util.PapoTickProfile] PapoTickProfile.count fanout.pkt.posSync         total=       87 avg/tick=      0.2 n=81
[01:04:50] [Server thread/INFO]: [STDOUT] [io.papermc.paper.util.PapoTickProfile] PapoTickProfile.count fanout.pkt.other           total=       53 avg/tick=      0.1 n=46
[01:04:50] [Server thread/INFO]: [STDOUT] [io.papermc.paper.util.PapoTickProfile] PapoTickProfile.count fanout.pkt.velocity        total=       14 avg/tick=      0.0 n=14
[01:04:50] [Server thread/INFO]: [STDOUT] [io.papermc.paper.util.PapoTickProfile] PapoTickProfile.count fanout.pkt.moveRot         total=        5 avg/tick=      0.0 n=5
[01:04:50] [Server thread/INFO]: [STDOUT] [io.papermc.paper.util.PapoTickProfile] PapoTickProfile.count fanout.pkt.entityData      total=        1 avg/tick=      0.0 n=1
[01:04:50] [Server thread/INFO]: [STDOUT] [io.papermc.paper.util.PapoTickProfile] PapoTickProfile.tickdist n=400 durMs[p50=1.73 p95=2.59 p99=3.84 max=6.00] over45=0 over50=0 | gapMs[p95=51.69 p99=53.10 max=55.95] stalls100ms=0 | tps=20.00
[01:05:10] [Server thread/INFO]: [STDOUT] [io.papermc.paper.util.PapoTickProfile] PapoTickProfile window=400ticks totalWallMs=20000 measuredMs=1744 gcMs=20
[01:05:10] [Server thread/INFO]: [STDOUT] [io.papermc.paper.util.PapoTickProfile] PapoTickProfile.phase worlds                     total=  611.0ms avg/tick= 1527.5us share= 35.0% n=400
[01:05:10] [Server thread/INFO]: [STDOUT] [io.papermc.paper.util.PapoTickProfile] PapoTickProfile.phase level.tickPending+misc     total=  351.9ms avg/tick=  879.6us share= 20.2% n=1200
[01:05:10] [Server thread/INFO]: [STDOUT] [io.papermc.paper.util.PapoTickProfile] PapoTickProfile.phase level.chunkSource          total=  311.7ms avg/tick=  779.3us share= 17.9% n=1200
[01:05:10] [Server thread/INFO]: [STDOUT] [io.papermc.paper.util.PapoTickProfile] PapoTickProfile.phase level.entities             total=  245.3ms avg/tick=  613.4us share= 14.1% n=1200
[01:05:10] [Server thread/INFO]: [STDOUT] [io.papermc.paper.util.PapoTickProfile] PapoTickProfile.phase connection                 total=   39.4ms avg/tick=   98.6us share=  2.3% n=400
[01:05:10] [Server thread/INFO]: [STDOUT] [io.papermc.paper.util.PapoTickProfile] PapoTickProfile.phase conn.listenerTick          total=   32.7ms avg/tick=   81.7us share=  1.9% n=800
[01:05:10] [Server thread/INFO]: [STDOUT] [io.papermc.paper.util.PapoTickProfile] PapoTickProfile.phase level.fluidTicks           total=   31.9ms avg/tick=   79.8us share=  1.8% n=1200
[01:05:10] [Server thread/INFO]: [STDOUT] [io.papermc.paper.util.PapoTickProfile] PapoTickProfile.phase ent.serverAiStep           total=   28.3ms avg/tick=   70.8us share=  1.6% n=9600
[01:05:10] [Server thread/INFO]: [STDOUT] [io.papermc.paper.util.PapoTickProfile] PapoTickProfile.phase server.taskDrain           total=   26.8ms avg/tick=   67.1us share=  1.5% n=400
[01:05:10] [Server thread/INFO]: [STDOUT] [io.papermc.paper.util.PapoTickProfile] PapoTickProfile.phase player.superTick           total=   20.0ms avg/tick=   50.0us share=  1.1% n=800
[01:05:10] [Server thread/INFO]: [STDOUT] [io.papermc.paper.util.PapoTickProfile] PapoTickProfile.phase sendChunks                 total=   15.6ms avg/tick=   39.0us share=  0.9% n=400
[01:05:10] [Server thread/INFO]: [STDOUT] [io.papermc.paper.util.PapoTickProfile] PapoTickProfile.phase chunkMap.tracker.maintain  total=   10.1ms avg/tick=   25.2us share=  0.6% n=1200
[01:05:10] [Server thread/INFO]: [STDOUT] [io.papermc.paper.util.PapoTickProfile] PapoTickProfile.phase chunkMap.tracker.sendChanges total=    9.0ms avg/tick=   22.5us share=  0.5% n=1200
[01:05:10] [Server thread/INFO]: [STDOUT] [io.papermc.paper.util.PapoTickProfile] PapoTickProfile.phase level.blockTicks           total=    4.8ms avg/tick=   11.9us share=  0.3% n=1200
[01:05:10] [Server thread/INFO]: [STDOUT] [io.papermc.paper.util.PapoTickProfile] PapoTickProfile.phase chunkMap.tracker.fanout    total=    1.7ms avg/tick=    4.4us share=  0.1% n=1200
[01:05:10] [Server thread/INFO]: [STDOUT] [io.papermc.paper.util.PapoTickProfile] PapoTickProfile.phase player.pushEntities        total=    1.6ms avg/tick=    3.9us share=  0.1% n=3658
[01:05:10] [Server thread/INFO]: [STDOUT] [io.papermc.paper.util.PapoTickProfile] PapoTickProfile.phase level.blockEvents          total=    1.3ms avg/tick=    3.3us share=  0.1% n=1200
[01:05:10] [Server thread/INFO]: [STDOUT] [io.papermc.paper.util.PapoTickProfile] PapoTickProfile.phase player.aiStepTouchScan     total=    0.8ms avg/tick=    2.0us share=  0.0% n=800
[01:05:10] [Server thread/INFO]: [STDOUT] [io.papermc.paper.util.PapoTickProfile] PapoTickProfile.phase conn.flushQueue            total=    0.5ms avg/tick=    1.2us share=  0.0% n=800
[01:05:10] [Server thread/INFO]: [STDOUT] [io.papermc.paper.util.PapoTickProfile] PapoTickProfile.phase functions                  total=    0.3ms avg/tick=    0.7us share=  0.0% n=400
[01:05:10] [Server thread/INFO]: [STDOUT] [io.papermc.paper.util.PapoTickProfile] PapoTickProfile.phase players                    total=    0.1ms avg/tick=    0.3us share=  0.0% n=400
[01:05:10] [Server thread/INFO]: [STDOUT] [io.papermc.paper.util.PapoTickProfile] PapoTickProfile.count fanout.sends               total=     6227 avg/tick=     15.6 n=1200
[01:05:10] [Server thread/INFO]: [STDOUT] [io.papermc.paper.util.PapoTickProfile] PapoTickProfile.count fanout.pkt.headRot         total=     1533 avg/tick=      3.8 n=400
[01:05:10] [Server thread/INFO]: [STDOUT] [io.papermc.paper.util.PapoTickProfile] PapoTickProfile.count fanout.pkt.movePosRot      total=     1349 avg/tick=      3.4 n=400
[01:05:10] [Server thread/INFO]: [STDOUT] [io.papermc.paper.util.PapoTickProfile] PapoTickProfile.count rs.fluidTickRuns           total=     1292 avg/tick=      3.2 n=1292
[01:05:10] [Server thread/INFO]: [STDOUT] [io.papermc.paper.util.PapoTickProfile] PapoTickProfile.count fanout.pkt.movePos         total=      172 avg/tick=      0.4 n=126
[01:05:10] [Server thread/INFO]: [STDOUT] [io.papermc.paper.util.PapoTickProfile] PapoTickProfile.count fanout.pkt.posSync         total=       92 avg/tick=      0.2 n=84
[01:05:10] [Server thread/INFO]: [STDOUT] [io.papermc.paper.util.PapoTickProfile] PapoTickProfile.count rs.blockTickRuns           total=       71 avg/tick=      0.2 n=71
[01:05:10] [Server thread/INFO]: [STDOUT] [io.papermc.paper.util.PapoTickProfile] PapoTickProfile.count fanout.pkt.other           total=       55 avg/tick=      0.1 n=52
[01:05:10] [Server thread/INFO]: [STDOUT] [io.papermc.paper.util.PapoTickProfile] PapoTickProfile.count fanout.pkt.velocity        total=       44 avg/tick=      0.1 n=44
[01:05:10] [Server thread/INFO]: [STDOUT] [io.papermc.paper.util.PapoTickProfile] PapoTickProfile.count fanout.pkt.entityData      total=       38 avg/tick=      0.1 n=38
[01:05:10] [Server thread/INFO]: [STDOUT] [io.papermc.paper.util.PapoTickProfile] PapoTickProfile.count fanout.pkt.moveRot         total=       33 avg/tick=      0.1 n=28
[01:05:10] [Server thread/INFO]: [STDOUT] [io.papermc.paper.util.PapoTickProfile] PapoTickProfile.tickdist n=400 durMs[p50=1.68 p95=2.36 p99=3.43 max=6.79] over45=0 over50=0 | gapMs[p95=51.45 p99=52.44 max=55.22] stalls100ms=0 | tps=20.00
[01:05:30] [Server thread/INFO]: [STDOUT] [io.papermc.paper.util.PapoTickProfile] PapoTickProfile window=400ticks totalWallMs=19999 measuredMs=1621 gcMs=16
[01:05:30] [Server thread/INFO]: [STDOUT] [io.papermc.paper.util.PapoTickProfile] PapoTickProfile.phase worlds                     total=  563.8ms avg/tick= 1409.6us share= 34.8% n=400
[01:05:30] [Server thread/INFO]: [STDOUT] [io.papermc.paper.util.PapoTickProfile] PapoTickProfile.phase level.tickPending+misc     total=  345.7ms avg/tick=  864.2us share= 21.3% n=1200
[01:05:30] [Server thread/INFO]: [STDOUT] [io.papermc.paper.util.PapoTickProfile] PapoTickProfile.phase level.chunkSource          total=  302.0ms avg/tick=  755.0us share= 18.6% n=1200
[01:05:30] [Server thread/INFO]: [STDOUT] [io.papermc.paper.util.PapoTickProfile] PapoTickProfile.phase level.entities             total=  204.4ms avg/tick=  510.9us share= 12.6% n=1200
[01:05:30] [Server thread/INFO]: [STDOUT] [io.papermc.paper.util.PapoTickProfile] PapoTickProfile.phase connection                 total=   34.1ms avg/tick=   85.2us share=  2.1% n=400
[01:05:30] [Server thread/INFO]: [STDOUT] [io.papermc.paper.util.PapoTickProfile] PapoTickProfile.phase level.fluidTicks           total=   34.0ms avg/tick=   85.0us share=  2.1% n=1200
[01:05:30] [Server thread/INFO]: [STDOUT] [io.papermc.paper.util.PapoTickProfile] PapoTickProfile.phase conn.listenerTick          total=   26.8ms avg/tick=   67.1us share=  1.7% n=800
[01:05:30] [Server thread/INFO]: [STDOUT] [io.papermc.paper.util.PapoTickProfile] PapoTickProfile.phase server.taskDrain           total=   24.5ms avg/tick=   61.2us share=  1.5% n=400
[01:05:30] [Server thread/INFO]: [STDOUT] [io.papermc.paper.util.PapoTickProfile] PapoTickProfile.phase ent.serverAiStep           total=   23.5ms avg/tick=   58.8us share=  1.5% n=9351
[01:05:30] [Server thread/INFO]: [STDOUT] [io.papermc.paper.util.PapoTickProfile] PapoTickProfile.phase player.superTick           total=   17.8ms avg/tick=   44.4us share=  1.1% n=800
[01:05:30] [Server thread/INFO]: [STDOUT] [io.papermc.paper.util.PapoTickProfile] PapoTickProfile.phase sendChunks                 total=   14.8ms avg/tick=   37.1us share=  0.9% n=400
[01:05:30] [Server thread/INFO]: [STDOUT] [io.papermc.paper.util.PapoTickProfile] PapoTickProfile.phase chunkMap.tracker.maintain  total=    9.3ms avg/tick=   23.3us share=  0.6% n=1200
[01:05:30] [Server thread/INFO]: [STDOUT] [io.papermc.paper.util.PapoTickProfile] PapoTickProfile.phase chunkMap.tracker.sendChanges total=    8.2ms avg/tick=   20.6us share=  0.5% n=1200
[01:05:30] [Server thread/INFO]: [STDOUT] [io.papermc.paper.util.PapoTickProfile] PapoTickProfile.phase level.blockTicks           total=    6.4ms avg/tick=   15.9us share=  0.4% n=1200
[01:05:30] [Server thread/INFO]: [STDOUT] [io.papermc.paper.util.PapoTickProfile] PapoTickProfile.phase chunkMap.tracker.fanout    total=    1.6ms avg/tick=    4.0us share=  0.1% n=1200
[01:05:30] [Server thread/INFO]: [STDOUT] [io.papermc.paper.util.PapoTickProfile] PapoTickProfile.phase player.pushEntities        total=    1.3ms avg/tick=    3.4us share=  0.1% n=3533
[01:05:30] [Server thread/INFO]: [STDOUT] [io.papermc.paper.util.PapoTickProfile] PapoTickProfile.phase level.blockEvents          total=    1.3ms avg/tick=    3.3us share=  0.1% n=1200
[01:05:30] [Server thread/INFO]: [STDOUT] [io.papermc.paper.util.PapoTickProfile] PapoTickProfile.phase player.aiStepTouchScan     total=    0.7ms avg/tick=    1.8us share=  0.0% n=800
[01:05:30] [Server thread/INFO]: [STDOUT] [io.papermc.paper.util.PapoTickProfile] PapoTickProfile.phase conn.flushQueue            total=    0.5ms avg/tick=    1.2us share=  0.0% n=800
[01:05:30] [Server thread/INFO]: [STDOUT] [io.papermc.paper.util.PapoTickProfile] PapoTickProfile.phase functions                  total=    0.3ms avg/tick=    0.7us share=  0.0% n=400
[01:05:30] [Server thread/INFO]: [STDOUT] [io.papermc.paper.util.PapoTickProfile] PapoTickProfile.phase players                    total=    0.2ms avg/tick=    0.4us share=  0.0% n=400
[01:05:30] [Server thread/INFO]: [STDOUT] [io.papermc.paper.util.PapoTickProfile] PapoTickProfile.count fanout.sends               total=     5353 avg/tick=     13.4 n=1200
[01:05:30] [Server thread/INFO]: [STDOUT] [io.papermc.paper.util.PapoTickProfile] PapoTickProfile.count rs.fluidTickRuns           total=     3577 avg/tick=      8.9 n=3577
[01:05:30] [Server thread/INFO]: [STDOUT] [io.papermc.paper.util.PapoTickProfile] PapoTickProfile.count fanout.pkt.headRot         total=     1283 avg/tick=      3.2 n=400
[01:05:30] [Server thread/INFO]: [STDOUT] [io.papermc.paper.util.PapoTickProfile] PapoTickProfile.count fanout.pkt.movePosRot      total=     1136 avg/tick=      2.8 n=399
[01:05:30] [Server thread/INFO]: [STDOUT] [io.papermc.paper.util.PapoTickProfile] PapoTickProfile.count rs.blockTickRuns           total=      258 avg/tick=      0.6 n=258
[01:05:30] [Server thread/INFO]: [STDOUT] [io.papermc.paper.util.PapoTickProfile] PapoTickProfile.count fanout.pkt.movePos         total=      156 avg/tick=      0.4 n=123
[01:05:30] [Server thread/INFO]: [STDOUT] [io.papermc.paper.util.PapoTickProfile] PapoTickProfile.count fanout.pkt.posSync         total=       71 avg/tick=      0.2 n=63
[01:05:30] [Server thread/INFO]: [STDOUT] [io.papermc.paper.util.PapoTickProfile] PapoTickProfile.count fanout.pkt.other           total=       55 avg/tick=      0.1 n=46
[01:05:30] [Server thread/INFO]: [STDOUT] [io.papermc.paper.util.PapoTickProfile] PapoTickProfile.count fanout.pkt.velocity        total=       35 avg/tick=      0.1 n=35
[01:05:30] [Server thread/INFO]: [STDOUT] [io.papermc.paper.util.PapoTickProfile] PapoTickProfile.count fanout.pkt.moveRot         total=       31 avg/tick=      0.1 n=31
[01:05:30] [Server thread/INFO]: [STDOUT] [io.papermc.paper.util.PapoTickProfile] PapoTickProfile.count fanout.pkt.entityData      total=        7 avg/tick=      0.0 n=7
[01:05:30] [Server thread/INFO]: [STDOUT] [io.papermc.paper.util.PapoTickProfile] PapoTickProfile.tickdist n=400 durMs[p50=1.57 p95=2.08 p99=2.78 max=3.63] over45=0 over50=0 | gapMs[p95=51.37 p99=51.88 max=53.30] stalls100ms=0 | tps=20.00
[01:05:50] [Server thread/INFO]: [STDOUT] [io.papermc.paper.util.PapoTickProfile] PapoTickProfile window=400ticks totalWallMs=20000 measuredMs=1694 gcMs=10
[01:05:50] [Server thread/INFO]: [STDOUT] [io.papermc.paper.util.PapoTickProfile] PapoTickProfile.phase worlds                     total=  588.9ms avg/tick= 1472.3us share= 34.8% n=400
[01:05:50] [Server thread/INFO]: [STDOUT] [io.papermc.paper.util.PapoTickProfile] PapoTickProfile.phase level.tickPending+misc     total=  375.6ms avg/tick=  938.9us share= 22.2% n=1200
[01:05:50] [Server thread/INFO]: [STDOUT] [io.papermc.paper.util.PapoTickProfile] PapoTickProfile.phase level.chunkSource          total=  315.5ms avg/tick=  788.7us share= 18.6% n=1200
[01:05:50] [Server thread/INFO]: [STDOUT] [io.papermc.paper.util.PapoTickProfile] PapoTickProfile.phase level.entities             total=  200.9ms avg/tick=  502.2us share= 11.9% n=1200
[01:05:50] [Server thread/INFO]: [STDOUT] [io.papermc.paper.util.PapoTickProfile] PapoTickProfile.phase level.fluidTicks           total=   49.4ms avg/tick=  123.5us share=  2.9% n=1200
[01:05:50] [Server thread/INFO]: [STDOUT] [io.papermc.paper.util.PapoTickProfile] PapoTickProfile.phase connection                 total=   30.0ms avg/tick=   75.1us share=  1.8% n=400
[01:05:50] [Server thread/INFO]: [STDOUT] [io.papermc.paper.util.PapoTickProfile] PapoTickProfile.phase ent.serverAiStep           total=   26.6ms avg/tick=   66.5us share=  1.6% n=10768
[01:05:50] [Server thread/INFO]: [STDOUT] [io.papermc.paper.util.PapoTickProfile] PapoTickProfile.phase conn.listenerTick          total=   24.2ms avg/tick=   60.4us share=  1.4% n=800
[01:05:50] [Server thread/INFO]: [STDOUT] [io.papermc.paper.util.PapoTickProfile] PapoTickProfile.phase server.taskDrain           total=   22.4ms avg/tick=   56.0us share=  1.3% n=400
[01:05:50] [Server thread/INFO]: [STDOUT] [io.papermc.paper.util.PapoTickProfile] PapoTickProfile.phase player.superTick           total=   15.7ms avg/tick=   39.2us share=  0.9% n=800
[01:05:50] [Server thread/INFO]: [STDOUT] [io.papermc.paper.util.PapoTickProfile] PapoTickProfile.phase sendChunks                 total=   13.9ms avg/tick=   34.7us share=  0.8% n=400
[01:05:50] [Server thread/INFO]: [STDOUT] [io.papermc.paper.util.PapoTickProfile] PapoTickProfile.phase chunkMap.tracker.maintain  total=    9.9ms avg/tick=   24.8us share=  0.6% n=1200
[01:05:50] [Server thread/INFO]: [STDOUT] [io.papermc.paper.util.PapoTickProfile] PapoTickProfile.phase chunkMap.tracker.sendChanges total=    8.0ms avg/tick=   20.0us share=  0.5% n=1200
[01:05:50] [Server thread/INFO]: [STDOUT] [io.papermc.paper.util.PapoTickProfile] PapoTickProfile.phase level.blockTicks           total=    7.6ms avg/tick=   18.9us share=  0.4% n=1200
[01:05:50] [Server thread/INFO]: [STDOUT] [io.papermc.paper.util.PapoTickProfile] PapoTickProfile.phase player.pushEntities        total=    1.6ms avg/tick=    4.0us share=  0.1% n=5150
[01:05:50] [Server thread/INFO]: [STDOUT] [io.papermc.paper.util.PapoTickProfile] PapoTickProfile.phase chunkMap.tracker.fanout    total=    1.5ms avg/tick=    3.7us share=  0.1% n=1200
[01:05:50] [Server thread/INFO]: [STDOUT] [io.papermc.paper.util.PapoTickProfile] PapoTickProfile.phase level.blockEvents          total=    1.0ms avg/tick=    2.5us share=  0.1% n=1200
[01:05:50] [Server thread/INFO]: [STDOUT] [io.papermc.paper.util.PapoTickProfile] PapoTickProfile.phase conn.flushQueue            total=    0.6ms avg/tick=    1.6us share=  0.0% n=800
[01:05:50] [Server thread/INFO]: [STDOUT] [io.papermc.paper.util.PapoTickProfile] PapoTickProfile.phase player.aiStepTouchScan     total=    0.6ms avg/tick=    1.5us share=  0.0% n=800
[01:05:50] [Server thread/INFO]: [STDOUT] [io.papermc.paper.util.PapoTickProfile] PapoTickProfile.phase functions                  total=    0.2ms avg/tick=    0.5us share=  0.0% n=400
[01:05:50] [Server thread/INFO]: [STDOUT] [io.papermc.paper.util.PapoTickProfile] PapoTickProfile.phase players                    total=    0.2ms avg/tick=    0.5us share=  0.0% n=400
[01:05:50] [Server thread/INFO]: [STDOUT] [io.papermc.paper.util.PapoTickProfile] PapoTickProfile.count fanout.sends               total=     4841 avg/tick=     12.1 n=1200
[01:05:50] [Server thread/INFO]: [STDOUT] [io.papermc.paper.util.PapoTickProfile] PapoTickProfile.count rs.fluidTickRuns           total=     4459 avg/tick=     11.1 n=4459
[01:05:50] [Server thread/INFO]: [STDOUT] [io.papermc.paper.util.PapoTickProfile] PapoTickProfile.count fanout.pkt.headRot         total=     1127 avg/tick=      2.8 n=396
[01:05:50] [Server thread/INFO]: [STDOUT] [io.papermc.paper.util.PapoTickProfile] PapoTickProfile.count fanout.pkt.movePosRot      total=     1036 avg/tick=      2.6 n=393
[01:05:50] [Server thread/INFO]: [STDOUT] [io.papermc.paper.util.PapoTickProfile] PapoTickProfile.count rs.blockTickRuns           total=      576 avg/tick=      1.4 n=576
[01:05:50] [Server thread/INFO]: [STDOUT] [io.papermc.paper.util.PapoTickProfile] PapoTickProfile.count fanout.pkt.movePos         total=      114 avg/tick=      0.3 n=95
[01:05:50] [Server thread/INFO]: [STDOUT] [io.papermc.paper.util.PapoTickProfile] PapoTickProfile.count fanout.pkt.other           total=       49 avg/tick=      0.1 n=48
[01:05:50] [Server thread/INFO]: [STDOUT] [io.papermc.paper.util.PapoTickProfile] PapoTickProfile.count fanout.pkt.entityData      total=       48 avg/tick=      0.1 n=46
[01:05:50] [Server thread/INFO]: [STDOUT] [io.papermc.paper.util.PapoTickProfile] PapoTickProfile.count fanout.pkt.posSync         total=       47 avg/tick=      0.1 n=45
[01:05:50] [Server thread/INFO]: [STDOUT] [io.papermc.paper.util.PapoTickProfile] PapoTickProfile.count fanout.pkt.velocity        total=       22 avg/tick=      0.1 n=22
[01:05:50] [Server thread/INFO]: [STDOUT] [io.papermc.paper.util.PapoTickProfile] PapoTickProfile.count fanout.pkt.moveRot         total=       12 avg/tick=      0.0 n=12
[01:05:50] [Server thread/INFO]: [STDOUT] [io.papermc.paper.util.PapoTickProfile] PapoTickProfile.tickdist n=400 durMs[p50=1.61 p95=2.16 p99=2.61 max=3.04] over45=0 over50=0 | gapMs[p95=51.20 p99=51.61 max=53.63] stalls100ms=0 | tps=20.00
[01:06:10] [Server thread/INFO]: [STDOUT] [io.papermc.paper.util.PapoTickProfile] PapoTickProfile window=400ticks totalWallMs=19999 measuredMs=1918 gcMs=15
[01:06:10] [Server thread/INFO]: [STDOUT] [io.papermc.paper.util.PapoTickProfile] PapoTickProfile.phase worlds                     total=  669.4ms avg/tick= 1673.5us share= 34.9% n=400
[01:06:10] [Server thread/INFO]: [STDOUT] [io.papermc.paper.util.PapoTickProfile] PapoTickProfile.phase level.tickPending+misc     total=  386.4ms avg/tick=  965.9us share= 20.1% n=1200
[01:06:10] [Server thread/INFO]: [STDOUT] [io.papermc.paper.util.PapoTickProfile] PapoTickProfile.phase level.chunkSource          total=  329.2ms avg/tick=  823.0us share= 17.2% n=1200
[01:06:10] [Server thread/INFO]: [STDOUT] [io.papermc.paper.util.PapoTickProfile] PapoTickProfile.phase level.entities             total=  273.1ms avg/tick=  682.7us share= 14.2% n=1200
[01:06:10] [Server thread/INFO]: [STDOUT] [io.papermc.paper.util.PapoTickProfile] PapoTickProfile.phase ent.serverAiStep           total=   61.7ms avg/tick=  154.4us share=  3.2% n=9726
[01:06:10] [Server thread/INFO]: [STDOUT] [io.papermc.paper.util.PapoTickProfile] PapoTickProfile.phase level.fluidTicks           total=   46.7ms avg/tick=  116.6us share=  2.4% n=1200
[01:06:10] [Server thread/INFO]: [STDOUT] [io.papermc.paper.util.PapoTickProfile] PapoTickProfile.phase connection                 total=   32.6ms avg/tick=   81.6us share=  1.7% n=400
[01:06:10] [Server thread/INFO]: [STDOUT] [io.papermc.paper.util.PapoTickProfile] PapoTickProfile.phase server.taskDrain           total=   26.2ms avg/tick=   65.4us share=  1.4% n=400
[01:06:10] [Server thread/INFO]: [STDOUT] [io.papermc.paper.util.PapoTickProfile] PapoTickProfile.phase conn.listenerTick          total=   25.8ms avg/tick=   64.4us share=  1.3% n=800
[01:06:10] [Server thread/INFO]: [STDOUT] [io.papermc.paper.util.PapoTickProfile] PapoTickProfile.phase player.superTick           total=   17.3ms avg/tick=   43.4us share=  0.9% n=800
[01:06:10] [Server thread/INFO]: [STDOUT] [io.papermc.paper.util.PapoTickProfile] PapoTickProfile.phase sendChunks                 total=   13.6ms avg/tick=   34.1us share=  0.7% n=400
[01:06:10] [Server thread/INFO]: [STDOUT] [io.papermc.paper.util.PapoTickProfile] PapoTickProfile.phase chunkMap.tracker.maintain  total=   12.4ms avg/tick=   31.0us share=  0.6% n=1200
[01:06:10] [Server thread/INFO]: [STDOUT] [io.papermc.paper.util.PapoTickProfile] PapoTickProfile.phase chunkMap.tracker.sendChanges total=   10.3ms avg/tick=   25.8us share=  0.5% n=1200
[01:06:10] [Server thread/INFO]: [STDOUT] [io.papermc.paper.util.PapoTickProfile] PapoTickProfile.phase level.blockTicks           total=    8.4ms avg/tick=   20.9us share=  0.4% n=1200
[01:06:10] [Server thread/INFO]: [STDOUT] [io.papermc.paper.util.PapoTickProfile] PapoTickProfile.phase player.pushEntities        total=    2.1ms avg/tick=    5.2us share=  0.1% n=4128
[01:06:10] [Server thread/INFO]: [STDOUT] [io.papermc.paper.util.PapoTickProfile] PapoTickProfile.phase chunkMap.tracker.fanout    total=    1.5ms avg/tick=    3.8us share=  0.1% n=1200
[01:06:10] [Server thread/INFO]: [STDOUT] [io.papermc.paper.util.PapoTickProfile] PapoTickProfile.phase player.aiStepTouchScan     total=    0.6ms avg/tick=    1.6us share=  0.0% n=800
[01:06:10] [Server thread/INFO]: [STDOUT] [io.papermc.paper.util.PapoTickProfile] PapoTickProfile.phase conn.flushQueue            total=    0.6ms avg/tick=    1.6us share=  0.0% n=800
[01:06:10] [Server thread/INFO]: [STDOUT] [io.papermc.paper.util.PapoTickProfile] PapoTickProfile.phase level.blockEvents          total=    0.4ms avg/tick=    1.1us share=  0.0% n=1200
[01:06:10] [Server thread/INFO]: [STDOUT] [io.papermc.paper.util.PapoTickProfile] PapoTickProfile.phase players                    total=    0.1ms avg/tick=    0.3us share=  0.0% n=400
[01:06:10] [Server thread/INFO]: [STDOUT] [io.papermc.paper.util.PapoTickProfile] PapoTickProfile.phase functions                  total=    0.1ms avg/tick=    0.2us share=  0.0% n=400
[01:06:10] [Server thread/INFO]: [STDOUT] [io.papermc.paper.util.PapoTickProfile] PapoTickProfile.count fanout.sends               total=     4552 avg/tick=     11.4 n=1200
[01:06:10] [Server thread/INFO]: [STDOUT] [io.papermc.paper.util.PapoTickProfile] PapoTickProfile.count rs.fluidTickRuns           total=     3541 avg/tick=      8.9 n=3541
[01:06:10] [Server thread/INFO]: [STDOUT] [io.papermc.paper.util.PapoTickProfile] PapoTickProfile.count fanout.pkt.headRot         total=     1043 avg/tick=      2.6 n=389
[01:06:10] [Server thread/INFO]: [STDOUT] [io.papermc.paper.util.PapoTickProfile] PapoTickProfile.count fanout.pkt.movePosRot      total=      956 avg/tick=      2.4 n=375
[01:06:10] [Server thread/INFO]: [STDOUT] [io.papermc.paper.util.PapoTickProfile] PapoTickProfile.count rs.blockTickRuns           total=      748 avg/tick=      1.9 n=748
[01:06:10] [Server thread/INFO]: [STDOUT] [io.papermc.paper.util.PapoTickProfile] PapoTickProfile.count fanout.pkt.movePos         total=      145 avg/tick=      0.4 n=117
[01:06:10] [Server thread/INFO]: [STDOUT] [io.papermc.paper.util.PapoTickProfile] PapoTickProfile.count fanout.pkt.other           total=       87 avg/tick=      0.2 n=49
[01:06:10] [Server thread/INFO]: [STDOUT] [io.papermc.paper.util.PapoTickProfile] PapoTickProfile.count fanout.pkt.posSync         total=       48 avg/tick=      0.1 n=43
[01:06:10] [Server thread/INFO]: [STDOUT] [io.papermc.paper.util.PapoTickProfile] PapoTickProfile.count fanout.pkt.entityData      total=       43 avg/tick=      0.1 n=35
[01:06:10] [Server thread/INFO]: [STDOUT] [io.papermc.paper.util.PapoTickProfile] PapoTickProfile.count fanout.pkt.velocity        total=       28 avg/tick=      0.1 n=28
[01:06:10] [Server thread/INFO]: [STDOUT] [io.papermc.paper.util.PapoTickProfile] PapoTickProfile.count fanout.pkt.moveRot         total=       10 avg/tick=      0.0 n=10
[01:06:10] [Server thread/INFO]: [STDOUT] [io.papermc.paper.util.PapoTickProfile] PapoTickProfile.tickdist n=400 durMs[p50=1.68 p95=2.78 p99=4.41 max=18.20] over45=0 over50=0 | gapMs[p95=51.53 p99=53.08 max=64.75] stalls100ms=0 | tps=20.00
[01:06:30] [Server thread/INFO]: [STDOUT] [io.papermc.paper.util.PapoTickProfile] PapoTickProfile window=400ticks totalWallMs=20001 measuredMs=1766 gcMs=19
[01:06:30] [Server thread/INFO]: [STDOUT] [io.papermc.paper.util.PapoTickProfile] PapoTickProfile.phase worlds                     total=  617.0ms avg/tick= 1542.5us share= 34.9% n=400
[01:06:30] [Server thread/INFO]: [STDOUT] [io.papermc.paper.util.PapoTickProfile] PapoTickProfile.phase level.tickPending+misc     total=  373.2ms avg/tick=  932.9us share= 21.1% n=1200
[01:06:30] [Server thread/INFO]: [STDOUT] [io.papermc.paper.util.PapoTickProfile] PapoTickProfile.phase level.chunkSource          total=  331.9ms avg/tick=  829.7us share= 18.8% n=1200
[01:06:30] [Server thread/INFO]: [STDOUT] [io.papermc.paper.util.PapoTickProfile] PapoTickProfile.phase level.entities             total=  233.7ms avg/tick=  584.2us share= 13.2% n=1200
[01:06:30] [Server thread/INFO]: [STDOUT] [io.papermc.paper.util.PapoTickProfile] PapoTickProfile.phase level.fluidTicks           total=   36.3ms avg/tick=   90.6us share=  2.1% n=1200
[01:06:30] [Server thread/INFO]: [STDOUT] [io.papermc.paper.util.PapoTickProfile] PapoTickProfile.phase ent.serverAiStep           total=   32.5ms avg/tick=   81.3us share=  1.8% n=9687
[01:06:30] [Server thread/INFO]: [STDOUT] [io.papermc.paper.util.PapoTickProfile] PapoTickProfile.phase connection                 total=   31.6ms avg/tick=   79.1us share=  1.8% n=400
[01:06:30] [Server thread/INFO]: [STDOUT] [io.papermc.paper.util.PapoTickProfile] PapoTickProfile.phase server.taskDrain           total=   25.4ms avg/tick=   63.5us share=  1.4% n=400
[01:06:30] [Server thread/INFO]: [STDOUT] [io.papermc.paper.util.PapoTickProfile] PapoTickProfile.phase conn.listenerTick          total=   24.8ms avg/tick=   62.0us share=  1.4% n=800
[01:06:30] [Server thread/INFO]: [STDOUT] [io.papermc.paper.util.PapoTickProfile] PapoTickProfile.phase player.superTick           total=   16.6ms avg/tick=   41.5us share=  0.9% n=800
[01:06:30] [Server thread/INFO]: [STDOUT] [io.papermc.paper.util.PapoTickProfile] PapoTickProfile.phase sendChunks                 total=   13.6ms avg/tick=   34.0us share=  0.8% n=400
[01:06:30] [Server thread/INFO]: [STDOUT] [io.papermc.paper.util.PapoTickProfile] PapoTickProfile.phase chunkMap.tracker.maintain  total=   12.2ms avg/tick=   30.4us share=  0.7% n=1200
[01:06:30] [Server thread/INFO]: [STDOUT] [io.papermc.paper.util.PapoTickProfile] PapoTickProfile.phase chunkMap.tracker.sendChanges total=    9.2ms avg/tick=   23.1us share=  0.5% n=1200
[01:06:30] [Server thread/INFO]: [STDOUT] [io.papermc.paper.util.PapoTickProfile] PapoTickProfile.phase level.blockTicks           total=    3.5ms avg/tick=    8.8us share=  0.2% n=1200
[01:06:30] [Server thread/INFO]: [STDOUT] [io.papermc.paper.util.PapoTickProfile] PapoTickProfile.phase player.pushEntities        total=    1.9ms avg/tick=    4.7us share=  0.1% n=3920
[01:06:30] [Server thread/INFO]: [STDOUT] [io.papermc.paper.util.PapoTickProfile] PapoTickProfile.phase chunkMap.tracker.fanout    total=    1.3ms avg/tick=    3.4us share=  0.1% n=1200
[01:06:30] [Server thread/INFO]: [STDOUT] [io.papermc.paper.util.PapoTickProfile] PapoTickProfile.phase player.aiStepTouchScan     total=    0.7ms avg/tick=    1.7us share=  0.0% n=800
[01:06:30] [Server thread/INFO]: [STDOUT] [io.papermc.paper.util.PapoTickProfile] PapoTickProfile.phase conn.flushQueue            total=    0.5ms avg/tick=    1.3us share=  0.0% n=800
[01:06:30] [Server thread/INFO]: [STDOUT] [io.papermc.paper.util.PapoTickProfile] PapoTickProfile.phase level.blockEvents          total=    0.3ms avg/tick=    0.7us share=  0.0% n=1200
[01:06:30] [Server thread/INFO]: [STDOUT] [io.papermc.paper.util.PapoTickProfile] PapoTickProfile.phase players                    total=    0.2ms avg/tick=    0.5us share=  0.0% n=400
[01:06:30] [Server thread/INFO]: [STDOUT] [io.papermc.paper.util.PapoTickProfile] PapoTickProfile.phase functions                  total=    0.1ms avg/tick=    0.2us share=  0.0% n=400
[01:06:30] [Server thread/INFO]: [STDOUT] [io.papermc.paper.util.PapoTickProfile] PapoTickProfile.count fanout.sends               total=     4182 avg/tick=     10.5 n=1200
[01:06:30] [Server thread/INFO]: [STDOUT] [io.papermc.paper.util.PapoTickProfile] PapoTickProfile.count rs.fluidTickRuns           total=     2014 avg/tick=      5.0 n=2014
[01:06:30] [Server thread/INFO]: [STDOUT] [io.papermc.paper.util.PapoTickProfile] PapoTickProfile.count fanout.pkt.headRot         total=     1031 avg/tick=      2.6 n=334
[01:06:30] [Server thread/INFO]: [STDOUT] [io.papermc.paper.util.PapoTickProfile] PapoTickProfile.count fanout.pkt.movePosRot      total=      917 avg/tick=      2.3 n=306
[01:06:30] [Server thread/INFO]: [STDOUT] [io.papermc.paper.util.PapoTickProfile] PapoTickProfile.count rs.blockTickRuns           total=      122 avg/tick=      0.3 n=122
[01:06:30] [Server thread/INFO]: [STDOUT] [io.papermc.paper.util.PapoTickProfile] PapoTickProfile.count fanout.pkt.movePos         total=       90 avg/tick=      0.2 n=78
[01:06:30] [Server thread/INFO]: [STDOUT] [io.papermc.paper.util.PapoTickProfile] PapoTickProfile.count fanout.pkt.posSync         total=       67 avg/tick=      0.2 n=58
[01:06:30] [Server thread/INFO]: [STDOUT] [io.papermc.paper.util.PapoTickProfile] PapoTickProfile.count fanout.pkt.other           total=       44 avg/tick=      0.1 n=43
[01:06:30] [Server thread/INFO]: [STDOUT] [io.papermc.paper.util.PapoTickProfile] PapoTickProfile.count fanout.pkt.velocity        total=       35 avg/tick=      0.1 n=35
[01:06:30] [Server thread/INFO]: [STDOUT] [io.papermc.paper.util.PapoTickProfile] PapoTickProfile.count fanout.pkt.moveRot         total=       25 avg/tick=      0.1 n=25
[01:06:30] [Server thread/INFO]: [STDOUT] [io.papermc.paper.util.PapoTickProfile] PapoTickProfile.count fanout.pkt.entityData      total=       16 avg/tick=      0.0 n=16
[01:06:30] [Server thread/INFO]: [STDOUT] [io.papermc.paper.util.PapoTickProfile] PapoTickProfile.tickdist n=400 durMs[p50=1.66 p95=2.28 p99=3.12 max=5.15] over45=0 over50=0 | gapMs[p95=51.46 p99=52.09 max=53.25] stalls100ms=0 | tps=20.00
[01:06:50] [Server thread/INFO]: [STDOUT] [io.papermc.paper.util.PapoTickProfile] PapoTickProfile window=400ticks totalWallMs=19999 measuredMs=1914 gcMs=9
[01:06:50] [Server thread/INFO]: [STDOUT] [io.papermc.paper.util.PapoTickProfile] PapoTickProfile.phase worlds                     total=  686.8ms avg/tick= 1717.0us share= 35.9% n=400
[01:06:50] [Server thread/INFO]: [STDOUT] [io.papermc.paper.util.PapoTickProfile] PapoTickProfile.phase level.tickPending+misc     total=  397.6ms avg/tick=  994.0us share= 20.8% n=1200
[01:06:50] [Server thread/INFO]: [STDOUT] [io.papermc.paper.util.PapoTickProfile] PapoTickProfile.phase level.chunkSource          total=  345.6ms avg/tick=  864.0us share= 18.0% n=1200
[01:06:50] [Server thread/INFO]: [STDOUT] [io.papermc.paper.util.PapoTickProfile] PapoTickProfile.phase level.entities             total=  279.1ms avg/tick=  697.7us share= 14.6% n=1200
[01:06:50] [Server thread/INFO]: [STDOUT] [io.papermc.paper.util.PapoTickProfile] PapoTickProfile.phase level.fluidTicks           total=   38.4ms avg/tick=   95.9us share=  2.0% n=1200
[01:06:50] [Server thread/INFO]: [STDOUT] [io.papermc.paper.util.PapoTickProfile] PapoTickProfile.phase ent.serverAiStep           total=   31.4ms avg/tick=   78.5us share=  1.6% n=11388
[01:06:50] [Server thread/INFO]: [STDOUT] [io.papermc.paper.util.PapoTickProfile] PapoTickProfile.phase connection                 total=   26.1ms avg/tick=   65.2us share=  1.4% n=400
[01:06:50] [Server thread/INFO]: [STDOUT] [io.papermc.paper.util.PapoTickProfile] PapoTickProfile.phase server.taskDrain           total=   21.0ms avg/tick=   52.6us share=  1.1% n=400
[01:06:50] [Server thread/INFO]: [STDOUT] [io.papermc.paper.util.PapoTickProfile] PapoTickProfile.phase conn.listenerTick          total=   20.9ms avg/tick=   52.4us share=  1.1% n=800
[01:06:50] [Server thread/INFO]: [STDOUT] [io.papermc.paper.util.PapoTickProfile] PapoTickProfile.phase player.superTick           total=   14.4ms avg/tick=   36.0us share=  0.8% n=800
[01:06:50] [Server thread/INFO]: [STDOUT] [io.papermc.paper.util.PapoTickProfile] PapoTickProfile.phase sendChunks                 total=   12.9ms avg/tick=   32.2us share=  0.7% n=400
[01:06:50] [Server thread/INFO]: [STDOUT] [io.papermc.paper.util.PapoTickProfile] PapoTickProfile.phase chunkMap.tracker.sendChanges total=   12.1ms avg/tick=   30.3us share=  0.6% n=1200
[01:06:50] [Server thread/INFO]: [STDOUT] [io.papermc.paper.util.PapoTickProfile] PapoTickProfile.phase level.blockTicks           total=   12.0ms avg/tick=   30.1us share=  0.6% n=1200
[01:06:50] [Server thread/INFO]: [STDOUT] [io.papermc.paper.util.PapoTickProfile] PapoTickProfile.phase chunkMap.tracker.maintain  total=   12.0ms avg/tick=   29.9us share=  0.6% n=1200
[01:06:50] [Server thread/INFO]: [STDOUT] [io.papermc.paper.util.PapoTickProfile] PapoTickProfile.phase player.pushEntities        total=    1.9ms avg/tick=    4.8us share=  0.1% n=5472
[01:06:50] [Server thread/INFO]: [STDOUT] [io.papermc.paper.util.PapoTickProfile] PapoTickProfile.phase chunkMap.tracker.fanout    total=    1.5ms avg/tick=    3.7us share=  0.1% n=1200
[01:06:50] [Server thread/INFO]: [STDOUT] [io.papermc.paper.util.PapoTickProfile] PapoTickProfile.phase player.aiStepTouchScan     total=    0.6ms avg/tick=    1.6us share=  0.0% n=800
[01:06:50] [Server thread/INFO]: [STDOUT] [io.papermc.paper.util.PapoTickProfile] PapoTickProfile.phase level.blockEvents          total=    0.3ms avg/tick=    0.6us share=  0.0% n=1200
[01:06:50] [Server thread/INFO]: [STDOUT] [io.papermc.paper.util.PapoTickProfile] PapoTickProfile.phase players                    total=    0.2ms avg/tick=    0.4us share=  0.0% n=400
[01:06:50] [Server thread/INFO]: [STDOUT] [io.papermc.paper.util.PapoTickProfile] PapoTickProfile.phase functions                  total=    0.1ms avg/tick=    0.2us share=  0.0% n=400
[01:06:50] [Server thread/INFO]: [STDOUT] [io.papermc.paper.util.PapoTickProfile] PapoTickProfile.phase conn.flushQueue            total=    0.0ms avg/tick=    0.1us share=  0.0% n=800
[01:06:50] [Server thread/INFO]: [STDOUT] [io.papermc.paper.util.PapoTickProfile] PapoTickProfile.count fanout.sends               total=     4869 avg/tick=     12.2 n=1200
[01:06:50] [Server thread/INFO]: [STDOUT] [io.papermc.paper.util.PapoTickProfile] PapoTickProfile.count rs.blockTickRuns           total=     4010 avg/tick=     10.0 n=4010
[01:06:50] [Server thread/INFO]: [STDOUT] [io.papermc.paper.util.PapoTickProfile] PapoTickProfile.count rs.fluidTickRuns           total=     2427 avg/tick=      6.1 n=2427
[01:06:50] [Server thread/INFO]: [STDOUT] [io.papermc.paper.util.PapoTickProfile] PapoTickProfile.count fanout.pkt.headRot         total=     1240 avg/tick=      3.1 n=390
[01:06:50] [Server thread/INFO]: [STDOUT] [io.papermc.paper.util.PapoTickProfile] PapoTickProfile.count fanout.pkt.movePosRot      total=     1138 avg/tick=      2.8 n=376
[01:06:50] [Server thread/INFO]: [STDOUT] [io.papermc.paper.util.PapoTickProfile] PapoTickProfile.count fanout.pkt.movePos         total=      125 avg/tick=      0.3 n=99
[01:06:50] [Server thread/INFO]: [STDOUT] [io.papermc.paper.util.PapoTickProfile] PapoTickProfile.count fanout.pkt.other           total=       71 avg/tick=      0.2 n=65
[01:06:50] [Server thread/INFO]: [STDOUT] [io.papermc.paper.util.PapoTickProfile] PapoTickProfile.count fanout.pkt.posSync         total=       44 avg/tick=      0.1 n=44
[01:06:50] [Server thread/INFO]: [STDOUT] [io.papermc.paper.util.PapoTickProfile] PapoTickProfile.count fanout.pkt.entityData      total=       26 avg/tick=      0.1 n=24
[01:06:50] [Server thread/INFO]: [STDOUT] [io.papermc.paper.util.PapoTickProfile] PapoTickProfile.count fanout.pkt.velocity        total=       21 avg/tick=      0.1 n=21
[01:06:50] [Server thread/INFO]: [STDOUT] [io.papermc.paper.util.PapoTickProfile] PapoTickProfile.count fanout.pkt.moveRot         total=        5 avg/tick=      0.0 n=5
[01:06:50] [Server thread/INFO]: [STDOUT] [io.papermc.paper.util.PapoTickProfile] PapoTickProfile.tickdist n=400 durMs[p50=1.78 p95=2.54 p99=3.55 max=8.50] over45=0 over50=0 | gapMs[p95=51.62 p99=53.05 max=57.21] stalls100ms=0 | tps=20.00
[01:07:10] [Server thread/INFO]: [STDOUT] [io.papermc.paper.util.PapoTickProfile] PapoTickProfile window=400ticks totalWallMs=19999 measuredMs=2017 gcMs=21
[01:07:10] [Server thread/INFO]: [STDOUT] [io.papermc.paper.util.PapoTickProfile] PapoTickProfile.phase worlds                     total=  709.2ms avg/tick= 1773.0us share= 35.1% n=400
[01:07:10] [Server thread/INFO]: [STDOUT] [io.papermc.paper.util.PapoTickProfile] PapoTickProfile.phase level.tickPending+misc     total=  458.1ms avg/tick= 1145.2us share= 22.7% n=1200
[01:07:10] [Server thread/INFO]: [STDOUT] [io.papermc.paper.util.PapoTickProfile] PapoTickProfile.phase level.chunkSource          total=  345.5ms avg/tick=  863.7us share= 17.1% n=1200
[01:07:10] [Server thread/INFO]: [STDOUT] [io.papermc.paper.util.PapoTickProfile] PapoTickProfile.phase level.entities             total=  240.8ms avg/tick=  602.1us share= 11.9% n=1200
[01:07:10] [Server thread/INFO]: [STDOUT] [io.papermc.paper.util.PapoTickProfile] PapoTickProfile.phase level.blockTicks           total=   58.4ms avg/tick=  145.9us share=  2.9% n=1200
[01:07:10] [Server thread/INFO]: [STDOUT] [io.papermc.paper.util.PapoTickProfile] PapoTickProfile.phase level.fluidTicks           total=   52.7ms avg/tick=  131.7us share=  2.6% n=1200
[01:07:10] [Server thread/INFO]: [STDOUT] [io.papermc.paper.util.PapoTickProfile] PapoTickProfile.phase ent.serverAiStep           total=   30.7ms avg/tick=   76.8us share=  1.5% n=9994
[01:07:10] [Server thread/INFO]: [STDOUT] [io.papermc.paper.util.PapoTickProfile] PapoTickProfile.phase server.taskDrain           total=   27.1ms avg/tick=   67.7us share=  1.3% n=400
[01:07:10] [Server thread/INFO]: [STDOUT] [io.papermc.paper.util.PapoTickProfile] PapoTickProfile.phase connection                 total=   23.9ms avg/tick=   59.9us share=  1.2% n=400
[01:07:10] [Server thread/INFO]: [STDOUT] [io.papermc.paper.util.PapoTickProfile] PapoTickProfile.phase conn.listenerTick          total=   18.5ms avg/tick=   46.2us share=  0.9% n=800
[01:07:10] [Server thread/INFO]: [STDOUT] [io.papermc.paper.util.PapoTickProfile] PapoTickProfile.phase chunkMap.tracker.maintain  total=   14.1ms avg/tick=   35.3us share=  0.7% n=1200
[01:07:10] [Server thread/INFO]: [STDOUT] [io.papermc.paper.util.PapoTickProfile] PapoTickProfile.phase sendChunks                 total=   12.7ms avg/tick=   31.7us share=  0.6% n=400
[01:07:10] [Server thread/INFO]: [STDOUT] [io.papermc.paper.util.PapoTickProfile] PapoTickProfile.phase player.superTick           total=   11.9ms avg/tick=   29.8us share=  0.6% n=800
[01:07:10] [Server thread/INFO]: [STDOUT] [io.papermc.paper.util.PapoTickProfile] PapoTickProfile.phase chunkMap.tracker.sendChanges total=   10.3ms avg/tick=   25.7us share=  0.5% n=1200
[01:07:10] [Server thread/INFO]: [STDOUT] [io.papermc.paper.util.PapoTickProfile] PapoTickProfile.phase player.pushEntities        total=    1.6ms avg/tick=    4.0us share=  0.1% n=4046
[01:07:10] [Server thread/INFO]: [STDOUT] [io.papermc.paper.util.PapoTickProfile] PapoTickProfile.phase chunkMap.tracker.fanout    total=    1.5ms avg/tick=    3.7us share=  0.1% n=1200
[01:07:10] [Server thread/INFO]: [STDOUT] [io.papermc.paper.util.PapoTickProfile] PapoTickProfile.phase player.aiStepTouchScan     total=    0.3ms avg/tick=    0.9us share=  0.0% n=800
[01:07:10] [Server thread/INFO]: [STDOUT] [io.papermc.paper.util.PapoTickProfile] PapoTickProfile.phase level.blockEvents          total=    0.3ms avg/tick=    0.7us share=  0.0% n=1200
[01:07:10] [Server thread/INFO]: [STDOUT] [io.papermc.paper.util.PapoTickProfile] PapoTickProfile.phase players                    total=    0.1ms avg/tick=    0.3us share=  0.0% n=400
[01:07:10] [Server thread/INFO]: [STDOUT] [io.papermc.paper.util.PapoTickProfile] PapoTickProfile.phase functions                  total=    0.1ms avg/tick=    0.2us share=  0.0% n=400
[01:07:10] [Server thread/INFO]: [STDOUT] [io.papermc.paper.util.PapoTickProfile] PapoTickProfile.phase conn.flushQueue            total=    0.0ms avg/tick=    0.1us share=  0.0% n=800
[01:07:10] [Server thread/INFO]: [STDOUT] [io.papermc.paper.util.PapoTickProfile] PapoTickProfile.count rs.blockTickRuns           total=    47376 avg/tick=    118.4 n=47376
[01:07:10] [Server thread/INFO]: [STDOUT] [io.papermc.paper.util.PapoTickProfile] PapoTickProfile.count fanout.sends               total=     4378 avg/tick=     10.9 n=1200
[01:07:10] [Server thread/INFO]: [STDOUT] [io.papermc.paper.util.PapoTickProfile] PapoTickProfile.count rs.fluidTickRuns           total=     2820 avg/tick=      7.1 n=2820
[01:07:10] [Server thread/INFO]: [STDOUT] [io.papermc.paper.util.PapoTickProfile] PapoTickProfile.count fanout.pkt.headRot         total=     1095 avg/tick=      2.7 n=396
[01:07:10] [Server thread/INFO]: [STDOUT] [io.papermc.paper.util.PapoTickProfile] PapoTickProfile.count fanout.pkt.movePosRot      total=      988 avg/tick=      2.5 n=385
[01:07:10] [Server thread/INFO]: [STDOUT] [io.papermc.paper.util.PapoTickProfile] PapoTickProfile.count fanout.pkt.movePos         total=      110 avg/tick=      0.3 n=94
[01:07:10] [Server thread/INFO]: [STDOUT] [io.papermc.paper.util.PapoTickProfile] PapoTickProfile.count fanout.pkt.posSync         total=       60 avg/tick=      0.2 n=58
[01:07:10] [Server thread/INFO]: [STDOUT] [io.papermc.paper.util.PapoTickProfile] PapoTickProfile.count fanout.pkt.other           total=       59 avg/tick=      0.1 n=48
[01:07:10] [Server thread/INFO]: [STDOUT] [io.papermc.paper.util.PapoTickProfile] PapoTickProfile.count fanout.pkt.moveRot         total=        2 avg/tick=      0.0 n=2
[01:07:10] [Server thread/INFO]: [STDOUT] [io.papermc.paper.util.PapoTickProfile] PapoTickProfile.count fanout.pkt.entityData      total=        2 avg/tick=      0.0 n=2
[01:07:10] [Server thread/INFO]: [STDOUT] [io.papermc.paper.util.PapoTickProfile] PapoTickProfile.count fanout.pkt.velocity        total=        1 avg/tick=      0.0 n=1
[01:07:10] [Server thread/INFO]: [STDOUT] [io.papermc.paper.util.PapoTickProfile] PapoTickProfile.tickdist n=400 durMs[p50=1.76 p95=3.19 p99=5.61 max=8.70] over45=0 over50=0 | gapMs[p95=51.55 p99=54.09 max=54.63] stalls100ms=0 | tps=20.00
[01:07:30] [Server thread/INFO]: [STDOUT] [io.papermc.paper.util.PapoTickProfile] PapoTickProfile window=400ticks totalWallMs=20000 measuredMs=2148 gcMs=15
[01:07:30] [Server thread/INFO]: [STDOUT] [io.papermc.paper.util.PapoTickProfile] PapoTickProfile.phase worlds                     total=  751.5ms avg/tick= 1878.8us share= 35.0% n=400
[01:07:30] [Server thread/INFO]: [STDOUT] [io.papermc.paper.util.PapoTickProfile] PapoTickProfile.phase level.tickPending+misc     total=  480.0ms avg/tick= 1199.9us share= 22.3% n=1200
[01:07:30] [Server thread/INFO]: [STDOUT] [io.papermc.paper.util.PapoTickProfile] PapoTickProfile.phase level.chunkSource          total=  358.1ms avg/tick=  895.4us share= 16.7% n=1200
[01:07:30] [Server thread/INFO]: [STDOUT] [io.papermc.paper.util.PapoTickProfile] PapoTickProfile.phase level.entities             total=  262.1ms avg/tick=  655.2us share= 12.2% n=1200
[01:07:30] [Server thread/INFO]: [STDOUT] [io.papermc.paper.util.PapoTickProfile] PapoTickProfile.phase level.fluidTicks           total=   67.9ms avg/tick=  169.8us share=  3.2% n=1200
[01:07:30] [Server thread/INFO]: [STDOUT] [io.papermc.paper.util.PapoTickProfile] PapoTickProfile.phase server.taskDrain           total=   52.6ms avg/tick=  131.5us share=  2.4% n=400
[01:07:30] [Server thread/INFO]: [STDOUT] [io.papermc.paper.util.PapoTickProfile] PapoTickProfile.phase level.blockTicks           total=   52.4ms avg/tick=  130.9us share=  2.4% n=1200
[01:07:30] [Server thread/INFO]: [STDOUT] [io.papermc.paper.util.PapoTickProfile] PapoTickProfile.phase ent.serverAiStep           total=   28.6ms avg/tick=   71.5us share=  1.3% n=10267
[01:07:30] [Server thread/INFO]: [STDOUT] [io.papermc.paper.util.PapoTickProfile] PapoTickProfile.phase connection                 total=   23.0ms avg/tick=   57.4us share=  1.1% n=400
[01:07:30] [Server thread/INFO]: [STDOUT] [io.papermc.paper.util.PapoTickProfile] PapoTickProfile.phase conn.listenerTick          total=   17.5ms avg/tick=   43.7us share=  0.8% n=800
[01:07:30] [Server thread/INFO]: [STDOUT] [io.papermc.paper.util.PapoTickProfile] PapoTickProfile.phase chunkMap.tracker.maintain  total=   16.2ms avg/tick=   40.4us share=  0.8% n=1200
[01:07:30] [Server thread/INFO]: [STDOUT] [io.papermc.paper.util.PapoTickProfile] PapoTickProfile.phase sendChunks                 total=   12.4ms avg/tick=   30.9us share=  0.6% n=400
[01:07:30] [Server thread/INFO]: [STDOUT] [io.papermc.paper.util.PapoTickProfile] PapoTickProfile.phase player.superTick           total=   11.4ms avg/tick=   28.5us share=  0.5% n=800
[01:07:30] [Server thread/INFO]: [STDOUT] [io.papermc.paper.util.PapoTickProfile] PapoTickProfile.phase chunkMap.tracker.sendChanges total=   11.1ms avg/tick=   27.8us share=  0.5% n=1200
[01:07:30] [Server thread/INFO]: [STDOUT] [io.papermc.paper.util.PapoTickProfile] PapoTickProfile.phase player.pushEntities        total=    1.7ms avg/tick=    4.3us share=  0.1% n=4299
[01:07:30] [Server thread/INFO]: [STDOUT] [io.papermc.paper.util.PapoTickProfile] PapoTickProfile.phase chunkMap.tracker.fanout    total=    1.3ms avg/tick=    3.3us share=  0.1% n=1200
[01:07:30] [Server thread/INFO]: [STDOUT] [io.papermc.paper.util.PapoTickProfile] PapoTickProfile.phase level.blockEvents          total=    0.3ms avg/tick=    0.7us share=  0.0% n=1200
[01:07:30] [Server thread/INFO]: [STDOUT] [io.papermc.paper.util.PapoTickProfile] PapoTickProfile.phase player.aiStepTouchScan     total=    0.2ms avg/tick=    0.6us share=  0.0% n=800
[01:07:30] [Server thread/INFO]: [STDOUT] [io.papermc.paper.util.PapoTickProfile] PapoTickProfile.phase players                    total=    0.2ms avg/tick=    0.5us share=  0.0% n=400
[01:07:30] [Server thread/INFO]: [STDOUT] [io.papermc.paper.util.PapoTickProfile] PapoTickProfile.phase functions                  total=    0.1ms avg/tick=    0.2us share=  0.0% n=400
[01:07:30] [Server thread/INFO]: [STDOUT] [io.papermc.paper.util.PapoTickProfile] PapoTickProfile.phase conn.flushQueue            total=    0.0ms avg/tick=    0.1us share=  0.0% n=800
[01:07:30] [Server thread/INFO]: [STDOUT] [io.papermc.paper.util.PapoTickProfile] PapoTickProfile.count rs.blockTickRuns           total=    34566 avg/tick=     86.4 n=34566
[01:07:30] [Server thread/INFO]: [STDOUT] [io.papermc.paper.util.PapoTickProfile] PapoTickProfile.count fanout.sends               total=     3963 avg/tick=      9.9 n=1200
[01:07:30] [Server thread/INFO]: [STDOUT] [io.papermc.paper.util.PapoTickProfile] PapoTickProfile.count rs.fluidTickRuns           total=     3645 avg/tick=      9.1 n=3645
[01:07:30] [Server thread/INFO]: [STDOUT] [io.papermc.paper.util.PapoTickProfile] PapoTickProfile.count fanout.pkt.headRot         total=      986 avg/tick=      2.5 n=352
[01:07:30] [Server thread/INFO]: [STDOUT] [io.papermc.paper.util.PapoTickProfile] PapoTickProfile.count fanout.pkt.movePosRot      total=      890 avg/tick=      2.2 n=342
[01:07:30] [Server thread/INFO]: [STDOUT] [io.papermc.paper.util.PapoTickProfile] PapoTickProfile.count fanout.pkt.movePos         total=       96 avg/tick=      0.2 n=79
[01:07:30] [Server thread/INFO]: [STDOUT] [io.papermc.paper.util.PapoTickProfile] PapoTickProfile.count fanout.pkt.posSync         total=       46 avg/tick=      0.1 n=45
[01:07:30] [Server thread/INFO]: [STDOUT] [io.papermc.paper.util.PapoTickProfile] PapoTickProfile.count fanout.pkt.other           total=       46 avg/tick=      0.1 n=43
[01:07:30] [Server thread/INFO]: [STDOUT] [io.papermc.paper.util.PapoTickProfile] PapoTickProfile.count fanout.pkt.velocity        total=       24 avg/tick=      0.1 n=24
[01:07:30] [Server thread/INFO]: [STDOUT] [io.papermc.paper.util.PapoTickProfile] PapoTickProfile.count fanout.pkt.moveRot         total=       17 avg/tick=      0.0 n=17
[01:07:30] [Server thread/INFO]: [STDOUT] [io.papermc.paper.util.PapoTickProfile] PapoTickProfile.count fanout.pkt.entityData      total=        2 avg/tick=      0.0 n=2
[01:07:30] [Server thread/INFO]: [STDOUT] [io.papermc.paper.util.PapoTickProfile] PapoTickProfile.tickdist n=400 durMs[p50=1.89 p95=3.25 p99=5.59 max=6.75] over45=0 over50=0 | gapMs[p95=51.22 p99=52.70 max=63.85] stalls100ms=0 | tps=20.00
[01:07:50] [Server thread/INFO]: [STDOUT] [io.papermc.paper.util.PapoTickProfile] PapoTickProfile window=400ticks totalWallMs=19999 measuredMs=2184 gcMs=15
[01:07:50] [Server thread/INFO]: [STDOUT] [io.papermc.paper.util.PapoTickProfile] PapoTickProfile.phase worlds                     total=  780.8ms avg/tick= 1952.1us share= 35.8% n=400
[01:07:50] [Server thread/INFO]: [STDOUT] [io.papermc.paper.util.PapoTickProfile] PapoTickProfile.phase level.tickPending+misc     total=  456.8ms avg/tick= 1142.0us share= 20.9% n=1200
[01:07:50] [Server thread/INFO]: [STDOUT] [io.papermc.paper.util.PapoTickProfile] PapoTickProfile.phase level.chunkSource          total=  381.0ms avg/tick=  952.5us share= 17.4% n=1200
[01:07:50] [Server thread/INFO]: [STDOUT] [io.papermc.paper.util.PapoTickProfile] PapoTickProfile.phase level.entities             total=  317.6ms avg/tick=  794.1us share= 14.5% n=1200
[01:07:50] [Server thread/INFO]: [STDOUT] [io.papermc.paper.util.PapoTickProfile] PapoTickProfile.phase ent.serverAiStep           total=   46.7ms avg/tick=  116.7us share=  2.1% n=13378
[01:07:50] [Server thread/INFO]: [STDOUT] [io.papermc.paper.util.PapoTickProfile] PapoTickProfile.phase level.fluidTicks           total=   40.2ms avg/tick=  100.6us share=  1.8% n=1200
[01:07:50] [Server thread/INFO]: [STDOUT] [io.papermc.paper.util.PapoTickProfile] PapoTickProfile.phase level.blockTicks           total=   34.1ms avg/tick=   85.2us share=  1.6% n=1200
[01:07:50] [Server thread/INFO]: [STDOUT] [io.papermc.paper.util.PapoTickProfile] PapoTickProfile.phase server.taskDrain           total=   27.2ms avg/tick=   68.0us share=  1.2% n=400
[01:07:50] [Server thread/INFO]: [STDOUT] [io.papermc.paper.util.PapoTickProfile] PapoTickProfile.phase connection                 total=   22.5ms avg/tick=   56.1us share=  1.0% n=400
[01:07:50] [Server thread/INFO]: [STDOUT] [io.papermc.paper.util.PapoTickProfile] PapoTickProfile.phase chunkMap.tracker.maintain  total=   18.2ms avg/tick=   45.4us share=  0.8% n=1200
[01:07:50] [Server thread/INFO]: [STDOUT] [io.papermc.paper.util.PapoTickProfile] PapoTickProfile.phase conn.listenerTick          total=   17.3ms avg/tick=   43.3us share=  0.8% n=800
[01:07:50] [Server thread/INFO]: [STDOUT] [io.papermc.paper.util.PapoTickProfile] PapoTickProfile.phase chunkMap.tracker.sendChanges total=   13.3ms avg/tick=   33.2us share=  0.6% n=1200
[01:07:50] [Server thread/INFO]: [STDOUT] [io.papermc.paper.util.PapoTickProfile] PapoTickProfile.phase sendChunks                 total=   12.5ms avg/tick=   31.3us share=  0.6% n=400
[01:07:50] [Server thread/INFO]: [STDOUT] [io.papermc.paper.util.PapoTickProfile] PapoTickProfile.phase player.superTick           total=   10.9ms avg/tick=   27.1us share=  0.5% n=800
[01:07:50] [Server thread/INFO]: [STDOUT] [io.papermc.paper.util.PapoTickProfile] PapoTickProfile.phase player.pushEntities        total=    2.7ms avg/tick=    6.7us share=  0.1% n=7433
[01:07:50] [Server thread/INFO]: [STDOUT] [io.papermc.paper.util.PapoTickProfile] PapoTickProfile.phase chunkMap.tracker.fanout    total=    1.5ms avg/tick=    3.7us share=  0.1% n=1200
[01:07:50] [Server thread/INFO]: [STDOUT] [io.papermc.paper.util.PapoTickProfile] PapoTickProfile.phase level.blockEvents          total=    0.3ms avg/tick=    0.7us share=  0.0% n=1200
[01:07:50] [Server thread/INFO]: [STDOUT] [io.papermc.paper.util.PapoTickProfile] PapoTickProfile.phase player.aiStepTouchScan     total=    0.2ms avg/tick=    0.6us share=  0.0% n=800
[01:07:50] [Server thread/INFO]: [STDOUT] [io.papermc.paper.util.PapoTickProfile] PapoTickProfile.phase players                    total=    0.2ms avg/tick=    0.5us share=  0.0% n=400
[01:07:50] [Server thread/INFO]: [STDOUT] [io.papermc.paper.util.PapoTickProfile] PapoTickProfile.phase functions                  total=    0.1ms avg/tick=    0.2us share=  0.0% n=400
[01:07:50] [Server thread/INFO]: [STDOUT] [io.papermc.paper.util.PapoTickProfile] PapoTickProfile.phase conn.flushQueue            total=    0.1ms avg/tick=    0.1us share=  0.0% n=800
[01:07:50] [Server thread/INFO]: [STDOUT] [io.papermc.paper.util.PapoTickProfile] PapoTickProfile.count rs.blockTickRuns           total=    24155 avg/tick=     60.4 n=24155
[01:07:50] [Server thread/INFO]: [STDOUT] [io.papermc.paper.util.PapoTickProfile] PapoTickProfile.count rs.fluidTickRuns           total=     3359 avg/tick=      8.4 n=3359
[01:07:50] [Server thread/INFO]: [STDOUT] [io.papermc.paper.util.PapoTickProfile] PapoTickProfile.count fanout.sends               total=     3254 avg/tick=      8.1 n=1200
[01:07:50] [Server thread/INFO]: [STDOUT] [io.papermc.paper.util.PapoTickProfile] PapoTickProfile.count fanout.pkt.headRot         total=      815 avg/tick=      2.0 n=389
[01:07:50] [Server thread/INFO]: [STDOUT] [io.papermc.paper.util.PapoTickProfile] PapoTickProfile.count fanout.pkt.movePosRot      total=      730 avg/tick=      1.8 n=377
[01:07:50] [Server thread/INFO]: [STDOUT] [io.papermc.paper.util.PapoTickProfile] PapoTickProfile.count fanout.pkt.movePos         total=       88 avg/tick=      0.2 n=78
[01:07:50] [Server thread/INFO]: [STDOUT] [io.papermc.paper.util.PapoTickProfile] PapoTickProfile.count fanout.pkt.other           total=       47 avg/tick=      0.1 n=46
[01:07:50] [Server thread/INFO]: [STDOUT] [io.papermc.paper.util.PapoTickProfile] PapoTickProfile.count fanout.pkt.posSync         total=       36 avg/tick=      0.1 n=34
[01:07:50] [Server thread/INFO]: [STDOUT] [io.papermc.paper.util.PapoTickProfile] PapoTickProfile.count fanout.pkt.velocity        total=       21 avg/tick=      0.1 n=21
[01:07:50] [Server thread/INFO]: [STDOUT] [io.papermc.paper.util.PapoTickProfile] PapoTickProfile.count fanout.pkt.moveRot         total=       13 avg/tick=      0.0 n=13
[01:07:50] [Server thread/INFO]: [STDOUT] [io.papermc.paper.util.PapoTickProfile] PapoTickProfile.count fanout.pkt.entityData      total=        2 avg/tick=      0.0 n=2
[01:07:50] [Server thread/INFO]: [STDOUT] [io.papermc.paper.util.PapoTickProfile] PapoTickProfile.tickdist n=400 durMs[p50=1.97 p95=3.11 p99=5.09 max=7.45] over45=0 over50=0 | gapMs[p95=51.41 p99=52.00 max=55.37] stalls100ms=0 | tps=20.00
[01:08:10] [Server thread/INFO]: [STDOUT] [io.papermc.paper.util.PapoTickProfile] PapoTickProfile window=400ticks totalWallMs=19999 measuredMs=2050 gcMs=11
[01:08:10] [Server thread/INFO]: [STDOUT] [io.papermc.paper.util.PapoTickProfile] PapoTickProfile.phase worlds                     total=  727.0ms avg/tick= 1817.5us share= 35.5% n=400
[01:08:10] [Server thread/INFO]: [STDOUT] [io.papermc.paper.util.PapoTickProfile] PapoTickProfile.phase level.tickPending+misc     total=  441.0ms avg/tick= 1102.4us share= 21.5% n=1200
[01:08:10] [Server thread/INFO]: [STDOUT] [io.papermc.paper.util.PapoTickProfile] PapoTickProfile.phase level.chunkSource          total=  398.6ms avg/tick=  996.4us share= 19.4% n=1200
[01:08:10] [Server thread/INFO]: [STDOUT] [io.papermc.paper.util.PapoTickProfile] PapoTickProfile.phase level.entities             total=  278.1ms avg/tick=  695.2us share= 13.6% n=1200
[01:08:10] [Server thread/INFO]: [STDOUT] [io.papermc.paper.util.PapoTickProfile] PapoTickProfile.phase ent.serverAiStep           total=   38.1ms avg/tick=   95.2us share=  1.9% n=10857
[01:08:10] [Server thread/INFO]: [STDOUT] [io.papermc.paper.util.PapoTickProfile] PapoTickProfile.phase server.taskDrain           total=   29.0ms avg/tick=   72.6us share=  1.4% n=400
[01:08:10] [Server thread/INFO]: [STDOUT] [io.papermc.paper.util.PapoTickProfile] PapoTickProfile.phase connection                 total=   22.3ms avg/tick=   55.8us share=  1.1% n=400
[01:08:10] [Server thread/INFO]: [STDOUT] [io.papermc.paper.util.PapoTickProfile] PapoTickProfile.phase level.fluidTicks           total=   21.5ms avg/tick=   53.8us share=  1.0% n=1200
[01:08:10] [Server thread/INFO]: [STDOUT] [io.papermc.paper.util.PapoTickProfile] PapoTickProfile.phase level.blockTicks           total=   19.4ms avg/tick=   48.5us share=  0.9% n=1200
[01:08:10] [Server thread/INFO]: [STDOUT] [io.papermc.paper.util.PapoTickProfile] PapoTickProfile.phase chunkMap.tracker.maintain  total=   18.7ms avg/tick=   46.8us share=  0.9% n=1200
[01:08:10] [Server thread/INFO]: [STDOUT] [io.papermc.paper.util.PapoTickProfile] PapoTickProfile.phase conn.listenerTick          total=   16.6ms avg/tick=   41.4us share=  0.8% n=800
[01:08:10] [Server thread/INFO]: [STDOUT] [io.papermc.paper.util.PapoTickProfile] PapoTickProfile.phase chunkMap.tracker.sendChanges total=   13.0ms avg/tick=   32.6us share=  0.6% n=1200
[01:08:10] [Server thread/INFO]: [STDOUT] [io.papermc.paper.util.PapoTickProfile] PapoTickProfile.phase sendChunks                 total=   12.5ms avg/tick=   31.4us share=  0.6% n=400
[01:08:10] [Server thread/INFO]: [STDOUT] [io.papermc.paper.util.PapoTickProfile] PapoTickProfile.phase player.superTick           total=   10.5ms avg/tick=   26.3us share=  0.5% n=800
[01:08:10] [Server thread/INFO]: [STDOUT] [io.papermc.paper.util.PapoTickProfile] PapoTickProfile.phase player.pushEntities        total=    2.0ms avg/tick=    5.1us share=  0.1% n=4898
[01:08:10] [Server thread/INFO]: [STDOUT] [io.papermc.paper.util.PapoTickProfile] PapoTickProfile.phase chunkMap.tracker.fanout    total=    1.5ms avg/tick=    3.8us share=  0.1% n=1200
[01:08:10] [Server thread/INFO]: [STDOUT] [io.papermc.paper.util.PapoTickProfile] PapoTickProfile.phase level.blockEvents          total=    0.3ms avg/tick=    0.6us share=  0.0% n=1200
[01:08:10] [Server thread/INFO]: [STDOUT] [io.papermc.paper.util.PapoTickProfile] PapoTickProfile.phase player.aiStepTouchScan     total=    0.2ms avg/tick=    0.5us share=  0.0% n=800
[01:08:10] [Server thread/INFO]: [STDOUT] [io.papermc.paper.util.PapoTickProfile] PapoTickProfile.phase players                    total=    0.1ms avg/tick=    0.3us share=  0.0% n=400
[01:08:10] [Server thread/INFO]: [STDOUT] [io.papermc.paper.util.PapoTickProfile] PapoTickProfile.phase functions                  total=    0.1ms avg/tick=    0.2us share=  0.0% n=400
[01:08:10] [Server thread/INFO]: [STDOUT] [io.papermc.paper.util.PapoTickProfile] PapoTickProfile.phase conn.flushQueue            total=    0.0ms avg/tick=    0.1us share=  0.0% n=800
[01:08:10] [Server thread/INFO]: [STDOUT] [io.papermc.paper.util.PapoTickProfile] PapoTickProfile.count rs.blockTickRuns           total=     6497 avg/tick=     16.2 n=6497
[01:08:10] [Server thread/INFO]: [STDOUT] [io.papermc.paper.util.PapoTickProfile] PapoTickProfile.count rs.fluidTickRuns           total=     3074 avg/tick=      7.7 n=3074
[01:08:10] [Server thread/INFO]: [STDOUT] [io.papermc.paper.util.PapoTickProfile] PapoTickProfile.count fanout.sends               total=     2647 avg/tick=      6.6 n=1200
[01:08:10] [Server thread/INFO]: [STDOUT] [io.papermc.paper.util.PapoTickProfile] PapoTickProfile.count fanout.pkt.headRot         total=      672 avg/tick=      1.7 n=392
[01:08:10] [Server thread/INFO]: [STDOUT] [io.papermc.paper.util.PapoTickProfile] PapoTickProfile.count fanout.pkt.movePosRot      total=      616 avg/tick=      1.5 n=380
[01:08:10] [Server thread/INFO]: [STDOUT] [io.papermc.paper.util.PapoTickProfile] PapoTickProfile.count fanout.pkt.movePos         total=       90 avg/tick=      0.2 n=78
[01:08:10] [Server thread/INFO]: [STDOUT] [io.papermc.paper.util.PapoTickProfile] PapoTickProfile.count fanout.pkt.other           total=       52 avg/tick=      0.1 n=51
[01:08:10] [Server thread/INFO]: [STDOUT] [io.papermc.paper.util.PapoTickProfile] PapoTickProfile.count fanout.pkt.posSync         total=       33 avg/tick=      0.1 n=32
[01:08:10] [Server thread/INFO]: [STDOUT] [io.papermc.paper.util.PapoTickProfile] PapoTickProfile.count fanout.pkt.velocity        total=       12 avg/tick=      0.0 n=12
[01:08:10] [Server thread/INFO]: [STDOUT] [io.papermc.paper.util.PapoTickProfile] PapoTickProfile.count fanout.pkt.moveRot         total=        9 avg/tick=      0.0 n=9
[01:08:10] [Server thread/INFO]: [STDOUT] [io.papermc.paper.util.PapoTickProfile] PapoTickProfile.count fanout.pkt.entityData      total=        5 avg/tick=      0.0 n=5
[01:08:10] [Server thread/INFO]: [STDOUT] [io.papermc.paper.util.PapoTickProfile] PapoTickProfile.tickdist n=400 durMs[p50=1.90 p95=2.55 p99=4.06 max=8.70] over45=0 over50=0 | gapMs[p95=51.32 p99=52.70 max=56.55] stalls100ms=0 | tps=20.00
[01:08:30] [Server thread/INFO]: [STDOUT] [io.papermc.paper.util.PapoTickProfile] PapoTickProfile window=400ticks totalWallMs=20000 measuredMs=2022 gcMs=11
[01:08:30] [Server thread/INFO]: [STDOUT] [io.papermc.paper.util.PapoTickProfile] PapoTickProfile.phase worlds                     total=  718.4ms avg/tick= 1795.9us share= 35.5% n=400
[01:08:30] [Server thread/INFO]: [STDOUT] [io.papermc.paper.util.PapoTickProfile] PapoTickProfile.phase level.tickPending+misc     total=  434.3ms avg/tick= 1085.7us share= 21.5% n=1200
[01:08:30] [Server thread/INFO]: [STDOUT] [io.papermc.paper.util.PapoTickProfile] PapoTickProfile.phase level.chunkSource          total=  405.1ms avg/tick= 1012.7us share= 20.0% n=1200
[01:08:30] [Server thread/INFO]: [STDOUT] [io.papermc.paper.util.PapoTickProfile] PapoTickProfile.phase level.entities             total=  275.4ms avg/tick=  688.5us share= 13.6% n=1200
[01:08:30] [Server thread/INFO]: [STDOUT] [io.papermc.paper.util.PapoTickProfile] PapoTickProfile.phase ent.serverAiStep           total=   35.6ms avg/tick=   89.1us share=  1.8% n=9936
[01:08:30] [Server thread/INFO]: [STDOUT] [io.papermc.paper.util.PapoTickProfile] PapoTickProfile.phase server.taskDrain           total=   25.5ms avg/tick=   63.7us share=  1.3% n=400
[01:08:30] [Server thread/INFO]: [STDOUT] [io.papermc.paper.util.PapoTickProfile] PapoTickProfile.phase connection                 total=   22.1ms avg/tick=   55.3us share=  1.1% n=400
[01:08:30] [Server thread/INFO]: [STDOUT] [io.papermc.paper.util.PapoTickProfile] PapoTickProfile.phase chunkMap.tracker.maintain  total=   21.8ms avg/tick=   54.5us share=  1.1% n=1200
[01:08:30] [Server thread/INFO]: [STDOUT] [io.papermc.paper.util.PapoTickProfile] PapoTickProfile.phase level.fluidTicks           total=   18.3ms avg/tick=   45.6us share=  0.9% n=1200
[01:08:30] [Server thread/INFO]: [STDOUT] [io.papermc.paper.util.PapoTickProfile] PapoTickProfile.phase conn.listenerTick          total=   16.8ms avg/tick=   41.9us share=  0.8% n=800
[01:08:30] [Server thread/INFO]: [STDOUT] [io.papermc.paper.util.PapoTickProfile] PapoTickProfile.phase chunkMap.tracker.sendChanges total=   12.8ms avg/tick=   31.9us share=  0.6% n=1200
[01:08:30] [Server thread/INFO]: [STDOUT] [io.papermc.paper.util.PapoTickProfile] PapoTickProfile.phase sendChunks                 total=   12.3ms avg/tick=   30.7us share=  0.6% n=400
[01:08:30] [Server thread/INFO]: [STDOUT] [io.papermc.paper.util.PapoTickProfile] PapoTickProfile.phase player.superTick           total=   10.9ms avg/tick=   27.2us share=  0.5% n=800
[01:08:30] [Server thread/INFO]: [STDOUT] [io.papermc.paper.util.PapoTickProfile] PapoTickProfile.phase level.blockTicks           total=    9.5ms avg/tick=   23.8us share=  0.5% n=1200
[01:08:30] [Server thread/INFO]: [STDOUT] [io.papermc.paper.util.PapoTickProfile] PapoTickProfile.phase player.pushEntities        total=    2.0ms avg/tick=    4.9us share=  0.1% n=4012
[01:08:30] [Server thread/INFO]: [STDOUT] [io.papermc.paper.util.PapoTickProfile] PapoTickProfile.phase chunkMap.tracker.fanout    total=    1.4ms avg/tick=    3.5us share=  0.1% n=1200
[01:08:30] [Server thread/INFO]: [STDOUT] [io.papermc.paper.util.PapoTickProfile] PapoTickProfile.phase level.blockEvents          total=    0.3ms avg/tick=    0.7us share=  0.0% n=1200
[01:08:30] [Server thread/INFO]: [STDOUT] [io.papermc.paper.util.PapoTickProfile] PapoTickProfile.phase player.aiStepTouchScan     total=    0.2ms avg/tick=    0.5us share=  0.0% n=800
[01:08:30] [Server thread/INFO]: [STDOUT] [io.papermc.paper.util.PapoTickProfile] PapoTickProfile.phase players                    total=    0.2ms avg/tick=    0.5us share=  0.0% n=400
[01:08:30] [Server thread/INFO]: [STDOUT] [io.papermc.paper.util.PapoTickProfile] PapoTickProfile.phase functions                  total=    0.1ms avg/tick=    0.2us share=  0.0% n=400
[01:08:30] [Server thread/INFO]: [STDOUT] [io.papermc.paper.util.PapoTickProfile] PapoTickProfile.phase conn.flushQueue            total=    0.1ms avg/tick=    0.1us share=  0.0% n=800
[01:08:30] [Server thread/INFO]: [STDOUT] [io.papermc.paper.util.PapoTickProfile] PapoTickProfile.count fanout.sends               total=     3113 avg/tick=      7.8 n=1200
[01:08:30] [Server thread/INFO]: [STDOUT] [io.papermc.paper.util.PapoTickProfile] PapoTickProfile.count rs.fluidTickRuns           total=     2070 avg/tick=      5.2 n=2070
[01:08:30] [Server thread/INFO]: [STDOUT] [io.papermc.paper.util.PapoTickProfile] PapoTickProfile.count fanout.pkt.headRot         total=      703 avg/tick=      1.8 n=377
[01:08:30] [Server thread/INFO]: [STDOUT] [io.papermc.paper.util.PapoTickProfile] PapoTickProfile.count fanout.pkt.movePosRot      total=      645 avg/tick=      1.6 n=368
[01:08:30] [Server thread/INFO]: [STDOUT] [io.papermc.paper.util.PapoTickProfile] PapoTickProfile.count rs.blockTickRuns           total=      237 avg/tick=      0.6 n=237
[01:08:30] [Server thread/INFO]: [STDOUT] [io.papermc.paper.util.PapoTickProfile] PapoTickProfile.count fanout.pkt.entityData      total=      147 avg/tick=      0.4 n=145
[01:08:30] [Server thread/INFO]: [STDOUT] [io.papermc.paper.util.PapoTickProfile] PapoTickProfile.count fanout.pkt.movePos         total=       87 avg/tick=      0.2 n=75
[01:08:30] [Server thread/INFO]: [STDOUT] [io.papermc.paper.util.PapoTickProfile] PapoTickProfile.count fanout.pkt.other           total=       52 avg/tick=      0.1 n=52
[01:08:30] [Server thread/INFO]: [STDOUT] [io.papermc.paper.util.PapoTickProfile] PapoTickProfile.count fanout.pkt.posSync         total=       28 avg/tick=      0.1 n=26
[01:08:30] [Server thread/INFO]: [STDOUT] [io.papermc.paper.util.PapoTickProfile] PapoTickProfile.count fanout.pkt.velocity        total=       20 avg/tick=      0.1 n=20
[01:08:30] [Server thread/INFO]: [STDOUT] [io.papermc.paper.util.PapoTickProfile] PapoTickProfile.count fanout.pkt.moveRot         total=        7 avg/tick=      0.0 n=7
[01:08:30] [Server thread/INFO]: [STDOUT] [io.papermc.paper.util.PapoTickProfile] PapoTickProfile.tickdist n=400 durMs[p50=1.91 p95=2.41 p99=3.28 max=4.35] over45=0 over50=0 | gapMs[p95=51.53 p99=51.94 max=52.82] stalls100ms=0 | tps=20.00
[01:08:50] [Server thread/INFO]: [STDOUT] [io.papermc.paper.util.PapoTickProfile] PapoTickProfile window=400ticks totalWallMs=19999 measuredMs=2118 gcMs=19
[01:08:50] [Server thread/INFO]: [STDOUT] [io.papermc.paper.util.PapoTickProfile] PapoTickProfile.phase worlds                     total=  750.4ms avg/tick= 1875.9us share= 35.4% n=400
[01:08:50] [Server thread/INFO]: [STDOUT] [io.papermc.paper.util.PapoTickProfile] PapoTickProfile.phase level.tickPending+misc     total=  467.4ms avg/tick= 1168.4us share= 22.1% n=1200
[01:08:50] [Server thread/INFO]: [STDOUT] [io.papermc.paper.util.PapoTickProfile] PapoTickProfile.phase level.chunkSource          total=  403.7ms avg/tick= 1009.4us share= 19.1% n=1200
[01:08:50] [Server thread/INFO]: [STDOUT] [io.papermc.paper.util.PapoTickProfile] PapoTickProfile.phase level.entities             total=  275.4ms avg/tick=  688.4us share= 13.0% n=1200
[01:08:50] [Server thread/INFO]: [STDOUT] [io.papermc.paper.util.PapoTickProfile] PapoTickProfile.phase level.fluidTicks           total=   51.6ms avg/tick=  129.1us share=  2.4% n=1200
[01:08:50] [Server thread/INFO]: [STDOUT] [io.papermc.paper.util.PapoTickProfile] PapoTickProfile.phase ent.serverAiStep           total=   38.1ms avg/tick=   95.1us share=  1.8% n=10886
[01:08:50] [Server thread/INFO]: [STDOUT] [io.papermc.paper.util.PapoTickProfile] PapoTickProfile.phase server.taskDrain           total=   24.8ms avg/tick=   62.1us share=  1.2% n=400
[01:08:50] [Server thread/INFO]: [STDOUT] [io.papermc.paper.util.PapoTickProfile] PapoTickProfile.phase connection                 total=   20.9ms avg/tick=   52.2us share=  1.0% n=400
[01:08:50] [Server thread/INFO]: [STDOUT] [io.papermc.paper.util.PapoTickProfile] PapoTickProfile.phase chunkMap.tracker.maintain  total=   19.8ms avg/tick=   49.5us share=  0.9% n=1200
[01:08:50] [Server thread/INFO]: [STDOUT] [io.papermc.paper.util.PapoTickProfile] PapoTickProfile.phase conn.listenerTick          total=   16.3ms avg/tick=   40.7us share=  0.8% n=800
[01:08:50] [Server thread/INFO]: [STDOUT] [io.papermc.paper.util.PapoTickProfile] PapoTickProfile.phase chunkMap.tracker.sendChanges total=   13.2ms avg/tick=   33.1us share=  0.6% n=1200
[01:08:50] [Server thread/INFO]: [STDOUT] [io.papermc.paper.util.PapoTickProfile] PapoTickProfile.phase sendChunks                 total=   12.1ms avg/tick=   30.4us share=  0.6% n=400
[01:08:50] [Server thread/INFO]: [STDOUT] [io.papermc.paper.util.PapoTickProfile] PapoTickProfile.phase level.blockTicks           total=   10.6ms avg/tick=   26.4us share=  0.5% n=1200
[01:08:50] [Server thread/INFO]: [STDOUT] [io.papermc.paper.util.PapoTickProfile] PapoTickProfile.phase player.superTick           total=   10.4ms avg/tick=   26.0us share=  0.5% n=800
[01:08:50] [Server thread/INFO]: [STDOUT] [io.papermc.paper.util.PapoTickProfile] PapoTickProfile.phase player.pushEntities        total=    2.0ms avg/tick=    5.0us share=  0.1% n=4923
[01:08:50] [Server thread/INFO]: [STDOUT] [io.papermc.paper.util.PapoTickProfile] PapoTickProfile.phase chunkMap.tracker.fanout    total=    1.5ms avg/tick=    3.7us share=  0.1% n=1200
[01:08:50] [Server thread/INFO]: [STDOUT] [io.papermc.paper.util.PapoTickProfile] PapoTickProfile.phase level.blockEvents          total=    0.3ms avg/tick=    0.6us share=  0.0% n=1200
[01:08:50] [Server thread/INFO]: [STDOUT] [io.papermc.paper.util.PapoTickProfile] PapoTickProfile.phase players                    total=    0.2ms avg/tick=    0.6us share=  0.0% n=400
[01:08:50] [Server thread/INFO]: [STDOUT] [io.papermc.paper.util.PapoTickProfile] PapoTickProfile.phase player.aiStepTouchScan     total=    0.2ms avg/tick=    0.5us share=  0.0% n=800
[01:08:50] [Server thread/INFO]: [STDOUT] [io.papermc.paper.util.PapoTickProfile] PapoTickProfile.phase functions                  total=    0.1ms avg/tick=    0.2us share=  0.0% n=400
[01:08:50] [Server thread/INFO]: [STDOUT] [io.papermc.paper.util.PapoTickProfile] PapoTickProfile.phase conn.flushQueue            total=    0.0ms avg/tick=    0.1us share=  0.0% n=800
[01:08:50] [Server thread/INFO]: [STDOUT] [io.papermc.paper.util.PapoTickProfile] PapoTickProfile.count fanout.sends               total=     4216 avg/tick=     10.5 n=1200
[01:08:50] [Server thread/INFO]: [STDOUT] [io.papermc.paper.util.PapoTickProfile] PapoTickProfile.count rs.fluidTickRuns           total=     3219 avg/tick=      8.0 n=3219
[01:08:50] [Server thread/INFO]: [STDOUT] [io.papermc.paper.util.PapoTickProfile] PapoTickProfile.count fanout.pkt.headRot         total=     1006 avg/tick=      2.5 n=398
[01:08:50] [Server thread/INFO]: [STDOUT] [io.papermc.paper.util.PapoTickProfile] PapoTickProfile.count fanout.pkt.movePosRot      total=      888 avg/tick=      2.2 n=391
[01:08:50] [Server thread/INFO]: [STDOUT] [io.papermc.paper.util.PapoTickProfile] PapoTickProfile.count rs.blockTickRuns           total=      507 avg/tick=      1.3 n=507
[01:08:50] [Server thread/INFO]: [STDOUT] [io.papermc.paper.util.PapoTickProfile] PapoTickProfile.count fanout.pkt.movePos         total=      105 avg/tick=      0.3 n=92
[01:08:50] [Server thread/INFO]: [STDOUT] [io.papermc.paper.util.PapoTickProfile] PapoTickProfile.count fanout.pkt.other           total=       60 avg/tick=      0.2 n=47
[01:08:50] [Server thread/INFO]: [STDOUT] [io.papermc.paper.util.PapoTickProfile] PapoTickProfile.count fanout.pkt.velocity        total=       57 avg/tick=      0.1 n=57
[01:08:50] [Server thread/INFO]: [STDOUT] [io.papermc.paper.util.PapoTickProfile] PapoTickProfile.count fanout.pkt.moveRot         total=       43 avg/tick=      0.1 n=43
[01:08:50] [Server thread/INFO]: [STDOUT] [io.papermc.paper.util.PapoTickProfile] PapoTickProfile.count fanout.pkt.posSync         total=       43 avg/tick=      0.1 n=42
[01:08:50] [Server thread/INFO]: [STDOUT] [io.papermc.paper.util.PapoTickProfile] PapoTickProfile.count fanout.pkt.entityData      total=       29 avg/tick=      0.1 n=29
[01:08:50] [Server thread/INFO]: [STDOUT] [io.papermc.paper.util.PapoTickProfile] PapoTickProfile.tickdist n=400 durMs[p50=1.96 p95=2.64 p99=3.24 max=5.65] over45=0 over50=0 | gapMs[p95=51.63 p99=52.27 max=52.40] stalls100ms=0 | tps=20.00
[01:09:10] [Server thread/INFO]: [STDOUT] [io.papermc.paper.util.PapoTickProfile] PapoTickProfile window=400ticks totalWallMs=19999 measuredMs=2241 gcMs=19
[01:09:10] [Server thread/INFO]: [STDOUT] [io.papermc.paper.util.PapoTickProfile] PapoTickProfile.phase worlds                     total=  798.8ms avg/tick= 1997.0us share= 35.6% n=400
[01:09:10] [Server thread/INFO]: [STDOUT] [io.papermc.paper.util.PapoTickProfile] PapoTickProfile.phase level.tickPending+misc     total=  448.4ms avg/tick= 1121.1us share= 20.0% n=1200
[01:09:10] [Server thread/INFO]: [STDOUT] [io.papermc.paper.util.PapoTickProfile] PapoTickProfile.phase level.chunkSource          total=  412.8ms avg/tick= 1032.1us share= 18.4% n=1200
[01:09:10] [Server thread/INFO]: [STDOUT] [io.papermc.paper.util.PapoTickProfile] PapoTickProfile.phase level.entities             total=  342.2ms avg/tick=  855.5us share= 15.3% n=1200
[01:09:10] [Server thread/INFO]: [STDOUT] [io.papermc.paper.util.PapoTickProfile] PapoTickProfile.phase ent.serverAiStep           total=   80.0ms avg/tick=  199.9us share=  3.6% n=12146
[01:09:10] [Server thread/INFO]: [STDOUT] [io.papermc.paper.util.PapoTickProfile] PapoTickProfile.phase server.taskDrain           total=   28.7ms avg/tick=   71.6us share=  1.3% n=400
[01:09:10] [Server thread/INFO]: [STDOUT] [io.papermc.paper.util.PapoTickProfile] PapoTickProfile.phase level.fluidTicks           total=   25.3ms avg/tick=   63.2us share=  1.1% n=1200
[01:09:10] [Server thread/INFO]: [STDOUT] [io.papermc.paper.util.PapoTickProfile] PapoTickProfile.phase chunkMap.tracker.maintain  total=   20.0ms avg/tick=   50.0us share=  0.9% n=1200
[01:09:10] [Server thread/INFO]: [STDOUT] [io.papermc.paper.util.PapoTickProfile] PapoTickProfile.phase connection                 total=   19.8ms avg/tick=   49.5us share=  0.9% n=400
[01:09:10] [Server thread/INFO]: [STDOUT] [io.papermc.paper.util.PapoTickProfile] PapoTickProfile.phase conn.listenerTick          total=   15.8ms avg/tick=   39.6us share=  0.7% n=800
[01:09:10] [Server thread/INFO]: [STDOUT] [io.papermc.paper.util.PapoTickProfile] PapoTickProfile.phase chunkMap.tracker.sendChanges total=   13.7ms avg/tick=   34.1us share=  0.6% n=1200
[01:09:10] [Server thread/INFO]: [STDOUT] [io.papermc.paper.util.PapoTickProfile] PapoTickProfile.phase sendChunks                 total=   12.2ms avg/tick=   30.5us share=  0.5% n=400
[01:09:10] [Server thread/INFO]: [STDOUT] [io.papermc.paper.util.PapoTickProfile] PapoTickProfile.phase player.superTick           total=   10.2ms avg/tick=   25.4us share=  0.5% n=800
[01:09:10] [Server thread/INFO]: [STDOUT] [io.papermc.paper.util.PapoTickProfile] PapoTickProfile.phase level.blockTicks           total=    8.9ms avg/tick=   22.2us share=  0.4% n=1200
[01:09:10] [Server thread/INFO]: [STDOUT] [io.papermc.paper.util.PapoTickProfile] PapoTickProfile.phase player.pushEntities        total=    2.2ms avg/tick=    5.5us share=  0.1% n=6210
[01:09:10] [Server thread/INFO]: [STDOUT] [io.papermc.paper.util.PapoTickProfile] PapoTickProfile.phase chunkMap.tracker.fanout    total=    1.5ms avg/tick=    3.9us share=  0.1% n=1200
[01:09:10] [Server thread/INFO]: [STDOUT] [io.papermc.paper.util.PapoTickProfile] PapoTickProfile.phase level.blockEvents          total=    0.3ms avg/tick=    0.6us share=  0.0% n=1200
[01:09:10] [Server thread/INFO]: [STDOUT] [io.papermc.paper.util.PapoTickProfile] PapoTickProfile.phase player.aiStepTouchScan     total=    0.2ms avg/tick=    0.5us share=  0.0% n=800
[01:09:10] [Server thread/INFO]: [STDOUT] [io.papermc.paper.util.PapoTickProfile] PapoTickProfile.phase players                    total=    0.2ms avg/tick=    0.4us share=  0.0% n=400
[01:09:10] [Server thread/INFO]: [STDOUT] [io.papermc.paper.util.PapoTickProfile] PapoTickProfile.phase functions                  total=    0.1ms avg/tick=    0.2us share=  0.0% n=400
[01:09:10] [Server thread/INFO]: [STDOUT] [io.papermc.paper.util.PapoTickProfile] PapoTickProfile.phase conn.flushQueue            total=    0.0ms avg/tick=    0.1us share=  0.0% n=800
[01:09:10] [Server thread/INFO]: [STDOUT] [io.papermc.paper.util.PapoTickProfile] PapoTickProfile.count fanout.sends               total=     4542 avg/tick=     11.4 n=1200
[01:09:10] [Server thread/INFO]: [STDOUT] [io.papermc.paper.util.PapoTickProfile] PapoTickProfile.count rs.fluidTickRuns           total=     1809 avg/tick=      4.5 n=1809
[01:09:10] [Server thread/INFO]: [STDOUT] [io.papermc.paper.util.PapoTickProfile] PapoTickProfile.count fanout.pkt.headRot         total=     1098 avg/tick=      2.7 n=388
[01:09:10] [Server thread/INFO]: [STDOUT] [io.papermc.paper.util.PapoTickProfile] PapoTickProfile.count fanout.pkt.movePosRot      total=     1025 avg/tick=      2.6 n=386
[01:09:10] [Server thread/INFO]: [STDOUT] [io.papermc.paper.util.PapoTickProfile] PapoTickProfile.count rs.blockTickRuns           total=      208 avg/tick=      0.5 n=208
[01:09:10] [Server thread/INFO]: [STDOUT] [io.papermc.paper.util.PapoTickProfile] PapoTickProfile.count fanout.pkt.movePos         total=      128 avg/tick=      0.3 n=110
[01:09:10] [Server thread/INFO]: [STDOUT] [io.papermc.paper.util.PapoTickProfile] PapoTickProfile.count fanout.pkt.other           total=       67 avg/tick=      0.2 n=64
[01:09:10] [Server thread/INFO]: [STDOUT] [io.papermc.paper.util.PapoTickProfile] PapoTickProfile.count fanout.pkt.entityData      total=       48 avg/tick=      0.1 n=47
[01:09:10] [Server thread/INFO]: [STDOUT] [io.papermc.paper.util.PapoTickProfile] PapoTickProfile.count fanout.pkt.posSync         total=       33 avg/tick=      0.1 n=30
[01:09:10] [Server thread/INFO]: [STDOUT] [io.papermc.paper.util.PapoTickProfile] PapoTickProfile.count fanout.pkt.moveRot         total=        7 avg/tick=      0.0 n=7
[01:09:10] [Server thread/INFO]: [STDOUT] [io.papermc.paper.util.PapoTickProfile] PapoTickProfile.tickdist n=400 durMs[p50=2.11 p95=2.67 p99=3.92 max=42.95] over45=0 over50=0 | gapMs[p95=51.43 p99=52.86 max=90.70] stalls100ms=0 | tps=20.00
[01:09:30] [Server thread/INFO]: [STDOUT] [io.papermc.paper.util.PapoTickProfile] PapoTickProfile window=400ticks totalWallMs=20000 measuredMs=2350 gcMs=18
[01:09:30] [Server thread/INFO]: [STDOUT] [io.papermc.paper.util.PapoTickProfile] PapoTickProfile.phase worlds                     total=  835.1ms avg/tick= 2087.8us share= 35.5% n=400
[01:09:30] [Server thread/INFO]: [STDOUT] [io.papermc.paper.util.PapoTickProfile] PapoTickProfile.phase level.tickPending+misc     total=  527.4ms avg/tick= 1318.6us share= 22.4% n=1200
[01:09:30] [Server thread/INFO]: [STDOUT] [io.papermc.paper.util.PapoTickProfile] PapoTickProfile.phase level.chunkSource          total=  469.9ms avg/tick= 1174.7us share= 20.0% n=1200
[01:09:30] [Server thread/INFO]: [STDOUT] [io.papermc.paper.util.PapoTickProfile] PapoTickProfile.phase level.entities             total=  300.9ms avg/tick=  752.1us share= 12.8% n=1200
[01:09:30] [Server thread/INFO]: [STDOUT] [io.papermc.paper.util.PapoTickProfile] PapoTickProfile.phase level.fluidTicks           total=   47.1ms avg/tick=  117.6us share=  2.0% n=1200
[01:09:30] [Server thread/INFO]: [STDOUT] [io.papermc.paper.util.PapoTickProfile] PapoTickProfile.phase server.taskDrain           total=   32.1ms avg/tick=   80.1us share=  1.4% n=400
[01:09:30] [Server thread/INFO]: [STDOUT] [io.papermc.paper.util.PapoTickProfile] PapoTickProfile.phase ent.serverAiStep           total=   31.3ms avg/tick=   78.2us share=  1.3% n=10845
[01:09:30] [Server thread/INFO]: [STDOUT] [io.papermc.paper.util.PapoTickProfile] PapoTickProfile.phase chunkMap.tracker.maintain  total=   22.0ms avg/tick=   54.9us share=  0.9% n=1200
[01:09:30] [Server thread/INFO]: [STDOUT] [io.papermc.paper.util.PapoTickProfile] PapoTickProfile.phase connection                 total=   20.2ms avg/tick=   50.5us share=  0.9% n=400
[01:09:30] [Server thread/INFO]: [STDOUT] [io.papermc.paper.util.PapoTickProfile] PapoTickProfile.phase conn.listenerTick          total=   16.0ms avg/tick=   39.9us share=  0.7% n=800
[01:09:30] [Server thread/INFO]: [STDOUT] [io.papermc.paper.util.PapoTickProfile] PapoTickProfile.phase chunkMap.tracker.sendChanges total=   13.1ms avg/tick=   32.7us share=  0.6% n=1200
[01:09:30] [Server thread/INFO]: [STDOUT] [io.papermc.paper.util.PapoTickProfile] PapoTickProfile.phase sendChunks                 total=   12.1ms avg/tick=   30.3us share=  0.5% n=400
[01:09:30] [Server thread/INFO]: [STDOUT] [io.papermc.paper.util.PapoTickProfile] PapoTickProfile.phase player.superTick           total=   10.2ms avg/tick=   25.6us share=  0.4% n=800
[01:09:30] [Server thread/INFO]: [STDOUT] [io.papermc.paper.util.PapoTickProfile] PapoTickProfile.phase level.blockTicks           total=    9.0ms avg/tick=   22.6us share=  0.4% n=1200
[01:09:30] [Server thread/INFO]: [STDOUT] [io.papermc.paper.util.PapoTickProfile] PapoTickProfile.phase player.pushEntities        total=    1.5ms avg/tick=    3.8us share=  0.1% n=4853
[01:09:30] [Server thread/INFO]: [STDOUT] [io.papermc.paper.util.PapoTickProfile] PapoTickProfile.phase chunkMap.tracker.fanout    total=    1.5ms avg/tick=    3.8us share=  0.1% n=1200
[01:09:30] [Server thread/INFO]: [STDOUT] [io.papermc.paper.util.PapoTickProfile] PapoTickProfile.phase players                    total=    0.4ms avg/tick=    1.0us share=  0.0% n=400
[01:09:30] [Server thread/INFO]: [STDOUT] [io.papermc.paper.util.PapoTickProfile] PapoTickProfile.phase level.blockEvents          total=    0.3ms avg/tick=    0.7us share=  0.0% n=1200
[01:09:30] [Server thread/INFO]: [STDOUT] [io.papermc.paper.util.PapoTickProfile] PapoTickProfile.phase player.aiStepTouchScan     total=    0.2ms avg/tick=    0.5us share=  0.0% n=800
[01:09:30] [Server thread/INFO]: [STDOUT] [io.papermc.paper.util.PapoTickProfile] PapoTickProfile.phase functions                  total=    0.1ms avg/tick=    0.2us share=  0.0% n=400
[01:09:30] [Server thread/INFO]: [STDOUT] [io.papermc.paper.util.PapoTickProfile] PapoTickProfile.phase conn.flushQueue            total=    0.0ms avg/tick=    0.1us share=  0.0% n=800
[01:09:30] [Server thread/INFO]: [STDOUT] [io.papermc.paper.util.PapoTickProfile] PapoTickProfile.count fanout.sends               total=     4814 avg/tick=     12.0 n=1200
[01:09:30] [Server thread/INFO]: [STDOUT] [io.papermc.paper.util.PapoTickProfile] PapoTickProfile.count rs.fluidTickRuns           total=     2762 avg/tick=      6.9 n=2762
[01:09:30] [Server thread/INFO]: [STDOUT] [io.papermc.paper.util.PapoTickProfile] PapoTickProfile.count fanout.pkt.headRot         total=     1194 avg/tick=      3.0 n=397
[01:09:30] [Server thread/INFO]: [STDOUT] [io.papermc.paper.util.PapoTickProfile] PapoTickProfile.count fanout.pkt.movePosRot      total=     1093 avg/tick=      2.7 n=391
[01:09:30] [Server thread/INFO]: [STDOUT] [io.papermc.paper.util.PapoTickProfile] PapoTickProfile.count rs.blockTickRuns           total=      378 avg/tick=      0.9 n=378
[01:09:30] [Server thread/INFO]: [STDOUT] [io.papermc.paper.util.PapoTickProfile] PapoTickProfile.count fanout.pkt.movePos         total=      121 avg/tick=      0.3 n=103
[01:09:30] [Server thread/INFO]: [STDOUT] [io.papermc.paper.util.PapoTickProfile] PapoTickProfile.count fanout.pkt.other           total=       54 avg/tick=      0.1 n=52
[01:09:30] [Server thread/INFO]: [STDOUT] [io.papermc.paper.util.PapoTickProfile] PapoTickProfile.count fanout.pkt.posSync         total=       51 avg/tick=      0.1 n=48
[01:09:30] [Server thread/INFO]: [STDOUT] [io.papermc.paper.util.PapoTickProfile] PapoTickProfile.count fanout.pkt.velocity        total=       25 avg/tick=      0.1 n=25
[01:09:30] [Server thread/INFO]: [STDOUT] [io.papermc.paper.util.PapoTickProfile] PapoTickProfile.count fanout.pkt.entityData      total=       20 avg/tick=      0.1 n=20
[01:09:30] [Server thread/INFO]: [STDOUT] [io.papermc.paper.util.PapoTickProfile] PapoTickProfile.count fanout.pkt.moveRot         total=       12 avg/tick=      0.0 n=12
[01:09:30] [Server thread/INFO]: [STDOUT] [io.papermc.paper.util.PapoTickProfile] PapoTickProfile.tickdist n=400 durMs[p50=2.12 p95=3.21 p99=6.07 max=14.52] over45=0 over50=0 | gapMs[p95=51.69 p99=53.80 max=61.92] stalls100ms=0 | tps=20.00
[01:09:50] [Server thread/INFO]: [STDOUT] [io.papermc.paper.util.PapoTickProfile] PapoTickProfile window=400ticks totalWallMs=19999 measuredMs=2393 gcMs=10
[01:09:50] [Server thread/INFO]: [STDOUT] [io.papermc.paper.util.PapoTickProfile] PapoTickProfile.phase worlds                     total=  860.2ms avg/tick= 2150.5us share= 35.9% n=400
[01:09:50] [Server thread/INFO]: [STDOUT] [io.papermc.paper.util.PapoTickProfile] PapoTickProfile.phase level.tickPending+misc     total=  531.0ms avg/tick= 1327.4us share= 22.2% n=1200
[01:09:50] [Server thread/INFO]: [STDOUT] [io.papermc.paper.util.PapoTickProfile] PapoTickProfile.phase level.chunkSource          total=  449.8ms avg/tick= 1124.5us share= 18.8% n=1200
[01:09:50] [Server thread/INFO]: [STDOUT] [io.papermc.paper.util.PapoTickProfile] PapoTickProfile.phase level.entities             total=  320.1ms avg/tick=  800.2us share= 13.4% n=1200
[01:09:50] [Server thread/INFO]: [STDOUT] [io.papermc.paper.util.PapoTickProfile] PapoTickProfile.phase level.fluidTicks           total=   67.3ms avg/tick=  168.2us share=  2.8% n=1200
[01:09:50] [Server thread/INFO]: [STDOUT] [io.papermc.paper.util.PapoTickProfile] PapoTickProfile.phase ent.serverAiStep           total=   37.3ms avg/tick=   93.2us share=  1.6% n=12546
[01:09:50] [Server thread/INFO]: [STDOUT] [io.papermc.paper.util.PapoTickProfile] PapoTickProfile.phase server.taskDrain           total=   22.6ms avg/tick=   56.5us share=  0.9% n=400
[01:09:50] [Server thread/INFO]: [STDOUT] [io.papermc.paper.util.PapoTickProfile] PapoTickProfile.phase chunkMap.tracker.maintain  total=   19.7ms avg/tick=   49.3us share=  0.8% n=1200
[01:09:50] [Server thread/INFO]: [STDOUT] [io.papermc.paper.util.PapoTickProfile] PapoTickProfile.phase connection                 total=   19.3ms avg/tick=   48.3us share=  0.8% n=400
[01:09:50] [Server thread/INFO]: [STDOUT] [io.papermc.paper.util.PapoTickProfile] PapoTickProfile.phase conn.listenerTick          total=   15.3ms avg/tick=   38.2us share=  0.6% n=800
[01:09:50] [Server thread/INFO]: [STDOUT] [io.papermc.paper.util.PapoTickProfile] PapoTickProfile.phase chunkMap.tracker.sendChanges total=   12.9ms avg/tick=   32.3us share=  0.5% n=1200
[01:09:50] [Server thread/INFO]: [STDOUT] [io.papermc.paper.util.PapoTickProfile] PapoTickProfile.phase level.blockTicks           total=   12.3ms avg/tick=   30.8us share=  0.5% n=1200
[01:09:50] [Server thread/INFO]: [STDOUT] [io.papermc.paper.util.PapoTickProfile] PapoTickProfile.phase sendChunks                 total=   12.2ms avg/tick=   30.4us share=  0.5% n=400
[01:09:50] [Server thread/INFO]: [STDOUT] [io.papermc.paper.util.PapoTickProfile] PapoTickProfile.phase player.superTick           total=    9.8ms avg/tick=   24.6us share=  0.4% n=800
[01:09:50] [Server thread/INFO]: [STDOUT] [io.papermc.paper.util.PapoTickProfile] PapoTickProfile.phase player.pushEntities        total=    2.1ms avg/tick=    5.2us share=  0.1% n=6598
[01:09:50] [Server thread/INFO]: [STDOUT] [io.papermc.paper.util.PapoTickProfile] PapoTickProfile.phase chunkMap.tracker.fanout    total=    1.4ms avg/tick=    3.6us share=  0.1% n=1200
[01:09:50] [Server thread/INFO]: [STDOUT] [io.papermc.paper.util.PapoTickProfile] PapoTickProfile.phase level.blockEvents          total=    0.3ms avg/tick=    0.7us share=  0.0% n=1200
[01:09:50] [Server thread/INFO]: [STDOUT] [io.papermc.paper.util.PapoTickProfile] PapoTickProfile.phase player.aiStepTouchScan     total=    0.2ms avg/tick=    0.5us share=  0.0% n=800
[01:09:50] [Server thread/INFO]: [STDOUT] [io.papermc.paper.util.PapoTickProfile] PapoTickProfile.phase players                    total=    0.2ms avg/tick=    0.4us share=  0.0% n=400
[01:09:50] [Server thread/INFO]: [STDOUT] [io.papermc.paper.util.PapoTickProfile] PapoTickProfile.phase functions                  total=    0.1ms avg/tick=    0.2us share=  0.0% n=400
[01:09:50] [Server thread/INFO]: [STDOUT] [io.papermc.paper.util.PapoTickProfile] PapoTickProfile.phase conn.flushQueue            total=    0.0ms avg/tick=    0.1us share=  0.0% n=800
[01:09:50] [Server thread/INFO]: [STDOUT] [io.papermc.paper.util.PapoTickProfile] PapoTickProfile.count fanout.sends               total=     3810 avg/tick=      9.5 n=1200
[01:09:50] [Server thread/INFO]: [STDOUT] [io.papermc.paper.util.PapoTickProfile] PapoTickProfile.count rs.fluidTickRuns           total=     3337 avg/tick=      8.3 n=3337
[01:09:50] [Server thread/INFO]: [STDOUT] [io.papermc.paper.util.PapoTickProfile] PapoTickProfile.count rs.blockTickRuns           total=     1596 avg/tick=      4.0 n=1596
[01:09:50] [Server thread/INFO]: [STDOUT] [io.papermc.paper.util.PapoTickProfile] PapoTickProfile.count fanout.pkt.headRot         total=      900 avg/tick=      2.3 n=400
[01:09:50] [Server thread/INFO]: [STDOUT] [io.papermc.paper.util.PapoTickProfile] PapoTickProfile.count fanout.pkt.movePosRot      total=      850 avg/tick=      2.1 n=400
[01:09:50] [Server thread/INFO]: [STDOUT] [io.papermc.paper.util.PapoTickProfile] PapoTickProfile.count fanout.pkt.movePos         total=       90 avg/tick=      0.2 n=75
[01:09:50] [Server thread/INFO]: [STDOUT] [io.papermc.paper.util.PapoTickProfile] PapoTickProfile.count fanout.pkt.other           total=       47 avg/tick=      0.1 n=47
[01:09:50] [Server thread/INFO]: [STDOUT] [io.papermc.paper.util.PapoTickProfile] PapoTickProfile.count fanout.pkt.velocity        total=       24 avg/tick=      0.1 n=24
[01:09:50] [Server thread/INFO]: [STDOUT] [io.papermc.paper.util.PapoTickProfile] PapoTickProfile.count fanout.pkt.posSync         total=       23 avg/tick=      0.1 n=20
[01:09:50] [Server thread/INFO]: [STDOUT] [io.papermc.paper.util.PapoTickProfile] PapoTickProfile.count fanout.pkt.entityData      total=        9 avg/tick=      0.0 n=9
[01:09:50] [Server thread/INFO]: [STDOUT] [io.papermc.paper.util.PapoTickProfile] PapoTickProfile.count fanout.pkt.moveRot         total=        7 avg/tick=      0.0 n=7
[01:09:50] [Server thread/INFO]: [STDOUT] [io.papermc.paper.util.PapoTickProfile] PapoTickProfile.tickdist n=400 durMs[p50=2.25 p95=2.91 p99=3.52 max=8.09] over45=0 over50=0 | gapMs[p95=51.46 p99=52.08 max=53.49] stalls100ms=0 | tps=20.00
[01:10:10] [Server thread/INFO]: [STDOUT] [io.papermc.paper.util.PapoTickProfile] PapoTickProfile window=400ticks totalWallMs=20000 measuredMs=2553 gcMs=14
[01:10:10] [Server thread/INFO]: [STDOUT] [io.papermc.paper.util.PapoTickProfile] PapoTickProfile.phase worlds                     total=  924.1ms avg/tick= 2310.3us share= 36.2% n=400
[01:10:10] [Server thread/INFO]: [STDOUT] [io.papermc.paper.util.PapoTickProfile] PapoTickProfile.phase level.tickPending+misc     total=  538.1ms avg/tick= 1345.2us share= 21.1% n=1200
[01:10:10] [Server thread/INFO]: [STDOUT] [io.papermc.paper.util.PapoTickProfile] PapoTickProfile.phase level.chunkSource          total=  465.3ms avg/tick= 1163.3us share= 18.2% n=1200
[01:10:10] [Server thread/INFO]: [STDOUT] [io.papermc.paper.util.PapoTickProfile] PapoTickProfile.phase level.entities             total=  378.0ms avg/tick=  945.1us share= 14.8% n=1200
[01:10:10] [Server thread/INFO]: [STDOUT] [io.papermc.paper.util.PapoTickProfile] PapoTickProfile.phase level.fluidTicks           total=   57.7ms avg/tick=  144.2us share=  2.3% n=1200
[01:10:10] [Server thread/INFO]: [STDOUT] [io.papermc.paper.util.PapoTickProfile] PapoTickProfile.phase ent.serverAiStep           total=   46.0ms avg/tick=  115.0us share=  1.8% n=15055
[01:10:10] [Server thread/INFO]: [STDOUT] [io.papermc.paper.util.PapoTickProfile] PapoTickProfile.phase server.taskDrain           total=   28.4ms avg/tick=   71.0us share=  1.1% n=400
[01:10:10] [Server thread/INFO]: [STDOUT] [io.papermc.paper.util.PapoTickProfile] PapoTickProfile.phase connection                 total=   20.1ms avg/tick=   50.3us share=  0.8% n=400
[01:10:10] [Server thread/INFO]: [STDOUT] [io.papermc.paper.util.PapoTickProfile] PapoTickProfile.phase chunkMap.tracker.maintain  total=   19.8ms avg/tick=   49.5us share=  0.8% n=1200
[01:10:10] [Server thread/INFO]: [STDOUT] [io.papermc.paper.util.PapoTickProfile] PapoTickProfile.phase conn.listenerTick          total=   16.0ms avg/tick=   40.0us share=  0.6% n=800
[01:10:10] [Server thread/INFO]: [STDOUT] [io.papermc.paper.util.PapoTickProfile] PapoTickProfile.phase chunkMap.tracker.sendChanges total=   13.9ms avg/tick=   34.8us share=  0.5% n=1200
[01:10:10] [Server thread/INFO]: [STDOUT] [io.papermc.paper.util.PapoTickProfile] PapoTickProfile.phase level.blockTicks           total=   13.5ms avg/tick=   33.8us share=  0.5% n=1200
[01:10:10] [Server thread/INFO]: [STDOUT] [io.papermc.paper.util.PapoTickProfile] PapoTickProfile.phase sendChunks                 total=   12.2ms avg/tick=   30.4us share=  0.5% n=400
[01:10:10] [Server thread/INFO]: [STDOUT] [io.papermc.paper.util.PapoTickProfile] PapoTickProfile.phase player.superTick           total=   10.3ms avg/tick=   25.8us share=  0.4% n=800
[01:10:10] [Server thread/INFO]: [STDOUT] [io.papermc.paper.util.PapoTickProfile] PapoTickProfile.phase player.pushEntities        total=    7.8ms avg/tick=   19.4us share=  0.3% n=9142
[01:10:10] [Server thread/INFO]: [STDOUT] [io.papermc.paper.util.PapoTickProfile] PapoTickProfile.phase chunkMap.tracker.fanout    total=    1.5ms avg/tick=    3.6us share=  0.1% n=1200
[01:10:10] [Server thread/INFO]: [STDOUT] [io.papermc.paper.util.PapoTickProfile] PapoTickProfile.phase level.blockEvents          total=    0.3ms avg/tick=    0.6us share=  0.0% n=1200
[01:10:10] [Server thread/INFO]: [STDOUT] [io.papermc.paper.util.PapoTickProfile] PapoTickProfile.phase player.aiStepTouchScan     total=    0.2ms avg/tick=    0.5us share=  0.0% n=800
[01:10:10] [Server thread/INFO]: [STDOUT] [io.papermc.paper.util.PapoTickProfile] PapoTickProfile.phase functions                  total=    0.1ms avg/tick=    0.2us share=  0.0% n=400
[01:10:10] [Server thread/INFO]: [STDOUT] [io.papermc.paper.util.PapoTickProfile] PapoTickProfile.phase conn.flushQueue            total=    0.0ms avg/tick=    0.1us share=  0.0% n=800
[01:10:10] [Server thread/INFO]: [STDOUT] [io.papermc.paper.util.PapoTickProfile] PapoTickProfile.phase players                    total=    0.0ms avg/tick=    0.1us share=  0.0% n=400
[01:10:10] [Server thread/INFO]: [STDOUT] [io.papermc.paper.util.PapoTickProfile] PapoTickProfile.count rs.fluidTickRuns           total=     3193 avg/tick=      8.0 n=3193
[01:10:10] [Server thread/INFO]: [STDOUT] [io.papermc.paper.util.PapoTickProfile] PapoTickProfile.count fanout.sends               total=     2978 avg/tick=      7.4 n=1200
[01:10:10] [Server thread/INFO]: [STDOUT] [io.papermc.paper.util.PapoTickProfile] PapoTickProfile.count rs.blockTickRuns           total=     1874 avg/tick=      4.7 n=1874
[01:10:10] [Server thread/INFO]: [STDOUT] [io.papermc.paper.util.PapoTickProfile] PapoTickProfile.count fanout.pkt.headRot         total=      702 avg/tick=      1.8 n=394
[01:10:10] [Server thread/INFO]: [STDOUT] [io.papermc.paper.util.PapoTickProfile] PapoTickProfile.count fanout.pkt.movePosRot      total=      625 avg/tick=      1.6 n=374
[01:10:10] [Server thread/INFO]: [STDOUT] [io.papermc.paper.util.PapoTickProfile] PapoTickProfile.count fanout.pkt.movePos         total=       82 avg/tick=      0.2 n=68
[01:10:10] [Server thread/INFO]: [STDOUT] [io.papermc.paper.util.PapoTickProfile] PapoTickProfile.count fanout.pkt.other           total=       48 avg/tick=      0.1 n=47
[01:10:10] [Server thread/INFO]: [STDOUT] [io.papermc.paper.util.PapoTickProfile] PapoTickProfile.count fanout.pkt.posSync         total=       43 avg/tick=      0.1 n=43
[01:10:10] [Server thread/INFO]: [STDOUT] [io.papermc.paper.util.PapoTickProfile] PapoTickProfile.count fanout.pkt.entityData      total=       28 avg/tick=      0.1 n=28
[01:10:10] [Server thread/INFO]: [STDOUT] [io.papermc.paper.util.PapoTickProfile] PapoTickProfile.count fanout.pkt.moveRot         total=        7 avg/tick=      0.0 n=7
[01:10:10] [Server thread/INFO]: [STDOUT] [io.papermc.paper.util.PapoTickProfile] PapoTickProfile.count fanout.pkt.velocity        total=        6 avg/tick=      0.0 n=6
[01:10:10] [Server thread/INFO]: [STDOUT] [io.papermc.paper.util.PapoTickProfile] PapoTickProfile.tickdist n=400 durMs[p50=2.38 p95=3.09 p99=6.09 max=9.45] over45=0 over50=0 | gapMs[p95=51.49 p99=52.88 max=58.07] stalls100ms=0 | tps=20.00
[01:10:30] [Server thread/INFO]: [STDOUT] [io.papermc.paper.util.PapoTickProfile] PapoTickProfile window=400ticks totalWallMs=19998 measuredMs=3220 gcMs=44
[01:10:30] [Server thread/INFO]: [STDOUT] [io.papermc.paper.util.PapoTickProfile] PapoTickProfile.phase worlds                     total= 1145.2ms avg/tick= 2862.9us share= 35.6% n=400
[01:10:30] [Server thread/INFO]: [STDOUT] [io.papermc.paper.util.PapoTickProfile] PapoTickProfile.phase level.tickPending+misc     total=  768.2ms avg/tick= 1920.4us share= 23.9% n=1200
[01:10:30] [Server thread/INFO]: [STDOUT] [io.papermc.paper.util.PapoTickProfile] PapoTickProfile.phase level.chunkSource          total=  705.5ms avg/tick= 1763.8us share= 21.9% n=1200
[01:10:30] [Server thread/INFO]: [STDOUT] [io.papermc.paper.util.PapoTickProfile] PapoTickProfile.phase level.entities             total=  368.4ms avg/tick=  921.1us share= 11.4% n=1200
[01:10:30] [Server thread/INFO]: [STDOUT] [io.papermc.paper.util.PapoTickProfile] PapoTickProfile.phase level.fluidTicks           total=   48.1ms avg/tick=  120.2us share=  1.5% n=1200
[01:10:30] [Server thread/INFO]: [STDOUT] [io.papermc.paper.util.PapoTickProfile] PapoTickProfile.phase ent.serverAiStep           total=   46.4ms avg/tick=  115.9us share=  1.4% n=13052
[01:10:30] [Server thread/INFO]: [STDOUT] [io.papermc.paper.util.PapoTickProfile] PapoTickProfile.phase connection                 total=   23.6ms avg/tick=   59.0us share=  0.7% n=400
[01:10:30] [Server thread/INFO]: [STDOUT] [io.papermc.paper.util.PapoTickProfile] PapoTickProfile.phase server.taskDrain           total=   22.9ms avg/tick=   57.4us share=  0.7% n=400
[01:10:30] [Server thread/INFO]: [STDOUT] [io.papermc.paper.util.PapoTickProfile] PapoTickProfile.phase chunkMap.tracker.maintain  total=   19.2ms avg/tick=   48.0us share=  0.6% n=1200
[01:10:30] [Server thread/INFO]: [STDOUT] [io.papermc.paper.util.PapoTickProfile] PapoTickProfile.phase conn.listenerTick          total=   17.5ms avg/tick=   43.7us share=  0.5% n=800
[01:10:30] [Server thread/INFO]: [STDOUT] [io.papermc.paper.util.PapoTickProfile] PapoTickProfile.phase chunkMap.tracker.sendChanges total=   13.7ms avg/tick=   34.2us share=  0.4% n=1200
[01:10:30] [Server thread/INFO]: [STDOUT] [io.papermc.paper.util.PapoTickProfile] PapoTickProfile.phase level.blockTicks           total=   13.0ms avg/tick=   32.5us share=  0.4% n=1200
[01:10:30] [Server thread/INFO]: [STDOUT] [io.papermc.paper.util.PapoTickProfile] PapoTickProfile.phase sendChunks                 total=   12.6ms avg/tick=   31.5us share=  0.4% n=400
[01:10:30] [Server thread/INFO]: [STDOUT] [io.papermc.paper.util.PapoTickProfile] PapoTickProfile.phase player.superTick           total=   11.3ms avg/tick=   28.2us share=  0.3% n=800
[01:10:30] [Server thread/INFO]: [STDOUT] [io.papermc.paper.util.PapoTickProfile] PapoTickProfile.phase player.pushEntities        total=    2.7ms avg/tick=    6.7us share=  0.1% n=7096
[01:10:30] [Server thread/INFO]: [STDOUT] [io.papermc.paper.util.PapoTickProfile] PapoTickProfile.phase chunkMap.tracker.fanout    total=    1.5ms avg/tick=    3.6us share=  0.0% n=1200
[01:10:30] [Server thread/INFO]: [STDOUT] [io.papermc.paper.util.PapoTickProfile] PapoTickProfile.phase level.blockEvents          total=    0.3ms avg/tick=    0.7us share=  0.0% n=1200
[01:10:30] [Server thread/INFO]: [STDOUT] [io.papermc.paper.util.PapoTickProfile] PapoTickProfile.phase player.aiStepTouchScan     total=    0.2ms avg/tick=    0.6us share=  0.0% n=800
[01:10:30] [Server thread/INFO]: [STDOUT] [io.papermc.paper.util.PapoTickProfile] PapoTickProfile.phase players                    total=    0.1ms avg/tick=    0.3us share=  0.0% n=400
[01:10:30] [Server thread/INFO]: [STDOUT] [io.papermc.paper.util.PapoTickProfile] PapoTickProfile.phase functions                  total=    0.1ms avg/tick=    0.2us share=  0.0% n=400
[01:10:30] [Server thread/INFO]: [STDOUT] [io.papermc.paper.util.PapoTickProfile] PapoTickProfile.phase conn.flushQueue            total=    0.1ms avg/tick=    0.1us share=  0.0% n=800
[01:10:30] [Server thread/INFO]: [STDOUT] [io.papermc.paper.util.PapoTickProfile] PapoTickProfile.count fanout.sends               total=     3511 avg/tick=      8.8 n=1200
[01:10:30] [Server thread/INFO]: [STDOUT] [io.papermc.paper.util.PapoTickProfile] PapoTickProfile.count rs.fluidTickRuns           total=     2972 avg/tick=      7.4 n=2972
[01:10:30] [Server thread/INFO]: [STDOUT] [io.papermc.paper.util.PapoTickProfile] PapoTickProfile.count rs.blockTickRuns           total=     1834 avg/tick=      4.6 n=1834
[01:10:30] [Server thread/INFO]: [STDOUT] [io.papermc.paper.util.PapoTickProfile] PapoTickProfile.count fanout.pkt.headRot         total=      882 avg/tick=      2.2 n=368
[01:10:30] [Server thread/INFO]: [STDOUT] [io.papermc.paper.util.PapoTickProfile] PapoTickProfile.count fanout.pkt.movePosRot      total=      808 avg/tick=      2.0 n=360
[01:10:30] [Server thread/INFO]: [STDOUT] [io.papermc.paper.util.PapoTickProfile] PapoTickProfile.count fanout.pkt.movePos         total=       68 avg/tick=      0.2 n=56
[01:10:30] [Server thread/INFO]: [STDOUT] [io.papermc.paper.util.PapoTickProfile] PapoTickProfile.count fanout.pkt.entityData      total=       56 avg/tick=      0.1 n=53
[01:10:30] [Server thread/INFO]: [STDOUT] [io.papermc.paper.util.PapoTickProfile] PapoTickProfile.count fanout.pkt.other           total=       50 avg/tick=      0.1 n=49
[01:10:30] [Server thread/INFO]: [STDOUT] [io.papermc.paper.util.PapoTickProfile] PapoTickProfile.count fanout.pkt.posSync         total=       33 avg/tick=      0.1 n=30
[01:10:30] [Server thread/INFO]: [STDOUT] [io.papermc.paper.util.PapoTickProfile] PapoTickProfile.count fanout.pkt.velocity        total=       15 avg/tick=      0.0 n=15
[01:10:30] [Server thread/INFO]: [STDOUT] [io.papermc.paper.util.PapoTickProfile] PapoTickProfile.count fanout.pkt.moveRot         total=        7 avg/tick=      0.0 n=7
[01:10:30] [Server thread/INFO]: [STDOUT] [io.papermc.paper.util.PapoTickProfile] PapoTickProfile.tickdist n=400 durMs[p50=2.50 p95=6.45 p99=14.94 max=29.07] over45=0 over50=0 | gapMs[p95=51.81 p99=56.64 max=73.73] stalls100ms=0 | tps=20.00
logErrors=0 exited=true
sweep gate PASS
